step,group_id,root_module,channel_index,expected_l1,actual_l1,parameters_before,parameters_after,root_out_before,root_out_after,forward_checked,forward_ok
1,DG001,model.0.conv,12,3.4787521362304688,3.4787521362304688,2508090,2507773,16,15,True,True
2,DG011,model.16.m.0.cv1.conv,8,4.005400657653809,4.005400657653809,2507773,2507127,16,15,False,
3,DG001,model.0.conv,6,4.185722351074219,4.185722351074219,2507127,2506810,15,14,False,
4,DG001,model.0.conv,4,4.705278396606445,4.705278396606445,2506810,2506493,14,13,False,
5,DG012,model.16.m.0.cv2.conv,1,4.746002197265625,4.746002197265625,2506493,2506427,16,15,False,
6,DG012,model.16.m.0.cv2.conv,1,4.887983798980713,4.887983798980713,2506427,2506361,15,14,False,
7,DG012,model.16.m.0.cv2.conv,1,5.0894927978515625,5.0894927978515625,2506361,2506295,14,13,False,
8,DG011,model.16.m.0.cv1.conv,14,5.095611572265625,5.095611572265625,2506295,2505649,15,14,False,
9,DG012,model.16.m.0.cv2.conv,7,5.096527099609375,5.096527099609375,2505649,2505583,13,12,False,
10,DG011,model.16.m.0.cv1.conv,4,5.1279144287109375,5.1279144287109375,2505583,2504937,14,13,False,
11,DG012,model.16.m.0.cv2.conv,6,5.285560607910156,5.285560607910156,2504937,2504871,12,11,False,
12,DG012,model.16.m.0.cv2.conv,0,5.3072052001953125,5.3072052001953125,2504871,2504805,11,10,False,
13,DG012,model.16.m.0.cv2.conv,3,5.395896911621094,5.395896911621094,2504805,2504739,10,9,False,
14,DG012,model.16.m.0.cv2.conv,0,5.3977203369140625,5.3977203369140625,2504739,2504673,9,8,False,
15,DG012,model.16.m.0.cv2.conv,7,5.4393696784973145,5.4393696784973145,2504673,2504607,8,7,False,
16,DG021,model.2.cv2.conv,31,5.450377464294434,5.450377464294434,2504607,2503981,64,63,False,
17,DG011,model.16.m.0.cv1.conv,6,5.498329162597656,5.498329162597656,2503981,2503335,13,12,False,
18,DG012,model.16.m.0.cv2.conv,1,5.5077056884765625,5.5077056884765625,2503335,2503269,7,6,False,
19,DG011,model.16.m.0.cv1.conv,0,5.525514602661133,5.525514602661133,2503269,2502623,12,11,False,
20,DG011,model.16.m.0.cv1.conv,2,5.539501190185547,5.539501190185547,2502623,2501977,11,10,False,
21,DG011,model.16.m.0.cv1.conv,4,5.556327819824219,5.556327819824219,2501977,2501331,10,9,False,
22,DG021,model.2.cv2.conv,42,5.563755035400391,5.563755035400391,2501331,2500705,63,62,False,
23,DG012,model.16.m.0.cv2.conv,2,5.587226867675781,5.587226867675781,2500705,2500639,6,5,False,
24,DG011,model.16.m.0.cv1.conv,3,5.617881774902344,5.617881774902344,2500639,2499993,9,8,False,
25,DG012,model.16.m.0.cv2.conv,3,5.669952392578125,5.669952392578125,2499993,2499927,5,4,True,True
26,DG011,model.16.m.0.cv1.conv,6,5.687196731567383,5.687196731567383,2499927,2499281,8,7,False,
27,DG013,model.16.m.0.m.0.cv1.conv,15,5.6913933753967285,5.6913933753967285,2499281,2499153,16,15,False,
28,DG014,model.16.m.0.m.1.cv1.conv,3,5.794814586639404,5.794814586639404,2499153,2499025,16,15,False,
29,DG011,model.16.m.0.cv1.conv,6,5.8040924072265625,5.8040924072265625,2499025,2498415,7,6,False,
30,DG014,model.16.m.0.m.1.cv1.conv,0,4.8452911376953125,4.8452911376953125,2498415,2498305,15,14,False,
31,DG014,model.16.m.0.m.1.cv1.conv,5,5.285245895385742,5.285245895385742,2498305,2498195,14,13,False,
32,DG013,model.16.m.0.m.0.cv1.conv,14,5.808000564575195,5.808000564575195,2498195,2498085,15,14,False,
33,DG001,model.0.conv,12,5.8217926025390625,5.8217926025390625,2498085,2497768,13,12,False,
34,DG011,model.16.m.0.cv1.conv,3,5.835506916046143,5.835506916046143,2497768,2497212,6,5,False,
35,DG013,model.16.m.0.m.0.cv1.conv,7,4.860128402709961,4.860128402709961,2497212,2497120,14,13,False,
36,DG013,model.16.m.0.m.0.cv1.conv,12,5.1507110595703125,5.1507110595703125,2497120,2497028,13,12,False,
37,DG013,model.16.m.0.m.0.cv1.conv,3,5.332241058349609,5.332241058349609,2497028,2496936,12,11,False,
38,DG013,model.16.m.0.m.0.cv1.conv,2,5.50743293762207,5.50743293762207,2496936,2496844,11,10,False,
39,DG014,model.16.m.0.m.1.cv1.conv,3,5.523340225219727,5.523340225219727,2496844,2496752,13,12,False,
40,DG014,model.16.m.0.m.1.cv1.conv,2,5.547489166259766,5.547489166259766,2496752,2496660,12,11,False,
41,DG014,model.16.m.0.m.1.cv1.conv,7,5.693273544311523,5.693273544311523,2496660,2496568,11,10,False,
42,DG011,model.16.m.0.cv1.conv,4,5.868675231933594,5.868675231933594,2496568,2496138,5,4,False,
43,DG014,model.16.m.0.m.1.cv1.conv,7,4.281375885009766,4.281375885009766,2496138,2496064,10,9,False,
44,DG014,model.16.m.0.m.1.cv1.conv,0,4.8135986328125,4.8135986328125,2496064,2495990,9,8,False,
45,DG013,model.16.m.0.m.0.cv1.conv,6,4.9233245849609375,4.9233245849609375,2495990,2495916,10,9,False,
46,DG013,model.16.m.0.m.0.cv1.conv,3,4.9460296630859375,4.9460296630859375,2495916,2495842,9,8,False,
47,DG013,model.16.m.0.m.0.cv1.conv,4,5.090015411376953,5.090015411376953,2495842,2495768,8,7,False,
48,DG013,model.16.m.0.m.0.cv1.conv,2,5.145759582519531,5.145759582519531,2495768,2495694,7,6,False,
49,DG014,model.16.m.0.m.1.cv1.conv,0,5.196197509765625,5.196197509765625,2495694,2495620,8,7,False,
50,DG013,model.16.m.0.m.0.cv1.conv,2,5.423980712890625,5.423980712890625,2495620,2495546,6,5,True,True
51,DG013,model.16.m.0.m.0.cv1.conv,1,5.4394989013671875,5.4394989013671875,2495546,2495472,5,4,False,
52,DG014,model.16.m.0.m.1.cv1.conv,6,5.5174407958984375,5.5174407958984375,2495472,2495398,7,6,False,
53,DG014,model.16.m.0.m.1.cv1.conv,0,5.666250228881836,5.666250228881836,2495398,2495324,6,5,False,
54,DG001,model.0.conv,1,5.9023895263671875,5.9023895263671875,2495324,2495007,12,11,False,
55,DG021,model.2.cv2.conv,24,5.938558578491211,5.938558578491211,2495007,2494381,62,61,False,
56,DG014,model.16.m.0.m.1.cv1.conv,1,5.992454528808594,5.992454528808594,2494381,2494307,5,4,False,
57,DG001,model.0.conv,3,6.0823516845703125,6.0823516845703125,2494307,2493990,11,10,False,
58,DG002,model.1.conv,16,6.065138816833496,6.065138816833496,2493990,2493866,32,31,False,
59,DG001,model.0.conv,8,6.108642578125,6.108642578125,2493866,2493558,10,9,False,
60,DG021,model.2.cv2.conv,1,6.249785423278809,6.249785423278809,2493558,2492932,61,60,False,
61,DG001,model.0.conv,5,6.3413848876953125,6.3413848876953125,2492932,2492624,9,8,False,
62,DG002,model.1.conv,12,4.090726852416992,4.090726852416992,2492624,2492518,31,30,False,
63,DG002,model.1.conv,29,4.8469085693359375,4.8469085693359375,2492518,2492412,30,29,False,
64,DG021,model.2.cv2.conv,1,6.42242431640625,6.42242431640625,2492412,2491786,60,59,False,
65,DG021,model.2.cv2.conv,25,6.4678955078125,6.4678955078125,2491786,2491160,59,58,False,
66,DG021,model.2.cv2.conv,22,6.500091552734375,6.500091552734375,2491160,2490534,58,57,False,
67,DG021,model.2.cv2.conv,44,6.546886444091797,6.546886444091797,2490534,2489908,57,56,False,
68,DG021,model.2.cv2.conv,55,6.567512512207031,6.567512512207031,2489908,2489282,56,55,False,
69,DG002,model.1.conv,21,6.644930839538574,6.644930839538574,2489282,2489176,29,28,False,
70,DG021,model.2.cv2.conv,40,6.828156471252441,6.828156471252441,2489176,2488550,55,54,False,
71,DG021,model.2.cv2.conv,11,6.876733779907227,6.876733779907227,2488550,2487924,54,53,False,
72,DG021,model.2.cv2.conv,7,6.88140869140625,6.88140869140625,2487924,2487298,53,52,False,
73,DG002,model.1.conv,21,6.898569107055664,6.898569107055664,2487298,2487192,28,27,False,
74,DG021,model.2.cv2.conv,12,6.901006698608398,6.901006698608398,2487192,2486566,52,51,False,
75,DG002,model.1.conv,8,7.000486373901367,7.000486373901367,2486566,2486460,27,26,True,True
76,DG021,model.2.cv2.conv,20,7.030605316162109,7.030605316162109,2486460,2485834,51,50,False,
77,DG021,model.2.cv2.conv,5,7.218560218811035,7.218560218811035,2485834,2485208,50,49,False,
78,DG021,model.2.cv2.conv,24,7.253498077392578,7.253498077392578,2485208,2484582,49,48,False,
79,DG021,model.2.cv2.conv,14,7.3186187744140625,7.3186187744140625,2484582,2483956,48,47,False,
80,DG021,model.2.cv2.conv,25,7.354351043701172,7.354351043701172,2483956,2483330,47,46,False,
81,DG021,model.2.cv2.conv,45,7.356631755828857,7.356631755828857,2483330,2482704,46,45,False,
82,DG021,model.2.cv2.conv,27,7.362780570983887,7.362780570983887,2482704,2482078,45,44,False,
83,DG021,model.2.cv2.conv,29,7.4369354248046875,7.4369354248046875,2482078,2481452,44,43,False,
84,DG021,model.2.cv2.conv,29,7.447196960449219,7.447196960449219,2481452,2480826,43,42,False,
85,DG021,model.2.cv2.conv,21,7.447868347167969,7.447868347167969,2480826,2480200,42,41,False,
86,DG021,model.2.cv2.conv,7,7.468109130859375,7.468109130859375,2480200,2479574,41,40,False,
87,DG021,model.2.cv2.conv,39,7.496652603149414,7.496652603149414,2479574,2478948,40,39,False,
88,DG021,model.2.cv2.conv,11,7.498782157897949,7.498782157897949,2478948,2478322,39,38,False,
89,DG021,model.2.cv2.conv,20,7.534368515014648,7.534368515014648,2478322,2477696,38,37,False,
90,DG021,model.2.cv2.conv,13,7.5627970695495605,7.5627970695495605,2477696,2477070,37,36,False,
91,DG021,model.2.cv2.conv,22,7.60809326171875,7.60809326171875,2477070,2476444,36,35,False,
92,DG021,model.2.cv2.conv,27,7.617616653442383,7.617616653442383,2476444,2475818,35,34,False,
93,DG021,model.2.cv2.conv,20,7.62327766418457,7.62327766418457,2475818,2475192,34,33,False,
94,DG018,model.19.m.0.cv2.conv,28,7.62628173828125,7.62628173828125,2475192,2475062,32,31,False,
95,DG001,model.0.conv,0,7.66119384765625,7.66119384765625,2475062,2474799,8,7,False,
96,DG002,model.1.conv,18,6.288938522338867,6.288938522338867,2474799,2474702,26,25,False,
97,DG002,model.1.conv,16,6.4610748291015625,6.4610748291015625,2474702,2474605,25,24,False,
98,DG002,model.1.conv,9,7.37602424621582,7.37602424621582,2474605,2474508,24,23,False,
99,DG002,model.1.conv,2,7.469987869262695,7.469987869262695,2474508,2474411,23,22,False,
100,DG021,model.2.cv2.conv,2,7.705314636230469,7.705314636230469,2474411,2473785,33,32,True,True
101,DG018,model.19.m.0.cv2.conv,5,7.7209320068359375,7.7209320068359375,2473785,2473655,31,30,False,
102,DG021,model.2.cv2.conv,14,7.7325592041015625,7.7325592041015625,2473655,2473029,32,31,False,
103,DG017,model.19.m.0.cv1.conv,19,7.735427379608154,7.735427379608154,2473029,2471743,32,31,False,
104,DG021,model.2.cv2.conv,30,7.805253982543945,7.805253982543945,2471743,2471117,31,30,False,
105,DG018,model.19.m.0.cv2.conv,3,7.820426940917969,7.820426940917969,2471117,2470987,30,29,False,
106,DG021,model.2.cv2.conv,14,7.861919403076172,7.861919403076172,2470987,2470361,30,29,False,
107,DG021,model.2.cv2.conv,28,7.882110595703125,7.882110595703125,2470361,2469735,29,28,False,
108,DG018,model.19.m.0.cv2.conv,8,7.8822784423828125,7.8822784423828125,2469735,2469605,29,28,False,
109,DG021,model.2.cv2.conv,2,7.890317916870117,7.890317916870117,2469605,2468979,28,27,False,
110,DG018,model.19.m.0.cv2.conv,18,7.933740615844727,7.933740615844727,2468979,2468849,28,27,False,
111,DG001,model.0.conv,2,7.934295654296875,7.934295654296875,2468849,2468622,7,6,False,
112,DG002,model.1.conv,15,6.983064651489258,6.983064651489258,2468622,2468534,22,21,False,
113,DG002,model.1.conv,17,7.361301422119141,7.361301422119141,2468534,2468446,21,20,False,
114,DG002,model.1.conv,19,7.6447954177856445,7.6447954177856445,2468446,2468358,20,19,False,
115,DG002,model.1.conv,7,7.705772399902344,7.705772399902344,2468358,2468270,19,18,False,
116,DG002,model.1.conv,6,7.794761657714844,7.794761657714844,2468270,2468182,18,17,False,
117,DG021,model.2.cv2.conv,15,7.938167572021484,7.938167572021484,2468182,2467556,27,26,False,
118,DG001,model.0.conv,0,7.944976806640625,7.944976806640625,2467556,2467374,6,5,False,
119,DG002,model.1.conv,8,5.028053283691406,5.028053283691406,2467374,2467295,17,16,False,
120,DG002,model.1.conv,14,6.053825378417969,6.053825378417969,2467295,2467216,16,15,False,
121,DG002,model.1.conv,11,6.817844390869141,6.817844390869141,2467216,2467137,15,14,False,
122,DG002,model.1.conv,13,6.9990997314453125,6.9990997314453125,2467137,2467058,14,13,False,
123,DG002,model.1.conv,8,7.048747539520264,7.048747539520264,2467058,2466979,13,12,False,
124,DG002,model.1.conv,6,7.0812835693359375,7.0812835693359375,2466979,2466900,12,11,False,
125,DG002,model.1.conv,5,7.187999725341797,7.187999725341797,2466900,2466821,11,10,True,True
126,DG002,model.1.conv,6,7.323002815246582,7.323002815246582,2466821,2466742,10,9,False,
127,DG002,model.1.conv,0,7.330146789550781,7.330146789550781,2466742,2466663,9,8,False,
128,DG002,model.1.conv,0,7.369590759277344,7.369590759277344,2466663,2466584,8,7,False,
129,DG002,model.1.conv,1,7.397974014282227,7.397974014282227,2466584,2466505,7,6,False,
130,DG002,model.1.conv,2,7.495359897613525,7.495359897613525,2466505,2466426,6,5,False,
131,DG002,model.1.conv,3,7.529796600341797,7.529796600341797,2466426,2466347,5,4,False,
132,DG001,model.0.conv,2,7.948221206665039,7.948221206665039,2466347,2466282,5,4,False,
133,DG033,model.6.m.0.cv2.conv,2,7.95457649230957,7.95457649230957,2466282,2466152,32,31,False,
134,DG021,model.2.cv2.conv,1,7.983848571777344,7.983848571777344,2466152,2465526,26,25,False,
135,DG021,model.2.cv2.conv,23,8.02712631225586,8.02712631225586,2465526,2464900,25,24,False,
136,DG021,model.2.cv2.conv,2,8.03598403930664,8.03598403930664,2464900,2464274,24,23,False,
137,DG006,model.13.m.0.cv1.conv,19,8.04595947265625,8.04595947265625,2464274,2462988,32,31,False,
138,DG021,model.2.cv2.conv,15,8.051353454589844,8.051353454589844,2462988,2462362,23,22,False,
139,DG033,model.6.m.0.cv2.conv,9,8.119510650634766,8.119510650634766,2462362,2462232,31,30,False,
140,DG021,model.2.cv2.conv,17,8.13226318359375,8.13226318359375,2462232,2461606,22,21,False,
141,DG021,model.2.cv2.conv,10,8.143524169921875,8.143524169921875,2461606,2460980,21,20,False,
142,DG021,model.2.cv2.conv,4,8.14810562133789,8.14810562133789,2460980,2460354,20,19,False,
143,DG021,model.2.cv2.conv,11,8.15103530883789,8.15103530883789,2460354,2459728,19,18,False,
144,DG021,model.2.cv2.conv,2,8.153770446777344,8.153770446777344,2459728,2459102,18,17,False,
145,DG017,model.19.m.0.cv1.conv,28,8.156489372253418,8.156489372253418,2459102,2457816,31,30,False,
146,DG021,model.2.cv2.conv,10,8.161262512207031,8.161262512207031,2457816,2457190,17,16,False,
147,DG018,model.19.m.0.cv2.conv,10,8.162723541259766,8.162723541259766,2457190,2457060,27,26,False,
148,DG018,model.19.m.0.cv2.conv,5,8.186752319335938,8.186752319335938,2457060,2456930,26,25,False,
149,DG032,model.6.m.0.cv1.conv,11,8.195480346679688,8.195480346679688,2456930,2455644,32,31,False,
150,DG021,model.2.cv2.conv,6,8.229772567749023,8.229772567749023,2455644,2455018,16,15,True,True
151,DG033,model.6.m.0.cv2.conv,29,8.23944091796875,8.23944091796875,2455018,2454888,30,29,False,
152,DG018,model.19.m.0.cv2.conv,2,8.256817817687988,8.256817817687988,2454888,2454758,25,24,False,
153,DG021,model.2.cv2.conv,3,8.266754150390625,8.266754150390625,2454758,2454132,15,14,False,
154,DG017,model.19.m.0.cv1.conv,9,8.298095703125,8.298095703125,2454132,2452846,30,29,False,
155,DG017,model.19.m.0.cv1.conv,21,8.421791076660156,8.421791076660156,2452846,2451560,29,28,False,
156,DG021,model.2.cv2.conv,5,8.426118850708008,8.426118850708008,2451560,2450934,14,13,False,
157,DG021,model.2.cv2.conv,10,8.444976806640625,8.444976806640625,2450934,2450308,13,12,False,
158,DG021,model.2.cv2.conv,11,8.444989204406738,8.444989204406738,2450308,2449682,12,11,False,
159,DG027,model.3.conv,38,8.41848087310791,8.41848087310791,2449682,2449517,64,63,False,
160,DG021,model.2.cv2.conv,2,8.487174987792969,8.487174987792969,2449517,2448900,11,10,False,
161,DG027,model.3.conv,50,8.065940856933594,8.065940856933594,2448900,2448744,63,62,False,
162,DG018,model.19.m.0.cv2.conv,6,8.48787784576416,8.48787784576416,2448744,2448614,24,23,False,
163,DG021,model.2.cv2.conv,8,8.507728576660156,8.507728576660156,2448614,2448006,10,9,False,
164,DG027,model.3.conv,18,7.7272162437438965,7.7272162437438965,2448006,2447859,62,61,False,
165,DG027,model.3.conv,58,8.313928604125977,8.313928604125977,2447859,2447712,61,60,False,
166,DG027,model.3.conv,20,8.402547836303711,8.402547836303711,2447712,2447565,60,59,False,
167,DG021,model.2.cv2.conv,0,8.529800415039062,8.529800415039062,2447565,2446984,9,8,False,
168,DG027,model.3.conv,17,7.022464752197266,7.022464752197266,2446984,2446846,59,58,False,
169,DG027,model.3.conv,25,7.630668640136719,7.630668640136719,2446846,2446708,58,57,False,
170,DG027,model.3.conv,40,7.711356163024902,7.711356163024902,2446708,2446570,57,56,False,
171,DG027,model.3.conv,41,7.92458438873291,7.92458438873291,2446570,2446432,56,55,False,
172,DG027,model.3.conv,39,7.925763130187988,7.925763130187988,2446432,2446294,55,54,False,
173,DG027,model.3.conv,19,7.979771614074707,7.979771614074707,2446294,2446156,54,53,False,
174,DG027,model.3.conv,27,7.985393524169922,7.985393524169922,2446156,2446018,53,52,False,
175,DG027,model.3.conv,0,8.261608123779297,8.261608123779297,2446018,2445880,52,51,True,True
176,DG027,model.3.conv,45,8.54627799987793,8.54627799987793,2445880,2445742,51,50,False,
177,DG027,model.3.conv,20,8.564838409423828,8.564838409423828,2445742,2445604,50,49,False,
178,DG018,model.19.m.0.cv2.conv,17,8.579944610595703,8.579944610595703,2445604,2445474,23,22,False,
179,DG021,model.2.cv2.conv,1,8.585262298583984,8.585262298583984,2445474,2444983,8,7,False,
180,DG027,model.3.conv,7,7.236502647399902,7.236502647399902,2444983,2444854,49,48,False,
181,DG027,model.3.conv,32,7.316782474517822,7.316782474517822,2444854,2444725,48,47,False,
182,DG027,model.3.conv,27,7.419046401977539,7.419046401977539,2444725,2444596,47,46,False,
183,DG027,model.3.conv,19,7.50784969329834,7.50784969329834,2444596,2444467,46,45,False,
184,DG027,model.3.conv,28,7.669984817504883,7.669984817504883,2444467,2444338,45,44,False,
185,DG027,model.3.conv,23,8.205142974853516,8.205142974853516,2444338,2444209,44,43,False,
186,DG027,model.3.conv,4,8.242576599121094,8.242576599121094,2444209,2444080,43,42,False,
187,DG027,model.3.conv,39,8.308660507202148,8.308660507202148,2444080,2443951,42,41,False,
188,DG027,model.3.conv,33,8.345756530761719,8.345756530761719,2443951,2443822,41,40,False,
189,DG027,model.3.conv,35,8.387496948242188,8.387496948242188,2443822,2443693,40,39,False,
190,DG027,model.3.conv,37,8.488033294677734,8.488033294677734,2443693,2443564,39,38,False,
191,DG027,model.3.conv,33,8.61821174621582,8.61821174621582,2443564,2443435,38,37,False,
192,DG033,model.6.m.0.cv2.conv,5,8.65854263305664,8.65854263305664,2443435,2443305,29,28,False,
193,DG027,model.3.conv,17,8.67431640625,8.67431640625,2443305,2443176,37,36,False,
194,DG018,model.19.m.0.cv2.conv,7,8.674789428710938,8.674789428710938,2443176,2443046,22,21,False,
195,DG018,model.19.m.0.cv2.conv,14,8.678888320922852,8.678888320922852,2443046,2442916,21,20,False,
196,DG017,model.19.m.0.cv1.conv,6,8.682913780212402,8.682913780212402,2442916,2441630,28,27,False,
197,DG018,model.19.m.0.cv2.conv,13,8.684459686279297,8.684459686279297,2441630,2441500,20,19,False,
198,DG018,model.19.m.0.cv2.conv,9,8.70606517791748,8.70606517791748,2441500,2441370,19,18,False,
199,DG006,model.13.m.0.cv1.conv,21,8.741642951965332,8.741642951965332,2441370,2440084,31,30,False,
200,DG018,model.19.m.0.cv2.conv,7,8.75069808959961,8.75069808959961,2440084,2439954,18,17,True,True
201,DG018,model.19.m.0.cv2.conv,12,8.77978801727295,8.77978801727295,2439954,2439824,17,16,False,
202,DG017,model.19.m.0.cv1.conv,18,8.845104217529297,8.845104217529297,2439824,2438538,27,26,False,
203,DG017,model.19.m.0.cv1.conv,14,8.86353874206543,8.86353874206543,2438538,2437252,26,25,False,
204,DG033,model.6.m.0.cv2.conv,6,8.872917175292969,8.872917175292969,2437252,2437122,28,27,False,
205,DG027,model.3.conv,26,8.913581848144531,8.913581848144531,2437122,2436993,36,35,False,
206,DG033,model.6.m.0.cv2.conv,24,9.00839614868164,9.00839614868164,2436993,2436863,27,26,False,
207,DG027,model.3.conv,33,9.029975891113281,9.029975891113281,2436863,2436734,35,34,False,
208,DG032,model.6.m.0.cv1.conv,27,9.03402328491211,9.03402328491211,2436734,2435448,31,30,False,
209,DG027,model.3.conv,6,9.110844612121582,9.110844612121582,2435448,2435319,34,33,False,
210,DG027,model.3.conv,22,9.121528625488281,9.121528625488281,2435319,2435190,33,32,False,
211,DG006,model.13.m.0.cv1.conv,13,9.154571533203125,9.154571533203125,2435190,2433904,30,29,False,
212,DG027,model.3.conv,10,9.178577423095703,9.178577423095703,2433904,2433775,32,31,False,
213,DG018,model.19.m.0.cv2.conv,3,9.281831741333008,9.281831741333008,2433775,2433645,16,15,False,
214,DG027,model.3.conv,15,9.324041366577148,9.324041366577148,2433645,2433516,31,30,False,
215,DG007,model.13.m.0.cv2.conv,9,9.33584976196289,9.33584976196289,2433516,2433386,32,31,False,
216,DG017,model.19.m.0.cv1.conv,5,9.403236389160156,9.403236389160156,2433386,2432100,25,24,False,
217,DG032,model.6.m.0.cv1.conv,8,9.418121337890625,9.418121337890625,2432100,2430814,30,29,False,
218,DG007,model.13.m.0.cv2.conv,19,9.432586669921875,9.432586669921875,2430814,2430684,31,30,False,
219,DG006,model.13.m.0.cv1.conv,24,9.434598922729492,9.434598922729492,2430684,2429398,29,28,False,
220,DG018,model.19.m.0.cv2.conv,7,9.45749282836914,9.45749282836914,2429398,2429268,15,14,False,
221,DG017,model.19.m.0.cv1.conv,3,9.457735061645508,9.457735061645508,2429268,2427982,24,23,False,
222,DG018,model.19.m.0.cv2.conv,3,9.476893424987793,9.476893424987793,2427982,2427852,14,13,False,
223,DG017,model.19.m.0.cv1.conv,0,9.484012603759766,9.484012603759766,2427852,2426566,23,22,False,
224,DG017,model.19.m.0.cv1.conv,6,9.508469581604004,9.508469581604004,2426566,2425280,22,21,False,
225,DG032,model.6.m.0.cv1.conv,22,9.514974594116211,9.514974594116211,2425280,2423994,29,28,True,True
226,DG006,model.13.m.0.cv1.conv,25,9.51544189453125,9.51544189453125,2423994,2422708,28,27,False,
227,DG032,model.6.m.0.cv1.conv,23,9.51974105834961,9.51974105834961,2422708,2421422,28,27,False,
228,DG007,model.13.m.0.cv2.conv,7,9.521234512329102,9.521234512329102,2421422,2421292,30,29,False,
229,DG018,model.19.m.0.cv2.conv,4,9.543643951416016,9.543643951416016,2421292,2421162,13,12,False,
230,DG017,model.19.m.0.cv1.conv,9,9.554180145263672,9.554180145263672,2421162,2419876,21,20,False,
231,DG032,model.6.m.0.cv1.conv,2,9.562597274780273,9.562597274780273,2419876,2418590,27,26,False,
232,DG027,model.3.conv,21,9.571571350097656,9.571571350097656,2418590,2418461,30,29,False,
233,DG027,model.3.conv,10,9.585548400878906,9.585548400878906,2418461,2418332,29,28,False,
234,DG033,model.6.m.0.cv2.conv,18,9.589359283447266,9.589359283447266,2418332,2418202,26,25,False,
235,DG033,model.6.m.0.cv2.conv,9,9.615407943725586,9.615407943725586,2418202,2418072,25,24,False,
236,DG018,model.19.m.0.cv2.conv,9,9.650105476379395,9.650105476379395,2418072,2417942,12,11,False,
237,DG018,model.19.m.0.cv2.conv,2,9.653453826904297,9.653453826904297,2417942,2417812,11,10,False,
238,DG027,model.3.conv,19,9.6953125,9.6953125,2417812,2417683,28,27,False,
239,DG032,model.6.m.0.cv1.conv,7,9.729290008544922,9.729290008544922,2417683,2416397,26,25,False,
240,DG017,model.19.m.0.cv1.conv,16,9.730395317077637,9.730395317077637,2416397,2415111,20,19,False,
241,DG017,model.19.m.0.cv1.conv,13,9.74057674407959,9.74057674407959,2415111,2413825,19,18,False,
242,DG018,model.19.m.0.cv2.conv,5,9.753457069396973,9.753457069396973,2413825,2413695,10,9,False,
243,DG018,model.19.m.0.cv2.conv,7,9.782976150512695,9.782976150512695,2413695,2413565,9,8,False,
244,DG033,model.6.m.0.cv2.conv,21,9.808525085449219,9.808525085449219,2413565,2413435,24,23,False,
245,DG017,model.19.m.0.cv1.conv,8,9.810843467712402,9.810843467712402,2413435,2412149,18,17,False,
246,DG017,model.19.m.0.cv1.conv,7,9.811046600341797,9.811046600341797,2412149,2410863,17,16,False,
247,DG032,model.6.m.0.cv1.conv,6,9.822189331054688,9.822189331054688,2410863,2409577,25,24,False,
248,DG032,model.6.m.0.cv1.conv,0,9.822197914123535,9.822197914123535,2409577,2408291,24,23,False,
249,DG033,model.6.m.0.cv2.conv,10,9.82542610168457,9.82542610168457,2408291,2408161,23,22,False,
250,DG027,model.3.conv,15,9.836870193481445,9.836870193481445,2408161,2408032,27,26,True,True
251,DG017,model.19.m.0.cv1.conv,0,9.839054107666016,9.839054107666016,2408032,2406746,16,15,False,
252,DG027,model.3.conv,12,9.850762367248535,9.850762367248535,2406746,2406617,26,25,False,
253,DG033,model.6.m.0.cv2.conv,16,9.858932495117188,9.858932495117188,2406617,2406487,22,21,False,
254,DG006,model.13.m.0.cv1.conv,21,9.866279602050781,9.866279602050781,2406487,2405201,27,26,False,
255,DG032,model.6.m.0.cv1.conv,4,9.869240760803223,9.869240760803223,2405201,2403915,23,22,False,
256,DG006,model.13.m.0.cv1.conv,19,9.874626159667969,9.874626159667969,2403915,2402629,26,25,False,
257,DG017,model.19.m.0.cv1.conv,6,9.885150909423828,9.885150909423828,2402629,2401343,15,14,False,
258,DG006,model.13.m.0.cv1.conv,19,9.890953063964844,9.890953063964844,2401343,2400057,25,24,False,
259,DG006,model.13.m.0.cv1.conv,19,9.962882995605469,9.962882995605469,2400057,2398771,24,23,False,
260,DG018,model.19.m.0.cv2.conv,1,9.964275360107422,9.964275360107422,2398771,2398641,8,7,False,
261,DG007,model.13.m.0.cv2.conv,17,9.969060897827148,9.969060897827148,2398641,2398511,29,28,False,
262,DG027,model.3.conv,3,9.98807144165039,9.98807144165039,2398511,2398382,25,24,False,
263,DG017,model.19.m.0.cv1.conv,0,10.00816535949707,10.00816535949707,2398382,2397096,14,13,False,
264,DG032,model.6.m.0.cv1.conv,9,10.014833450317383,10.014833450317383,2397096,2395810,22,21,False,
265,DG033,model.6.m.0.cv2.conv,17,10.02299976348877,10.02299976348877,2395810,2395680,21,20,False,
266,DG006,model.13.m.0.cv1.conv,11,10.043296813964844,10.043296813964844,2395680,2394394,23,22,False,
267,DG006,model.13.m.0.cv1.conv,2,10.043523788452148,10.043523788452148,2394394,2393108,22,21,False,
268,DG007,model.13.m.0.cv2.conv,24,10.045892715454102,10.045892715454102,2393108,2392978,28,27,False,
269,DG032,model.6.m.0.cv1.conv,5,10.059906005859375,10.059906005859375,2392978,2391692,21,20,False,
270,DG006,model.13.m.0.cv1.conv,0,10.07888412475586,10.07888412475586,2391692,2390406,21,20,False,
271,DG007,model.13.m.0.cv2.conv,13,10.080278396606445,10.080278396606445,2390406,2390276,27,26,False,
272,DG032,model.6.m.0.cv1.conv,4,10.082708358764648,10.082708358764648,2390276,2388990,20,19,False,
273,DG006,model.13.m.0.cv1.conv,9,10.089073181152344,10.089073181152344,2388990,2387704,20,19,False,
274,DG032,model.6.m.0.cv1.conv,9,10.102935791015625,10.102935791015625,2387704,2386418,19,18,False,
275,DG018,model.19.m.0.cv2.conv,4,10.111198425292969,10.111198425292969,2386418,2386288,7,6,True,True
276,DG017,model.19.m.0.cv1.conv,9,10.135538101196289,10.135538101196289,2386288,2385002,13,12,False,
277,DG019,model.19.m.0.m.0.cv1.conv,26,9.975717544555664,9.975717544555664,2385002,2384784,32,31,False,
278,DG020,model.19.m.0.m.1.cv1.conv,8,9.997678756713867,9.997678756713867,2384784,2384566,32,31,False,
279,DG018,model.19.m.0.cv2.conv,1,10.146074295043945,10.146074295043945,2384566,2384436,6,5,False,
280,DG027,model.3.conv,16,10.153493881225586,10.153493881225586,2384436,2384307,24,23,False,
281,DG007,model.13.m.0.cv2.conv,2,10.159421920776367,10.159421920776367,2384307,2384177,26,25,False,
282,DG017,model.19.m.0.cv1.conv,7,10.160287857055664,10.160287857055664,2384177,2382927,12,11,False,
283,DG020,model.19.m.0.m.1.cv1.conv,20,9.301433563232422,9.301433563232422,2382927,2382727,31,30,False,
284,DG020,model.19.m.0.m.1.cv1.conv,16,9.635035514831543,9.635035514831543,2382727,2382527,30,29,False,
285,DG033,model.6.m.0.cv2.conv,3,10.162117004394531,10.162117004394531,2382527,2382397,20,19,False,
286,DG033,model.6.m.0.cv2.conv,5,10.176467895507812,10.176467895507812,2382397,2382267,19,18,False,
287,DG006,model.13.m.0.cv1.conv,8,10.178792953491211,10.178792953491211,2382267,2380981,19,18,False,
288,DG007,model.13.m.0.cv2.conv,5,10.18475341796875,10.18475341796875,2380981,2380851,25,24,False,
289,DG027,model.3.conv,13,10.192476272583008,10.192476272583008,2380851,2380722,23,22,False,
290,DG017,model.19.m.0.cv1.conv,3,10.203962326049805,10.203962326049805,2380722,2379508,11,10,False,
291,DG020,model.19.m.0.m.1.cv1.conv,21,8.368932723999023,8.368932723999023,2379508,2379326,29,28,False,
292,DG020,model.19.m.0.m.1.cv1.conv,11,8.80492115020752,8.80492115020752,2379326,2379144,28,27,False,
293,DG020,model.19.m.0.m.1.cv1.conv,9,8.824823379516602,8.824823379516602,2379144,2378962,27,26,False,
294,DG019,model.19.m.0.m.0.cv1.conv,29,9.461560249328613,9.461560249328613,2378962,2378780,31,30,False,
295,DG019,model.19.m.0.m.0.cv1.conv,24,9.716056823730469,9.716056823730469,2378780,2378598,30,29,False,
296,DG020,model.19.m.0.m.1.cv1.conv,25,9.759166717529297,9.759166717529297,2378598,2378416,26,25,False,
297,DG020,model.19.m.0.m.1.cv1.conv,13,9.850615501403809,9.850615501403809,2378416,2378234,25,24,False,
298,DG020,model.19.m.0.m.1.cv1.conv,1,9.940990447998047,9.940990447998047,2378234,2378052,24,23,False,
299,DG019,model.19.m.0.m.0.cv1.conv,28,9.965360641479492,9.965360641479492,2378052,2377870,29,28,False,
300,DG020,model.19.m.0.m.1.cv1.conv,20,10.139434814453125,10.139434814453125,2377870,2377688,23,22,True,True
301,DG033,model.6.m.0.cv2.conv,0,10.204056739807129,10.204056739807129,2377688,2377558,18,17,False,
302,DG006,model.13.m.0.cv1.conv,6,10.204635620117188,10.204635620117188,2377558,2376272,18,17,False,
303,DG033,model.6.m.0.cv2.conv,0,10.212076187133789,10.212076187133789,2376272,2376142,17,16,False,
304,DG033,model.6.m.0.cv2.conv,11,10.221160888671875,10.221160888671875,2376142,2376012,16,15,False,
305,DG020,model.19.m.0.m.1.cv1.conv,2,10.229992866516113,10.229992866516113,2376012,2375830,22,21,False,
306,DG033,model.6.m.0.cv2.conv,5,10.235572814941406,10.235572814941406,2375830,2375700,15,14,False,
307,DG033,model.6.m.0.cv2.conv,6,10.274635314941406,10.274635314941406,2375700,2375570,14,13,False,
308,DG033,model.6.m.0.cv2.conv,2,10.27518081665039,10.27518081665039,2375570,2375440,13,12,False,
309,DG017,model.19.m.0.cv1.conv,9,10.280563354492188,10.280563354492188,2375440,2374424,10,9,False,
310,DG019,model.19.m.0.m.0.cv1.conv,1,9.241312026977539,9.241312026977539,2374424,2374260,28,27,False,
311,DG020,model.19.m.0.m.1.cv1.conv,1,9.350990295410156,9.350990295410156,2374260,2374096,21,20,False,
312,DG020,model.19.m.0.m.1.cv1.conv,1,9.363934516906738,9.363934516906738,2374096,2373932,20,19,False,
313,DG019,model.19.m.0.m.0.cv1.conv,1,9.635690689086914,9.635690689086914,2373932,2373768,27,26,False,
314,DG020,model.19.m.0.m.1.cv1.conv,1,9.652870178222656,9.652870178222656,2373768,2373604,19,18,False,
315,DG020,model.19.m.0.m.1.cv1.conv,5,9.671736717224121,9.671736717224121,2373604,2373440,18,17,False,
316,DG020,model.19.m.0.m.1.cv1.conv,16,9.675898551940918,9.675898551940918,2373440,2373276,17,16,False,
317,DG020,model.19.m.0.m.1.cv1.conv,2,9.700577735900879,9.700577735900879,2373276,2373112,16,15,False,
318,DG020,model.19.m.0.m.1.cv1.conv,14,9.808055877685547,9.808055877685547,2373112,2372948,15,14,False,
319,DG020,model.19.m.0.m.1.cv1.conv,13,9.82902717590332,9.82902717590332,2372948,2372784,14,13,False,
320,DG019,model.19.m.0.m.0.cv1.conv,1,9.890462875366211,9.890462875366211,2372784,2372620,26,25,False,
321,DG020,model.19.m.0.m.1.cv1.conv,5,9.975502014160156,9.975502014160156,2372620,2372456,13,12,False,
322,DG019,model.19.m.0.m.0.cv1.conv,14,10.009587287902832,10.009587287902832,2372456,2372292,25,24,False,
323,DG020,model.19.m.0.m.1.cv1.conv,11,10.10660171508789,10.10660171508789,2372292,2372128,12,11,False,
324,DG019,model.19.m.0.m.0.cv1.conv,4,10.145132064819336,10.145132064819336,2372128,2371964,24,23,False,
325,DG019,model.19.m.0.m.0.cv1.conv,15,10.202178001403809,10.202178001403809,2371964,2371800,23,22,True,True
326,DG032,model.6.m.0.cv1.conv,0,10.294767379760742,10.294767379760742,2371800,2370514,18,17,False,
327,DG020,model.19.m.0.m.1.cv1.conv,3,10.3121337890625,10.3121337890625,2370514,2370350,11,10,False,
328,DG033,model.6.m.0.cv2.conv,8,10.313884735107422,10.313884735107422,2370350,2370220,12,11,False,
329,DG027,model.3.conv,5,10.315053939819336,10.315053939819336,2370220,2370091,22,21,False,
330,DG018,model.19.m.0.cv2.conv,2,10.320186614990234,10.320186614990234,2370091,2369961,5,4,False,
331,DG033,model.6.m.0.cv2.conv,10,10.332252502441406,10.332252502441406,2369961,2369831,11,10,False,
332,DG033,model.6.m.0.cv2.conv,8,10.33773422241211,10.33773422241211,2369831,2369701,10,9,False,
333,DG017,model.19.m.0.cv1.conv,8,10.352062225341797,10.352062225341797,2369701,2368991,9,8,False,
334,DG020,model.19.m.0.m.1.cv1.conv,8,8.300841331481934,8.300841331481934,2368991,2368845,10,9,False,
335,DG019,model.19.m.0.m.0.cv1.conv,21,9.308882713317871,9.308882713317871,2368845,2368699,22,21,False,
336,DG019,model.19.m.0.m.0.cv1.conv,17,9.347430229187012,9.347430229187012,2368699,2368553,21,20,False,
337,DG019,model.19.m.0.m.0.cv1.conv,7,9.348775863647461,9.348775863647461,2368553,2368407,20,19,False,
338,DG019,model.19.m.0.m.0.cv1.conv,17,9.579008102416992,9.579008102416992,2368407,2368261,19,18,False,
339,DG020,model.19.m.0.m.1.cv1.conv,1,9.59758186340332,9.59758186340332,2368261,2368115,9,8,False,
340,DG019,model.19.m.0.m.0.cv1.conv,4,9.69124698638916,9.69124698638916,2368115,2367969,18,17,False,
341,DG019,model.19.m.0.m.0.cv1.conv,11,9.797741889953613,9.797741889953613,2367969,2367823,17,16,False,
342,DG019,model.19.m.0.m.0.cv1.conv,1,9.943405151367188,9.943405151367188,2367823,2367677,16,15,False,
343,DG020,model.19.m.0.m.1.cv1.conv,4,10.029899597167969,10.029899597167969,2367677,2367531,8,7,False,
344,DG020,model.19.m.0.m.1.cv1.conv,1,10.113422393798828,10.113422393798828,2367531,2367385,7,6,False,
345,DG019,model.19.m.0.m.0.cv1.conv,0,10.22142505645752,10.22142505645752,2367385,2367239,15,14,False,
346,DG019,model.19.m.0.m.0.cv1.conv,10,10.267522811889648,10.267522811889648,2367239,2367093,14,13,False,
347,DG020,model.19.m.0.m.1.cv1.conv,3,10.311837196350098,10.311837196350098,2367093,2366947,6,5,False,
348,DG019,model.19.m.0.m.0.cv1.conv,7,10.327693939208984,10.327693939208984,2366947,2366801,13,12,False,
349,DG007,model.13.m.0.cv2.conv,19,10.353267669677734,10.353267669677734,2366801,2366671,24,23,False,
350,DG017,model.19.m.0.cv1.conv,0,10.35628890991211,10.35628890991211,2366671,2366231,8,7,True,True
351,DG020,model.19.m.0.m.1.cv1.conv,3,9.157608032226562,9.157608032226562,2366231,2366103,5,4,False,
352,DG019,model.19.m.0.m.0.cv1.conv,6,9.42071533203125,9.42071533203125,2366103,2365975,12,11,False,
353,DG019,model.19.m.0.m.0.cv1.conv,4,9.580062866210938,9.580062866210938,2365975,2365847,11,10,False,
354,DG019,model.19.m.0.m.0.cv1.conv,8,9.582752227783203,9.582752227783203,2365847,2365719,10,9,False,
355,DG019,model.19.m.0.m.0.cv1.conv,7,9.676597595214844,9.676597595214844,2365719,2365591,9,8,False,
356,DG019,model.19.m.0.m.0.cv1.conv,3,9.688861846923828,9.688861846923828,2365591,2365463,8,7,False,
357,DG019,model.19.m.0.m.0.cv1.conv,3,9.717369079589844,9.717369079589844,2365463,2365335,7,6,False,
358,DG019,model.19.m.0.m.0.cv1.conv,0,9.9994535446167,9.9994535446167,2365335,2365207,6,5,False,
359,DG019,model.19.m.0.m.0.cv1.conv,1,10.01312255859375,10.01312255859375,2365207,2365079,5,4,False,
360,DG007,model.13.m.0.cv2.conv,8,10.389694213867188,10.389694213867188,2365079,2364949,23,22,False,
361,DG017,model.19.m.0.cv1.conv,5,10.403155326843262,10.403155326843262,2364949,2364671,7,6,False,
362,DG017,model.19.m.0.cv1.conv,5,10.404820442199707,10.404820442199707,2364671,2364393,6,5,False,
363,DG017,model.19.m.0.cv1.conv,3,10.41014289855957,10.41014289855957,2364393,2364115,5,4,False,
364,DG007,model.13.m.0.cv2.conv,11,10.425838470458984,10.425838470458984,2364115,2363985,22,21,False,
365,DG027,model.3.conv,20,10.434165954589844,10.434165954589844,2363985,2363856,21,20,False,
366,DG032,model.6.m.0.cv1.conv,12,10.434165954589844,10.434165954589844,2363856,2362570,17,16,False,
367,DG032,model.6.m.0.cv1.conv,5,10.437836647033691,10.437836647033691,2362570,2361284,16,15,False,
368,DG033,model.6.m.0.cv2.conv,7,10.441421508789062,10.441421508789062,2361284,2361154,9,8,False,
369,DG027,model.3.conv,12,10.441617012023926,10.441617012023926,2361154,2361025,20,19,False,
370,DG006,model.13.m.0.cv1.conv,8,10.457454681396484,10.457454681396484,2361025,2359739,17,16,False,
371,DG032,model.6.m.0.cv1.conv,2,10.464797019958496,10.464797019958496,2359739,2358453,15,14,False,
372,DG032,model.6.m.0.cv1.conv,12,10.491134643554688,10.491134643554688,2358453,2357167,14,13,False,
373,DG027,model.3.conv,0,10.491825103759766,10.491825103759766,2357167,2357038,19,18,False,
374,DG032,model.6.m.0.cv1.conv,0,10.496986389160156,10.496986389160156,2357038,2355752,13,12,False,
375,DG007,model.13.m.0.cv2.conv,14,10.499536514282227,10.499536514282227,2355752,2355622,21,20,True,True
376,DG007,model.13.m.0.cv2.conv,9,10.528511047363281,10.528511047363281,2355622,2355492,20,19,False,
377,DG033,model.6.m.0.cv2.conv,4,10.535440444946289,10.535440444946289,2355492,2355362,8,7,False,
378,DG007,model.13.m.0.cv2.conv,15,10.53805923461914,10.53805923461914,2355362,2355232,19,18,False,
379,DG006,model.13.m.0.cv1.conv,2,10.55855655670166,10.55855655670166,2355232,2353946,16,15,False,
380,DG007,model.13.m.0.cv2.conv,9,10.558990478515625,10.558990478515625,2353946,2353816,18,17,False,
381,DG006,model.13.m.0.cv1.conv,13,10.560815811157227,10.560815811157227,2353816,2352530,15,14,False,
382,DG027,model.3.conv,9,10.561155319213867,10.561155319213867,2352530,2352401,18,17,False,
383,DG006,model.13.m.0.cv1.conv,12,10.576227188110352,10.576227188110352,2352401,2351115,14,13,False,
384,DG007,model.13.m.0.cv2.conv,6,10.577385902404785,10.577385902404785,2351115,2350985,17,16,False,
385,DG033,model.6.m.0.cv2.conv,2,10.582706451416016,10.582706451416016,2350985,2350855,7,6,False,
386,DG033,model.6.m.0.cv2.conv,3,10.58315658569336,10.58315658569336,2350855,2350725,6,5,False,
387,DG006,model.13.m.0.cv1.conv,3,10.596260070800781,10.596260070800781,2350725,2349439,13,12,False,
388,DG032,model.6.m.0.cv1.conv,6,10.59658432006836,10.59658432006836,2349439,2348153,12,11,False,
389,DG033,model.6.m.0.cv2.conv,4,10.605695724487305,10.605695724487305,2348153,2348023,5,4,False,
390,DG007,model.13.m.0.cv2.conv,2,10.614873886108398,10.614873886108398,2348023,2347893,16,15,False,
391,DG032,model.6.m.0.cv1.conv,4,10.645597457885742,10.645597457885742,2347893,2346607,11,10,False,
392,DG034,model.6.m.0.m.0.cv1.conv,2,9.453693389892578,9.453693389892578,2346607,2346425,32,31,False,
393,DG035,model.6.m.0.m.1.cv1.conv,18,10.10249137878418,10.10249137878418,2346425,2346243,32,31,False,
394,DG035,model.6.m.0.m.1.cv1.conv,0,10.206951141357422,10.206951141357422,2346243,2346061,31,30,False,
395,DG034,model.6.m.0.m.0.cv1.conv,30,10.270139694213867,10.270139694213867,2346061,2345879,31,30,False,
396,DG032,model.6.m.0.cv1.conv,1,10.651034355163574,10.651034355163574,2345879,2344665,10,9,False,
397,DG035,model.6.m.0.m.1.cv1.conv,25,9.233537673950195,9.233537673950195,2344665,2344501,30,29,False,
398,DG034,model.6.m.0.m.0.cv1.conv,7,9.707806587219238,9.707806587219238,2344501,2344337,30,29,False,
399,DG034,model.6.m.0.m.0.cv1.conv,4,9.929433822631836,9.929433822631836,2344337,2344173,29,28,False,
400,DG034,model.6.m.0.m.0.cv1.conv,12,10.023015975952148,10.023015975952148,2344173,2344009,28,27,True,True
401,DG035,model.6.m.0.m.1.cv1.conv,18,10.107349395751953,10.107349395751953,2344009,2343845,29,28,False,
402,DG034,model.6.m.0.m.0.cv1.conv,9,10.223152160644531,10.223152160644531,2343845,2343681,27,26,False,
403,DG035,model.6.m.0.m.1.cv1.conv,21,10.321734428405762,10.321734428405762,2343681,2343517,28,27,False,
404,DG035,model.6.m.0.m.1.cv1.conv,19,10.335861206054688,10.335861206054688,2343517,2343353,27,26,False,
405,DG007,model.13.m.0.cv2.conv,7,10.682641983032227,10.682641983032227,2343353,2343223,15,14,False,
406,DG007,model.13.m.0.cv2.conv,3,10.688375473022461,10.688375473022461,2343223,2343093,14,13,False,
407,DG006,model.13.m.0.cv1.conv,4,10.68978500366211,10.68978500366211,2343093,2341807,12,11,False,
408,DG007,model.13.m.0.cv2.conv,10,10.693061828613281,10.693061828613281,2341807,2341677,13,12,False,
409,DG006,model.13.m.0.cv1.conv,4,10.700611114501953,10.700611114501953,2341677,2340391,11,10,False,
410,DG032,model.6.m.0.cv1.conv,6,10.705009460449219,10.705009460449219,2340391,2339321,9,8,False,
411,DG034,model.6.m.0.m.0.cv1.conv,15,9.372268676757812,9.372268676757812,2339321,2339175,26,25,False,
412,DG035,model.6.m.0.m.1.cv1.conv,0,9.515652656555176,9.515652656555176,2339175,2339029,26,25,False,
413,DG035,model.6.m.0.m.1.cv1.conv,7,9.53537654876709,9.53537654876709,2339029,2338883,25,24,False,
414,DG034,model.6.m.0.m.0.cv1.conv,23,9.642230987548828,9.642230987548828,2338883,2338737,25,24,False,
415,DG035,model.6.m.0.m.1.cv1.conv,19,9.66401481628418,9.66401481628418,2338737,2338591,24,23,False,
416,DG035,model.6.m.0.m.1.cv1.conv,10,9.757841110229492,9.757841110229492,2338591,2338445,23,22,False,
417,DG034,model.6.m.0.m.0.cv1.conv,22,9.799214363098145,9.799214363098145,2338445,2338299,24,23,False,
418,DG035,model.6.m.0.m.1.cv1.conv,7,9.809722900390625,9.809722900390625,2338299,2338153,22,21,False,
419,DG035,model.6.m.0.m.1.cv1.conv,11,10.009273529052734,10.009273529052734,2338153,2338007,21,20,False,
420,DG034,model.6.m.0.m.0.cv1.conv,20,10.036054611206055,10.036054611206055,2338007,2337861,23,22,False,
421,DG034,model.6.m.0.m.0.cv1.conv,1,10.11353874206543,10.11353874206543,2337861,2337715,22,21,False,
422,DG035,model.6.m.0.m.1.cv1.conv,16,10.172021865844727,10.172021865844727,2337715,2337569,20,19,False,
423,DG034,model.6.m.0.m.0.cv1.conv,15,10.245941162109375,10.245941162109375,2337569,2337423,21,20,False,
424,DG034,model.6.m.0.m.0.cv1.conv,12,10.33597469329834,10.33597469329834,2337423,2337277,20,19,False,
425,DG035,model.6.m.0.m.1.cv1.conv,6,10.450481414794922,10.450481414794922,2337277,2337131,19,18,True,True
426,DG035,model.6.m.0.m.1.cv1.conv,0,10.453605651855469,10.453605651855469,2337131,2336985,18,17,False,
427,DG035,model.6.m.0.m.1.cv1.conv,3,10.575801849365234,10.575801849365234,2336985,2336839,17,16,False,
428,DG035,model.6.m.0.m.1.cv1.conv,7,10.578157424926758,10.578157424926758,2336839,2336693,16,15,False,
429,DG035,model.6.m.0.m.1.cv1.conv,10,10.589258193969727,10.589258193969727,2336693,2336547,15,14,False,
430,DG034,model.6.m.0.m.0.cv1.conv,17,10.615484237670898,10.615484237670898,2336547,2336401,19,18,False,
431,DG035,model.6.m.0.m.1.cv1.conv,3,10.653541564941406,10.653541564941406,2336401,2336255,14,13,False,
432,DG034,model.6.m.0.m.0.cv1.conv,14,10.668991088867188,10.668991088867188,2336255,2336109,18,17,False,
433,DG006,model.13.m.0.cv1.conv,1,10.740211486816406,10.740211486816406,2336109,2334823,10,9,False,
434,DG008,model.13.m.0.m.0.cv1.conv,13,9.82919692993164,9.82919692993164,2334823,2334659,32,31,False,
435,DG008,model.13.m.0.m.0.cv1.conv,20,10.14256477355957,10.14256477355957,2334659,2334495,31,30,False,
436,DG008,model.13.m.0.m.0.cv1.conv,16,10.22651481628418,10.22651481628418,2334495,2334331,30,29,False,
437,DG008,model.13.m.0.m.0.cv1.conv,0,10.265501022338867,10.265501022338867,2334331,2334167,29,28,False,
438,DG009,model.13.m.0.m.1.cv1.conv,31,10.293338775634766,10.293338775634766,2334167,2334003,32,31,False,
439,DG009,model.13.m.0.m.1.cv1.conv,3,10.441701889038086,10.441701889038086,2334003,2333839,31,30,False,
440,DG009,model.13.m.0.m.1.cv1.conv,10,10.471900939941406,10.471900939941406,2333839,2333675,30,29,False,
441,DG008,model.13.m.0.m.0.cv1.conv,13,10.483023643493652,10.483023643493652,2333675,2333511,28,27,False,
442,DG008,model.13.m.0.m.0.cv1.conv,11,10.520818710327148,10.520818710327148,2333511,2333347,27,26,False,
443,DG008,model.13.m.0.m.0.cv1.conv,8,10.548213958740234,10.548213958740234,2333347,2333183,26,25,False,
444,DG008,model.13.m.0.m.0.cv1.conv,24,10.564658164978027,10.564658164978027,2333183,2333019,25,24,False,
445,DG035,model.6.m.0.m.1.cv1.conv,2,10.758831024169922,10.758831024169922,2333019,2332873,13,12,False,
446,DG032,model.6.m.0.cv1.conv,4,10.774768829345703,10.774768829345703,2332873,2332217,8,7,False,
447,DG035,model.6.m.0.m.1.cv1.conv,0,8.764360427856445,8.764360427856445,2332217,2332089,12,11,False,
448,DG034,model.6.m.0.m.0.cv1.conv,4,8.822856903076172,8.822856903076172,2332089,2331961,17,16,False,
449,DG034,model.6.m.0.m.0.cv1.conv,9,9.423072814941406,9.423072814941406,2331961,2331833,16,15,False,
450,DG035,model.6.m.0.m.1.cv1.conv,2,9.473514556884766,9.473514556884766,2331833,2331705,11,10,True,True
451,DG034,model.6.m.0.m.0.cv1.conv,5,9.576900482177734,9.576900482177734,2331705,2331577,15,14,False,
452,DG035,model.6.m.0.m.1.cv1.conv,1,9.603240966796875,9.603240966796875,2331577,2331449,10,9,False,
453,DG035,model.6.m.0.m.1.cv1.conv,2,9.651409149169922,9.651409149169922,2331449,2331321,9,8,False,
454,DG034,model.6.m.0.m.0.cv1.conv,10,9.690590858459473,9.690590858459473,2331321,2331193,14,13,False,
455,DG035,model.6.m.0.m.1.cv1.conv,4,9.729164123535156,9.729164123535156,2331193,2331065,8,7,False,
456,DG035,model.6.m.0.m.1.cv1.conv,6,9.803449630737305,9.803449630737305,2331065,2330937,7,6,False,
457,DG035,model.6.m.0.m.1.cv1.conv,4,9.845626831054688,9.845626831054688,2330937,2330809,6,5,False,
458,DG034,model.6.m.0.m.0.cv1.conv,11,9.864410400390625,9.864410400390625,2330809,2330681,13,12,False,
459,DG034,model.6.m.0.m.0.cv1.conv,8,9.88747787475586,9.88747787475586,2330681,2330553,12,11,False,
460,DG035,model.6.m.0.m.1.cv1.conv,2,9.9266357421875,9.9266357421875,2330553,2330425,5,4,False,
461,DG034,model.6.m.0.m.0.cv1.conv,9,9.975540161132812,9.975540161132812,2330425,2330297,11,10,False,
462,DG034,model.6.m.0.m.0.cv1.conv,4,10.134658813476562,10.134658813476562,2330297,2330169,10,9,False,
463,DG034,model.6.m.0.m.0.cv1.conv,2,10.146003723144531,10.146003723144531,2330169,2330041,9,8,False,
464,DG034,model.6.m.0.m.0.cv1.conv,2,10.302780151367188,10.302780151367188,2330041,2329913,8,7,False,
465,DG034,model.6.m.0.m.0.cv1.conv,4,10.435345649719238,10.435345649719238,2329913,2329785,7,6,False,
466,DG034,model.6.m.0.m.0.cv1.conv,3,10.57364559173584,10.57364559173584,2329785,2329657,6,5,False,
467,DG007,model.13.m.0.cv2.conv,2,10.78640365600586,10.78640365600586,2329657,2329527,12,11,False,
468,DG032,model.6.m.0.cv1.conv,5,10.790809631347656,10.790809631347656,2329527,2329231,7,6,False,
469,DG034,model.6.m.0.m.0.cv1.conv,0,8.97360610961914,8.97360610961914,2329231,2329121,5,4,False,
470,DG027,model.3.conv,2,10.796897888183594,10.796897888183594,2329121,2328992,17,16,False,
471,DG006,model.13.m.0.cv1.conv,3,10.799564361572266,10.799564361572266,2328992,2327904,9,8,False,
472,DG008,model.13.m.0.m.0.cv1.conv,22,9.142135620117188,9.142135620117188,2327904,2327758,24,23,False,
473,DG008,model.13.m.0.m.0.cv1.conv,13,9.46139907836914,9.46139907836914,2327758,2327612,23,22,False,
474,DG009,model.13.m.0.m.1.cv1.conv,15,9.481045722961426,9.481045722961426,2327612,2327466,29,28,False,
475,DG008,model.13.m.0.m.0.cv1.conv,10,9.648321151733398,9.648321151733398,2327466,2327320,22,21,True,True
476,DG009,model.13.m.0.m.1.cv1.conv,20,9.711223602294922,9.711223602294922,2327320,2327174,28,27,False,
477,DG009,model.13.m.0.m.1.cv1.conv,2,9.724390029907227,9.724390029907227,2327174,2327028,27,26,False,
478,DG008,model.13.m.0.m.0.cv1.conv,6,9.900075912475586,9.900075912475586,2327028,2326882,21,20,False,
479,DG008,model.13.m.0.m.0.cv1.conv,12,9.903205871582031,9.903205871582031,2326882,2326736,20,19,False,
480,DG008,model.13.m.0.m.0.cv1.conv,7,10.038223266601562,10.038223266601562,2326736,2326590,19,18,False,
481,DG008,model.13.m.0.m.0.cv1.conv,4,10.105522155761719,10.105522155761719,2326590,2326444,18,17,False,
482,DG008,model.13.m.0.m.0.cv1.conv,1,10.166358947753906,10.166358947753906,2326444,2326298,17,16,False,
483,DG008,model.13.m.0.m.0.cv1.conv,14,10.316329956054688,10.316329956054688,2326298,2326152,16,15,False,
484,DG008,model.13.m.0.m.0.cv1.conv,6,10.34242057800293,10.34242057800293,2326152,2326006,15,14,False,
485,DG009,model.13.m.0.m.1.cv1.conv,17,10.352495193481445,10.352495193481445,2326006,2325860,26,25,False,
486,DG008,model.13.m.0.m.0.cv1.conv,10,10.366939544677734,10.366939544677734,2325860,2325714,14,13,False,
487,DG008,model.13.m.0.m.0.cv1.conv,7,10.369017601013184,10.369017601013184,2325714,2325568,13,12,False,
488,DG008,model.13.m.0.m.0.cv1.conv,3,10.373443603515625,10.373443603515625,2325568,2325422,12,11,False,
489,DG009,model.13.m.0.m.1.cv1.conv,2,10.4259033203125,10.4259033203125,2325422,2325276,25,24,False,
490,DG009,model.13.m.0.m.1.cv1.conv,22,10.430641174316406,10.430641174316406,2325276,2325130,24,23,False,
491,DG008,model.13.m.0.m.0.cv1.conv,2,10.444210052490234,10.444210052490234,2325130,2324984,11,10,False,
492,DG008,model.13.m.0.m.0.cv1.conv,3,10.460800170898438,10.460800170898438,2324984,2324838,10,9,False,
493,DG009,model.13.m.0.m.1.cv1.conv,9,10.668750762939453,10.668750762939453,2324838,2324692,23,22,False,
494,DG009,model.13.m.0.m.1.cv1.conv,20,10.713639259338379,10.713639259338379,2324692,2324546,22,21,False,
495,DG009,model.13.m.0.m.1.cv1.conv,20,10.779401779174805,10.779401779174805,2324546,2324400,21,20,False,
496,DG006,model.13.m.0.cv1.conv,3,10.804366111755371,10.804366111755371,2324400,2323744,8,7,False,
497,DG008,model.13.m.0.m.0.cv1.conv,7,9.089118957519531,9.089118957519531,2323744,2323616,9,8,False,
498,DG009,model.13.m.0.m.1.cv1.conv,7,9.456302642822266,9.456302642822266,2323616,2323488,20,19,False,
499,DG009,model.13.m.0.m.1.cv1.conv,12,9.539131164550781,9.539131164550781,2323488,2323360,19,18,False,
500,DG009,model.13.m.0.m.1.cv1.conv,10,9.574580192565918,9.574580192565918,2323360,2323232,18,17,True,True
501,DG008,model.13.m.0.m.0.cv1.conv,2,9.625322341918945,9.625322341918945,2323232,2323104,8,7,False,
502,DG008,model.13.m.0.m.0.cv1.conv,4,9.62844467163086,9.62844467163086,2323104,2322976,7,6,False,
503,DG008,model.13.m.0.m.0.cv1.conv,4,9.763282775878906,9.763282775878906,2322976,2322848,6,5,False,
504,DG009,model.13.m.0.m.1.cv1.conv,5,9.860963821411133,9.860963821411133,2322848,2322720,17,16,False,
505,DG009,model.13.m.0.m.1.cv1.conv,14,9.938194274902344,9.938194274902344,2322720,2322592,16,15,False,
506,DG009,model.13.m.0.m.1.cv1.conv,9,9.946271896362305,9.946271896362305,2322592,2322464,15,14,False,
507,DG009,model.13.m.0.m.1.cv1.conv,11,10.00467300415039,10.00467300415039,2322464,2322336,14,13,False,
508,DG008,model.13.m.0.m.0.cv1.conv,2,10.070602416992188,10.070602416992188,2322336,2322208,5,4,False,
509,DG009,model.13.m.0.m.1.cv1.conv,10,10.182182312011719,10.182182312011719,2322208,2322080,13,12,False,
510,DG009,model.13.m.0.m.1.cv1.conv,0,10.224133491516113,10.224133491516113,2322080,2321952,12,11,False,
511,DG009,model.13.m.0.m.1.cv1.conv,8,10.317955017089844,10.317955017089844,2321952,2321824,11,10,False,
512,DG009,model.13.m.0.m.1.cv1.conv,3,10.328811645507812,10.328811645507812,2321824,2321696,10,9,False,
513,DG009,model.13.m.0.m.1.cv1.conv,1,10.392570495605469,10.392570495605469,2321696,2321568,9,8,False,
514,DG009,model.13.m.0.m.1.cv1.conv,2,10.458866119384766,10.458866119384766,2321568,2321440,8,7,False,
515,DG009,model.13.m.0.m.1.cv1.conv,6,10.751245498657227,10.751245498657227,2321440,2321312,7,6,False,
516,DG032,model.6.m.0.cv1.conv,3,10.815847396850586,10.815847396850586,2321312,2321034,6,5,False,
517,DG032,model.6.m.0.cv1.conv,0,10.831086158752441,10.831086158752441,2321034,2320756,5,4,False,
518,DG006,model.13.m.0.cv1.conv,3,10.841906547546387,10.841906547546387,2320756,2320442,7,6,False,
519,DG009,model.13.m.0.m.1.cv1.conv,5,9.775840759277344,9.775840759277344,2320442,2320332,6,5,False,
520,DG009,model.13.m.0.m.1.cv1.conv,4,9.890594482421875,9.890594482421875,2320332,2320222,5,4,False,
521,DG007,model.13.m.0.cv2.conv,7,10.851806640625,10.851806640625,2320222,2320092,11,10,False,
522,DG007,model.13.m.0.cv2.conv,8,10.855712890625,10.855712890625,2320092,2319962,10,9,False,
523,DG027,model.3.conv,15,10.859029769897461,10.859029769897461,2319962,2319833,16,15,False,
524,DG006,model.13.m.0.cv1.conv,0,10.86861801147461,10.86861801147461,2319833,2319555,6,5,False,
525,DG006,model.13.m.0.cv1.conv,4,10.880199432373047,10.880199432373047,2319555,2319277,5,4,True,True
526,DG007,model.13.m.0.cv2.conv,6,10.88034439086914,10.88034439086914,2319277,2319147,9,8,False,
527,DG027,model.3.conv,13,10.916837692260742,10.916837692260742,2319147,2319018,15,14,False,
528,DG007,model.13.m.0.cv2.conv,6,10.94622802734375,10.94622802734375,2319018,2318888,8,7,False,
529,DG007,model.13.m.0.cv2.conv,2,11.050857543945312,11.050857543945312,2318888,2318758,7,6,False,
530,DG007,model.13.m.0.cv2.conv,4,11.075218200683594,11.075218200683594,2318758,2318628,6,5,False,
531,DG007,model.13.m.0.cv2.conv,4,11.169876098632812,11.169876098632812,2318628,2318498,5,4,False,
532,DG027,model.3.conv,6,11.174583435058594,11.174583435058594,2318498,2318369,14,13,False,
533,DG027,model.3.conv,4,11.205038070678711,11.205038070678711,2318369,2318240,13,12,False,
534,DG027,model.3.conv,5,11.403005599975586,11.403005599975586,2318240,2318111,12,11,False,
535,DG027,model.3.conv,5,11.505128860473633,11.505128860473633,2318111,2317982,11,10,False,
536,DG027,model.3.conv,2,11.541557312011719,11.541557312011719,2317982,2317853,10,9,False,
537,DG027,model.3.conv,6,11.593901634216309,11.593901634216309,2317853,2317724,9,8,False,
538,DG027,model.3.conv,1,11.825216293334961,11.825216293334961,2317724,2317595,8,7,False,
539,DG028,model.4.cv2.conv,84,12.677614212036133,12.677614212036133,2317595,2316281,128,127,False,
540,DG028,model.4.cv2.conv,91,12.936468124389648,12.936468124389648,2316281,2314967,127,126,False,
541,DG038,model.8.m.0.cv1.conv,19,12.97555160522461,12.97555160522461,2314967,2312401,64,63,False,
542,DG028,model.4.cv2.conv,67,13.16921615600586,13.16921615600586,2312401,2311087,126,125,False,
543,DG028,model.4.cv2.conv,99,13.189695358276367,13.189695358276367,2311087,2309773,125,124,False,
544,DG028,model.4.cv2.conv,98,13.44626235961914,13.44626235961914,2309773,2308459,124,123,False,
545,DG028,model.4.cv2.conv,107,13.452106475830078,13.452106475830078,2308459,2307145,123,122,False,
546,DG028,model.4.cv2.conv,57,13.454488754272461,13.454488754272461,2307145,2305831,122,121,False,
547,DG028,model.4.cv2.conv,5,13.688152313232422,13.688152313232422,2305831,2304517,121,120,False,
548,DG038,model.8.m.0.cv1.conv,41,13.71635913848877,13.71635913848877,2304517,2301951,63,62,False,
549,DG028,model.4.cv2.conv,17,13.878435134887695,13.878435134887695,2301951,2300637,120,119,False,
550,DG028,model.4.cv2.conv,36,14.148073196411133,14.148073196411133,2300637,2299323,119,118,True,True
551,DG028,model.4.cv2.conv,37,14.238094329833984,14.238094329833984,2299323,2298009,118,117,False,
552,DG028,model.4.cv2.conv,116,14.311564445495605,14.311564445495605,2298009,2296695,117,116,False,
553,DG028,model.4.cv2.conv,14,14.392200469970703,14.392200469970703,2296695,2295381,116,115,False,
554,DG028,model.4.cv2.conv,25,14.44370174407959,14.44370174407959,2295381,2294067,115,114,False,
555,DG028,model.4.cv2.conv,59,14.45482063293457,14.45482063293457,2294067,2292753,114,113,False,
556,DG026,model.22.m.0.1.ffn.0.conv,49,14.485782623291016,14.485782623291016,2292753,2292495,256,255,False,
557,DG026,model.22.m.0.1.ffn.0.conv,205,14.502557754516602,14.502557754516602,2292495,2292237,255,254,False,
558,DG028,model.4.cv2.conv,59,14.522833824157715,14.522833824157715,2292237,2290923,113,112,False,
559,DG038,model.8.m.0.cv1.conv,58,14.536774635314941,14.536774635314941,2290923,2288357,62,61,False,
560,DG028,model.4.cv2.conv,31,14.540538787841797,14.540538787841797,2288357,2287043,112,111,False,
561,DG028,model.4.cv2.conv,8,14.547779083251953,14.547779083251953,2287043,2285729,111,110,False,
562,DG028,model.4.cv2.conv,86,14.567914962768555,14.567914962768555,2285729,2284415,110,109,False,
563,DG028,model.4.cv2.conv,89,14.622618675231934,14.622618675231934,2284415,2283101,109,108,False,
564,DG028,model.4.cv2.conv,87,14.650484085083008,14.650484085083008,2283101,2281787,108,107,False,
565,DG038,model.8.m.0.cv1.conv,30,14.660930633544922,14.660930633544922,2281787,2279221,61,60,False,
566,DG028,model.4.cv2.conv,27,14.666825294494629,14.666825294494629,2279221,2277907,107,106,False,
567,DG028,model.4.cv2.conv,41,14.682477951049805,14.682477951049805,2277907,2276593,106,105,False,
568,DG028,model.4.cv2.conv,66,14.695053100585938,14.695053100585938,2276593,2275279,105,104,False,
569,DG028,model.4.cv2.conv,100,14.697490692138672,14.697490692138672,2275279,2273965,104,103,False,
570,DG028,model.4.cv2.conv,19,14.768022537231445,14.768022537231445,2273965,2272651,103,102,False,
571,DG028,model.4.cv2.conv,91,14.781482696533203,14.781482696533203,2272651,2271337,102,101,False,
572,DG028,model.4.cv2.conv,47,14.809328079223633,14.809328079223633,2271337,2270023,101,100,False,
573,DG028,model.4.cv2.conv,76,14.829007148742676,14.829007148742676,2270023,2268709,100,99,False,
574,DG026,model.22.m.0.1.ffn.0.conv,6,14.857269287109375,14.857269287109375,2268709,2268451,254,253,False,
575,DG028,model.4.cv2.conv,82,14.893707275390625,14.893707275390625,2268451,2267137,99,98,True,True
576,DG028,model.4.cv2.conv,5,14.928863525390625,14.928863525390625,2267137,2265823,98,97,False,
577,DG028,model.4.cv2.conv,74,14.942070007324219,14.942070007324219,2265823,2264509,97,96,False,
578,DG028,model.4.cv2.conv,65,14.949337005615234,14.949337005615234,2264509,2263195,96,95,False,
579,DG028,model.4.cv2.conv,47,14.969297409057617,14.969297409057617,2263195,2261881,95,94,False,
580,DG028,model.4.cv2.conv,7,15.0264892578125,15.0264892578125,2261881,2260567,94,93,False,
581,DG028,model.4.cv2.conv,46,15.044567108154297,15.044567108154297,2260567,2259253,93,92,False,
582,DG028,model.4.cv2.conv,32,15.04527473449707,15.04527473449707,2259253,2257939,92,91,False,
583,DG028,model.4.cv2.conv,67,15.04983139038086,15.04983139038086,2257939,2256625,91,90,False,
584,DG028,model.4.cv2.conv,38,15.056924819946289,15.056924819946289,2256625,2255311,90,89,False,
585,DG028,model.4.cv2.conv,31,15.058998107910156,15.058998107910156,2255311,2253997,89,88,False,
586,DG028,model.4.cv2.conv,59,15.060733795166016,15.060733795166016,2253997,2252683,88,87,False,
587,DG028,model.4.cv2.conv,85,15.06195068359375,15.06195068359375,2252683,2251369,87,86,False,
588,DG028,model.4.cv2.conv,75,15.075767517089844,15.075767517089844,2251369,2250055,86,85,False,
589,DG028,model.4.cv2.conv,19,15.095728874206543,15.095728874206543,2250055,2248741,85,84,False,
590,DG028,model.4.cv2.conv,44,15.097393035888672,15.097393035888672,2248741,2247427,84,83,False,
591,DG028,model.4.cv2.conv,81,15.130148887634277,15.130148887634277,2247427,2246113,83,82,False,
592,DG028,model.4.cv2.conv,42,15.134222984313965,15.134222984313965,2246113,2244799,82,81,False,
593,DG028,model.4.cv2.conv,61,15.140798568725586,15.140798568725586,2244799,2243485,81,80,False,
594,DG028,model.4.cv2.conv,61,15.159046173095703,15.159046173095703,2243485,2242171,80,79,False,
595,DG028,model.4.cv2.conv,56,15.165933609008789,15.165933609008789,2242171,2240857,79,78,False,
596,DG028,model.4.cv2.conv,58,15.177620887756348,15.177620887756348,2240857,2239543,78,77,False,
597,DG028,model.4.cv2.conv,7,15.18202018737793,15.18202018737793,2239543,2238229,77,76,False,
598,DG026,model.22.m.0.1.ffn.0.conv,83,15.200584411621094,15.200584411621094,2238229,2237971,253,252,False,
599,DG028,model.4.cv2.conv,29,15.219311714172363,15.219311714172363,2237971,2236657,76,75,False,
600,DG028,model.4.cv2.conv,46,15.223237991333008,15.223237991333008,2236657,2235343,75,74,True,True
601,DG028,model.4.cv2.conv,23,15.228813171386719,15.228813171386719,2235343,2234029,74,73,False,
602,DG028,model.4.cv2.conv,41,15.232189178466797,15.232189178466797,2234029,2232715,73,72,False,
603,DG028,model.4.cv2.conv,40,15.245210647583008,15.245210647583008,2232715,2231401,72,71,False,
604,DG028,model.4.cv2.conv,5,15.266042709350586,15.266042709350586,2231401,2230087,71,70,False,
605,DG028,model.4.cv2.conv,20,15.28330135345459,15.28330135345459,2230087,2228773,70,69,False,
606,DG028,model.4.cv2.conv,22,15.289504051208496,15.289504051208496,2228773,2227459,69,68,False,
607,DG028,model.4.cv2.conv,63,15.293937683105469,15.293937683105469,2227459,2226145,68,67,False,
608,DG028,model.4.cv2.conv,46,15.368324279785156,15.368324279785156,2226145,2224831,67,66,False,
609,DG004,model.10.m.0.ffn.0.conv,1,15.386571884155273,15.386571884155273,2224831,2224573,256,255,False,
610,DG028,model.4.cv2.conv,39,15.400650024414062,15.400650024414062,2224573,2223259,66,65,False,
611,DG028,model.4.cv2.conv,8,15.410205841064453,15.410205841064453,2223259,2221945,65,64,False,
612,DG028,model.4.cv2.conv,21,15.413928985595703,15.413928985595703,2221945,2220631,64,63,False,
613,DG028,model.4.cv2.conv,21,15.429290771484375,15.429290771484375,2220631,2219317,63,62,False,
614,DG028,model.4.cv2.conv,16,15.439056396484375,15.439056396484375,2219317,2218003,62,61,False,
615,DG028,model.4.cv2.conv,16,15.442094802856445,15.442094802856445,2218003,2216689,61,60,False,
616,DG028,model.4.cv2.conv,36,15.448390007019043,15.448390007019043,2216689,2215375,60,59,False,
617,DG028,model.4.cv2.conv,25,15.449703216552734,15.449703216552734,2215375,2214061,59,58,False,
618,DG028,model.4.cv2.conv,16,15.455028533935547,15.455028533935547,2214061,2212747,58,57,False,
619,DG038,model.8.m.0.cv1.conv,24,15.472543716430664,15.472543716430664,2212747,2210181,60,59,False,
620,DG028,model.4.cv2.conv,40,15.478227615356445,15.478227615356445,2210181,2208867,57,56,False,
621,DG028,model.4.cv2.conv,37,15.500202178955078,15.500202178955078,2208867,2207553,56,55,False,
622,DG028,model.4.cv2.conv,15,15.501129150390625,15.501129150390625,2207553,2206239,55,54,False,
623,DG026,model.22.m.0.1.ffn.0.conv,242,15.510063171386719,15.510063171386719,2206239,2205981,252,251,False,
624,DG028,model.4.cv2.conv,13,15.514748573303223,15.514748573303223,2205981,2204667,54,53,False,
625,DG028,model.4.cv2.conv,18,15.543295860290527,15.543295860290527,2204667,2203353,53,52,True,True
626,DG028,model.4.cv2.conv,0,15.545734405517578,15.545734405517578,2203353,2202039,52,51,False,
627,DG028,model.4.cv2.conv,23,15.558050155639648,15.558050155639648,2202039,2200725,51,50,False,
628,DG026,model.22.m.0.1.ffn.0.conv,172,15.576898574829102,15.576898574829102,2200725,2200467,251,250,False,
629,DG028,model.4.cv2.conv,25,15.577350616455078,15.577350616455078,2200467,2199153,50,49,False,
630,DG028,model.4.cv2.conv,36,15.579841613769531,15.579841613769531,2199153,2197839,49,48,False,
631,DG028,model.4.cv2.conv,30,15.581554412841797,15.581554412841797,2197839,2196525,48,47,False,
632,DG026,model.22.m.0.1.ffn.0.conv,93,15.598718643188477,15.598718643188477,2196525,2196267,250,249,False,
633,DG028,model.4.cv2.conv,41,15.653797149658203,15.653797149658203,2196267,2194953,47,46,False,
634,DG028,model.4.cv2.conv,21,15.68229866027832,15.68229866027832,2194953,2193639,46,45,False,
635,DG028,model.4.cv2.conv,7,15.683536529541016,15.683536529541016,2193639,2192325,45,44,False,
636,DG028,model.4.cv2.conv,17,15.688514709472656,15.688514709472656,2192325,2191011,44,43,False,
637,DG028,model.4.cv2.conv,18,15.692527770996094,15.692527770996094,2191011,2189697,43,42,False,
638,DG026,model.22.m.0.1.ffn.0.conv,197,15.70057487487793,15.70057487487793,2189697,2189439,249,248,False,
639,DG028,model.4.cv2.conv,4,15.707042694091797,15.707042694091797,2189439,2188125,42,41,False,
640,DG028,model.4.cv2.conv,5,15.711315155029297,15.711315155029297,2188125,2186811,41,40,False,
641,DG028,model.4.cv2.conv,11,15.715717315673828,15.715717315673828,2186811,2185497,40,39,False,
642,DG028,model.4.cv2.conv,16,15.7225980758667,15.7225980758667,2185497,2184183,39,38,False,
643,DG028,model.4.cv2.conv,17,15.74388313293457,15.74388313293457,2184183,2182869,38,37,False,
644,DG026,model.22.m.0.1.ffn.0.conv,211,15.747467041015625,15.747467041015625,2182869,2182611,248,247,False,
645,DG028,model.4.cv2.conv,22,15.757453918457031,15.757453918457031,2182611,2181297,37,36,False,
646,DG028,model.4.cv2.conv,12,15.764335632324219,15.764335632324219,2181297,2179983,36,35,False,
647,DG028,model.4.cv2.conv,21,15.77789306640625,15.77789306640625,2179983,2178669,35,34,False,
648,DG026,model.22.m.0.1.ffn.0.conv,118,15.812724113464355,15.812724113464355,2178669,2178411,247,246,False,
649,DG028,model.4.cv2.conv,14,15.818061828613281,15.818061828613281,2178411,2177097,34,33,False,
650,DG028,model.4.cv2.conv,7,15.823234558105469,15.823234558105469,2177097,2175783,33,32,True,True
651,DG028,model.4.cv2.conv,10,15.842756271362305,15.842756271362305,2175783,2174469,32,31,False,
652,DG028,model.4.cv2.conv,16,15.869586944580078,15.869586944580078,2174469,2173155,31,30,False,
653,DG028,model.4.cv2.conv,18,15.885444641113281,15.885444641113281,2173155,2171841,30,29,False,
654,DG026,model.22.m.0.1.ffn.0.conv,242,15.910500526428223,15.910500526428223,2171841,2171583,246,245,False,
655,DG028,model.4.cv2.conv,25,15.93494987487793,15.93494987487793,2171583,2170269,29,28,False,
656,DG028,model.4.cv2.conv,8,15.937957763671875,15.937957763671875,2170269,2168955,28,27,False,
657,DG028,model.4.cv2.conv,2,15.941308975219727,15.941308975219727,2168955,2167641,27,26,False,
658,DG028,model.4.cv2.conv,1,15.95001220703125,15.95001220703125,2167641,2166327,26,25,False,
659,DG028,model.4.cv2.conv,20,15.978948593139648,15.978948593139648,2166327,2165013,25,24,False,
660,DG028,model.4.cv2.conv,7,16.009857177734375,16.009857177734375,2165013,2163699,24,23,False,
661,DG028,model.4.cv2.conv,9,16.02248191833496,16.02248191833496,2163699,2162385,23,22,False,
662,DG028,model.4.cv2.conv,10,16.033815383911133,16.033815383911133,2162385,2161071,22,21,False,
663,DG028,model.4.cv2.conv,0,16.059730529785156,16.059730529785156,2161071,2159757,21,20,False,
664,DG030,model.5.conv,107,15.476045608520508,15.476045608520508,2159757,2159447,128,127,False,
665,DG028,model.4.cv2.conv,11,16.081178665161133,16.081178665161133,2159447,2158142,20,19,False,
666,DG028,model.4.cv2.conv,5,16.094011306762695,16.094011306762695,2158142,2156837,19,18,False,
667,DG028,model.4.cv2.conv,10,16.095458984375,16.095458984375,2156837,2155532,18,17,False,
668,DG030,model.5.conv,116,15.996807098388672,15.996807098388672,2155532,2155249,127,126,False,
669,DG030,model.5.conv,125,16.08561134338379,16.08561134338379,2155249,2154966,126,125,False,
670,DG028,model.4.cv2.conv,15,16.095993041992188,16.095993041992188,2154966,2153679,17,16,False,
671,DG030,model.5.conv,22,15.227542877197266,15.227542877197266,2153679,2153405,125,124,False,
672,DG030,model.5.conv,69,15.481884002685547,15.481884002685547,2153405,2153131,124,123,False,
673,DG028,model.4.cv2.conv,2,16.099523544311523,16.099523544311523,2153131,2151862,16,15,False,
674,DG030,model.5.conv,22,14.26950740814209,14.26950740814209,2151862,2151597,123,122,False,
675,DG030,model.5.conv,38,15.786518096923828,15.786518096923828,2151597,2151332,122,121,True,True
676,DG030,model.5.conv,88,15.809715270996094,15.809715270996094,2151332,2151067,121,120,False,
677,DG030,model.5.conv,62,15.888224601745605,15.888224601745605,2151067,2150802,120,119,False,
678,DG028,model.4.cv2.conv,7,16.10497283935547,16.10497283935547,2150802,2149569,15,14,False,
679,DG030,model.5.conv,14,14.592844009399414,14.592844009399414,2149569,2149313,119,118,False,
680,DG030,model.5.conv,12,14.632999420166016,14.632999420166016,2149313,2149057,118,117,False,
681,DG030,model.5.conv,88,14.985309600830078,14.985309600830078,2149057,2148801,117,116,False,
682,DG030,model.5.conv,92,15.083734512329102,15.083734512329102,2148801,2148545,116,115,False,
683,DG030,model.5.conv,61,15.593884468078613,15.593884468078613,2148545,2148289,115,114,False,
684,DG030,model.5.conv,110,15.64959716796875,15.64959716796875,2148289,2148033,114,113,False,
685,DG030,model.5.conv,1,15.740087509155273,15.740087509155273,2148033,2147777,113,112,False,
686,DG030,model.5.conv,96,15.816726684570312,15.816726684570312,2147777,2147521,112,111,False,
687,DG030,model.5.conv,66,15.875288009643555,15.875288009643555,2147521,2147265,111,110,False,
688,DG030,model.5.conv,104,15.936891555786133,15.936891555786133,2147265,2147009,110,109,False,
689,DG030,model.5.conv,2,15.939573287963867,15.939573287963867,2147009,2146753,109,108,False,
690,DG030,model.5.conv,42,16.05472755432129,16.05472755432129,2146753,2146497,108,107,False,
691,DG030,model.5.conv,69,16.05862045288086,16.05862045288086,2146497,2146241,107,106,False,
692,DG039,model.8.m.0.cv2.conv,37,16.11456871032715,16.11456871032715,2146241,2145983,64,63,False,
693,DG028,model.4.cv2.conv,13,16.11665916442871,16.11665916442871,2145983,2144867,14,13,False,
694,DG030,model.5.conv,91,14.924586296081543,14.924586296081543,2144867,2144620,106,105,False,
695,DG030,model.5.conv,47,14.926965713500977,14.926965713500977,2144620,2144373,105,104,False,
696,DG030,model.5.conv,96,14.96435546875,14.96435546875,2144373,2144126,104,103,False,
697,DG030,model.5.conv,94,15.177445411682129,15.177445411682129,2144126,2143879,103,102,False,
698,DG030,model.5.conv,98,15.224106788635254,15.224106788635254,2143879,2143632,102,101,False,
699,DG030,model.5.conv,28,15.278961181640625,15.278961181640625,2143632,2143385,101,100,False,
700,DG030,model.5.conv,94,15.456037521362305,15.456037521362305,2143385,2143138,100,99,True,True
701,DG030,model.5.conv,78,15.468681335449219,15.468681335449219,2143138,2142891,99,98,False,
702,DG030,model.5.conv,35,15.499189376831055,15.499189376831055,2142891,2142644,98,97,False,
703,DG030,model.5.conv,46,15.508801460266113,15.508801460266113,2142644,2142397,97,96,False,
704,DG030,model.5.conv,81,15.679916381835938,15.679916381835938,2142397,2142150,96,95,False,
705,DG030,model.5.conv,49,15.742717742919922,15.742717742919922,2142150,2141903,95,94,False,
706,DG030,model.5.conv,27,15.75328254699707,15.75328254699707,2141903,2141656,94,93,False,
707,DG030,model.5.conv,84,15.766938209533691,15.766938209533691,2141656,2141409,93,92,False,
708,DG030,model.5.conv,52,15.89527702331543,15.89527702331543,2141409,2141162,92,91,False,
709,DG030,model.5.conv,17,15.964468002319336,15.964468002319336,2141162,2140915,91,90,False,
710,DG030,model.5.conv,26,15.991466522216797,15.991466522216797,2140915,2140668,90,89,False,
711,DG026,model.22.m.0.1.ffn.0.conv,48,16.139850616455078,16.139850616455078,2140668,2140410,245,244,False,
712,DG030,model.5.conv,87,16.17584991455078,16.17584991455078,2140410,2140163,89,88,False,
713,DG026,model.22.m.0.1.ffn.0.conv,56,16.19803810119629,16.19803810119629,2140163,2139905,244,243,False,
714,DG026,model.22.m.0.1.ffn.0.conv,173,16.284027099609375,16.284027099609375,2139905,2139647,243,242,False,
715,DG030,model.5.conv,27,16.318632125854492,16.318632125854492,2139647,2139400,88,87,False,
716,DG038,model.8.m.0.cv1.conv,44,16.324527740478516,16.324527740478516,2139400,2136834,59,58,False,
717,DG026,model.22.m.0.1.ffn.0.conv,230,16.32927894592285,16.32927894592285,2136834,2136576,242,241,False,
718,DG030,model.5.conv,76,16.337202072143555,16.337202072143555,2136576,2136329,87,86,False,
719,DG026,model.22.m.0.1.ffn.0.conv,56,16.344863891601562,16.344863891601562,2136329,2136071,241,240,False,
720,DG026,model.22.m.0.1.ffn.0.conv,89,16.363746643066406,16.363746643066406,2136071,2135813,240,239,False,
721,DG030,model.5.conv,78,16.38933563232422,16.38933563232422,2135813,2135566,86,85,False,
722,DG030,model.5.conv,80,16.409513473510742,16.409513473510742,2135566,2135319,85,84,False,
723,DG026,model.22.m.0.1.ffn.0.conv,73,16.419452667236328,16.419452667236328,2135319,2135061,239,238,False,
724,DG030,model.5.conv,4,16.43215560913086,16.43215560913086,2135061,2134814,84,83,False,
725,DG030,model.5.conv,45,16.460752487182617,16.460752487182617,2134814,2134567,83,82,True,True
726,DG026,model.22.m.0.1.ffn.0.conv,209,16.480045318603516,16.480045318603516,2134567,2134309,238,237,False,
727,DG026,model.22.m.0.1.ffn.0.conv,191,16.496479034423828,16.496479034423828,2134309,2134051,237,236,False,
728,DG030,model.5.conv,62,16.499988555908203,16.499988555908203,2134051,2133804,82,81,False,
729,DG030,model.5.conv,48,16.543012619018555,16.543012619018555,2133804,2133557,81,80,False,
730,DG026,model.22.m.0.1.ffn.0.conv,40,16.552160263061523,16.552160263061523,2133557,2133299,236,235,False,
731,DG026,model.22.m.0.1.ffn.0.conv,104,16.55218505859375,16.55218505859375,2133299,2133041,235,234,False,
732,DG030,model.5.conv,24,16.568185806274414,16.568185806274414,2133041,2132794,80,79,False,
733,DG038,model.8.m.0.cv1.conv,10,16.57312774658203,16.57312774658203,2132794,2130228,58,57,False,
734,DG026,model.22.m.0.1.ffn.0.conv,121,16.657333374023438,16.657333374023438,2130228,2129970,234,233,False,
735,DG026,model.22.m.0.1.ffn.0.conv,106,16.665184020996094,16.665184020996094,2129970,2129712,233,232,False,
736,DG026,model.22.m.0.1.ffn.0.conv,106,16.665672302246094,16.665672302246094,2129712,2129454,232,231,False,
737,DG030,model.5.conv,76,16.71402931213379,16.71402931213379,2129454,2129207,79,78,False,
738,DG030,model.5.conv,30,16.716196060180664,16.716196060180664,2129207,2128960,78,77,False,
739,DG026,model.22.m.0.1.ffn.0.conv,230,16.718692779541016,16.718692779541016,2128960,2128702,231,230,False,
740,DG030,model.5.conv,28,16.743696212768555,16.743696212768555,2128702,2128455,77,76,False,
741,DG026,model.22.m.0.1.ffn.0.conv,122,16.759456634521484,16.759456634521484,2128455,2128197,230,229,False,
742,DG030,model.5.conv,73,16.76502227783203,16.76502227783203,2128197,2127950,76,75,False,
743,DG026,model.22.m.0.1.ffn.0.conv,99,16.766878128051758,16.766878128051758,2127950,2127692,229,228,False,
744,DG030,model.5.conv,28,16.788410186767578,16.788410186767578,2127692,2127445,75,74,False,
745,DG030,model.5.conv,15,16.82756233215332,16.82756233215332,2127445,2127198,74,73,False,
746,DG026,model.22.m.0.1.ffn.0.conv,153,16.829177856445312,16.829177856445312,2127198,2126940,228,227,False,
747,DG026,model.22.m.0.1.ffn.0.conv,2,16.83509635925293,16.83509635925293,2126940,2126682,227,226,False,
748,DG026,model.22.m.0.1.ffn.0.conv,168,16.850690841674805,16.850690841674805,2126682,2126424,226,225,False,
749,DG030,model.5.conv,43,16.857707977294922,16.857707977294922,2126424,2126177,73,72,False,
750,DG026,model.22.m.0.1.ffn.0.conv,194,16.8665771484375,16.8665771484375,2126177,2125919,225,224,True,True
751,DG030,model.5.conv,28,16.868955612182617,16.868955612182617,2125919,2125672,72,71,False,
752,DG026,model.22.m.0.1.ffn.0.conv,22,16.880081176757812,16.880081176757812,2125672,2125414,224,223,False,
753,DG030,model.5.conv,2,16.89667510986328,16.89667510986328,2125414,2125167,71,70,False,
754,DG030,model.5.conv,38,16.91238021850586,16.91238021850586,2125167,2124920,70,69,False,
755,DG030,model.5.conv,14,16.916868209838867,16.916868209838867,2124920,2124673,69,68,False,
756,DG030,model.5.conv,60,16.98332977294922,16.98332977294922,2124673,2124426,68,67,False,
757,DG026,model.22.m.0.1.ffn.0.conv,207,17.005596160888672,17.005596160888672,2124426,2124168,223,222,False,
758,DG026,model.22.m.0.1.ffn.0.conv,9,17.076786041259766,17.076786041259766,2124168,2123910,222,221,False,
759,DG030,model.5.conv,66,17.083271026611328,17.083271026611328,2123910,2123663,67,66,False,
760,DG026,model.22.m.0.1.ffn.0.conv,40,17.126251220703125,17.126251220703125,2123663,2123405,221,220,False,
761,DG026,model.22.m.0.1.ffn.0.conv,170,17.14348793029785,17.14348793029785,2123405,2123147,220,219,False,
762,DG026,model.22.m.0.1.ffn.0.conv,9,17.203214645385742,17.203214645385742,2123147,2122889,219,218,False,
763,DG030,model.5.conv,5,17.20992660522461,17.20992660522461,2122889,2122642,66,65,False,
764,DG026,model.22.m.0.1.ffn.0.conv,142,17.213584899902344,17.213584899902344,2122642,2122384,218,217,False,
765,DG022,model.2.m.0.cv1.conv,7,17.242328643798828,17.242328643798828,2122384,2122094,8,7,False,
766,DG038,model.8.m.0.cv1.conv,5,17.273117065429688,17.273117065429688,2122094,2119528,57,56,False,
767,DG030,model.5.conv,19,17.2806453704834,17.2806453704834,2119528,2119281,65,64,False,
768,DG030,model.5.conv,36,17.324970245361328,17.324970245361328,2119281,2119034,64,63,False,
769,DG026,model.22.m.0.1.ffn.0.conv,134,17.350658416748047,17.350658416748047,2119034,2118776,217,216,False,
770,DG026,model.22.m.0.1.ffn.0.conv,144,17.352691650390625,17.352691650390625,2118776,2118518,216,215,False,
771,DG022,model.2.m.0.cv1.conv,5,17.357023239135742,17.357023239135742,2118518,2118228,7,6,False,
772,DG030,model.5.conv,22,17.36682891845703,17.36682891845703,2118228,2117981,63,62,False,
773,DG026,model.22.m.0.1.ffn.0.conv,90,17.375701904296875,17.375701904296875,2117981,2117723,215,214,False,
774,DG026,model.22.m.0.1.ffn.0.conv,206,17.379989624023438,17.379989624023438,2117723,2117465,214,213,False,
775,DG026,model.22.m.0.1.ffn.0.conv,210,17.38616943359375,17.38616943359375,2117465,2117207,213,212,True,True
776,DG030,model.5.conv,47,17.397171020507812,17.397171020507812,2117207,2116960,62,61,False,
777,DG030,model.5.conv,55,17.404369354248047,17.404369354248047,2116960,2116713,61,60,False,
778,DG026,model.22.m.0.1.ffn.0.conv,102,17.408361434936523,17.408361434936523,2116713,2116455,212,211,False,
779,DG026,model.22.m.0.1.ffn.0.conv,20,17.427431106567383,17.427431106567383,2116455,2116197,211,210,False,
780,DG030,model.5.conv,18,17.432388305664062,17.432388305664062,2116197,2115950,60,59,False,
781,DG030,model.5.conv,37,17.447616577148438,17.447616577148438,2115950,2115703,59,58,False,
782,DG030,model.5.conv,10,17.47886085510254,17.47886085510254,2115703,2115456,58,57,False,
783,DG030,model.5.conv,55,17.513763427734375,17.513763427734375,2115456,2115209,57,56,False,
784,DG030,model.5.conv,36,17.53616714477539,17.53616714477539,2115209,2114962,56,55,False,
785,DG026,model.22.m.0.1.ffn.0.conv,45,17.55276870727539,17.55276870727539,2114962,2114704,210,209,False,
786,DG030,model.5.conv,41,17.576509475708008,17.576509475708008,2114704,2114457,55,54,False,
787,DG030,model.5.conv,24,17.592315673828125,17.592315673828125,2114457,2114210,54,53,False,
788,DG026,model.22.m.0.1.ffn.0.conv,61,17.59403419494629,17.59403419494629,2114210,2113952,209,208,False,
789,DG022,model.2.m.0.cv1.conv,4,17.59486961364746,17.59486961364746,2113952,2113662,6,5,False,
790,DG026,model.22.m.0.1.ffn.0.conv,3,17.611719131469727,17.611719131469727,2113662,2113404,208,207,False,
791,DG026,model.22.m.0.1.ffn.0.conv,18,17.6143741607666,17.6143741607666,2113404,2113146,207,206,False,
792,DG038,model.8.m.0.cv1.conv,3,17.61948585510254,17.61948585510254,2113146,2110580,56,55,False,
793,DG026,model.22.m.0.1.ffn.0.conv,128,17.630327224731445,17.630327224731445,2110580,2110322,206,205,False,
794,DG030,model.5.conv,4,17.630632400512695,17.630632400512695,2110322,2110075,53,52,False,
795,DG026,model.22.m.0.1.ffn.0.conv,116,17.657684326171875,17.657684326171875,2110075,2109817,205,204,False,
796,DG026,model.22.m.0.1.ffn.0.conv,143,17.690345764160156,17.690345764160156,2109817,2109559,204,203,False,
797,DG026,model.22.m.0.1.ffn.0.conv,113,17.705730438232422,17.705730438232422,2109559,2109301,203,202,False,
798,DG026,model.22.m.0.1.ffn.0.conv,83,17.722000122070312,17.722000122070312,2109301,2109043,202,201,False,
799,DG026,model.22.m.0.1.ffn.0.conv,41,17.722410202026367,17.722410202026367,2109043,2108785,201,200,False,
800,DG026,model.22.m.0.1.ffn.0.conv,3,17.765689849853516,17.765689849853516,2108785,2108527,200,199,True,True
801,DG026,model.22.m.0.1.ffn.0.conv,87,17.78117561340332,17.78117561340332,2108527,2108269,199,198,False,
802,DG026,model.22.m.0.1.ffn.0.conv,43,17.800830841064453,17.800830841064453,2108269,2108011,198,197,False,
803,DG026,model.22.m.0.1.ffn.0.conv,133,17.818893432617188,17.818893432617188,2108011,2107753,197,196,False,
804,DG030,model.5.conv,31,17.83247947692871,17.83247947692871,2107753,2107506,52,51,False,
805,DG026,model.22.m.0.1.ffn.0.conv,189,17.83386993408203,17.83386993408203,2107506,2107248,196,195,False,
806,DG026,model.22.m.0.1.ffn.0.conv,109,17.864229202270508,17.864229202270508,2107248,2106990,195,194,False,
807,DG026,model.22.m.0.1.ffn.0.conv,145,17.878564834594727,17.878564834594727,2106990,2106732,194,193,False,
808,DG026,model.22.m.0.1.ffn.0.conv,159,17.891204833984375,17.891204833984375,2106732,2106474,193,192,False,
809,DG026,model.22.m.0.1.ffn.0.conv,74,17.897769927978516,17.897769927978516,2106474,2106216,192,191,False,
810,DG026,model.22.m.0.1.ffn.0.conv,38,17.908889770507812,17.908889770507812,2106216,2105958,191,190,False,
811,DG030,model.5.conv,20,17.90961456298828,17.90961456298828,2105958,2105711,51,50,False,
812,DG026,model.22.m.0.1.ffn.0.conv,156,17.941890716552734,17.941890716552734,2105711,2105453,190,189,False,
813,DG026,model.22.m.0.1.ffn.0.conv,125,17.95580291748047,17.95580291748047,2105453,2105195,189,188,False,
814,DG030,model.5.conv,0,17.971158981323242,17.971158981323242,2105195,2104948,50,49,False,
815,DG022,model.2.m.0.cv1.conv,1,17.98080825805664,17.98080825805664,2104948,2104658,5,4,False,
816,DG026,model.22.m.0.1.ffn.0.conv,167,17.984886169433594,17.984886169433594,2104658,2104400,188,187,False,
817,DG026,model.22.m.0.1.ffn.0.conv,82,17.989028930664062,17.989028930664062,2104400,2104142,187,186,False,
818,DG030,model.5.conv,1,17.997562408447266,17.997562408447266,2104142,2103895,49,48,False,
819,DG026,model.22.m.0.1.ffn.0.conv,117,18.001052856445312,18.001052856445312,2103895,2103637,186,185,False,
820,DG030,model.5.conv,7,18.007915496826172,18.007915496826172,2103637,2103390,48,47,False,
821,DG030,model.5.conv,12,18.045520782470703,18.045520782470703,2103390,2103143,47,46,False,
822,DG026,model.22.m.0.1.ffn.0.conv,184,18.049165725708008,18.049165725708008,2103143,2102885,185,184,False,
823,DG030,model.5.conv,18,18.10580825805664,18.10580825805664,2102885,2102638,46,45,False,
824,DG026,model.22.m.0.1.ffn.0.conv,145,18.113367080688477,18.113367080688477,2102638,2102380,184,183,False,
825,DG026,model.22.m.0.1.ffn.0.conv,1,18.125869750976562,18.125869750976562,2102380,2102122,183,182,True,True
826,DG004,model.10.m.0.ffn.0.conv,113,18.12795066833496,18.12795066833496,2102122,2101864,255,254,False,
827,DG026,model.22.m.0.1.ffn.0.conv,153,18.135028839111328,18.135028839111328,2101864,2101606,182,181,False,
828,DG026,model.22.m.0.1.ffn.0.conv,3,18.144651412963867,18.144651412963867,2101606,2101348,181,180,False,
829,DG026,model.22.m.0.1.ffn.0.conv,10,18.194255828857422,18.194255828857422,2101348,2101090,180,179,False,
830,DG026,model.22.m.0.1.ffn.0.conv,24,18.205991744995117,18.205991744995117,2101090,2100832,179,178,False,
831,DG026,model.22.m.0.1.ffn.0.conv,44,18.218812942504883,18.218812942504883,2100832,2100574,178,177,False,
832,DG030,model.5.conv,22,18.221342086791992,18.221342086791992,2100574,2100327,45,44,False,
833,DG030,model.5.conv,7,18.232105255126953,18.232105255126953,2100327,2100080,44,43,False,
834,DG026,model.22.m.0.1.ffn.0.conv,162,18.234224319458008,18.234224319458008,2100080,2099822,177,176,False,
835,DG030,model.5.conv,8,18.24201011657715,18.24201011657715,2099822,2099575,43,42,False,
836,DG026,model.22.m.0.1.ffn.0.conv,98,18.247501373291016,18.247501373291016,2099575,2099317,176,175,False,
837,DG026,model.22.m.0.1.ffn.0.conv,14,18.249509811401367,18.249509811401367,2099317,2099059,175,174,False,
838,DG030,model.5.conv,37,18.251924514770508,18.251924514770508,2099059,2098812,42,41,False,
839,DG026,model.22.m.0.1.ffn.0.conv,60,18.266725540161133,18.266725540161133,2098812,2098554,174,173,False,
840,DG026,model.22.m.0.1.ffn.0.conv,71,18.271713256835938,18.271713256835938,2098554,2098296,173,172,False,
841,DG030,model.5.conv,35,18.273231506347656,18.273231506347656,2098296,2098049,41,40,False,
842,DG038,model.8.m.0.cv1.conv,39,18.27342987060547,18.27342987060547,2098049,2095483,55,54,False,
843,DG026,model.22.m.0.1.ffn.0.conv,133,18.29096221923828,18.29096221923828,2095483,2095225,172,171,False,
844,DG004,model.10.m.0.ffn.0.conv,228,18.295183181762695,18.295183181762695,2095225,2094967,254,253,False,
845,DG026,model.22.m.0.1.ffn.0.conv,20,18.333202362060547,18.333202362060547,2094967,2094709,171,170,False,
846,DG030,model.5.conv,7,18.341670989990234,18.341670989990234,2094709,2094462,40,39,False,
847,DG026,model.22.m.0.1.ffn.0.conv,40,18.343965530395508,18.343965530395508,2094462,2094204,170,169,False,
848,DG030,model.5.conv,31,18.36924171447754,18.36924171447754,2094204,2093957,39,38,False,
849,DG026,model.22.m.0.1.ffn.0.conv,93,18.38082504272461,18.38082504272461,2093957,2093699,169,168,False,
850,DG026,model.22.m.0.1.ffn.0.conv,160,18.38723373413086,18.38723373413086,2093699,2093441,168,167,True,True
851,DG026,model.22.m.0.1.ffn.0.conv,157,18.389917373657227,18.389917373657227,2093441,2093183,167,166,False,
852,DG026,model.22.m.0.1.ffn.0.conv,145,18.395370483398438,18.395370483398438,2093183,2092925,166,165,False,
853,DG026,model.22.m.0.1.ffn.0.conv,56,18.444398880004883,18.444398880004883,2092925,2092667,165,164,False,
854,DG004,model.10.m.0.ffn.0.conv,234,18.444461822509766,18.444461822509766,2092667,2092409,253,252,False,
855,DG026,model.22.m.0.1.ffn.0.conv,97,18.45156478881836,18.45156478881836,2092409,2092151,164,163,False,
856,DG026,model.22.m.0.1.ffn.0.conv,63,18.46445083618164,18.46445083618164,2092151,2091893,163,162,False,
857,DG026,model.22.m.0.1.ffn.0.conv,31,18.465883255004883,18.465883255004883,2091893,2091635,162,161,False,
858,DG030,model.5.conv,8,18.477924346923828,18.477924346923828,2091635,2091388,38,37,False,
859,DG039,model.8.m.0.cv2.conv,36,18.499774932861328,18.499774932861328,2091388,2091130,63,62,False,
860,DG030,model.5.conv,4,18.528257369995117,18.528257369995117,2091130,2090883,37,36,False,
861,DG004,model.10.m.0.ffn.0.conv,34,18.54666519165039,18.54666519165039,2090883,2090625,252,251,False,
862,DG026,model.22.m.0.1.ffn.0.conv,30,18.56781005859375,18.56781005859375,2090625,2090367,161,160,False,
863,DG026,model.22.m.0.1.ffn.0.conv,89,18.575654983520508,18.575654983520508,2090367,2090109,160,159,False,
864,DG026,model.22.m.0.1.ffn.0.conv,0,18.60873031616211,18.60873031616211,2090109,2089851,159,158,False,
865,DG026,model.22.m.0.1.ffn.0.conv,133,18.619121551513672,18.619121551513672,2089851,2089593,158,157,False,
866,DG026,model.22.m.0.1.ffn.0.conv,82,18.619918823242188,18.619918823242188,2089593,2089335,157,156,False,
867,DG004,model.10.m.0.ffn.0.conv,97,18.6204776763916,18.6204776763916,2089335,2089077,251,250,False,
868,DG030,model.5.conv,34,18.621496200561523,18.621496200561523,2089077,2088830,36,35,False,
869,DG026,model.22.m.0.1.ffn.0.conv,70,18.65624237060547,18.65624237060547,2088830,2088572,156,155,False,
870,DG026,model.22.m.0.1.ffn.0.conv,73,18.659574508666992,18.659574508666992,2088572,2088314,155,154,False,
871,DG026,model.22.m.0.1.ffn.0.conv,70,18.693387985229492,18.693387985229492,2088314,2088056,154,153,False,
872,DG026,model.22.m.0.1.ffn.0.conv,50,18.698448181152344,18.698448181152344,2088056,2087798,153,152,False,
873,DG026,model.22.m.0.1.ffn.0.conv,73,18.715656280517578,18.715656280517578,2087798,2087540,152,151,False,
874,DG026,model.22.m.0.1.ffn.0.conv,47,18.722394943237305,18.722394943237305,2087540,2087282,151,150,False,
875,DG004,model.10.m.0.ffn.0.conv,148,18.725879669189453,18.725879669189453,2087282,2087024,250,249,True,True
876,DG004,model.10.m.0.ffn.0.conv,0,18.732683181762695,18.732683181762695,2087024,2086766,249,248,False,
877,DG026,model.22.m.0.1.ffn.0.conv,61,18.73935317993164,18.73935317993164,2086766,2086508,150,149,False,
878,DG026,model.22.m.0.1.ffn.0.conv,102,18.748382568359375,18.748382568359375,2086508,2086250,149,148,False,
879,DG030,model.5.conv,6,18.749141693115234,18.749141693115234,2086250,2086003,35,34,False,
880,DG026,model.22.m.0.1.ffn.0.conv,57,18.756866455078125,18.756866455078125,2086003,2085745,148,147,False,
881,DG038,model.8.m.0.cv1.conv,17,18.76301383972168,18.76301383972168,2085745,2083179,54,53,False,
882,DG026,model.22.m.0.1.ffn.0.conv,96,18.76656723022461,18.76656723022461,2083179,2082921,147,146,False,
883,DG030,model.5.conv,29,18.767208099365234,18.767208099365234,2082921,2082674,34,33,False,
884,DG004,model.10.m.0.ffn.0.conv,204,18.770618438720703,18.770618438720703,2082674,2082416,248,247,False,
885,DG030,model.5.conv,28,18.773540496826172,18.773540496826172,2082416,2082169,33,32,False,
886,DG026,model.22.m.0.1.ffn.0.conv,110,18.792924880981445,18.792924880981445,2082169,2081911,146,145,False,
887,DG026,model.22.m.0.1.ffn.0.conv,67,18.793075561523438,18.793075561523438,2081911,2081653,145,144,False,
888,DG004,model.10.m.0.ffn.0.conv,196,18.795799255371094,18.795799255371094,2081653,2081395,247,246,False,
889,DG030,model.5.conv,28,18.803241729736328,18.803241729736328,2081395,2081148,32,31,False,
890,DG026,model.22.m.0.1.ffn.0.conv,27,18.805030822753906,18.805030822753906,2081148,2080890,144,143,False,
891,DG004,model.10.m.0.ffn.0.conv,88,18.828107833862305,18.828107833862305,2080890,2080632,246,245,False,
892,DG026,model.22.m.0.1.ffn.0.conv,119,18.845623016357422,18.845623016357422,2080632,2080374,143,142,False,
893,DG030,model.5.conv,18,18.853612899780273,18.853612899780273,2080374,2080127,31,30,False,
894,DG004,model.10.m.0.ffn.0.conv,76,18.86422348022461,18.86422348022461,2080127,2079869,245,244,False,
895,DG026,model.22.m.0.1.ffn.0.conv,139,18.865198135375977,18.865198135375977,2079869,2079611,142,141,False,
896,DG026,model.22.m.0.1.ffn.0.conv,92,18.86771011352539,18.86771011352539,2079611,2079353,141,140,False,
897,DG026,model.22.m.0.1.ffn.0.conv,96,18.876142501831055,18.876142501831055,2079353,2079095,140,139,False,
898,DG026,model.22.m.0.1.ffn.0.conv,58,18.904010772705078,18.904010772705078,2079095,2078837,139,138,False,
899,DG026,model.22.m.0.1.ffn.0.conv,102,18.905319213867188,18.905319213867188,2078837,2078579,138,137,False,
900,DG030,model.5.conv,18,18.913694381713867,18.913694381713867,2078579,2078332,30,29,True,True
901,DG026,model.22.m.0.1.ffn.0.conv,119,18.91752052307129,18.91752052307129,2078332,2078074,137,136,False,
902,DG026,model.22.m.0.1.ffn.0.conv,87,18.94281768798828,18.94281768798828,2078074,2077816,136,135,False,
903,DG038,model.8.m.0.cv1.conv,33,18.946557998657227,18.946557998657227,2077816,2075250,53,52,False,
904,DG026,model.22.m.0.1.ffn.0.conv,87,18.94814109802246,18.94814109802246,2075250,2074992,135,134,False,
905,DG026,model.22.m.0.1.ffn.0.conv,10,18.950044631958008,18.950044631958008,2074992,2074734,134,133,False,
906,DG004,model.10.m.0.ffn.0.conv,220,18.950218200683594,18.950218200683594,2074734,2074476,244,243,False,
907,DG026,model.22.m.0.1.ffn.0.conv,102,18.951324462890625,18.951324462890625,2074476,2074218,133,132,False,
908,DG004,model.10.m.0.ffn.0.conv,131,18.954683303833008,18.954683303833008,2074218,2073960,243,242,False,
909,DG026,model.22.m.0.1.ffn.0.conv,27,18.958118438720703,18.958118438720703,2073960,2073702,132,131,False,
910,DG004,model.10.m.0.ffn.0.conv,20,18.970447540283203,18.970447540283203,2073702,2073444,242,241,False,
911,DG026,model.22.m.0.1.ffn.0.conv,67,18.996362686157227,18.996362686157227,2073444,2073186,131,130,False,
912,DG004,model.10.m.0.ffn.0.conv,53,19.007740020751953,19.007740020751953,2073186,2072928,241,240,False,
913,DG026,model.22.m.0.1.ffn.0.conv,74,19.008285522460938,19.008285522460938,2072928,2072670,130,129,False,
914,DG026,model.22.m.0.1.ffn.0.conv,89,19.008319854736328,19.008319854736328,2072670,2072412,129,128,False,
915,DG038,model.8.m.0.cv1.conv,37,19.009050369262695,19.009050369262695,2072412,2069846,52,51,False,
916,DG026,model.22.m.0.1.ffn.0.conv,2,19.012939453125,19.012939453125,2069846,2069588,128,127,False,
917,DG026,model.22.m.0.1.ffn.0.conv,115,19.019817352294922,19.019817352294922,2069588,2069330,127,126,False,
918,DG026,model.22.m.0.1.ffn.0.conv,13,19.03340721130371,19.03340721130371,2069330,2069072,126,125,False,
919,DG026,model.22.m.0.1.ffn.0.conv,26,19.039016723632812,19.039016723632812,2069072,2068814,125,124,False,
920,DG004,model.10.m.0.ffn.0.conv,27,19.043333053588867,19.043333053588867,2068814,2068556,240,239,False,
921,DG039,model.8.m.0.cv2.conv,25,19.05757713317871,19.05757713317871,2068556,2068298,62,61,False,
922,DG026,model.22.m.0.1.ffn.0.conv,72,19.068443298339844,19.068443298339844,2068298,2068040,124,123,False,
923,DG004,model.10.m.0.ffn.0.conv,172,19.078060150146484,19.078060150146484,2068040,2067782,239,238,False,
924,DG026,model.22.m.0.1.ffn.0.conv,66,19.080886840820312,19.080886840820312,2067782,2067524,123,122,False,
925,DG030,model.5.conv,20,19.081825256347656,19.081825256347656,2067524,2067277,29,28,True,True
926,DG039,model.8.m.0.cv2.conv,46,19.084442138671875,19.084442138671875,2067277,2067019,61,60,False,
927,DG026,model.22.m.0.1.ffn.0.conv,112,19.100778579711914,19.100778579711914,2067019,2066761,122,121,False,
928,DG026,model.22.m.0.1.ffn.0.conv,99,19.14092254638672,19.14092254638672,2066761,2066503,121,120,False,
929,DG026,model.22.m.0.1.ffn.0.conv,43,19.144058227539062,19.144058227539062,2066503,2066245,120,119,False,
930,DG004,model.10.m.0.ffn.0.conv,66,19.145109176635742,19.145109176635742,2066245,2065987,238,237,False,
931,DG004,model.10.m.0.ffn.0.conv,153,19.161754608154297,19.161754608154297,2065987,2065729,237,236,False,
932,DG026,model.22.m.0.1.ffn.0.conv,25,19.16292953491211,19.16292953491211,2065729,2065471,119,118,False,
933,DG026,model.22.m.0.1.ffn.0.conv,54,19.16949462890625,19.16949462890625,2065471,2065213,118,117,False,
934,DG026,model.22.m.0.1.ffn.0.conv,112,19.175312042236328,19.175312042236328,2065213,2064955,117,116,False,
935,DG039,model.8.m.0.cv2.conv,39,19.17682647705078,19.17682647705078,2064955,2064697,60,59,False,
936,DG004,model.10.m.0.ffn.0.conv,148,19.19379425048828,19.19379425048828,2064697,2064439,236,235,False,
937,DG026,model.22.m.0.1.ffn.0.conv,44,19.199371337890625,19.199371337890625,2064439,2064181,116,115,False,
938,DG030,model.5.conv,27,19.2224063873291,19.2224063873291,2064181,2063934,28,27,False,
939,DG026,model.22.m.0.1.ffn.0.conv,101,19.22629737854004,19.22629737854004,2063934,2063676,115,114,False,
940,DG026,model.22.m.0.1.ffn.0.conv,15,19.227516174316406,19.227516174316406,2063676,2063418,114,113,False,
941,DG026,model.22.m.0.1.ffn.0.conv,28,19.24346351623535,19.24346351623535,2063418,2063160,113,112,False,
942,DG038,model.8.m.0.cv1.conv,47,19.246286392211914,19.246286392211914,2063160,2060594,51,50,False,
943,DG004,model.10.m.0.ffn.0.conv,177,19.249900817871094,19.249900817871094,2060594,2060336,235,234,False,
944,DG004,model.10.m.0.ffn.0.conv,215,19.250202178955078,19.250202178955078,2060336,2060078,234,233,False,
945,DG004,model.10.m.0.ffn.0.conv,132,19.25116539001465,19.25116539001465,2060078,2059820,233,232,False,
946,DG004,model.10.m.0.ffn.0.conv,224,19.253639221191406,19.253639221191406,2059820,2059562,232,231,False,
947,DG039,model.8.m.0.cv2.conv,41,19.254119873046875,19.254119873046875,2059562,2059304,59,58,False,
948,DG026,model.22.m.0.1.ffn.0.conv,4,19.26403045654297,19.26403045654297,2059304,2059046,112,111,False,
949,DG026,model.22.m.0.1.ffn.0.conv,77,19.26987075805664,19.26987075805664,2059046,2058788,111,110,False,
950,DG004,model.10.m.0.ffn.0.conv,106,19.293441772460938,19.293441772460938,2058788,2058530,231,230,True,True
951,DG026,model.22.m.0.1.ffn.0.conv,67,19.294124603271484,19.294124603271484,2058530,2058272,110,109,False,
952,DG026,model.22.m.0.1.ffn.0.conv,9,19.314529418945312,19.314529418945312,2058272,2058014,109,108,False,
953,DG026,model.22.m.0.1.ffn.0.conv,23,19.316905975341797,19.316905975341797,2058014,2057756,108,107,False,
954,DG026,model.22.m.0.1.ffn.0.conv,50,19.32082176208496,19.32082176208496,2057756,2057498,107,106,False,
955,DG026,model.22.m.0.1.ffn.0.conv,52,19.322126388549805,19.322126388549805,2057498,2057240,106,105,False,
956,DG026,model.22.m.0.1.ffn.0.conv,27,19.328447341918945,19.328447341918945,2057240,2056982,105,104,False,
957,DG039,model.8.m.0.cv2.conv,45,19.331541061401367,19.331541061401367,2056982,2056724,58,57,False,
958,DG030,model.5.conv,21,19.333051681518555,19.333051681518555,2056724,2056477,27,26,False,
959,DG026,model.22.m.0.1.ffn.0.conv,78,19.33346176147461,19.33346176147461,2056477,2056219,104,103,False,
960,DG004,model.10.m.0.ffn.0.conv,194,19.33518409729004,19.33518409729004,2056219,2055961,230,229,False,
961,DG004,model.10.m.0.ffn.0.conv,7,19.33617401123047,19.33617401123047,2055961,2055703,229,228,False,
962,DG026,model.22.m.0.1.ffn.0.conv,28,19.340003967285156,19.340003967285156,2055703,2055445,103,102,False,
963,DG026,model.22.m.0.1.ffn.0.conv,14,19.340545654296875,19.340545654296875,2055445,2055187,102,101,False,
964,DG026,model.22.m.0.1.ffn.0.conv,47,19.353397369384766,19.353397369384766,2055187,2054929,101,100,False,
965,DG004,model.10.m.0.ffn.0.conv,147,19.360809326171875,19.360809326171875,2054929,2054671,228,227,False,
966,DG026,model.22.m.0.1.ffn.0.conv,63,19.369884490966797,19.369884490966797,2054671,2054413,100,99,False,
967,DG030,model.5.conv,20,19.373565673828125,19.373565673828125,2054413,2054166,26,25,False,
968,DG026,model.22.m.0.1.ffn.0.conv,95,19.376127243041992,19.376127243041992,2054166,2053908,99,98,False,
969,DG004,model.10.m.0.ffn.0.conv,85,19.378366470336914,19.378366470336914,2053908,2053650,227,226,False,
970,DG026,model.22.m.0.1.ffn.0.conv,71,19.379119873046875,19.379119873046875,2053650,2053392,98,97,False,
971,DG004,model.10.m.0.ffn.0.conv,112,19.393341064453125,19.393341064453125,2053392,2053134,226,225,False,
972,DG026,model.22.m.0.1.ffn.0.conv,94,19.399126052856445,19.399126052856445,2053134,2052876,97,96,False,
973,DG004,model.10.m.0.ffn.0.conv,107,19.40326690673828,19.40326690673828,2052876,2052618,225,224,False,
974,DG039,model.8.m.0.cv2.conv,37,19.40625762939453,19.40625762939453,2052618,2052360,57,56,False,
975,DG004,model.10.m.0.ffn.0.conv,3,19.40841293334961,19.40841293334961,2052360,2052102,224,223,True,True
976,DG026,model.22.m.0.1.ffn.0.conv,45,19.409215927124023,19.409215927124023,2052102,2051844,96,95,False,
977,DG004,model.10.m.0.ffn.0.conv,49,19.411251068115234,19.411251068115234,2051844,2051586,223,222,False,
978,DG004,model.10.m.0.ffn.0.conv,14,19.417495727539062,19.417495727539062,2051586,2051328,222,221,False,
979,DG039,model.8.m.0.cv2.conv,17,19.417926788330078,19.417926788330078,2051328,2051070,56,55,False,
980,DG004,model.10.m.0.ffn.0.conv,122,19.418140411376953,19.418140411376953,2051070,2050812,221,220,False,
981,DG038,model.8.m.0.cv1.conv,20,19.426639556884766,19.426639556884766,2050812,2048246,50,49,False,
982,DG004,model.10.m.0.ffn.0.conv,184,19.428266525268555,19.428266525268555,2048246,2047988,220,219,False,
983,DG004,model.10.m.0.ffn.0.conv,156,19.43077850341797,19.43077850341797,2047988,2047730,219,218,False,
984,DG004,model.10.m.0.ffn.0.conv,100,19.43248748779297,19.43248748779297,2047730,2047472,218,217,False,
985,DG039,model.8.m.0.cv2.conv,46,19.435251235961914,19.435251235961914,2047472,2047214,55,54,False,
986,DG026,model.22.m.0.1.ffn.0.conv,58,19.43553924560547,19.43553924560547,2047214,2046956,95,94,False,
987,DG039,model.8.m.0.cv2.conv,42,19.440637588500977,19.440637588500977,2046956,2046698,54,53,False,
988,DG026,model.22.m.0.1.ffn.0.conv,56,19.44176483154297,19.44176483154297,2046698,2046440,94,93,False,
989,DG026,model.22.m.0.1.ffn.0.conv,17,19.442054748535156,19.442054748535156,2046440,2046182,93,92,False,
990,DG004,model.10.m.0.ffn.0.conv,214,19.4455623626709,19.4455623626709,2046182,2045924,217,216,False,
991,DG039,model.8.m.0.cv2.conv,51,19.446651458740234,19.446651458740234,2045924,2045666,53,52,False,
992,DG026,model.22.m.0.1.ffn.0.conv,30,19.446903228759766,19.446903228759766,2045666,2045408,92,91,False,
993,DG038,model.8.m.0.cv1.conv,38,19.448894500732422,19.448894500732422,2045408,2042842,49,48,False,
994,DG039,model.8.m.0.cv2.conv,46,19.44901466369629,19.44901466369629,2042842,2042584,52,51,False,
995,DG004,model.10.m.0.ffn.0.conv,185,19.454483032226562,19.454483032226562,2042584,2042326,216,215,False,
996,DG004,model.10.m.0.ffn.0.conv,139,19.454626083374023,19.454626083374023,2042326,2042068,215,214,False,
997,DG038,model.8.m.0.cv1.conv,16,19.458364486694336,19.458364486694336,2042068,2039502,48,47,False,
998,DG004,model.10.m.0.ffn.0.conv,169,19.459428787231445,19.459428787231445,2039502,2039244,214,213,False,
999,DG004,model.10.m.0.ffn.0.conv,0,19.46091651916504,19.46091651916504,2039244,2038986,213,212,False,
1000,DG026,model.22.m.0.1.ffn.0.conv,16,19.480072021484375,19.480072021484375,2038986,2038728,91,90,True,True
1001,DG030,model.5.conv,5,19.480377197265625,19.480377197265625,2038728,2038481,25,24,False,
1002,DG026,model.22.m.0.1.ffn.0.conv,35,19.48459243774414,19.48459243774414,2038481,2038223,90,89,False,
1003,DG004,model.10.m.0.ffn.0.conv,134,19.485309600830078,19.485309600830078,2038223,2037965,212,211,False,
1004,DG004,model.10.m.0.ffn.0.conv,15,19.490909576416016,19.490909576416016,2037965,2037707,211,210,False,
1005,DG004,model.10.m.0.ffn.0.conv,157,19.501020431518555,19.501020431518555,2037707,2037449,210,209,False,
1006,DG039,model.8.m.0.cv2.conv,32,19.50371551513672,19.50371551513672,2037449,2037191,51,50,False,
1007,DG004,model.10.m.0.ffn.0.conv,4,19.50469970703125,19.50469970703125,2037191,2036933,209,208,False,
1008,DG004,model.10.m.0.ffn.0.conv,40,19.510465621948242,19.510465621948242,2036933,2036675,208,207,False,
1009,DG026,model.22.m.0.1.ffn.0.conv,14,19.513469696044922,19.513469696044922,2036675,2036417,89,88,False,
1010,DG030,model.5.conv,22,19.520666122436523,19.520666122436523,2036417,2036170,24,23,False,
1011,DG026,model.22.m.0.1.ffn.0.conv,66,19.52297019958496,19.52297019958496,2036170,2035912,88,87,False,
1012,DG038,model.8.m.0.cv1.conv,24,19.536720275878906,19.536720275878906,2035912,2033346,47,46,False,
1013,DG038,model.8.m.0.cv1.conv,16,19.53765869140625,19.53765869140625,2033346,2030780,46,45,False,
1014,DG026,model.22.m.0.1.ffn.0.conv,2,19.53878402709961,19.53878402709961,2030780,2030522,87,86,False,
1015,DG039,model.8.m.0.cv2.conv,0,19.54147720336914,19.54147720336914,2030522,2030264,50,49,False,
1016,DG004,model.10.m.0.ffn.0.conv,104,19.54521942138672,19.54521942138672,2030264,2030006,207,206,False,
1017,DG004,model.10.m.0.ffn.0.conv,203,19.548553466796875,19.548553466796875,2030006,2029748,206,205,False,
1018,DG004,model.10.m.0.ffn.0.conv,127,19.55130386352539,19.55130386352539,2029748,2029490,205,204,False,
1019,DG004,model.10.m.0.ffn.0.conv,173,19.554079055786133,19.554079055786133,2029490,2029232,204,203,False,
1020,DG004,model.10.m.0.ffn.0.conv,53,19.560726165771484,19.560726165771484,2029232,2028974,203,202,False,
1021,DG004,model.10.m.0.ffn.0.conv,183,19.572853088378906,19.572853088378906,2028974,2028716,202,201,False,
1022,DG039,model.8.m.0.cv2.conv,29,19.576778411865234,19.576778411865234,2028716,2028458,49,48,False,
1023,DG026,model.22.m.0.1.ffn.0.conv,3,19.576892852783203,19.576892852783203,2028458,2028200,86,85,False,
1024,DG038,model.8.m.0.cv1.conv,25,19.577720642089844,19.577720642089844,2028200,2025634,45,44,False,
1025,DG004,model.10.m.0.ffn.0.conv,189,19.58601188659668,19.58601188659668,2025634,2025376,201,200,True,True
1026,DG026,model.22.m.0.1.ffn.0.conv,82,19.595836639404297,19.595836639404297,2025376,2025118,85,84,False,
1027,DG039,model.8.m.0.cv2.conv,18,19.60028839111328,19.60028839111328,2025118,2024860,48,47,False,
1028,DG026,model.22.m.0.1.ffn.0.conv,25,19.600841522216797,19.600841522216797,2024860,2024602,84,83,False,
1029,DG004,model.10.m.0.ffn.0.conv,181,19.602313995361328,19.602313995361328,2024602,2024344,200,199,False,
1030,DG004,model.10.m.0.ffn.0.conv,104,19.608905792236328,19.608905792236328,2024344,2024086,199,198,False,
1031,DG004,model.10.m.0.ffn.0.conv,152,19.61273193359375,19.61273193359375,2024086,2023828,198,197,False,
1032,DG039,model.8.m.0.cv2.conv,44,19.61275863647461,19.61275863647461,2023828,2023570,47,46,False,
1033,DG026,model.22.m.0.1.ffn.0.conv,12,19.614429473876953,19.614429473876953,2023570,2023312,83,82,False,
1034,DG026,model.22.m.0.1.ffn.0.conv,46,19.614826202392578,19.614826202392578,2023312,2023054,82,81,False,
1035,DG026,model.22.m.0.1.ffn.0.conv,31,19.6202392578125,19.6202392578125,2023054,2022796,81,80,False,
1036,DG004,model.10.m.0.ffn.0.conv,151,19.62363052368164,19.62363052368164,2022796,2022538,197,196,False,
1037,DG004,model.10.m.0.ffn.0.conv,145,19.62523651123047,19.62523651123047,2022538,2022280,196,195,False,
1038,DG026,model.22.m.0.1.ffn.0.conv,45,19.625816345214844,19.625816345214844,2022280,2022022,80,79,False,
1039,DG004,model.10.m.0.ffn.0.conv,1,19.626121520996094,19.626121520996094,2022022,2021764,195,194,False,
1040,DG039,model.8.m.0.cv2.conv,6,19.628799438476562,19.628799438476562,2021764,2021506,46,45,False,
1041,DG004,model.10.m.0.ffn.0.conv,94,19.63567352294922,19.63567352294922,2021506,2021248,194,193,False,
1042,DG030,model.5.conv,4,19.638845443725586,19.638845443725586,2021248,2021001,23,22,False,
1043,DG030,model.5.conv,9,19.64004135131836,19.64004135131836,2021001,2020754,22,21,False,
1044,DG039,model.8.m.0.cv2.conv,40,19.64134407043457,19.64134407043457,2020754,2020496,45,44,False,
1045,DG039,model.8.m.0.cv2.conv,10,19.64869499206543,19.64869499206543,2020496,2020238,44,43,False,
1046,DG004,model.10.m.0.ffn.0.conv,87,19.65301513671875,19.65301513671875,2020238,2019980,193,192,False,
1047,DG004,model.10.m.0.ffn.0.conv,60,19.653635025024414,19.653635025024414,2019980,2019722,192,191,False,
1048,DG039,model.8.m.0.cv2.conv,35,19.653703689575195,19.653703689575195,2019722,2019464,43,42,False,
1049,DG004,model.10.m.0.ffn.0.conv,120,19.661396026611328,19.661396026611328,2019464,2019206,191,190,False,
1050,DG026,model.22.m.0.1.ffn.0.conv,49,19.666807174682617,19.666807174682617,2019206,2018948,79,78,True,True
1051,DG004,model.10.m.0.ffn.0.conv,8,19.669612884521484,19.669612884521484,2018948,2018690,190,189,False,
1052,DG026,model.22.m.0.1.ffn.0.conv,12,19.672155380249023,19.672155380249023,2018690,2018432,78,77,False,
1053,DG026,model.22.m.0.1.ffn.0.conv,71,19.680004119873047,19.680004119873047,2018432,2018174,77,76,False,
1054,DG030,model.5.conv,9,19.687240600585938,19.687240600585938,2018174,2017927,21,20,False,
1055,DG004,model.10.m.0.ffn.0.conv,99,19.69900894165039,19.69900894165039,2017927,2017669,189,188,False,
1056,DG004,model.10.m.0.ffn.0.conv,143,19.70621109008789,19.70621109008789,2017669,2017411,188,187,False,
1057,DG004,model.10.m.0.ffn.0.conv,50,19.707971572875977,19.707971572875977,2017411,2017153,187,186,False,
1058,DG004,model.10.m.0.ffn.0.conv,2,19.712505340576172,19.712505340576172,2017153,2016895,186,185,False,
1059,DG004,model.10.m.0.ffn.0.conv,57,19.71763801574707,19.71763801574707,2016895,2016637,185,184,False,
1060,DG004,model.10.m.0.ffn.0.conv,109,19.72179412841797,19.72179412841797,2016637,2016379,184,183,False,
1061,DG026,model.22.m.0.1.ffn.0.conv,35,19.72335433959961,19.72335433959961,2016379,2016121,76,75,False,
1062,DG004,model.10.m.0.ffn.0.conv,133,19.723928451538086,19.723928451538086,2016121,2015863,183,182,False,
1063,DG004,model.10.m.0.ffn.0.conv,122,19.731239318847656,19.731239318847656,2015863,2015605,182,181,False,
1064,DG004,model.10.m.0.ffn.0.conv,123,19.734725952148438,19.734725952148438,2015605,2015347,181,180,False,
1065,DG026,model.22.m.0.1.ffn.0.conv,17,19.73819351196289,19.73819351196289,2015347,2015089,75,74,False,
1066,DG030,model.5.conv,7,19.748382568359375,19.748382568359375,2015089,2014842,20,19,False,
1067,DG026,model.22.m.0.1.ffn.0.conv,5,19.74901580810547,19.74901580810547,2014842,2014584,74,73,False,
1068,DG026,model.22.m.0.1.ffn.0.conv,65,19.750213623046875,19.750213623046875,2014584,2014326,73,72,False,
1069,DG004,model.10.m.0.ffn.0.conv,93,19.753154754638672,19.753154754638672,2014326,2014068,180,179,False,
1070,DG004,model.10.m.0.ffn.0.conv,68,19.75780487060547,19.75780487060547,2014068,2013810,179,178,False,
1071,DG026,model.22.m.0.1.ffn.0.conv,13,19.75967025756836,19.75967025756836,2013810,2013552,72,71,False,
1072,DG004,model.10.m.0.ffn.0.conv,163,19.76544761657715,19.76544761657715,2013552,2013294,178,177,False,
1073,DG004,model.10.m.0.ffn.0.conv,29,19.76676368713379,19.76676368713379,2013294,2013036,177,176,False,
1074,DG004,model.10.m.0.ffn.0.conv,59,19.771427154541016,19.771427154541016,2013036,2012778,176,175,False,
1075,DG039,model.8.m.0.cv2.conv,2,19.777612686157227,19.777612686157227,2012778,2012520,42,41,True,True
1076,DG026,model.22.m.0.1.ffn.0.conv,44,19.778900146484375,19.778900146484375,2012520,2012262,71,70,False,
1077,DG004,model.10.m.0.ffn.0.conv,73,19.785541534423828,19.785541534423828,2012262,2012004,175,174,False,
1078,DG004,model.10.m.0.ffn.0.conv,71,19.789600372314453,19.789600372314453,2012004,2011746,174,173,False,
1079,DG038,model.8.m.0.cv1.conv,7,19.789737701416016,19.789737701416016,2011746,2009180,44,43,False,
1080,DG004,model.10.m.0.ffn.0.conv,99,19.792762756347656,19.792762756347656,2009180,2008922,173,172,False,
1081,DG004,model.10.m.0.ffn.0.conv,163,19.795150756835938,19.795150756835938,2008922,2008664,172,171,False,
1082,DG004,model.10.m.0.ffn.0.conv,110,19.796390533447266,19.796390533447266,2008664,2008406,171,170,False,
1083,DG004,model.10.m.0.ffn.0.conv,146,19.797266006469727,19.797266006469727,2008406,2008148,170,169,False,
1084,DG004,model.10.m.0.ffn.0.conv,141,19.799949645996094,19.799949645996094,2008148,2007890,169,168,False,
1085,DG030,model.5.conv,8,19.799957275390625,19.799957275390625,2007890,2007643,19,18,False,
1086,DG004,model.10.m.0.ffn.0.conv,142,19.80238914489746,19.80238914489746,2007643,2007385,168,167,False,
1087,DG039,model.8.m.0.cv2.conv,1,19.807903289794922,19.807903289794922,2007385,2007127,41,40,False,
1088,DG039,model.8.m.0.cv2.conv,34,19.809165954589844,19.809165954589844,2007127,2006869,40,39,False,
1089,DG004,model.10.m.0.ffn.0.conv,141,19.812639236450195,19.812639236450195,2006869,2006611,167,166,False,
1090,DG026,model.22.m.0.1.ffn.0.conv,7,19.81406593322754,19.81406593322754,2006611,2006353,70,69,False,
1091,DG004,model.10.m.0.ffn.0.conv,24,19.817867279052734,19.817867279052734,2006353,2006095,166,165,False,
1092,DG004,model.10.m.0.ffn.0.conv,106,19.81793785095215,19.81793785095215,2006095,2005837,165,164,False,
1093,DG026,model.22.m.0.1.ffn.0.conv,42,19.823827743530273,19.823827743530273,2005837,2005579,69,68,False,
1094,DG004,model.10.m.0.ffn.0.conv,53,19.829809188842773,19.829809188842773,2005579,2005321,164,163,False,
1095,DG004,model.10.m.0.ffn.0.conv,133,19.832868576049805,19.832868576049805,2005321,2005063,163,162,False,
1096,DG004,model.10.m.0.ffn.0.conv,101,19.847789764404297,19.847789764404297,2005063,2004805,162,161,False,
1097,DG004,model.10.m.0.ffn.0.conv,123,19.849170684814453,19.849170684814453,2004805,2004547,161,160,False,
1098,DG004,model.10.m.0.ffn.0.conv,120,19.880451202392578,19.880451202392578,2004547,2004289,160,159,False,
1099,DG004,model.10.m.0.ffn.0.conv,95,19.886911392211914,19.886911392211914,2004289,2004031,159,158,False,
1100,DG039,model.8.m.0.cv2.conv,13,19.889942169189453,19.889942169189453,2004031,2003773,39,38,True,True
1101,DG030,model.5.conv,6,19.896286010742188,19.896286010742188,2003773,2003526,18,17,False,
1102,DG004,model.10.m.0.ffn.0.conv,48,19.898967742919922,19.898967742919922,2003526,2003268,158,157,False,
1103,DG004,model.10.m.0.ffn.0.conv,31,19.906204223632812,19.906204223632812,2003268,2003010,157,156,False,
1104,DG004,model.10.m.0.ffn.0.conv,30,19.906696319580078,19.906696319580078,2003010,2002752,156,155,False,
1105,DG039,model.8.m.0.cv2.conv,25,19.912986755371094,19.912986755371094,2002752,2002494,38,37,False,
1106,DG004,model.10.m.0.ffn.0.conv,94,19.928478240966797,19.928478240966797,2002494,2002236,155,154,False,
1107,DG004,model.10.m.0.ffn.0.conv,147,19.931673049926758,19.931673049926758,2002236,2001978,154,153,False,
1108,DG026,model.22.m.0.1.ffn.0.conv,15,19.93476104736328,19.93476104736328,2001978,2001720,68,67,False,
1109,DG004,model.10.m.0.ffn.0.conv,87,19.950841903686523,19.950841903686523,2001720,2001462,153,152,False,
1110,DG004,model.10.m.0.ffn.0.conv,114,19.953508377075195,19.953508377075195,2001462,2001204,152,151,False,
1111,DG004,model.10.m.0.ffn.0.conv,62,19.954805374145508,19.954805374145508,2001204,2000946,151,150,False,
1112,DG004,model.10.m.0.ffn.0.conv,33,19.957998275756836,19.957998275756836,2000946,2000688,150,149,False,
1113,DG004,model.10.m.0.ffn.0.conv,34,19.965362548828125,19.965362548828125,2000688,2000430,149,148,False,
1114,DG004,model.10.m.0.ffn.0.conv,33,19.96700668334961,19.96700668334961,2000430,2000172,148,147,False,
1115,DG004,model.10.m.0.ffn.0.conv,109,19.967269897460938,19.967269897460938,2000172,1999914,147,146,False,
1116,DG004,model.10.m.0.ffn.0.conv,132,19.968793869018555,19.968793869018555,1999914,1999656,146,145,False,
1117,DG004,model.10.m.0.ffn.0.conv,75,19.989971160888672,19.989971160888672,1999656,1999398,145,144,False,
1118,DG039,model.8.m.0.cv2.conv,23,20.001258850097656,20.001258850097656,1999398,1999140,37,36,False,
1119,DG026,model.22.m.0.1.ffn.0.conv,43,20.003801345825195,20.003801345825195,1999140,1998882,67,66,False,
1120,DG004,model.10.m.0.ffn.0.conv,14,20.00635528564453,20.00635528564453,1998882,1998624,144,143,False,
1121,DG004,model.10.m.0.ffn.0.conv,77,20.007320404052734,20.007320404052734,1998624,1998366,143,142,False,
1122,DG004,model.10.m.0.ffn.0.conv,17,20.01068878173828,20.01068878173828,1998366,1998108,142,141,False,
1123,DG004,model.10.m.0.ffn.0.conv,22,20.01171875,20.01171875,1998108,1997850,141,140,False,
1124,DG026,model.22.m.0.1.ffn.0.conv,39,20.015396118164062,20.015396118164062,1997850,1997592,66,65,False,
1125,DG004,model.10.m.0.ffn.0.conv,78,20.018259048461914,20.018259048461914,1997592,1997334,140,139,True,True
1126,DG004,model.10.m.0.ffn.0.conv,119,20.01834487915039,20.01834487915039,1997334,1997076,139,138,False,
1127,DG004,model.10.m.0.ffn.0.conv,129,20.02340316772461,20.02340316772461,1997076,1996818,138,137,False,
1128,DG004,model.10.m.0.ffn.0.conv,101,20.026119232177734,20.026119232177734,1996818,1996560,137,136,False,
1129,DG004,model.10.m.0.ffn.0.conv,68,20.033035278320312,20.033035278320312,1996560,1996302,136,135,False,
1130,DG004,model.10.m.0.ffn.0.conv,14,20.037307739257812,20.037307739257812,1996302,1996044,135,134,False,
1131,DG004,model.10.m.0.ffn.0.conv,101,20.038904190063477,20.038904190063477,1996044,1995786,134,133,False,
1132,DG026,model.22.m.0.1.ffn.0.conv,63,20.047277450561523,20.047277450561523,1995786,1995528,65,64,False,
1133,DG004,model.10.m.0.ffn.0.conv,76,20.04783058166504,20.04783058166504,1995528,1995270,133,132,False,
1134,DG004,model.10.m.0.ffn.0.conv,30,20.0545654296875,20.0545654296875,1995270,1995012,132,131,False,
1135,DG039,model.8.m.0.cv2.conv,14,20.056407928466797,20.056407928466797,1995012,1994754,36,35,False,
1136,DG026,model.22.m.0.1.ffn.0.conv,2,20.058351516723633,20.058351516723633,1994754,1994496,64,63,False,
1137,DG004,model.10.m.0.ffn.0.conv,129,20.059497833251953,20.059497833251953,1994496,1994238,131,130,False,
1138,DG004,model.10.m.0.ffn.0.conv,111,20.060131072998047,20.060131072998047,1994238,1993980,130,129,False,
1139,DG004,model.10.m.0.ffn.0.conv,14,20.062789916992188,20.062789916992188,1993980,1993722,129,128,False,
1140,DG004,model.10.m.0.ffn.0.conv,66,20.06568145751953,20.06568145751953,1993722,1993464,128,127,False,
1141,DG004,model.10.m.0.ffn.0.conv,33,20.06589698791504,20.06589698791504,1993464,1993206,127,126,False,
1142,DG004,model.10.m.0.ffn.0.conv,95,20.067323684692383,20.067323684692383,1993206,1992948,126,125,False,
1143,DG004,model.10.m.0.ffn.0.conv,1,20.070737838745117,20.070737838745117,1992948,1992690,125,124,False,
1144,DG039,model.8.m.0.cv2.conv,12,20.078479766845703,20.078479766845703,1992690,1992432,35,34,False,
1145,DG026,model.22.m.0.1.ffn.0.conv,58,20.07876968383789,20.07876968383789,1992432,1992174,63,62,False,
1146,DG039,model.8.m.0.cv2.conv,30,20.08283042907715,20.08283042907715,1992174,1991916,34,33,False,
1147,DG026,model.22.m.0.1.ffn.0.conv,47,20.090049743652344,20.090049743652344,1991916,1991658,62,61,False,
1148,DG004,model.10.m.0.ffn.0.conv,3,20.096755981445312,20.096755981445312,1991658,1991400,124,123,False,
1149,DG026,model.22.m.0.1.ffn.0.conv,18,20.101879119873047,20.101879119873047,1991400,1991142,61,60,False,
1150,DG004,model.10.m.0.ffn.0.conv,80,20.102947235107422,20.102947235107422,1991142,1990884,123,122,True,True
1151,DG004,model.10.m.0.ffn.0.conv,81,20.109954833984375,20.109954833984375,1990884,1990626,122,121,False,
1152,DG004,model.10.m.0.ffn.0.conv,104,20.110095977783203,20.110095977783203,1990626,1990368,121,120,False,
1153,DG039,model.8.m.0.cv2.conv,12,20.1102294921875,20.1102294921875,1990368,1990110,33,32,False,
1154,DG004,model.10.m.0.ffn.0.conv,43,20.11495590209961,20.11495590209961,1990110,1989852,120,119,False,
1155,DG026,model.22.m.0.1.ffn.0.conv,47,20.120723724365234,20.120723724365234,1989852,1989594,60,59,False,
1156,DG004,model.10.m.0.ffn.0.conv,118,20.1216983795166,20.1216983795166,1989594,1989336,119,118,False,
1157,DG004,model.10.m.0.ffn.0.conv,11,20.12445068359375,20.12445068359375,1989336,1989078,118,117,False,
1158,DG026,model.22.m.0.1.ffn.0.conv,11,20.127914428710938,20.127914428710938,1989078,1988820,59,58,False,
1159,DG004,model.10.m.0.ffn.0.conv,89,20.128223419189453,20.128223419189453,1988820,1988562,117,116,False,
1160,DG004,model.10.m.0.ffn.0.conv,47,20.134471893310547,20.134471893310547,1988562,1988304,116,115,False,
1161,DG026,model.22.m.0.1.ffn.0.conv,41,20.135299682617188,20.135299682617188,1988304,1988046,58,57,False,
1162,DG004,model.10.m.0.ffn.0.conv,16,20.151683807373047,20.151683807373047,1988046,1987788,115,114,False,
1163,DG004,model.10.m.0.ffn.0.conv,81,20.15208625793457,20.15208625793457,1987788,1987530,114,113,False,
1164,DG004,model.10.m.0.ffn.0.conv,91,20.15251922607422,20.15251922607422,1987530,1987272,113,112,False,
1165,DG038,model.8.m.0.cv1.conv,22,20.162134170532227,20.162134170532227,1987272,1984706,43,42,False,
1166,DG004,model.10.m.0.ffn.0.conv,11,20.163925170898438,20.163925170898438,1984706,1984448,112,111,False,
1167,DG004,model.10.m.0.ffn.0.conv,44,20.168283462524414,20.168283462524414,1984448,1984190,111,110,False,
1168,DG004,model.10.m.0.ffn.0.conv,87,20.177303314208984,20.177303314208984,1984190,1983932,110,109,False,
1169,DG004,model.10.m.0.ffn.0.conv,83,20.17759132385254,20.17759132385254,1983932,1983674,109,108,False,
1170,DG038,model.8.m.0.cv1.conv,10,20.17959213256836,20.17959213256836,1983674,1981108,42,41,False,
1171,DG004,model.10.m.0.ffn.0.conv,53,20.18008041381836,20.18008041381836,1981108,1980850,108,107,False,
1172,DG004,model.10.m.0.ffn.0.conv,63,20.18569564819336,20.18569564819336,1980850,1980592,107,106,False,
1173,DG004,model.10.m.0.ffn.0.conv,85,20.185699462890625,20.185699462890625,1980592,1980334,106,105,False,
1174,DG031,model.6.cv2.conv,122,20.186866760253906,20.186866760253906,1980334,1977708,128,127,False,
1175,DG038,model.8.m.0.cv1.conv,24,20.188644409179688,20.188644409179688,1977708,1975142,41,40,True,True
1176,DG038,model.8.m.0.cv1.conv,23,20.190988540649414,20.190988540649414,1975142,1972576,40,39,False,
1177,DG004,model.10.m.0.ffn.0.conv,40,20.193506240844727,20.193506240844727,1972576,1972318,105,104,False,
1178,DG004,model.10.m.0.ffn.0.conv,39,20.19759750366211,20.19759750366211,1972318,1972060,104,103,False,
1179,DG026,model.22.m.0.1.ffn.0.conv,39,20.20258140563965,20.20258140563965,1972060,1971802,57,56,False,
1180,DG004,model.10.m.0.ffn.0.conv,100,20.209491729736328,20.209491729736328,1971802,1971544,103,102,False,
1181,DG039,model.8.m.0.cv2.conv,20,20.21050453186035,20.21050453186035,1971544,1971286,32,31,False,
1182,DG004,model.10.m.0.ffn.0.conv,20,20.214508056640625,20.214508056640625,1971286,1971028,102,101,False,
1183,DG026,model.22.m.0.1.ffn.0.conv,6,20.22261619567871,20.22261619567871,1971028,1970770,56,55,False,
1184,DG004,model.10.m.0.ffn.0.conv,58,20.22538185119629,20.22538185119629,1970770,1970512,101,100,False,
1185,DG004,model.10.m.0.ffn.0.conv,91,20.23065948486328,20.23065948486328,1970512,1970254,100,99,False,
1186,DG004,model.10.m.0.ffn.0.conv,10,20.231849670410156,20.231849670410156,1970254,1969996,99,98,False,
1187,DG004,model.10.m.0.ffn.0.conv,77,20.23430633544922,20.23430633544922,1969996,1969738,98,97,False,
1188,DG038,model.8.m.0.cv1.conv,22,20.240537643432617,20.240537643432617,1969738,1967172,39,38,False,
1189,DG004,model.10.m.0.ffn.0.conv,18,20.24091339111328,20.24091339111328,1967172,1966914,97,96,False,
1190,DG038,model.8.m.0.cv1.conv,22,20.241411209106445,20.241411209106445,1966914,1964348,38,37,False,
1191,DG004,model.10.m.0.ffn.0.conv,2,20.247940063476562,20.247940063476562,1964348,1964090,96,95,False,
1192,DG026,model.22.m.0.1.ffn.0.conv,34,20.249170303344727,20.249170303344727,1964090,1963832,55,54,False,
1193,DG039,model.8.m.0.cv2.conv,8,20.26291275024414,20.26291275024414,1963832,1963574,31,30,False,
1194,DG004,model.10.m.0.ffn.0.conv,36,20.264366149902344,20.264366149902344,1963574,1963316,95,94,False,
1195,DG004,model.10.m.0.ffn.0.conv,28,20.264535903930664,20.264535903930664,1963316,1963058,94,93,False,
1196,DG004,model.10.m.0.ffn.0.conv,79,20.265968322753906,20.265968322753906,1963058,1962800,93,92,False,
1197,DG039,model.8.m.0.cv2.conv,5,20.266626358032227,20.266626358032227,1962800,1962542,30,29,False,
1198,DG039,model.8.m.0.cv2.conv,19,20.266725540161133,20.266725540161133,1962542,1962284,29,28,False,
1199,DG039,model.8.m.0.cv2.conv,1,20.270828247070312,20.270828247070312,1962284,1962026,28,27,False,
1200,DG030,model.5.conv,6,20.276113510131836,20.276113510131836,1962026,1961779,17,16,True,True
1201,DG004,model.10.m.0.ffn.0.conv,91,20.27707290649414,20.27707290649414,1961779,1961521,92,91,False,
1202,DG026,model.22.m.0.1.ffn.0.conv,33,20.282596588134766,20.282596588134766,1961521,1961263,54,53,False,
1203,DG026,model.22.m.0.1.ffn.0.conv,37,20.28466796875,20.28466796875,1961263,1961005,53,52,False,
1204,DG004,model.10.m.0.ffn.0.conv,87,20.286453247070312,20.286453247070312,1961005,1960747,91,90,False,
1205,DG004,model.10.m.0.ffn.0.conv,20,20.289005279541016,20.289005279541016,1960747,1960489,90,89,False,
1206,DG004,model.10.m.0.ffn.0.conv,77,20.29098892211914,20.29098892211914,1960489,1960231,89,88,False,
1207,DG030,model.5.conv,0,20.29128646850586,20.29128646850586,1960231,1959984,16,15,False,
1208,DG004,model.10.m.0.ffn.0.conv,42,20.291561126708984,20.291561126708984,1959984,1959726,88,87,False,
1209,DG039,model.8.m.0.cv2.conv,1,20.29987335205078,20.29987335205078,1959726,1959468,27,26,False,
1210,DG026,model.22.m.0.1.ffn.0.conv,40,20.30323028564453,20.30323028564453,1959468,1959210,52,51,False,
1211,DG004,model.10.m.0.ffn.0.conv,63,20.319746017456055,20.319746017456055,1959210,1958952,87,86,False,
1212,DG039,model.8.m.0.cv2.conv,11,20.33085823059082,20.33085823059082,1958952,1958694,26,25,False,
1213,DG004,model.10.m.0.ffn.0.conv,82,20.343372344970703,20.343372344970703,1958694,1958436,86,85,False,
1214,DG026,model.22.m.0.1.ffn.0.conv,49,20.351388931274414,20.351388931274414,1958436,1958178,51,50,False,
1215,DG026,model.22.m.0.1.ffn.0.conv,1,20.3516788482666,20.3516788482666,1958178,1957920,50,49,False,
1216,DG004,model.10.m.0.ffn.0.conv,77,20.352022171020508,20.352022171020508,1957920,1957662,85,84,False,
1217,DG004,model.10.m.0.ffn.0.conv,7,20.36013412475586,20.36013412475586,1957662,1957404,84,83,False,
1218,DG004,model.10.m.0.ffn.0.conv,48,20.363948822021484,20.363948822021484,1957404,1957146,83,82,False,
1219,DG031,model.6.cv2.conv,58,20.365766525268555,20.365766525268555,1957146,1954520,127,126,False,
1220,DG004,model.10.m.0.ffn.0.conv,14,20.370784759521484,20.370784759521484,1954520,1954262,82,81,False,
1221,DG038,model.8.m.0.cv1.conv,27,20.371278762817383,20.371278762817383,1954262,1951696,37,36,False,
1222,DG004,model.10.m.0.ffn.0.conv,63,20.375938415527344,20.375938415527344,1951696,1951438,81,80,False,
1223,DG004,model.10.m.0.ffn.0.conv,56,20.386863708496094,20.386863708496094,1951438,1951180,80,79,False,
1224,DG004,model.10.m.0.ffn.0.conv,48,20.387710571289062,20.387710571289062,1951180,1950922,79,78,False,
1225,DG004,model.10.m.0.ffn.0.conv,36,20.389249801635742,20.389249801635742,1950922,1950664,78,77,True,True
1226,DG004,model.10.m.0.ffn.0.conv,39,20.39177894592285,20.39177894592285,1950664,1950406,77,76,False,
1227,DG004,model.10.m.0.ffn.0.conv,43,20.396644592285156,20.396644592285156,1950406,1950148,76,75,False,
1228,DG004,model.10.m.0.ffn.0.conv,35,20.398681640625,20.398681640625,1950148,1949890,75,74,False,
1229,DG026,model.22.m.0.1.ffn.0.conv,37,20.399587631225586,20.399587631225586,1949890,1949632,49,48,False,
1230,DG026,model.22.m.0.1.ffn.0.conv,11,20.40169906616211,20.40169906616211,1949632,1949374,48,47,False,
1231,DG026,model.22.m.0.1.ffn.0.conv,1,20.407262802124023,20.407262802124023,1949374,1949116,47,46,False,
1232,DG004,model.10.m.0.ffn.0.conv,11,20.41832160949707,20.41832160949707,1949116,1948858,74,73,False,
1233,DG026,model.22.m.0.1.ffn.0.conv,37,20.42227554321289,20.42227554321289,1948858,1948600,46,45,False,
1234,DG004,model.10.m.0.ffn.0.conv,62,20.42707633972168,20.42707633972168,1948600,1948342,73,72,False,
1235,DG004,model.10.m.0.ffn.0.conv,60,20.432727813720703,20.432727813720703,1948342,1948084,72,71,False,
1236,DG004,model.10.m.0.ffn.0.conv,7,20.438379287719727,20.438379287719727,1948084,1947826,71,70,False,
1237,DG004,model.10.m.0.ffn.0.conv,65,20.441417694091797,20.441417694091797,1947826,1947568,70,69,False,
1238,DG004,model.10.m.0.ffn.0.conv,26,20.4416446685791,20.4416446685791,1947568,1947310,69,68,False,
1239,DG004,model.10.m.0.ffn.0.conv,31,20.442899703979492,20.442899703979492,1947310,1947052,68,67,False,
1240,DG030,model.5.conv,10,20.445329666137695,20.445329666137695,1947052,1946805,15,14,False,
1241,DG038,model.8.m.0.cv1.conv,5,20.44740867614746,20.44740867614746,1946805,1944239,36,35,False,
1242,DG030,model.5.conv,1,20.447416305541992,20.447416305541992,1944239,1943992,14,13,False,
1243,DG004,model.10.m.0.ffn.0.conv,57,20.453489303588867,20.453489303588867,1943992,1943734,67,66,False,
1244,DG004,model.10.m.0.ffn.0.conv,30,20.454126358032227,20.454126358032227,1943734,1943476,66,65,False,
1245,DG026,model.22.m.0.1.ffn.0.conv,32,20.456321716308594,20.456321716308594,1943476,1943218,45,44,False,
1246,DG004,model.10.m.0.ffn.0.conv,4,20.458791732788086,20.458791732788086,1943218,1942960,65,64,False,
1247,DG004,model.10.m.0.ffn.0.conv,31,20.46310043334961,20.46310043334961,1942960,1942702,64,63,False,
1248,DG038,model.8.m.0.cv1.conv,16,20.46336555480957,20.46336555480957,1942702,1940136,35,34,False,
1249,DG039,model.8.m.0.cv2.conv,23,20.463516235351562,20.463516235351562,1940136,1939878,25,24,False,
1250,DG038,model.8.m.0.cv1.conv,10,20.464435577392578,20.464435577392578,1939878,1937312,34,33,True,True
1251,DG004,model.10.m.0.ffn.0.conv,52,20.47355079650879,20.47355079650879,1937312,1937054,63,62,False,
1252,DG038,model.8.m.0.cv1.conv,16,20.475196838378906,20.475196838378906,1937054,1934488,33,32,False,
1253,DG026,model.22.m.0.1.ffn.0.conv,32,20.479103088378906,20.479103088378906,1934488,1934230,44,43,False,
1254,DG039,model.8.m.0.cv2.conv,1,20.479442596435547,20.479442596435547,1934230,1933972,24,23,False,
1255,DG004,model.10.m.0.ffn.0.conv,14,20.48778533935547,20.48778533935547,1933972,1933714,62,61,False,
1256,DG004,model.10.m.0.ffn.0.conv,33,20.490327835083008,20.490327835083008,1933714,1933456,61,60,False,
1257,DG039,model.8.m.0.cv2.conv,13,20.49065399169922,20.49065399169922,1933456,1933198,23,22,False,
1258,DG026,model.22.m.0.1.ffn.0.conv,19,20.493513107299805,20.493513107299805,1933198,1932940,43,42,False,
1259,DG026,model.22.m.0.1.ffn.0.conv,36,20.49470329284668,20.49470329284668,1932940,1932682,42,41,False,
1260,DG004,model.10.m.0.ffn.0.conv,2,20.501813888549805,20.501813888549805,1932682,1932424,60,59,False,
1261,DG026,model.22.m.0.1.ffn.0.conv,30,20.502704620361328,20.502704620361328,1932424,1932166,41,40,False,
1262,DG038,model.8.m.0.cv1.conv,10,20.50475311279297,20.50475311279297,1932166,1929600,32,31,False,
1263,DG039,model.8.m.0.cv2.conv,7,20.506792068481445,20.506792068481445,1929600,1929342,22,21,False,
1264,DG004,model.10.m.0.ffn.0.conv,58,20.510541915893555,20.510541915893555,1929342,1929084,59,58,False,
1265,DG004,model.10.m.0.ffn.0.conv,55,20.513324737548828,20.513324737548828,1929084,1928826,58,57,False,
1266,DG004,model.10.m.0.ffn.0.conv,26,20.519697189331055,20.519697189331055,1928826,1928568,57,56,False,
1267,DG039,model.8.m.0.cv2.conv,2,20.521686553955078,20.521686553955078,1928568,1928310,21,20,False,
1268,DG004,model.10.m.0.ffn.0.conv,54,20.531177520751953,20.531177520751953,1928310,1928052,56,55,False,
1269,DG038,model.8.m.0.cv1.conv,12,20.531827926635742,20.531827926635742,1928052,1925486,31,30,False,
1270,DG026,model.22.m.0.1.ffn.0.conv,10,20.53635597229004,20.53635597229004,1925486,1925228,40,39,False,
1271,DG038,model.8.m.0.cv1.conv,7,20.537357330322266,20.537357330322266,1925228,1922662,30,29,False,
1272,DG026,model.22.m.0.1.ffn.0.conv,12,20.559268951416016,20.559268951416016,1922662,1922404,39,38,False,
1273,DG039,model.8.m.0.cv2.conv,1,20.560007095336914,20.560007095336914,1922404,1922146,20,19,False,
1274,DG004,model.10.m.0.ffn.0.conv,1,20.562904357910156,20.562904357910156,1922146,1921888,55,54,False,
1275,DG026,model.22.m.0.1.ffn.0.conv,8,20.564268112182617,20.564268112182617,1921888,1921630,38,37,True,True
1276,DG004,model.10.m.0.ffn.0.conv,45,20.568195343017578,20.568195343017578,1921630,1921372,54,53,False,
1277,DG004,model.10.m.0.ffn.0.conv,8,20.575397491455078,20.575397491455078,1921372,1921114,53,52,False,
1278,DG004,model.10.m.0.ffn.0.conv,21,20.580726623535156,20.580726623535156,1921114,1920856,52,51,False,
1279,DG026,model.22.m.0.1.ffn.0.conv,15,20.584014892578125,20.584014892578125,1920856,1920598,37,36,False,
1280,DG004,model.10.m.0.ffn.0.conv,41,20.59231185913086,20.59231185913086,1920598,1920340,51,50,False,
1281,DG038,model.8.m.0.cv1.conv,10,20.594322204589844,20.594322204589844,1920340,1917774,29,28,False,
1282,DG038,model.8.m.0.cv1.conv,14,20.608753204345703,20.608753204345703,1917774,1915208,28,27,False,
1283,DG040,model.8.m.0.m.0.cv1.conv,42,20.282073974609375,20.282073974609375,1915208,1914720,64,63,False,
1284,DG041,model.8.m.0.m.1.cv1.conv,1,20.31658935546875,20.31658935546875,1914720,1914232,64,63,False,
1285,DG038,model.8.m.0.cv1.conv,16,20.61069107055664,20.61069107055664,1914232,1911702,27,26,False,
1286,DG026,model.22.m.0.1.ffn.0.conv,29,20.613508224487305,20.613508224487305,1911702,1911444,36,35,False,
1287,DG004,model.10.m.0.ffn.0.conv,14,20.61367416381836,20.61367416381836,1911444,1911186,50,49,False,
1288,DG026,model.22.m.0.1.ffn.0.conv,34,20.616748809814453,20.616748809814453,1911186,1910928,35,34,False,
1289,DG026,model.22.m.0.1.ffn.0.conv,24,20.619613647460938,20.619613647460938,1910928,1910670,34,33,False,
1290,DG004,model.10.m.0.ffn.0.conv,41,20.622447967529297,20.622447967529297,1910670,1910412,49,48,False,
1291,DG004,model.10.m.0.ffn.0.conv,34,20.63364028930664,20.63364028930664,1910412,1910154,48,47,False,
1292,DG039,model.8.m.0.cv2.conv,2,20.637451171875,20.637451171875,1910154,1909896,19,18,False,
1293,DG026,model.22.m.0.1.ffn.0.conv,29,20.639801025390625,20.639801025390625,1909896,1909638,33,32,False,
1294,DG038,model.8.m.0.cv1.conv,6,20.641427993774414,20.641427993774414,1909638,1907108,26,25,False,
1295,DG041,model.8.m.0.m.1.cv1.conv,5,20.451465606689453,20.451465606689453,1907108,1906656,63,62,False,
1296,DG004,model.10.m.0.ffn.0.conv,4,20.654361724853516,20.654361724853516,1906656,1906398,47,46,False,
1297,DG004,model.10.m.0.ffn.0.conv,42,20.659957885742188,20.659957885742188,1906398,1906140,46,45,False,
1298,DG038,model.8.m.0.cv1.conv,1,20.67343521118164,20.67343521118164,1906140,1903628,25,24,False,
1299,DG004,model.10.m.0.ffn.0.conv,20,20.689308166503906,20.689308166503906,1903628,1903370,45,44,False,
1300,DG004,model.10.m.0.ffn.0.conv,26,20.697002410888672,20.697002410888672,1903370,1903112,44,43,True,True
1301,DG004,model.10.m.0.ffn.0.conv,4,20.70514678955078,20.70514678955078,1903112,1902854,43,42,False,
1302,DG004,model.10.m.0.ffn.0.conv,3,20.706451416015625,20.706451416015625,1902854,1902596,42,41,False,
1303,DG004,model.10.m.0.ffn.0.conv,18,20.70749855041504,20.70749855041504,1902596,1902338,41,40,False,
1304,DG004,model.10.m.0.ffn.0.conv,29,20.713775634765625,20.713775634765625,1902338,1902080,40,39,False,
1305,DG004,model.10.m.0.ffn.0.conv,36,20.723037719726562,20.723037719726562,1902080,1901822,39,38,False,
1306,DG004,model.10.m.0.ffn.0.conv,20,20.725017547607422,20.725017547607422,1901822,1901564,38,37,False,
1307,DG038,model.8.m.0.cv1.conv,19,20.72650146484375,20.72650146484375,1901564,1899052,24,23,False,
1308,DG004,model.10.m.0.ffn.0.conv,6,20.730361938476562,20.730361938476562,1899052,1898794,37,36,False,
1309,DG038,model.8.m.0.cv1.conv,12,20.730953216552734,20.730953216552734,1898794,1896282,23,22,False,
1310,DG041,model.8.m.0.m.1.cv1.conv,58,16.53913116455078,16.53913116455078,1896282,1895884,62,61,False,
1311,DG040,model.8.m.0.m.0.cv1.conv,50,20.577381134033203,20.577381134033203,1895884,1895486,63,62,False,
1312,DG038,model.8.m.0.cv1.conv,15,20.734657287597656,20.734657287597656,1895486,1893010,22,21,False,
1313,DG026,model.22.m.0.1.ffn.0.conv,2,20.73872184753418,20.73872184753418,1893010,1892752,32,31,False,
1314,DG026,model.22.m.0.1.ffn.0.conv,8,20.74378204345703,20.74378204345703,1892752,1892494,31,30,False,
1315,DG039,model.8.m.0.cv2.conv,5,20.744049072265625,20.744049072265625,1892494,1892236,18,17,False,
1316,DG039,model.8.m.0.cv2.conv,11,20.747814178466797,20.747814178466797,1892236,1891978,17,16,False,
1317,DG004,model.10.m.0.ffn.0.conv,19,20.749658584594727,20.749658584594727,1891978,1891720,36,35,False,
1318,DG038,model.8.m.0.cv1.conv,11,20.764083862304688,20.764083862304688,1891720,1889244,21,20,False,
1319,DG041,model.8.m.0.m.1.cv1.conv,27,19.26144790649414,19.26144790649414,1889244,1888882,61,60,False,
1320,DG040,model.8.m.0.m.0.cv1.conv,44,19.812637329101562,19.812637329101562,1888882,1888520,62,61,False,
1321,DG040,model.8.m.0.m.0.cv1.conv,23,20.480886459350586,20.480886459350586,1888520,1888158,61,60,False,
1322,DG004,model.10.m.0.ffn.0.conv,19,20.77126693725586,20.77126693725586,1888158,1887900,35,34,False,
1323,DG004,model.10.m.0.ffn.0.conv,3,20.774185180664062,20.774185180664062,1887900,1887642,34,33,False,
1324,DG004,model.10.m.0.ffn.0.conv,16,20.785171508789062,20.785171508789062,1887642,1887384,33,32,False,
1325,DG004,model.10.m.0.ffn.0.conv,6,20.786670684814453,20.786670684814453,1887384,1887126,32,31,True,True
1326,DG039,model.8.m.0.cv2.conv,13,20.79199981689453,20.79199981689453,1887126,1886868,16,15,False,
1327,DG039,model.8.m.0.cv2.conv,14,20.795303344726562,20.795303344726562,1886868,1886610,15,14,False,
1328,DG004,model.10.m.0.ffn.0.conv,3,20.803436279296875,20.803436279296875,1886610,1886352,31,30,False,
1329,DG004,model.10.m.0.ffn.0.conv,25,20.820398330688477,20.820398330688477,1886352,1886094,30,29,False,
1330,DG038,model.8.m.0.cv1.conv,11,20.820505142211914,20.820505142211914,1886094,1883672,20,19,False,
1331,DG040,model.8.m.0.m.0.cv1.conv,22,20.10087013244629,20.10087013244629,1883672,1883328,60,59,False,
1332,DG040,model.8.m.0.m.0.cv1.conv,36,20.647096633911133,20.647096633911133,1883328,1882984,59,58,False,
1333,DG040,model.8.m.0.m.0.cv1.conv,24,20.823707580566406,20.823707580566406,1882984,1882640,58,57,False,
1334,DG004,model.10.m.0.ffn.0.conv,10,20.824386596679688,20.824386596679688,1882640,1882382,29,28,False,
1335,DG026,model.22.m.0.1.ffn.0.conv,13,20.825658798217773,20.825658798217773,1882382,1882124,30,29,False,
1336,DG004,model.10.m.0.ffn.0.conv,16,20.833145141601562,20.833145141601562,1882124,1881866,28,27,False,
1337,DG004,model.10.m.0.ffn.0.conv,23,20.841739654541016,20.841739654541016,1881866,1881608,27,26,False,
1338,DG038,model.8.m.0.cv1.conv,4,20.851335525512695,20.851335525512695,1881608,1879240,19,18,False,
1339,DG040,model.8.m.0.m.0.cv1.conv,53,20.068872451782227,20.068872451782227,1879240,1878914,57,56,False,
1340,DG041,model.8.m.0.m.1.cv1.conv,35,20.148481369018555,20.148481369018555,1878914,1878588,60,59,False,
1341,DG040,model.8.m.0.m.0.cv1.conv,39,20.405567169189453,20.405567169189453,1878588,1878262,56,55,False,
1342,DG041,model.8.m.0.m.1.cv1.conv,26,20.494274139404297,20.494274139404297,1878262,1877936,59,58,False,
1343,DG040,model.8.m.0.m.0.cv1.conv,16,20.564815521240234,20.564815521240234,1877936,1877610,55,54,False,
1344,DG041,model.8.m.0.m.1.cv1.conv,49,20.635536193847656,20.635536193847656,1877610,1877284,58,57,False,
1345,DG041,model.8.m.0.m.1.cv1.conv,28,20.716957092285156,20.716957092285156,1877284,1876958,57,56,False,
1346,DG038,model.8.m.0.cv1.conv,9,20.856464385986328,20.856464385986328,1876958,1874716,18,17,False,
1347,DG041,model.8.m.0.m.1.cv1.conv,24,19.93553924560547,19.93553924560547,1874716,1874408,56,55,False,
1348,DG040,model.8.m.0.m.0.cv1.conv,30,20.02176284790039,20.02176284790039,1874408,1874100,54,53,False,
1349,DG041,model.8.m.0.m.1.cv1.conv,29,20.057422637939453,20.057422637939453,1874100,1873792,55,54,False,
1350,DG040,model.8.m.0.m.0.cv1.conv,18,20.0870361328125,20.0870361328125,1873792,1873484,53,52,True,True
1351,DG041,model.8.m.0.m.1.cv1.conv,38,20.116392135620117,20.116392135620117,1873484,1873176,54,53,False,
1352,DG041,model.8.m.0.m.1.cv1.conv,4,20.19540023803711,20.19540023803711,1873176,1872868,53,52,False,
1353,DG041,model.8.m.0.m.1.cv1.conv,11,20.341888427734375,20.341888427734375,1872868,1872560,52,51,False,
1354,DG041,model.8.m.0.m.1.cv1.conv,40,20.38528823852539,20.38528823852539,1872560,1872252,51,50,False,
1355,DG040,model.8.m.0.m.0.cv1.conv,50,20.492515563964844,20.492515563964844,1872252,1871944,52,51,False,
1356,DG040,model.8.m.0.m.0.cv1.conv,6,20.53965187072754,20.53965187072754,1871944,1871636,51,50,False,
1357,DG041,model.8.m.0.m.1.cv1.conv,6,20.593181610107422,20.593181610107422,1871636,1871328,50,49,False,
1358,DG041,model.8.m.0.m.1.cv1.conv,41,20.685102462768555,20.685102462768555,1871328,1871020,49,48,False,
1359,DG041,model.8.m.0.m.1.cv1.conv,40,20.78661346435547,20.78661346435547,1871020,1870712,48,47,False,
1360,DG041,model.8.m.0.m.1.cv1.conv,43,20.796226501464844,20.796226501464844,1870712,1870404,47,46,False,
1361,DG038,model.8.m.0.cv1.conv,13,20.859596252441406,20.859596252441406,1870404,1868414,17,16,False,
1362,DG040,model.8.m.0.m.0.cv1.conv,12,19.432588577270508,19.432588577270508,1868414,1868124,50,49,False,
1363,DG040,model.8.m.0.m.0.cv1.conv,27,19.57440948486328,19.57440948486328,1868124,1867834,49,48,False,
1364,DG041,model.8.m.0.m.1.cv1.conv,39,19.654621124267578,19.654621124267578,1867834,1867544,46,45,False,
1365,DG040,model.8.m.0.m.0.cv1.conv,21,19.71856689453125,19.71856689453125,1867544,1867254,48,47,False,
1366,DG041,model.8.m.0.m.1.cv1.conv,33,19.914749145507812,19.914749145507812,1867254,1866964,45,44,False,
1367,DG040,model.8.m.0.m.0.cv1.conv,10,19.921239852905273,19.921239852905273,1866964,1866674,47,46,False,
1368,DG041,model.8.m.0.m.1.cv1.conv,28,19.929691314697266,19.929691314697266,1866674,1866384,44,43,False,
1369,DG040,model.8.m.0.m.0.cv1.conv,31,19.940393447875977,19.940393447875977,1866384,1866094,46,45,False,
1370,DG040,model.8.m.0.m.0.cv1.conv,23,19.95549201965332,19.95549201965332,1866094,1865804,45,44,False,
1371,DG040,model.8.m.0.m.0.cv1.conv,28,20.029579162597656,20.029579162597656,1865804,1865514,44,43,False,
1372,DG040,model.8.m.0.m.0.cv1.conv,18,20.031536102294922,20.031536102294922,1865514,1865224,43,42,False,
1373,DG040,model.8.m.0.m.0.cv1.conv,33,20.236719131469727,20.236719131469727,1865224,1864934,42,41,False,
1374,DG041,model.8.m.0.m.1.cv1.conv,29,20.302474975585938,20.302474975585938,1864934,1864644,43,42,False,
1375,DG041,model.8.m.0.m.1.cv1.conv,39,20.31342315673828,20.31342315673828,1864644,1864354,42,41,True,True
1376,DG041,model.8.m.0.m.1.cv1.conv,30,20.392471313476562,20.392471313476562,1864354,1864064,41,40,False,
1377,DG041,model.8.m.0.m.1.cv1.conv,4,20.48685073852539,20.48685073852539,1864064,1863774,40,39,False,
1378,DG040,model.8.m.0.m.0.cv1.conv,13,20.550750732421875,20.550750732421875,1863774,1863484,41,40,False,
1379,DG040,model.8.m.0.m.0.cv1.conv,29,20.584035873413086,20.584035873413086,1863484,1863194,40,39,False,
1380,DG040,model.8.m.0.m.0.cv1.conv,22,20.608707427978516,20.608707427978516,1863194,1862904,39,38,False,
1381,DG041,model.8.m.0.m.1.cv1.conv,11,20.61402130126953,20.61402130126953,1862904,1862614,39,38,False,
1382,DG040,model.8.m.0.m.0.cv1.conv,12,20.638721466064453,20.638721466064453,1862614,1862324,38,37,False,
1383,DG041,model.8.m.0.m.1.cv1.conv,37,20.67810821533203,20.67810821533203,1862324,1862034,38,37,False,
1384,DG041,model.8.m.0.m.1.cv1.conv,7,20.746501922607422,20.746501922607422,1862034,1861744,37,36,False,
1385,DG041,model.8.m.0.m.1.cv1.conv,16,20.75518226623535,20.75518226623535,1861744,1861454,36,35,False,
1386,DG040,model.8.m.0.m.0.cv1.conv,11,20.8060302734375,20.8060302734375,1861454,1861164,37,36,False,
1387,DG040,model.8.m.0.m.0.cv1.conv,30,20.8177547454834,20.8177547454834,1861164,1860874,36,35,False,
1388,DG041,model.8.m.0.m.1.cv1.conv,21,20.825178146362305,20.825178146362305,1860874,1860584,35,34,False,
1389,DG040,model.8.m.0.m.0.cv1.conv,19,20.836198806762695,20.836198806762695,1860584,1860294,35,34,False,
1390,DG040,model.8.m.0.m.0.cv1.conv,12,20.842113494873047,20.842113494873047,1860294,1860004,34,33,False,
1391,DG042,model.9.cv1.conv,69,20.859676361083984,20.859676361083984,1860004,1858722,128,127,False,
1392,DG039,model.8.m.0.cv2.conv,8,20.866127014160156,20.866127014160156,1858722,1858464,14,13,False,
1393,DG040,model.8.m.0.m.0.cv1.conv,8,20.877851486206055,20.877851486206055,1858464,1858174,33,32,False,
1394,DG039,model.8.m.0.cv2.conv,9,20.884279251098633,20.884279251098633,1858174,1857916,13,12,False,
1395,DG039,model.8.m.0.cv2.conv,10,20.88858413696289,20.88858413696289,1857916,1857658,12,11,False,
1396,DG038,model.8.m.0.cv1.conv,15,20.901931762695312,20.901931762695312,1857658,1856208,16,15,False,
1397,DG040,model.8.m.0.m.0.cv1.conv,17,18.694942474365234,18.694942474365234,1856208,1855936,32,31,False,
1398,DG040,model.8.m.0.m.0.cv1.conv,16,19.013751983642578,19.013751983642578,1855936,1855664,31,30,False,
1399,DG041,model.8.m.0.m.1.cv1.conv,22,19.15749168395996,19.15749168395996,1855664,1855392,34,33,False,
1400,DG040,model.8.m.0.m.0.cv1.conv,25,19.397613525390625,19.397613525390625,1855392,1855120,30,29,True,True
1401,DG040,model.8.m.0.m.0.cv1.conv,9,19.431472778320312,19.431472778320312,1855120,1854848,29,28,False,
1402,DG040,model.8.m.0.m.0.cv1.conv,11,19.740360260009766,19.740360260009766,1854848,1854576,28,27,False,
1403,DG041,model.8.m.0.m.1.cv1.conv,0,19.849964141845703,19.849964141845703,1854576,1854304,33,32,False,
1404,DG040,model.8.m.0.m.0.cv1.conv,23,20.02080535888672,20.02080535888672,1854304,1854032,27,26,False,
1405,DG040,model.8.m.0.m.0.cv1.conv,22,20.030065536499023,20.030065536499023,1854032,1853760,26,25,False,
1406,DG040,model.8.m.0.m.0.cv1.conv,24,20.09608268737793,20.09608268737793,1853760,1853488,25,24,False,
1407,DG040,model.8.m.0.m.0.cv1.conv,8,20.130226135253906,20.130226135253906,1853488,1853216,24,23,False,
1408,DG040,model.8.m.0.m.0.cv1.conv,15,20.132694244384766,20.132694244384766,1853216,1852944,23,22,False,
1409,DG041,model.8.m.0.m.1.cv1.conv,5,20.206798553466797,20.206798553466797,1852944,1852672,32,31,False,
1410,DG041,model.8.m.0.m.1.cv1.conv,16,20.28211784362793,20.28211784362793,1852672,1852400,31,30,False,
1411,DG040,model.8.m.0.m.0.cv1.conv,15,20.284761428833008,20.284761428833008,1852400,1852128,22,21,False,
1412,DG041,model.8.m.0.m.1.cv1.conv,28,20.28716278076172,20.28716278076172,1852128,1851856,30,29,False,
1413,DG041,model.8.m.0.m.1.cv1.conv,26,20.44076919555664,20.44076919555664,1851856,1851584,29,28,False,
1414,DG041,model.8.m.0.m.1.cv1.conv,9,20.465394973754883,20.465394973754883,1851584,1851312,28,27,False,
1415,DG040,model.8.m.0.m.0.cv1.conv,1,20.465587615966797,20.465587615966797,1851312,1851040,21,20,False,
1416,DG041,model.8.m.0.m.1.cv1.conv,21,20.5035457611084,20.5035457611084,1851040,1850768,27,26,False,
1417,DG040,model.8.m.0.m.0.cv1.conv,13,20.553054809570312,20.553054809570312,1850768,1850496,20,19,False,
1418,DG040,model.8.m.0.m.0.cv1.conv,5,20.667776107788086,20.667776107788086,1850496,1850224,19,18,False,
1419,DG041,model.8.m.0.m.1.cv1.conv,24,20.830034255981445,20.830034255981445,1850224,1849952,26,25,False,
1420,DG041,model.8.m.0.m.1.cv1.conv,23,20.854801177978516,20.854801177978516,1849952,1849680,25,24,False,
1421,DG039,model.8.m.0.cv2.conv,6,20.907236099243164,20.907236099243164,1849680,1849422,11,10,False,
1422,DG039,model.8.m.0.cv2.conv,8,20.909393310546875,20.909393310546875,1849422,1849164,10,9,False,
1423,DG041,model.8.m.0.m.1.cv1.conv,6,20.9171085357666,20.9171085357666,1849164,1848892,24,23,False,
1424,DG040,model.8.m.0.m.0.cv1.conv,10,20.932758331298828,20.932758331298828,1848892,1848620,18,17,False,
1425,DG039,model.8.m.0.cv2.conv,6,20.945974349975586,20.945974349975586,1848620,1848362,9,8,True,True
1426,DG039,model.8.m.0.cv2.conv,3,20.952491760253906,20.952491760253906,1848362,1848104,8,7,False,
1427,DG038,model.8.m.0.cv1.conv,14,20.969547271728516,20.969547271728516,1848104,1847122,15,14,False,
1428,DG041,model.8.m.0.m.1.cv1.conv,17,17.138856887817383,17.138856887817383,1847122,1846868,23,22,False,
1429,DG040,model.8.m.0.m.0.cv1.conv,9,18.824134826660156,18.824134826660156,1846868,1846614,17,16,False,
1430,DG041,model.8.m.0.m.1.cv1.conv,19,18.83251953125,18.83251953125,1846614,1846360,22,21,False,
1431,DG041,model.8.m.0.m.1.cv1.conv,19,19.294086456298828,19.294086456298828,1846360,1846106,21,20,False,
1432,DG040,model.8.m.0.m.0.cv1.conv,8,19.47888946533203,19.47888946533203,1846106,1845852,16,15,False,
1433,DG041,model.8.m.0.m.1.cv1.conv,5,19.677776336669922,19.677776336669922,1845852,1845598,20,19,False,
1434,DG040,model.8.m.0.m.0.cv1.conv,1,19.822311401367188,19.822311401367188,1845598,1845344,15,14,False,
1435,DG040,model.8.m.0.m.0.cv1.conv,3,19.85877227783203,19.85877227783203,1845344,1845090,14,13,False,
1436,DG040,model.8.m.0.m.0.cv1.conv,8,19.96332550048828,19.96332550048828,1845090,1844836,13,12,False,
1437,DG040,model.8.m.0.m.0.cv1.conv,5,19.98678207397461,19.98678207397461,1844836,1844582,12,11,False,
1438,DG040,model.8.m.0.m.0.cv1.conv,2,19.993284225463867,19.993284225463867,1844582,1844328,11,10,False,
1439,DG040,model.8.m.0.m.0.cv1.conv,7,20.016294479370117,20.016294479370117,1844328,1844074,10,9,False,
1440,DG041,model.8.m.0.m.1.cv1.conv,8,20.045053482055664,20.045053482055664,1844074,1843820,19,18,False,
1441,DG041,model.8.m.0.m.1.cv1.conv,12,20.38375473022461,20.38375473022461,1843820,1843566,18,17,False,
1442,DG040,model.8.m.0.m.0.cv1.conv,1,20.51750946044922,20.51750946044922,1843566,1843312,9,8,False,
1443,DG041,model.8.m.0.m.1.cv1.conv,10,20.53034210205078,20.53034210205078,1843312,1843058,17,16,False,
1444,DG040,model.8.m.0.m.0.cv1.conv,6,20.823596954345703,20.823596954345703,1843058,1842804,8,7,False,
1445,DG041,model.8.m.0.m.1.cv1.conv,10,20.8478946685791,20.8478946685791,1842804,1842550,16,15,False,
1446,DG041,model.8.m.0.m.1.cv1.conv,3,20.888282775878906,20.888282775878906,1842550,1842296,15,14,False,
1447,DG041,model.8.m.0.m.1.cv1.conv,6,20.891016006469727,20.891016006469727,1842296,1842042,14,13,False,
1448,DG038,model.8.m.0.cv1.conv,0,20.969928741455078,20.969928741455078,1842042,1841420,14,13,False,
1449,DG041,model.8.m.0.m.1.cv1.conv,12,19.650177001953125,19.650177001953125,1841420,1841184,13,12,False,
1450,DG041,model.8.m.0.m.1.cv1.conv,10,19.682907104492188,19.682907104492188,1841184,1840948,12,11,True,True
1451,DG041,model.8.m.0.m.1.cv1.conv,10,19.987060546875,19.987060546875,1840948,1840712,11,10,False,
1452,DG041,model.8.m.0.m.1.cv1.conv,8,20.149085998535156,20.149085998535156,1840712,1840476,10,9,False,
1453,DG041,model.8.m.0.m.1.cv1.conv,7,20.249038696289062,20.249038696289062,1840476,1840240,9,8,False,
1454,DG041,model.8.m.0.m.1.cv1.conv,4,20.251842498779297,20.251842498779297,1840240,1840004,8,7,False,
1455,DG038,model.8.m.0.cv1.conv,12,21.077930450439453,21.077930450439453,1840004,1839490,13,12,False,
1456,DG026,model.22.m.0.1.ffn.0.conv,20,21.08197593688965,21.08197593688965,1839490,1839232,29,28,False,
1457,DG038,model.8.m.0.cv1.conv,9,21.098966598510742,21.098966598510742,1839232,1838718,12,11,False,
1458,DG026,model.22.m.0.1.ffn.0.conv,16,21.10904884338379,21.10904884338379,1838718,1838460,28,27,False,
1459,DG038,model.8.m.0.cv1.conv,5,21.122699737548828,21.122699737548828,1838460,1837946,11,10,False,
1460,DG026,model.22.m.0.1.ffn.0.conv,23,21.12969207763672,21.12969207763672,1837946,1837688,27,26,False,
1461,DG038,model.8.m.0.cv1.conv,6,21.142601013183594,21.142601013183594,1837688,1837174,10,9,False,
1462,DG038,model.8.m.0.cv1.conv,4,21.168289184570312,21.168289184570312,1837174,1836660,9,8,False,
1463,DG038,model.8.m.0.cv1.conv,0,21.232208251953125,21.232208251953125,1836660,1836146,8,7,False,
1464,DG031,model.6.cv2.conv,72,22.27719497680664,22.27719497680664,1836146,1833520,126,125,False,
1465,DG005,model.13.cv2.conv,104,22.63990020751953,22.63990020751953,1833520,1833134,128,127,False,
1466,DG005,model.13.cv2.conv,115,23.747045516967773,23.747045516967773,1833134,1832748,127,126,False,
1467,DG042,model.9.cv1.conv,84,24.25905418395996,24.25905418395996,1832748,1831466,127,126,False,
1468,DG005,model.13.cv2.conv,61,24.438411712646484,24.438411712646484,1831466,1831080,126,125,False,
1469,DG042,model.9.cv1.conv,91,24.71453857421875,24.71453857421875,1831080,1829798,126,125,False,
1470,DG031,model.6.cv2.conv,19,24.719039916992188,24.719039916992188,1829798,1827172,125,124,False,
1471,DG005,model.13.cv2.conv,3,24.741670608520508,24.741670608520508,1827172,1826786,125,124,False,
1472,DG031,model.6.cv2.conv,25,24.92934226989746,24.92934226989746,1826786,1824160,124,123,False,
1473,DG031,model.6.cv2.conv,13,25.31376075744629,25.31376075744629,1824160,1821534,123,122,False,
1474,DG031,model.6.cv2.conv,40,25.400907516479492,25.400907516479492,1821534,1818908,122,121,False,
1475,DG005,model.13.cv2.conv,118,25.794469833374023,25.794469833374023,1818908,1818522,124,123,True,True
1476,DG031,model.6.cv2.conv,73,25.919536590576172,25.919536590576172,1818522,1815896,121,120,False,
1477,DG031,model.6.cv2.conv,52,25.994829177856445,25.994829177856445,1815896,1813270,120,119,False,
1478,DG031,model.6.cv2.conv,78,26.126605987548828,26.126605987548828,1813270,1810644,119,118,False,
1479,DG042,model.9.cv1.conv,70,26.636173248291016,26.636173248291016,1810644,1809362,125,124,False,
1480,DG042,model.9.cv1.conv,30,26.6665096282959,26.6665096282959,1809362,1808080,124,123,False,
1481,DG031,model.6.cv2.conv,26,26.679765701293945,26.679765701293945,1808080,1805454,118,117,False,
1482,DG005,model.13.cv2.conv,119,26.776519775390625,26.776519775390625,1805454,1805068,123,122,False,
1483,DG031,model.6.cv2.conv,95,26.779617309570312,26.779617309570312,1805068,1802442,117,116,False,
1484,DG031,model.6.cv2.conv,29,26.815114974975586,26.815114974975586,1802442,1799816,116,115,False,
1485,DG031,model.6.cv2.conv,17,26.890899658203125,26.890899658203125,1799816,1797190,115,114,False,
1486,DG031,model.6.cv2.conv,4,26.937217712402344,26.937217712402344,1797190,1794564,114,113,False,
1487,DG005,model.13.cv2.conv,67,27.1091251373291,27.1091251373291,1794564,1794178,122,121,False,
1488,DG031,model.6.cv2.conv,98,27.171329498291016,27.171329498291016,1794178,1791552,113,112,False,
1489,DG031,model.6.cv2.conv,0,27.20021629333496,27.20021629333496,1791552,1788926,112,111,False,
1490,DG005,model.13.cv2.conv,105,27.48644256591797,27.48644256591797,1788926,1788540,121,120,False,
1491,DG005,model.13.cv2.conv,2,27.4923038482666,27.4923038482666,1788540,1788154,120,119,False,
1492,DG031,model.6.cv2.conv,46,27.628074645996094,27.628074645996094,1788154,1785528,111,110,False,
1493,DG005,model.13.cv2.conv,59,27.69099235534668,27.69099235534668,1785528,1785142,119,118,False,
1494,DG031,model.6.cv2.conv,45,27.7580509185791,27.7580509185791,1785142,1782516,110,109,False,
1495,DG031,model.6.cv2.conv,58,27.81601333618164,27.81601333618164,1782516,1779890,109,108,False,
1496,DG005,model.13.cv2.conv,16,27.9254093170166,27.9254093170166,1779890,1779504,118,117,False,
1497,DG005,model.13.cv2.conv,58,27.9700984954834,27.9700984954834,1779504,1779118,117,116,False,
1498,DG031,model.6.cv2.conv,44,27.999298095703125,27.999298095703125,1779118,1776492,108,107,False,
1499,DG031,model.6.cv2.conv,6,28.233335494995117,28.233335494995117,1776492,1773866,107,106,False,
1500,DG031,model.6.cv2.conv,103,28.38561248779297,28.38561248779297,1773866,1771240,106,105,True,True
1501,DG005,model.13.cv2.conv,75,28.400421142578125,28.400421142578125,1771240,1770854,116,115,False,
1502,DG005,model.13.cv2.conv,7,28.431039810180664,28.431039810180664,1770854,1770468,115,114,False,
1503,DG031,model.6.cv2.conv,43,28.447002410888672,28.447002410888672,1770468,1767842,105,104,False,
1504,DG005,model.13.cv2.conv,95,28.46084976196289,28.46084976196289,1767842,1767456,114,113,False,
1505,DG031,model.6.cv2.conv,77,28.537986755371094,28.537986755371094,1767456,1764830,104,103,False,
1506,DG031,model.6.cv2.conv,63,28.63956642150879,28.63956642150879,1764830,1762204,103,102,False,
1507,DG031,model.6.cv2.conv,35,28.695653915405273,28.695653915405273,1762204,1759578,102,101,False,
1508,DG031,model.6.cv2.conv,31,28.721271514892578,28.721271514892578,1759578,1756952,101,100,False,
1509,DG031,model.6.cv2.conv,58,28.745868682861328,28.745868682861328,1756952,1754326,100,99,False,
1510,DG005,model.13.cv2.conv,44,28.809329986572266,28.809329986572266,1754326,1753940,113,112,False,
1511,DG005,model.13.cv2.conv,14,28.81266975402832,28.81266975402832,1753940,1753554,112,111,False,
1512,DG005,model.13.cv2.conv,37,28.87738037109375,28.87738037109375,1753554,1753168,111,110,False,
1513,DG031,model.6.cv2.conv,6,28.913501739501953,28.913501739501953,1753168,1750542,99,98,False,
1514,DG031,model.6.cv2.conv,22,28.94495964050293,28.94495964050293,1750542,1747916,98,97,False,
1515,DG005,model.13.cv2.conv,40,28.95750617980957,28.95750617980957,1747916,1747530,110,109,False,
1516,DG005,model.13.cv2.conv,21,28.962644577026367,28.962644577026367,1747530,1747144,109,108,False,
1517,DG031,model.6.cv2.conv,94,28.989788055419922,28.989788055419922,1747144,1744518,97,96,False,
1518,DG031,model.6.cv2.conv,59,29.046958923339844,29.046958923339844,1744518,1741892,96,95,False,
1519,DG031,model.6.cv2.conv,61,29.08930015563965,29.08930015563965,1741892,1739266,95,94,False,
1520,DG005,model.13.cv2.conv,51,29.130260467529297,29.130260467529297,1739266,1738880,108,107,False,
1521,DG005,model.13.cv2.conv,85,29.13559913635254,29.13559913635254,1738880,1738494,107,106,False,
1522,DG005,model.13.cv2.conv,81,29.15056800842285,29.15056800842285,1738494,1738108,106,105,False,
1523,DG005,model.13.cv2.conv,19,29.158109664916992,29.158109664916992,1738108,1737722,105,104,False,
1524,DG005,model.13.cv2.conv,85,29.26326560974121,29.26326560974121,1737722,1737336,104,103,False,
1525,DG031,model.6.cv2.conv,80,29.34552001953125,29.34552001953125,1737336,1734710,94,93,True,True
1526,DG005,model.13.cv2.conv,85,29.351041793823242,29.351041793823242,1734710,1734324,103,102,False,
1527,DG031,model.6.cv2.conv,75,29.399089813232422,29.399089813232422,1734324,1731698,93,92,False,
1528,DG031,model.6.cv2.conv,90,29.401737213134766,29.401737213134766,1731698,1729072,92,91,False,
1529,DG005,model.13.cv2.conv,69,29.408363342285156,29.408363342285156,1729072,1728686,102,101,False,
1530,DG031,model.6.cv2.conv,84,29.420381546020508,29.420381546020508,1728686,1726060,91,90,False,
1531,DG005,model.13.cv2.conv,94,29.46448516845703,29.46448516845703,1726060,1725674,101,100,False,
1532,DG031,model.6.cv2.conv,45,29.4702091217041,29.4702091217041,1725674,1723048,90,89,False,
1533,DG031,model.6.cv2.conv,54,29.476533889770508,29.476533889770508,1723048,1720422,89,88,False,
1534,DG005,model.13.cv2.conv,16,29.532848358154297,29.532848358154297,1720422,1720036,100,99,False,
1535,DG031,model.6.cv2.conv,9,29.548267364501953,29.548267364501953,1720036,1717410,88,87,False,
1536,DG031,model.6.cv2.conv,31,29.55952262878418,29.55952262878418,1717410,1714784,87,86,False,
1537,DG031,model.6.cv2.conv,53,29.577316284179688,29.577316284179688,1714784,1712158,86,85,False,
1538,DG005,model.13.cv2.conv,90,29.58087730407715,29.58087730407715,1712158,1711772,99,98,False,
1539,DG031,model.6.cv2.conv,79,29.596420288085938,29.596420288085938,1711772,1709146,85,84,False,
1540,DG031,model.6.cv2.conv,15,29.5986385345459,29.5986385345459,1709146,1706520,84,83,False,
1541,DG031,model.6.cv2.conv,75,29.606077194213867,29.606077194213867,1706520,1703894,83,82,False,
1542,DG005,model.13.cv2.conv,23,29.613027572631836,29.613027572631836,1703894,1703508,98,97,False,
1543,DG005,model.13.cv2.conv,52,29.629182815551758,29.629182815551758,1703508,1703122,97,96,False,
1544,DG031,model.6.cv2.conv,54,29.630760192871094,29.630760192871094,1703122,1700496,82,81,False,
1545,DG031,model.6.cv2.conv,51,29.635398864746094,29.635398864746094,1700496,1697870,81,80,False,
1546,DG031,model.6.cv2.conv,50,29.668291091918945,29.668291091918945,1697870,1695244,80,79,False,
1547,DG005,model.13.cv2.conv,91,29.683141708374023,29.683141708374023,1695244,1694858,96,95,False,
1548,DG005,model.13.cv2.conv,8,29.68630027770996,29.68630027770996,1694858,1694472,95,94,False,
1549,DG005,model.13.cv2.conv,24,29.71651268005371,29.71651268005371,1694472,1694086,94,93,False,
1550,DG031,model.6.cv2.conv,56,29.73577308654785,29.73577308654785,1694086,1691460,79,78,True,True
1551,DG031,model.6.cv2.conv,37,29.7387638092041,29.7387638092041,1691460,1688834,78,77,False,
1552,DG031,model.6.cv2.conv,55,29.757944107055664,29.757944107055664,1688834,1686208,77,76,False,
1553,DG005,model.13.cv2.conv,40,29.76435089111328,29.76435089111328,1686208,1685822,93,92,False,
1554,DG031,model.6.cv2.conv,48,29.772014617919922,29.772014617919922,1685822,1683196,76,75,False,
1555,DG031,model.6.cv2.conv,7,29.783100128173828,29.783100128173828,1683196,1680570,75,74,False,
1556,DG031,model.6.cv2.conv,26,29.78502655029297,29.78502655029297,1680570,1677944,74,73,False,
1557,DG031,model.6.cv2.conv,60,29.800813674926758,29.800813674926758,1677944,1675318,73,72,False,
1558,DG005,model.13.cv2.conv,61,29.812726974487305,29.812726974487305,1675318,1674932,92,91,False,
1559,DG031,model.6.cv2.conv,22,29.843425750732422,29.843425750732422,1674932,1672306,72,71,False,
1560,DG005,model.13.cv2.conv,16,29.852853775024414,29.852853775024414,1672306,1671920,91,90,False,
1561,DG031,model.6.cv2.conv,48,29.875547409057617,29.875547409057617,1671920,1669294,71,70,False,
1562,DG031,model.6.cv2.conv,1,29.92412567138672,29.92412567138672,1669294,1666668,70,69,False,
1563,DG005,model.13.cv2.conv,69,29.935041427612305,29.935041427612305,1666668,1666282,90,89,False,
1564,DG031,model.6.cv2.conv,47,29.94217872619629,29.94217872619629,1666282,1663656,69,68,False,
1565,DG005,model.13.cv2.conv,50,29.946008682250977,29.946008682250977,1663656,1663270,89,88,False,
1566,DG031,model.6.cv2.conv,30,29.947044372558594,29.947044372558594,1663270,1660644,68,67,False,
1567,DG005,model.13.cv2.conv,47,29.96263885498047,29.96263885498047,1660644,1660258,88,87,False,
1568,DG031,model.6.cv2.conv,2,30.01397132873535,30.01397132873535,1660258,1657632,67,66,False,
1569,DG005,model.13.cv2.conv,12,30.020225524902344,30.020225524902344,1657632,1657246,87,86,False,
1570,DG031,model.6.cv2.conv,28,30.044275283813477,30.044275283813477,1657246,1654620,66,65,False,
1571,DG005,model.13.cv2.conv,46,30.061473846435547,30.061473846435547,1654620,1654234,86,85,False,
1572,DG005,model.13.cv2.conv,14,30.09145736694336,30.09145736694336,1654234,1653848,85,84,False,
1573,DG031,model.6.cv2.conv,14,30.09555435180664,30.09555435180664,1653848,1651222,65,64,False,
1574,DG031,model.6.cv2.conv,5,30.153947830200195,30.153947830200195,1651222,1648596,64,63,False,
1575,DG031,model.6.cv2.conv,56,30.172264099121094,30.172264099121094,1648596,1645970,63,62,True,True
1576,DG031,model.6.cv2.conv,3,30.177711486816406,30.177711486816406,1645970,1643344,62,61,False,
1577,DG005,model.13.cv2.conv,17,30.194618225097656,30.194618225097656,1643344,1642958,84,83,False,
1578,DG031,model.6.cv2.conv,36,30.203752517700195,30.203752517700195,1642958,1640332,61,60,False,
1579,DG005,model.13.cv2.conv,8,30.20452308654785,30.20452308654785,1640332,1639946,83,82,False,
1580,DG005,model.13.cv2.conv,41,30.21133804321289,30.21133804321289,1639946,1639560,82,81,False,
1581,DG005,model.13.cv2.conv,2,30.234315872192383,30.234315872192383,1639560,1639174,81,80,False,
1582,DG031,model.6.cv2.conv,12,30.238929748535156,30.238929748535156,1639174,1636548,60,59,False,
1583,DG031,model.6.cv2.conv,14,30.246679306030273,30.246679306030273,1636548,1633922,59,58,False,
1584,DG005,model.13.cv2.conv,54,30.251052856445312,30.251052856445312,1633922,1633536,80,79,False,
1585,DG031,model.6.cv2.conv,21,30.292482376098633,30.292482376098633,1633536,1630910,58,57,False,
1586,DG031,model.6.cv2.conv,37,30.2974910736084,30.2974910736084,1630910,1628284,57,56,False,
1587,DG031,model.6.cv2.conv,28,30.30738067626953,30.30738067626953,1628284,1625658,56,55,False,
1588,DG031,model.6.cv2.conv,13,30.31753158569336,30.31753158569336,1625658,1623032,55,54,False,
1589,DG005,model.13.cv2.conv,48,30.34781265258789,30.34781265258789,1623032,1622646,79,78,False,
1590,DG031,model.6.cv2.conv,38,30.34783363342285,30.34783363342285,1622646,1620020,54,53,False,
1591,DG031,model.6.cv2.conv,30,30.366254806518555,30.366254806518555,1620020,1617394,53,52,False,
1592,DG031,model.6.cv2.conv,21,30.37708854675293,30.37708854675293,1617394,1614768,52,51,False,
1593,DG005,model.13.cv2.conv,69,30.37722396850586,30.37722396850586,1614768,1614382,78,77,False,
1594,DG005,model.13.cv2.conv,64,30.38018035888672,30.38018035888672,1614382,1613996,77,76,False,
1595,DG005,model.13.cv2.conv,67,30.406044006347656,30.406044006347656,1613996,1613610,76,75,False,
1596,DG031,model.6.cv2.conv,5,30.410579681396484,30.410579681396484,1613610,1610984,51,50,False,
1597,DG031,model.6.cv2.conv,30,30.41488265991211,30.41488265991211,1610984,1608358,50,49,False,
1598,DG005,model.13.cv2.conv,42,30.419862747192383,30.419862747192383,1608358,1607972,75,74,False,
1599,DG031,model.6.cv2.conv,0,30.442224502563477,30.442224502563477,1607972,1605346,49,48,False,
1600,DG005,model.13.cv2.conv,5,30.44540786743164,30.44540786743164,1605346,1604960,74,73,True,True
1601,DG005,model.13.cv2.conv,55,30.462297439575195,30.462297439575195,1604960,1604574,73,72,False,
1602,DG005,model.13.cv2.conv,41,30.473011016845703,30.473011016845703,1604574,1604188,72,71,False,
1603,DG031,model.6.cv2.conv,33,30.488115310668945,30.488115310668945,1604188,1601562,48,47,False,
1604,DG031,model.6.cv2.conv,15,30.502702713012695,30.502702713012695,1601562,1598936,47,46,False,
1605,DG005,model.13.cv2.conv,63,30.525753021240234,30.525753021240234,1598936,1598550,71,70,False,
1606,DG005,model.13.cv2.conv,40,30.53437614440918,30.53437614440918,1598550,1598164,70,69,False,
1607,DG005,model.13.cv2.conv,49,30.543025970458984,30.543025970458984,1598164,1597778,69,68,False,
1608,DG005,model.13.cv2.conv,31,30.557945251464844,30.557945251464844,1597778,1597392,68,67,False,
1609,DG005,model.13.cv2.conv,65,30.574378967285156,30.574378967285156,1597392,1597006,67,66,False,
1610,DG031,model.6.cv2.conv,12,30.57821273803711,30.57821273803711,1597006,1594380,46,45,False,
1611,DG005,model.13.cv2.conv,38,30.59008026123047,30.59008026123047,1594380,1593994,66,65,False,
1612,DG005,model.13.cv2.conv,19,30.595474243164062,30.595474243164062,1593994,1593608,65,64,False,
1613,DG031,model.6.cv2.conv,22,30.60858154296875,30.60858154296875,1593608,1590982,45,44,False,
1614,DG031,model.6.cv2.conv,11,30.623966217041016,30.623966217041016,1590982,1588356,44,43,False,
1615,DG031,model.6.cv2.conv,3,30.626497268676758,30.626497268676758,1588356,1585730,43,42,False,
1616,DG005,model.13.cv2.conv,59,30.63671112060547,30.63671112060547,1585730,1585344,64,63,False,
1617,DG031,model.6.cv2.conv,40,30.65960693359375,30.65960693359375,1585344,1582718,42,41,False,
1618,DG031,model.6.cv2.conv,40,30.679386138916016,30.679386138916016,1582718,1580092,41,40,False,
1619,DG031,model.6.cv2.conv,25,30.684274673461914,30.684274673461914,1580092,1577466,40,39,False,
1620,DG005,model.13.cv2.conv,58,30.6978816986084,30.6978816986084,1577466,1577080,63,62,False,
1621,DG005,model.13.cv2.conv,42,30.728527069091797,30.728527069091797,1577080,1576694,62,61,False,
1622,DG005,model.13.cv2.conv,27,30.729467391967773,30.729467391967773,1576694,1576308,61,60,False,
1623,DG005,model.13.cv2.conv,49,30.733234405517578,30.733234405517578,1576308,1575922,60,59,False,
1624,DG005,model.13.cv2.conv,42,30.74807357788086,30.74807357788086,1575922,1575536,59,58,False,
1625,DG031,model.6.cv2.conv,7,30.761682510375977,30.761682510375977,1575536,1572910,39,38,True,True
1626,DG031,model.6.cv2.conv,29,30.766387939453125,30.766387939453125,1572910,1570284,38,37,False,
1627,DG005,model.13.cv2.conv,48,30.785964965820312,30.785964965820312,1570284,1569898,58,57,False,
1628,DG031,model.6.cv2.conv,24,30.789335250854492,30.789335250854492,1569898,1567272,37,36,False,
1629,DG031,model.6.cv2.conv,14,30.796924591064453,30.796924591064453,1567272,1564646,36,35,False,
1630,DG031,model.6.cv2.conv,21,30.819194793701172,30.819194793701172,1564646,1562020,35,34,False,
1631,DG036,model.7.conv,118,30.127208709716797,30.127208709716797,1562020,1561456,256,255,False,
1632,DG031,model.6.cv2.conv,32,30.823698043823242,30.823698043823242,1561456,1558839,34,33,False,
1633,DG036,model.7.conv,71,30.794160842895508,30.794160842895508,1558839,1558284,255,254,False,
1634,DG031,model.6.cv2.conv,22,30.828777313232422,30.828777313232422,1558284,1555676,33,32,False,
1635,DG036,model.7.conv,60,29.65245819091797,29.65245819091797,1555676,1555130,254,253,False,
1636,DG036,model.7.conv,81,30.308820724487305,30.308820724487305,1555130,1554584,253,252,False,
1637,DG031,model.6.cv2.conv,31,30.83301544189453,30.83301544189453,1554584,1551994,32,31,False,
1638,DG036,model.7.conv,158,30.742977142333984,30.742977142333984,1551994,1551457,252,251,False,
1639,DG031,model.6.cv2.conv,25,30.83451271057129,30.83451271057129,1551457,1548876,31,30,False,
1640,DG036,model.7.conv,2,30.427242279052734,30.427242279052734,1548876,1548348,251,250,False,
1641,DG036,model.7.conv,66,30.809255599975586,30.809255599975586,1548348,1547820,250,249,False,
1642,DG005,model.13.cv2.conv,12,30.842866897583008,30.842866897583008,1547820,1547434,57,56,False,
1643,DG005,model.13.cv2.conv,25,30.865703582763672,30.865703582763672,1547434,1547048,56,55,False,
1644,DG031,model.6.cv2.conv,15,30.869098663330078,30.869098663330078,1547048,1544485,30,29,False,
1645,DG036,model.7.conv,75,29.954517364501953,29.954517364501953,1544485,1543966,249,248,False,
1646,DG036,model.7.conv,102,29.997825622558594,29.997825622558594,1543966,1543447,248,247,False,
1647,DG036,model.7.conv,34,30.589710235595703,30.589710235595703,1543447,1542928,247,246,False,
1648,DG036,model.7.conv,91,30.70196533203125,30.70196533203125,1542928,1542409,246,245,False,
1649,DG005,model.13.cv2.conv,47,30.8747615814209,30.8747615814209,1542409,1542023,55,54,False,
1650,DG005,model.13.cv2.conv,29,30.876266479492188,30.876266479492188,1542023,1541637,54,53,True,True
1651,DG005,model.13.cv2.conv,20,30.88249969482422,30.88249969482422,1541637,1541251,53,52,False,
1652,DG005,model.13.cv2.conv,25,30.922460556030273,30.922460556030273,1541251,1540865,52,51,False,
1653,DG005,model.13.cv2.conv,44,30.927021026611328,30.927021026611328,1540865,1540479,51,50,False,
1654,DG005,model.13.cv2.conv,14,30.929471969604492,30.929471969604492,1540479,1540093,50,49,False,
1655,DG031,model.6.cv2.conv,0,30.934213638305664,30.934213638305664,1540093,1537566,29,28,False,
1656,DG036,model.7.conv,53,28.415771484375,28.415771484375,1537566,1537056,245,244,False,
1657,DG036,model.7.conv,99,29.784671783447266,29.784671783447266,1537056,1536546,244,243,False,
1658,DG036,model.7.conv,26,30.36453628540039,30.36453628540039,1536546,1536036,243,242,False,
1659,DG036,model.7.conv,69,30.50444984436035,30.50444984436035,1536036,1535526,242,241,False,
1660,DG036,model.7.conv,84,30.77416229248047,30.77416229248047,1535526,1535016,241,240,False,
1661,DG031,model.6.cv2.conv,22,30.93667984008789,30.93667984008789,1535016,1532534,28,27,False,
1662,DG036,model.7.conv,57,29.849592208862305,29.849592208862305,1532534,1532033,240,239,False,
1663,DG036,model.7.conv,237,30.067596435546875,30.067596435546875,1532033,1531532,239,238,False,
1664,DG036,model.7.conv,3,30.131696701049805,30.131696701049805,1531532,1531031,238,237,False,
1665,DG036,model.7.conv,158,30.1890869140625,30.1890869140625,1531031,1530530,237,236,False,
1666,DG036,model.7.conv,183,30.189311981201172,30.189311981201172,1530530,1530029,236,235,False,
1667,DG036,model.7.conv,75,30.199913024902344,30.199913024902344,1530029,1529528,235,234,False,
1668,DG036,model.7.conv,174,30.23063087463379,30.23063087463379,1529528,1529027,234,233,False,
1669,DG036,model.7.conv,7,30.322851181030273,30.322851181030273,1529027,1528526,233,232,False,
1670,DG036,model.7.conv,36,30.326732635498047,30.326732635498047,1528526,1528025,232,231,False,
1671,DG036,model.7.conv,82,30.419403076171875,30.419403076171875,1528025,1527524,231,230,False,
1672,DG036,model.7.conv,121,30.447235107421875,30.447235107421875,1527524,1527023,230,229,False,
1673,DG036,model.7.conv,198,30.548748016357422,30.548748016357422,1527023,1526522,229,228,False,
1674,DG036,model.7.conv,113,30.808290481567383,30.808290481567383,1526522,1526021,228,227,False,
1675,DG036,model.7.conv,111,30.816158294677734,30.816158294677734,1526021,1525520,227,226,True,True
1676,DG005,model.13.cv2.conv,25,30.946121215820312,30.946121215820312,1525520,1525134,49,48,False,
1677,DG005,model.13.cv2.conv,32,30.953351974487305,30.953351974487305,1525134,1524748,48,47,False,
1678,DG031,model.6.cv2.conv,21,30.970470428466797,30.970470428466797,1524748,1522392,27,26,False,
1679,DG036,model.7.conv,103,28.833751678466797,28.833751678466797,1522392,1521900,226,225,False,
1680,DG036,model.7.conv,149,29.51239776611328,29.51239776611328,1521900,1521408,225,224,False,
1681,DG036,model.7.conv,151,29.729673385620117,29.729673385620117,1521408,1520916,224,223,False,
1682,DG036,model.7.conv,159,29.81999397277832,29.81999397277832,1520916,1520424,223,222,False,
1683,DG036,model.7.conv,29,29.821392059326172,29.821392059326172,1520424,1519932,222,221,False,
1684,DG036,model.7.conv,114,29.923707962036133,29.923707962036133,1519932,1519440,221,220,False,
1685,DG036,model.7.conv,141,30.1837158203125,30.1837158203125,1519440,1518948,220,219,False,
1686,DG036,model.7.conv,184,30.447816848754883,30.447816848754883,1518948,1518456,219,218,False,
1687,DG036,model.7.conv,86,30.480743408203125,30.480743408203125,1518456,1517964,218,217,False,
1688,DG036,model.7.conv,77,30.48184585571289,30.48184585571289,1517964,1517472,217,216,False,
1689,DG036,model.7.conv,98,30.49411392211914,30.49411392211914,1517472,1516980,216,215,False,
1690,DG036,model.7.conv,37,30.511146545410156,30.511146545410156,1516980,1516488,215,214,False,
1691,DG036,model.7.conv,34,30.541715621948242,30.541715621948242,1516488,1515996,214,213,False,
1692,DG036,model.7.conv,211,30.607725143432617,30.607725143432617,1515996,1515504,213,212,False,
1693,DG036,model.7.conv,34,30.612548828125,30.612548828125,1515504,1515012,212,211,False,
1694,DG036,model.7.conv,10,30.74933624267578,30.74933624267578,1515012,1514520,211,210,False,
1695,DG036,model.7.conv,14,30.79557991027832,30.79557991027832,1514520,1514028,210,209,False,
1696,DG036,model.7.conv,197,30.83182144165039,30.83182144165039,1514028,1513536,209,208,False,
1697,DG036,model.7.conv,190,30.97064971923828,30.97064971923828,1513536,1513044,208,207,False,
1698,DG036,model.7.conv,35,30.97148895263672,30.97148895263672,1513044,1512552,207,206,False,
1699,DG005,model.13.cv2.conv,33,30.97734260559082,30.97734260559082,1512552,1512166,47,46,False,
1700,DG031,model.6.cv2.conv,2,30.977584838867188,30.977584838867188,1512166,1509990,26,25,True,True
1701,DG036,model.7.conv,156,28.343809127807617,28.343809127807617,1509990,1509507,206,205,False,
1702,DG036,model.7.conv,131,29.72258186340332,29.72258186340332,1509507,1509024,205,204,False,
1703,DG036,model.7.conv,202,29.724483489990234,29.724483489990234,1509024,1508541,204,203,False,
1704,DG036,model.7.conv,1,29.959827423095703,29.959827423095703,1508541,1508058,203,202,False,
1705,DG036,model.7.conv,63,29.98747444152832,29.98747444152832,1508058,1507575,202,201,False,
1706,DG036,model.7.conv,109,29.992435455322266,29.992435455322266,1507575,1507092,201,200,False,
1707,DG036,model.7.conv,26,30.035429000854492,30.035429000854492,1507092,1506609,200,199,False,
1708,DG036,model.7.conv,1,30.079744338989258,30.079744338989258,1506609,1506126,199,198,False,
1709,DG036,model.7.conv,54,30.157194137573242,30.157194137573242,1506126,1505643,198,197,False,
1710,DG036,model.7.conv,63,30.249385833740234,30.249385833740234,1505643,1505160,197,196,False,
1711,DG036,model.7.conv,52,30.29352378845215,30.29352378845215,1505160,1504677,196,195,False,
1712,DG036,model.7.conv,93,30.310792922973633,30.310792922973633,1504677,1504194,195,194,False,
1713,DG036,model.7.conv,69,30.421030044555664,30.421030044555664,1504194,1503711,194,193,False,
1714,DG036,model.7.conv,156,30.424196243286133,30.424196243286133,1503711,1503228,193,192,False,
1715,DG036,model.7.conv,171,30.424829483032227,30.424829483032227,1503228,1502745,192,191,False,
1716,DG036,model.7.conv,149,30.594406127929688,30.594406127929688,1502745,1502262,191,190,False,
1717,DG036,model.7.conv,106,30.614395141601562,30.614395141601562,1502262,1501779,190,189,False,
1718,DG036,model.7.conv,76,30.64271354675293,30.64271354675293,1501779,1501296,189,188,False,
1719,DG036,model.7.conv,70,30.681344985961914,30.681344985961914,1501296,1500813,188,187,False,
1720,DG036,model.7.conv,165,30.68471908569336,30.68471908569336,1500813,1500330,187,186,False,
1721,DG036,model.7.conv,87,30.74295425415039,30.74295425415039,1500330,1499847,186,185,False,
1722,DG036,model.7.conv,120,30.781789779663086,30.781789779663086,1499847,1499364,185,184,False,
1723,DG036,model.7.conv,132,30.80890464782715,30.80890464782715,1499364,1498881,184,183,False,
1724,DG036,model.7.conv,97,30.8638916015625,30.8638916015625,1498881,1498398,183,182,False,
1725,DG036,model.7.conv,153,30.912460327148438,30.912460327148438,1498398,1497915,182,181,True,True
1726,DG036,model.7.conv,33,30.928491592407227,30.928491592407227,1497915,1497432,181,180,False,
1727,DG036,model.7.conv,4,30.961639404296875,30.961639404296875,1497432,1496949,180,179,False,
1728,DG005,model.13.cv2.conv,34,30.99357032775879,30.99357032775879,1496949,1496563,46,45,False,
1729,DG031,model.6.cv2.conv,12,30.997873306274414,30.997873306274414,1496563,1494630,25,24,False,
1730,DG036,model.7.conv,31,29.132640838623047,29.132640838623047,1494630,1494156,179,178,False,
1731,DG036,model.7.conv,116,29.146366119384766,29.146366119384766,1494156,1493682,178,177,False,
1732,DG036,model.7.conv,112,29.14793586730957,29.14793586730957,1493682,1493208,177,176,False,
1733,DG036,model.7.conv,161,29.22930908203125,29.22930908203125,1493208,1492734,176,175,False,
1734,DG036,model.7.conv,55,29.557527542114258,29.557527542114258,1492734,1492260,175,174,False,
1735,DG036,model.7.conv,28,29.57510757446289,29.57510757446289,1492260,1491786,174,173,False,
1736,DG036,model.7.conv,87,29.61189079284668,29.61189079284668,1491786,1491312,173,172,False,
1737,DG036,model.7.conv,56,29.828672409057617,29.828672409057617,1491312,1490838,172,171,False,
1738,DG036,model.7.conv,103,29.901535034179688,29.901535034179688,1490838,1490364,171,170,False,
1739,DG036,model.7.conv,123,29.984447479248047,29.984447479248047,1490364,1489890,170,169,False,
1740,DG036,model.7.conv,15,30.167360305786133,30.167360305786133,1489890,1489416,169,168,False,
1741,DG036,model.7.conv,117,30.3912296295166,30.3912296295166,1489416,1488942,168,167,False,
1742,DG036,model.7.conv,74,30.393020629882812,30.393020629882812,1488942,1488468,167,166,False,
1743,DG036,model.7.conv,96,30.437084197998047,30.437084197998047,1488468,1487994,166,165,False,
1744,DG036,model.7.conv,21,30.501188278198242,30.501188278198242,1487994,1487520,165,164,False,
1745,DG036,model.7.conv,38,30.51458740234375,30.51458740234375,1487520,1487046,164,163,False,
1746,DG036,model.7.conv,20,30.548669815063477,30.548669815063477,1487046,1486572,163,162,False,
1747,DG036,model.7.conv,29,30.549949645996094,30.549949645996094,1486572,1486098,162,161,False,
1748,DG036,model.7.conv,7,30.574554443359375,30.574554443359375,1486098,1485624,161,160,False,
1749,DG036,model.7.conv,16,30.61880874633789,30.61880874633789,1485624,1485150,160,159,False,
1750,DG036,model.7.conv,46,30.653034210205078,30.653034210205078,1485150,1484676,159,158,True,True
1751,DG036,model.7.conv,150,30.664257049560547,30.664257049560547,1484676,1484202,158,157,False,
1752,DG036,model.7.conv,64,30.669692993164062,30.669692993164062,1484202,1483728,157,156,False,
1753,DG036,model.7.conv,103,30.7117977142334,30.7117977142334,1483728,1483254,156,155,False,
1754,DG036,model.7.conv,10,30.72344207763672,30.72344207763672,1483254,1482780,155,154,False,
1755,DG036,model.7.conv,132,30.736534118652344,30.736534118652344,1482780,1482306,154,153,False,
1756,DG036,model.7.conv,111,30.737213134765625,30.737213134765625,1482306,1481832,153,152,False,
1757,DG036,model.7.conv,127,30.742136001586914,30.742136001586914,1481832,1481358,152,151,False,
1758,DG036,model.7.conv,63,30.761123657226562,30.761123657226562,1481358,1480884,151,150,False,
1759,DG036,model.7.conv,129,30.77787208557129,30.77787208557129,1480884,1480410,150,149,False,
1760,DG036,model.7.conv,46,30.805755615234375,30.805755615234375,1480410,1479936,149,148,False,
1761,DG036,model.7.conv,106,30.839405059814453,30.839405059814453,1479936,1479462,148,147,False,
1762,DG036,model.7.conv,52,30.842544555664062,30.842544555664062,1479462,1478988,147,146,False,
1763,DG036,model.7.conv,134,30.85179901123047,30.85179901123047,1478988,1478514,146,145,False,
1764,DG036,model.7.conv,6,30.9273738861084,30.9273738861084,1478514,1478040,145,144,False,
1765,DG036,model.7.conv,78,30.955585479736328,30.955585479736328,1478040,1477566,144,143,False,
1766,DG036,model.7.conv,55,30.959131240844727,30.959131240844727,1477566,1477092,143,142,False,
1767,DG036,model.7.conv,9,30.986064910888672,30.986064910888672,1477092,1476618,142,141,False,
1768,DG036,model.7.conv,3,31.0008487701416,31.0008487701416,1476618,1476144,141,140,False,
1769,DG005,model.13.cv2.conv,13,31.007356643676758,31.007356643676758,1476144,1475758,45,44,False,
1770,DG005,model.13.cv2.conv,39,31.01264762878418,31.01264762878418,1475758,1475372,44,43,False,
1771,DG031,model.6.cv2.conv,19,31.014392852783203,31.014392852783203,1475372,1473790,24,23,False,
1772,DG036,model.7.conv,124,28.74652862548828,28.74652862548828,1473790,1473325,140,139,False,
1773,DG036,model.7.conv,69,28.794458389282227,28.794458389282227,1473325,1472860,139,138,False,
1774,DG036,model.7.conv,54,28.96347427368164,28.96347427368164,1472860,1472395,138,137,False,
1775,DG036,model.7.conv,5,29.220794677734375,29.220794677734375,1472395,1471930,137,136,True,True
1776,DG036,model.7.conv,78,29.301631927490234,29.301631927490234,1471930,1471465,136,135,False,
1777,DG036,model.7.conv,90,29.466365814208984,29.466365814208984,1471465,1471000,135,134,False,
1778,DG036,model.7.conv,18,29.52537727355957,29.52537727355957,1471000,1470535,134,133,False,
1779,DG036,model.7.conv,65,29.58397674560547,29.58397674560547,1470535,1470070,133,132,False,
1780,DG036,model.7.conv,9,29.611263275146484,29.611263275146484,1470070,1469605,132,131,False,
1781,DG036,model.7.conv,104,29.731746673583984,29.731746673583984,1469605,1469140,131,130,False,
1782,DG036,model.7.conv,0,29.773136138916016,29.773136138916016,1469140,1468675,130,129,False,
1783,DG036,model.7.conv,128,29.77972412109375,29.77972412109375,1468675,1468210,129,128,False,
1784,DG036,model.7.conv,40,29.80453872680664,29.80453872680664,1468210,1467745,128,127,False,
1785,DG036,model.7.conv,50,29.90355682373047,29.90355682373047,1467745,1467280,127,126,False,
1786,DG036,model.7.conv,70,29.971424102783203,29.971424102783203,1467280,1466815,126,125,False,
1787,DG036,model.7.conv,44,30.018442153930664,30.018442153930664,1466815,1466350,125,124,False,
1788,DG036,model.7.conv,82,30.087486267089844,30.087486267089844,1466350,1465885,124,123,False,
1789,DG036,model.7.conv,14,30.0917911529541,30.0917911529541,1465885,1465420,123,122,False,
1790,DG036,model.7.conv,34,30.095802307128906,30.095802307128906,1465420,1464955,122,121,False,
1791,DG036,model.7.conv,30,30.109439849853516,30.109439849853516,1464955,1464490,121,120,False,
1792,DG036,model.7.conv,24,30.135766983032227,30.135766983032227,1464490,1464025,120,119,False,
1793,DG036,model.7.conv,50,30.167043685913086,30.167043685913086,1464025,1463560,119,118,False,
1794,DG036,model.7.conv,26,30.197425842285156,30.197425842285156,1463560,1463095,118,117,False,
1795,DG036,model.7.conv,41,30.23727035522461,30.23727035522461,1463095,1462630,117,116,False,
1796,DG036,model.7.conv,80,30.28142547607422,30.28142547607422,1462630,1462165,116,115,False,
1797,DG036,model.7.conv,37,30.282699584960938,30.282699584960938,1462165,1461700,115,114,False,
1798,DG036,model.7.conv,90,30.296083450317383,30.296083450317383,1461700,1461235,114,113,False,
1799,DG036,model.7.conv,76,30.40092658996582,30.40092658996582,1461235,1460770,113,112,False,
1800,DG036,model.7.conv,72,30.430137634277344,30.430137634277344,1460770,1460305,112,111,True,True
1801,DG036,model.7.conv,33,30.451946258544922,30.451946258544922,1460305,1459840,111,110,False,
1802,DG036,model.7.conv,83,30.532394409179688,30.532394409179688,1459840,1459375,110,109,False,
1803,DG036,model.7.conv,64,30.547147750854492,30.547147750854492,1459375,1458910,109,108,False,
1804,DG036,model.7.conv,8,30.61014175415039,30.61014175415039,1458910,1458445,108,107,False,
1805,DG036,model.7.conv,81,30.62172508239746,30.62172508239746,1458445,1457980,107,106,False,
1806,DG036,model.7.conv,83,30.635910034179688,30.635910034179688,1457980,1457515,106,105,False,
1807,DG036,model.7.conv,85,30.66712760925293,30.66712760925293,1457515,1457050,105,104,False,
1808,DG036,model.7.conv,29,30.669708251953125,30.669708251953125,1457050,1456585,104,103,False,
1809,DG036,model.7.conv,15,30.692302703857422,30.692302703857422,1456585,1456120,103,102,False,
1810,DG036,model.7.conv,80,30.722444534301758,30.722444534301758,1456120,1455655,102,101,False,
1811,DG036,model.7.conv,5,30.795488357543945,30.795488357543945,1455655,1455190,101,100,False,
1812,DG036,model.7.conv,79,30.865684509277344,30.865684509277344,1455190,1454725,100,99,False,
1813,DG036,model.7.conv,91,30.876028060913086,30.876028060913086,1454725,1454260,99,98,False,
1814,DG036,model.7.conv,45,30.897193908691406,30.897193908691406,1454260,1453795,98,97,False,
1815,DG036,model.7.conv,70,30.90345001220703,30.90345001220703,1453795,1453330,97,96,False,
1816,DG036,model.7.conv,65,30.912017822265625,30.912017822265625,1453330,1452865,96,95,False,
1817,DG036,model.7.conv,41,30.913185119628906,30.913185119628906,1452865,1452400,95,94,False,
1818,DG036,model.7.conv,81,30.91390609741211,30.91390609741211,1452400,1451935,94,93,False,
1819,DG036,model.7.conv,28,30.916366577148438,30.916366577148438,1451935,1451470,93,92,False,
1820,DG036,model.7.conv,43,30.924362182617188,30.924362182617188,1451470,1451005,92,91,False,
1821,DG036,model.7.conv,59,30.92721939086914,30.92721939086914,1451005,1450540,91,90,False,
1822,DG036,model.7.conv,48,30.979827880859375,30.979827880859375,1450540,1450075,90,89,False,
1823,DG005,model.13.cv2.conv,0,31.02055549621582,31.02055549621582,1450075,1449689,43,42,False,
1824,DG036,model.7.conv,27,31.034095764160156,31.034095764160156,1449689,1449224,89,88,False,
1825,DG005,model.13.cv2.conv,32,31.048023223876953,31.048023223876953,1449224,1448838,42,41,True,True
1826,DG031,model.6.cv2.conv,18,31.06378173828125,31.06378173828125,1448838,1447724,23,22,False,
1827,DG036,model.7.conv,16,26.491186141967773,26.491186141967773,1447724,1447268,88,87,False,
1828,DG036,model.7.conv,61,29.090681076049805,29.090681076049805,1447268,1446812,87,86,False,
1829,DG036,model.7.conv,26,29.128652572631836,29.128652572631836,1446812,1446356,86,85,False,
1830,DG036,model.7.conv,60,29.20635223388672,29.20635223388672,1446356,1445900,85,84,False,
1831,DG036,model.7.conv,36,29.394100189208984,29.394100189208984,1445900,1445444,84,83,False,
1832,DG036,model.7.conv,39,29.50220489501953,29.50220489501953,1445444,1444988,83,82,False,
1833,DG036,model.7.conv,2,29.57044219970703,29.57044219970703,1444988,1444532,82,81,False,
1834,DG036,model.7.conv,28,29.618473052978516,29.618473052978516,1444532,1444076,81,80,False,
1835,DG036,model.7.conv,8,29.652822494506836,29.652822494506836,1444076,1443620,80,79,False,
1836,DG036,model.7.conv,59,29.65626335144043,29.65626335144043,1443620,1443164,79,78,False,
1837,DG036,model.7.conv,1,29.667564392089844,29.667564392089844,1443164,1442708,78,77,False,
1838,DG036,model.7.conv,69,29.672138214111328,29.672138214111328,1442708,1442252,77,76,False,
1839,DG036,model.7.conv,56,29.736852645874023,29.736852645874023,1442252,1441796,76,75,False,
1840,DG036,model.7.conv,27,29.798004150390625,29.798004150390625,1441796,1441340,75,74,False,
1841,DG036,model.7.conv,48,29.81377410888672,29.81377410888672,1441340,1440884,74,73,False,
1842,DG036,model.7.conv,45,29.827457427978516,29.827457427978516,1440884,1440428,73,72,False,
1843,DG036,model.7.conv,56,29.832298278808594,29.832298278808594,1440428,1439972,72,71,False,
1844,DG036,model.7.conv,20,29.991079330444336,29.991079330444336,1439972,1439516,71,70,False,
1845,DG036,model.7.conv,0,30.05181884765625,30.05181884765625,1439516,1439060,70,69,False,
1846,DG036,model.7.conv,58,30.171775817871094,30.171775817871094,1439060,1438604,69,68,False,
1847,DG036,model.7.conv,49,30.185867309570312,30.185867309570312,1438604,1438148,68,67,False,
1848,DG036,model.7.conv,57,30.343231201171875,30.343231201171875,1438148,1437692,67,66,False,
1849,DG036,model.7.conv,47,30.379615783691406,30.379615783691406,1437692,1437236,66,65,False,
1850,DG036,model.7.conv,23,30.38026237487793,30.38026237487793,1437236,1436780,65,64,True,True
1851,DG036,model.7.conv,13,30.388460159301758,30.388460159301758,1436780,1436324,64,63,False,
1852,DG036,model.7.conv,35,30.450613021850586,30.450613021850586,1436324,1435868,63,62,False,
1853,DG036,model.7.conv,45,30.45124626159668,30.45124626159668,1435868,1435412,62,61,False,
1854,DG036,model.7.conv,27,30.503292083740234,30.503292083740234,1435412,1434956,61,60,False,
1855,DG036,model.7.conv,5,30.540542602539062,30.540542602539062,1434956,1434500,60,59,False,
1856,DG036,model.7.conv,47,30.542625427246094,30.542625427246094,1434500,1434044,59,58,False,
1857,DG036,model.7.conv,43,30.57634162902832,30.57634162902832,1434044,1433588,58,57,False,
1858,DG036,model.7.conv,30,30.583532333374023,30.583532333374023,1433588,1433132,57,56,False,
1859,DG036,model.7.conv,38,30.65401840209961,30.65401840209961,1433132,1432676,56,55,False,
1860,DG036,model.7.conv,2,30.726852416992188,30.726852416992188,1432676,1432220,55,54,False,
1861,DG036,model.7.conv,17,30.814369201660156,30.814369201660156,1432220,1431764,54,53,False,
1862,DG036,model.7.conv,15,30.822952270507812,30.822952270507812,1431764,1431308,53,52,False,
1863,DG036,model.7.conv,0,30.8372802734375,30.8372802734375,1431308,1430852,52,51,False,
1864,DG036,model.7.conv,45,30.870729446411133,30.870729446411133,1430852,1430396,51,50,False,
1865,DG036,model.7.conv,10,30.873619079589844,30.873619079589844,1430396,1429940,50,49,False,
1866,DG036,model.7.conv,9,30.878204345703125,30.878204345703125,1429940,1429484,49,48,False,
1867,DG036,model.7.conv,9,30.892789840698242,30.892789840698242,1429484,1429028,48,47,False,
1868,DG005,model.13.cv2.conv,10,31.06696319580078,31.06696319580078,1429028,1428642,41,40,False,
1869,DG031,model.6.cv2.conv,8,31.076486587524414,31.076486587524414,1428642,1427897,22,21,False,
1870,DG036,model.7.conv,23,27.83985137939453,27.83985137939453,1427897,1427450,47,46,False,
1871,DG036,model.7.conv,8,28.875858306884766,28.875858306884766,1427450,1427003,46,45,False,
1872,DG036,model.7.conv,21,28.954666137695312,28.954666137695312,1427003,1426556,45,44,False,
1873,DG036,model.7.conv,9,29.473495483398438,29.473495483398438,1426556,1426109,44,43,False,
1874,DG036,model.7.conv,1,29.533966064453125,29.533966064453125,1426109,1425662,43,42,False,
1875,DG036,model.7.conv,4,29.55359649658203,29.55359649658203,1425662,1425215,42,41,True,True
1876,DG036,model.7.conv,13,29.723237991333008,29.723237991333008,1425215,1424768,41,40,False,
1877,DG036,model.7.conv,12,29.731369018554688,29.731369018554688,1424768,1424321,40,39,False,
1878,DG036,model.7.conv,35,29.75655746459961,29.75655746459961,1424321,1423874,39,38,False,
1879,DG036,model.7.conv,36,30.00341796875,30.00341796875,1423874,1423427,38,37,False,
1880,DG036,model.7.conv,3,30.019271850585938,30.019271850585938,1423427,1422980,37,36,False,
1881,DG036,model.7.conv,13,30.125770568847656,30.125770568847656,1422980,1422533,36,35,False,
1882,DG036,model.7.conv,34,30.168664932250977,30.168664932250977,1422533,1422086,35,34,False,
1883,DG036,model.7.conv,4,30.314359664916992,30.314359664916992,1422086,1421639,34,33,False,
1884,DG036,model.7.conv,29,30.423717498779297,30.423717498779297,1421639,1421192,33,32,False,
1885,DG036,model.7.conv,27,30.644550323486328,30.644550323486328,1421192,1420745,32,31,False,
1886,DG036,model.7.conv,9,30.647703170776367,30.647703170776367,1420745,1420298,31,30,False,
1887,DG036,model.7.conv,8,30.70261001586914,30.70261001586914,1420298,1419851,30,29,False,
1888,DG036,model.7.conv,21,30.831787109375,30.831787109375,1419851,1419404,29,28,False,
1889,DG036,model.7.conv,25,30.86903190612793,30.86903190612793,1419404,1418957,28,27,False,
1890,DG036,model.7.conv,8,31.003557205200195,31.003557205200195,1418957,1418510,27,26,False,
1891,DG031,model.6.cv2.conv,6,31.119041442871094,31.119041442871094,1418510,1417954,21,20,False,
1892,DG037,model.8.cv2.conv,75,31.121177673339844,31.121177673339844,1417954,1416695,256,255,False,
1893,DG031,model.6.cv2.conv,19,31.128067016601562,31.128067016601562,1416695,1416139,20,19,False,
1894,DG005,model.13.cv2.conv,10,31.179542541503906,31.179542541503906,1416139,1415753,40,39,False,
1895,DG031,model.6.cv2.conv,13,31.226539611816406,31.226539611816406,1415753,1415197,19,18,False,
1896,DG005,model.13.cv2.conv,28,31.230003356933594,31.230003356933594,1415197,1414811,39,38,False,
1897,DG005,model.13.cv2.conv,14,31.232603073120117,31.232603073120117,1414811,1414425,38,37,False,
1898,DG031,model.6.cv2.conv,6,31.235843658447266,31.235843658447266,1414425,1413869,18,17,False,
1899,DG005,model.13.cv2.conv,34,31.260986328125,31.260986328125,1413869,1413483,37,36,False,
1900,DG031,model.6.cv2.conv,15,31.29768180847168,31.29768180847168,1413483,1412927,17,16,True,True
1901,DG031,model.6.cv2.conv,3,31.332073211669922,31.332073211669922,1412927,1412371,16,15,False,
1902,DG031,model.6.cv2.conv,10,31.33948516845703,31.33948516845703,1412371,1411815,15,14,False,
1903,DG031,model.6.cv2.conv,2,31.34284019470215,31.34284019470215,1411815,1411259,14,13,False,
1904,DG005,model.13.cv2.conv,21,31.34601593017578,31.34601593017578,1411259,1410873,36,35,False,
1905,DG005,model.13.cv2.conv,18,31.379289627075195,31.379289627075195,1410873,1410487,35,34,False,
1906,DG005,model.13.cv2.conv,32,31.388011932373047,31.388011932373047,1410487,1410101,34,33,False,
1907,DG005,model.13.cv2.conv,11,31.394771575927734,31.394771575927734,1410101,1409715,33,32,False,
1908,DG003,model.10.cv2.conv,55,31.3978271484375,31.3978271484375,1409715,1409073,256,255,False,
1909,DG005,model.13.cv2.conv,27,31.411144256591797,31.411144256591797,1409073,1408687,32,31,False,
1910,DG005,model.13.cv2.conv,24,31.42892074584961,31.42892074584961,1408687,1408301,31,30,False,
1911,DG005,model.13.cv2.conv,8,31.44639015197754,31.44639015197754,1408301,1407915,30,29,False,
1912,DG005,model.13.cv2.conv,25,31.450382232666016,31.450382232666016,1407915,1407529,29,28,False,
1913,DG005,model.13.cv2.conv,17,31.5146541595459,31.5146541595459,1407529,1407143,28,27,False,
1914,DG005,model.13.cv2.conv,24,31.52140235900879,31.52140235900879,1407143,1406757,27,26,False,
1915,DG005,model.13.cv2.conv,16,31.580190658569336,31.580190658569336,1406757,1406371,26,25,False,
1916,DG005,model.13.cv2.conv,14,31.5922794342041,31.5922794342041,1406371,1405985,25,24,False,
1917,DG005,model.13.cv2.conv,5,31.60114860534668,31.60114860534668,1405985,1405599,24,23,False,
1918,DG005,model.13.cv2.conv,16,31.62268829345703,31.62268829345703,1405599,1405213,23,22,False,
1919,DG005,model.13.cv2.conv,0,31.634944915771484,31.634944915771484,1405213,1404827,22,21,False,
1920,DG005,model.13.cv2.conv,15,31.703067779541016,31.703067779541016,1404827,1404441,21,20,False,
1921,DG005,model.13.cv2.conv,19,31.740924835205078,31.740924835205078,1404441,1404055,20,19,False,
1922,DG005,model.13.cv2.conv,0,31.838886260986328,31.838886260986328,1404055,1403669,19,18,False,
1923,DG005,model.13.cv2.conv,1,31.86762809753418,31.86762809753418,1403669,1403283,18,17,False,
1924,DG005,model.13.cv2.conv,14,31.916187286376953,31.916187286376953,1403283,1402897,17,16,False,
1925,DG005,model.13.cv2.conv,2,31.96538543701172,31.96538543701172,1402897,1402511,16,15,True,True
1926,DG005,model.13.cv2.conv,7,32.069061279296875,32.069061279296875,1402511,1402125,15,14,False,
1927,DG005,model.13.cv2.conv,5,32.127235412597656,32.127235412597656,1402125,1401739,14,13,False,
1928,DG042,model.9.cv1.conv,64,32.837440490722656,32.837440490722656,1401739,1400462,123,122,False,
1929,DG003,model.10.cv2.conv,219,35.44266128540039,35.44266128540039,1400462,1399820,255,254,False,
1930,DG037,model.8.cv2.conv,137,35.53693389892578,35.53693389892578,1399820,1398566,255,254,False,
1931,DG037,model.8.cv2.conv,55,36.067264556884766,36.067264556884766,1398566,1397312,254,253,False,
1932,DG042,model.9.cv1.conv,121,36.057762145996094,36.057762145996094,1397312,1396045,122,121,False,
1933,DG003,model.10.cv2.conv,212,36.26161575317383,36.26161575317383,1396045,1395403,254,253,False,
1934,DG003,model.10.cv2.conv,49,36.270687103271484,36.270687103271484,1395403,1394761,253,252,False,
1935,DG042,model.9.cv1.conv,27,36.71852111816406,36.71852111816406,1394761,1393494,121,120,False,
1936,DG003,model.10.cv2.conv,3,36.7402229309082,36.7402229309082,1393494,1392852,252,251,False,
1937,DG042,model.9.cv1.conv,107,37.24505615234375,37.24505615234375,1392852,1391585,120,119,False,
1938,DG042,model.9.cv1.conv,103,37.24608612060547,37.24608612060547,1391585,1390318,119,118,False,
1939,DG042,model.9.cv1.conv,76,37.34430694580078,37.34430694580078,1390318,1389051,118,117,False,
1940,DG042,model.9.cv1.conv,28,37.415443420410156,37.415443420410156,1389051,1387784,117,116,False,
1941,DG003,model.10.cv2.conv,63,37.493011474609375,37.493011474609375,1387784,1387142,251,250,False,
1942,DG029,model.4.m.0.cv1.conv,12,37.530704498291016,37.530704498291016,1387142,1386564,16,15,False,
1943,DG042,model.9.cv1.conv,76,37.55810546875,37.55810546875,1386564,1385297,116,115,False,
1944,DG042,model.9.cv1.conv,4,37.85110092163086,37.85110092163086,1385297,1384030,115,114,False,
1945,DG042,model.9.cv1.conv,6,38.03470230102539,38.03470230102539,1384030,1382763,114,113,False,
1946,DG042,model.9.cv1.conv,109,38.062950134277344,38.062950134277344,1382763,1381496,113,112,False,
1947,DG003,model.10.cv2.conv,218,38.13838195800781,38.13838195800781,1381496,1380854,250,249,False,
1948,DG003,model.10.cv2.conv,247,38.20823669433594,38.20823669433594,1380854,1380212,249,248,False,
1949,DG042,model.9.cv1.conv,88,38.26519775390625,38.26519775390625,1380212,1378945,112,111,False,
1950,DG003,model.10.cv2.conv,135,38.26731491088867,38.26731491088867,1378945,1378303,248,247,True,True
1951,DG042,model.9.cv1.conv,21,38.28620147705078,38.28620147705078,1378303,1377036,111,110,False,
1952,DG042,model.9.cv1.conv,12,38.28670883178711,38.28670883178711,1377036,1375769,110,109,False,
1953,DG003,model.10.cv2.conv,57,38.30973815917969,38.30973815917969,1375769,1375127,247,246,False,
1954,DG042,model.9.cv1.conv,42,38.33684539794922,38.33684539794922,1375127,1373860,109,108,False,
1955,DG037,model.8.cv2.conv,138,38.38238525390625,38.38238525390625,1373860,1372676,253,252,False,
1956,DG042,model.9.cv1.conv,26,38.028865814208984,38.028865814208984,1372676,1371414,108,107,False,
1957,DG042,model.9.cv1.conv,50,38.15727996826172,38.15727996826172,1371414,1370152,107,106,False,
1958,DG042,model.9.cv1.conv,94,38.20751953125,38.20751953125,1370152,1368890,106,105,False,
1959,DG042,model.9.cv1.conv,82,38.31083679199219,38.31083679199219,1368890,1367628,105,104,False,
1960,DG042,model.9.cv1.conv,31,38.41297912597656,38.41297912597656,1367628,1366366,104,103,False,
1961,DG042,model.9.cv1.conv,100,38.41371154785156,38.41371154785156,1366366,1365104,103,102,False,
1962,DG003,model.10.cv2.conv,170,38.45425033569336,38.45425033569336,1365104,1364462,246,245,False,
1963,DG003,model.10.cv2.conv,66,38.46748352050781,38.46748352050781,1364462,1363820,245,244,False,
1964,DG042,model.9.cv1.conv,84,38.49922180175781,38.49922180175781,1363820,1362558,102,101,False,
1965,DG042,model.9.cv1.conv,38,38.506492614746094,38.506492614746094,1362558,1361296,101,100,False,
1966,DG042,model.9.cv1.conv,37,38.51382064819336,38.51382064819336,1361296,1360034,100,99,False,
1967,DG003,model.10.cv2.conv,159,38.56291961669922,38.56291961669922,1360034,1359392,244,243,False,
1968,DG003,model.10.cv2.conv,200,38.63993835449219,38.63993835449219,1359392,1358750,243,242,False,
1969,DG042,model.9.cv1.conv,5,38.65131378173828,38.65131378173828,1358750,1357488,99,98,False,
1970,DG003,model.10.cv2.conv,125,38.669944763183594,38.669944763183594,1357488,1356846,242,241,False,
1971,DG003,model.10.cv2.conv,175,38.6761360168457,38.6761360168457,1356846,1356204,241,240,False,
1972,DG029,model.4.m.0.cv1.conv,9,38.689979553222656,38.689979553222656,1356204,1355626,15,14,False,
1973,DG003,model.10.cv2.conv,4,38.72583770751953,38.72583770751953,1355626,1354984,240,239,False,
1974,DG042,model.9.cv1.conv,94,38.727657318115234,38.727657318115234,1354984,1353722,98,97,False,
1975,DG042,model.9.cv1.conv,62,38.75421905517578,38.75421905517578,1353722,1352460,97,96,True,True
1976,DG003,model.10.cv2.conv,49,38.76725769042969,38.76725769042969,1352460,1351818,239,238,False,
1977,DG042,model.9.cv1.conv,65,38.76911544799805,38.76911544799805,1351818,1350556,96,95,False,
1978,DG003,model.10.cv2.conv,134,38.79262924194336,38.79262924194336,1350556,1349914,238,237,False,
1979,DG042,model.9.cv1.conv,45,38.830970764160156,38.830970764160156,1349914,1348652,95,94,False,
1980,DG042,model.9.cv1.conv,85,38.85009002685547,38.85009002685547,1348652,1347390,94,93,False,
1981,DG042,model.9.cv1.conv,41,38.88330078125,38.88330078125,1347390,1346128,93,92,False,
1982,DG042,model.9.cv1.conv,46,38.90978240966797,38.90978240966797,1346128,1344866,92,91,False,
1983,DG042,model.9.cv1.conv,46,38.91156005859375,38.91156005859375,1344866,1343604,91,90,False,
1984,DG042,model.9.cv1.conv,11,38.926116943359375,38.926116943359375,1343604,1342342,90,89,False,
1985,DG042,model.9.cv1.conv,58,38.945335388183594,38.945335388183594,1342342,1341080,89,88,False,
1986,DG003,model.10.cv2.conv,167,38.990665435791016,38.990665435791016,1341080,1340438,237,236,False,
1987,DG042,model.9.cv1.conv,43,39.00533676147461,39.00533676147461,1340438,1339176,88,87,False,
1988,DG042,model.9.cv1.conv,85,39.03278732299805,39.03278732299805,1339176,1337914,87,86,False,
1989,DG003,model.10.cv2.conv,6,39.03327178955078,39.03327178955078,1337914,1337272,236,235,False,
1990,DG042,model.9.cv1.conv,20,39.04322052001953,39.04322052001953,1337272,1336010,86,85,False,
1991,DG003,model.10.cv2.conv,49,39.05560302734375,39.05560302734375,1336010,1335368,235,234,False,
1992,DG042,model.9.cv1.conv,82,39.107357025146484,39.107357025146484,1335368,1334106,85,84,False,
1993,DG042,model.9.cv1.conv,17,39.10906219482422,39.10906219482422,1334106,1332844,84,83,False,
1994,DG003,model.10.cv2.conv,209,39.128726959228516,39.128726959228516,1332844,1332202,234,233,False,
1995,DG003,model.10.cv2.conv,132,39.15549850463867,39.15549850463867,1332202,1331560,233,232,False,
1996,DG003,model.10.cv2.conv,23,39.21123123168945,39.21123123168945,1331560,1330918,232,231,False,
1997,DG042,model.9.cv1.conv,79,39.21540832519531,39.21540832519531,1330918,1329656,83,82,False,
1998,DG003,model.10.cv2.conv,59,39.218746185302734,39.218746185302734,1329656,1329014,231,230,False,
1999,DG003,model.10.cv2.conv,182,39.231197357177734,39.231197357177734,1329014,1328372,230,229,False,
2000,DG042,model.9.cv1.conv,46,39.251365661621094,39.251365661621094,1328372,1327110,82,81,True,True
2001,DG003,model.10.cv2.conv,39,39.27236557006836,39.27236557006836,1327110,1326468,229,228,False,
2002,DG042,model.9.cv1.conv,65,39.28108215332031,39.28108215332031,1326468,1325206,81,80,False,
2003,DG003,model.10.cv2.conv,131,39.29500198364258,39.29500198364258,1325206,1324564,228,227,False,
2004,DG003,model.10.cv2.conv,216,39.301795959472656,39.301795959472656,1324564,1323922,227,226,False,
2005,DG003,model.10.cv2.conv,64,39.30340576171875,39.30340576171875,1323922,1323280,226,225,False,
2006,DG003,model.10.cv2.conv,78,39.303550720214844,39.303550720214844,1323280,1322638,225,224,False,
2007,DG003,model.10.cv2.conv,6,39.326210021972656,39.326210021972656,1322638,1321996,224,223,False,
2008,DG003,model.10.cv2.conv,171,39.35039138793945,39.35039138793945,1321996,1321354,223,222,False,
2009,DG003,model.10.cv2.conv,173,39.35865020751953,39.35865020751953,1321354,1320712,222,221,False,
2010,DG042,model.9.cv1.conv,29,39.3631477355957,39.3631477355957,1320712,1319450,80,79,False,
2011,DG042,model.9.cv1.conv,5,39.37091827392578,39.37091827392578,1319450,1318188,79,78,False,
2012,DG003,model.10.cv2.conv,31,39.420013427734375,39.420013427734375,1318188,1317546,221,220,False,
2013,DG003,model.10.cv2.conv,187,39.43107604980469,39.43107604980469,1317546,1316904,220,219,False,
2014,DG003,model.10.cv2.conv,81,39.43208312988281,39.43208312988281,1316904,1316262,219,218,False,
2015,DG042,model.9.cv1.conv,20,39.435699462890625,39.435699462890625,1316262,1315000,78,77,False,
2016,DG042,model.9.cv1.conv,49,39.45979309082031,39.45979309082031,1315000,1313738,77,76,False,
2017,DG003,model.10.cv2.conv,25,39.483211517333984,39.483211517333984,1313738,1313096,218,217,False,
2018,DG003,model.10.cv2.conv,151,39.49121856689453,39.49121856689453,1313096,1312454,217,216,False,
2019,DG042,model.9.cv1.conv,2,39.49633026123047,39.49633026123047,1312454,1311192,76,75,False,
2020,DG003,model.10.cv2.conv,192,39.51164245605469,39.51164245605469,1311192,1310550,216,215,False,
2021,DG042,model.9.cv1.conv,41,39.51693344116211,39.51693344116211,1310550,1309288,75,74,False,
2022,DG029,model.4.m.0.cv1.conv,8,39.525543212890625,39.525543212890625,1309288,1308710,14,13,False,
2023,DG042,model.9.cv1.conv,13,39.52570343017578,39.52570343017578,1308710,1307448,74,73,False,
2024,DG003,model.10.cv2.conv,143,39.53572082519531,39.53572082519531,1307448,1306806,215,214,False,
2025,DG003,model.10.cv2.conv,144,39.5426025390625,39.5426025390625,1306806,1306164,214,213,True,True
2026,DG042,model.9.cv1.conv,53,39.55016326904297,39.55016326904297,1306164,1304902,73,72,False,
2027,DG042,model.9.cv1.conv,30,39.56131362915039,39.56131362915039,1304902,1303640,72,71,False,
2028,DG042,model.9.cv1.conv,44,39.563724517822266,39.563724517822266,1303640,1302378,71,70,False,
2029,DG003,model.10.cv2.conv,187,39.56513214111328,39.56513214111328,1302378,1301736,213,212,False,
2030,DG042,model.9.cv1.conv,64,39.58866500854492,39.58866500854492,1301736,1300474,70,69,False,
2031,DG003,model.10.cv2.conv,123,39.61602783203125,39.61602783203125,1300474,1299832,212,211,False,
2032,DG037,model.8.cv2.conv,45,39.62098693847656,39.62098693847656,1299832,1298843,252,251,False,
2033,DG042,model.9.cv1.conv,51,39.54058837890625,39.54058837890625,1298843,1297586,69,68,False,
2034,DG042,model.9.cv1.conv,52,39.5777473449707,39.5777473449707,1297586,1296329,68,67,False,
2035,DG042,model.9.cv1.conv,36,39.58489990234375,39.58489990234375,1296329,1295072,67,66,False,
2036,DG042,model.9.cv1.conv,4,39.6212158203125,39.6212158203125,1295072,1293815,66,65,False,
2037,DG042,model.9.cv1.conv,42,39.656890869140625,39.656890869140625,1293815,1292558,65,64,False,
2038,DG042,model.9.cv1.conv,27,39.671321868896484,39.671321868896484,1292558,1291301,64,63,False,
2039,DG042,model.9.cv1.conv,25,39.68427276611328,39.68427276611328,1291301,1290044,63,62,False,
2040,DG042,model.9.cv1.conv,0,39.685325622558594,39.685325622558594,1290044,1288787,62,61,False,
2041,DG003,model.10.cv2.conv,34,39.68572998046875,39.68572998046875,1288787,1288145,211,210,False,
2042,DG003,model.10.cv2.conv,159,39.68915557861328,39.68915557861328,1288145,1287503,210,209,False,
2043,DG003,model.10.cv2.conv,139,39.73149871826172,39.73149871826172,1287503,1286861,209,208,False,
2044,DG042,model.9.cv1.conv,42,39.73277282714844,39.73277282714844,1286861,1285604,61,60,False,
2045,DG003,model.10.cv2.conv,42,39.74046325683594,39.74046325683594,1285604,1284962,208,207,False,
2046,DG003,model.10.cv2.conv,195,39.74237060546875,39.74237060546875,1284962,1284320,207,206,False,
2047,DG003,model.10.cv2.conv,200,39.74402618408203,39.74402618408203,1284320,1283678,206,205,False,
2048,DG042,model.9.cv1.conv,24,39.779762268066406,39.779762268066406,1283678,1282421,60,59,False,
2049,DG042,model.9.cv1.conv,42,39.79886245727539,39.79886245727539,1282421,1281164,59,58,False,
2050,DG042,model.9.cv1.conv,56,39.807350158691406,39.807350158691406,1281164,1279907,58,57,True,True
2051,DG003,model.10.cv2.conv,118,39.80781173706055,39.80781173706055,1279907,1279265,205,204,False,
2052,DG003,model.10.cv2.conv,67,39.809669494628906,39.809669494628906,1279265,1278623,204,203,False,
2053,DG003,model.10.cv2.conv,117,39.81336975097656,39.81336975097656,1278623,1277981,203,202,False,
2054,DG003,model.10.cv2.conv,178,39.829429626464844,39.829429626464844,1277981,1277339,202,201,False,
2055,DG042,model.9.cv1.conv,25,39.831302642822266,39.831302642822266,1277339,1276082,57,56,False,
2056,DG042,model.9.cv1.conv,7,39.855224609375,39.855224609375,1276082,1274825,56,55,False,
2057,DG042,model.9.cv1.conv,21,39.85823059082031,39.85823059082031,1274825,1273568,55,54,False,
2058,DG003,model.10.cv2.conv,40,39.88657760620117,39.88657760620117,1273568,1272926,201,200,False,
2059,DG003,model.10.cv2.conv,39,39.88669967651367,39.88669967651367,1272926,1272284,200,199,False,
2060,DG042,model.9.cv1.conv,42,39.89514923095703,39.89514923095703,1272284,1271027,54,53,False,
2061,DG003,model.10.cv2.conv,162,39.904991149902344,39.904991149902344,1271027,1270385,199,198,False,
2062,DG003,model.10.cv2.conv,170,39.908573150634766,39.908573150634766,1270385,1269743,198,197,False,
2063,DG042,model.9.cv1.conv,17,39.910186767578125,39.910186767578125,1269743,1268486,53,52,False,
2064,DG003,model.10.cv2.conv,21,39.91825866699219,39.91825866699219,1268486,1267844,197,196,False,
2065,DG003,model.10.cv2.conv,162,39.92689514160156,39.92689514160156,1267844,1267202,196,195,False,
2066,DG042,model.9.cv1.conv,38,39.94085693359375,39.94085693359375,1267202,1265945,52,51,False,
2067,DG003,model.10.cv2.conv,33,39.942710876464844,39.942710876464844,1265945,1265303,195,194,False,
2068,DG003,model.10.cv2.conv,65,39.9454345703125,39.9454345703125,1265303,1264661,194,193,False,
2069,DG042,model.9.cv1.conv,31,39.94818878173828,39.94818878173828,1264661,1263404,51,50,False,
2070,DG029,model.4.m.0.cv1.conv,8,39.961849212646484,39.961849212646484,1263404,1262826,13,12,False,
2071,DG003,model.10.cv2.conv,139,39.96772003173828,39.96772003173828,1262826,1262184,193,192,False,
2072,DG003,model.10.cv2.conv,20,39.970829010009766,39.970829010009766,1262184,1261542,192,191,False,
2073,DG003,model.10.cv2.conv,175,39.97695541381836,39.97695541381836,1261542,1260900,191,190,False,
2074,DG003,model.10.cv2.conv,45,39.98158264160156,39.98158264160156,1260900,1260258,190,189,False,
2075,DG003,model.10.cv2.conv,9,39.98830795288086,39.98830795288086,1260258,1259616,189,188,True,True
2076,DG003,model.10.cv2.conv,83,39.99176025390625,39.99176025390625,1259616,1258974,188,187,False,
2077,DG042,model.9.cv1.conv,42,39.992740631103516,39.992740631103516,1258974,1257717,50,49,False,
2078,DG042,model.9.cv1.conv,9,39.996002197265625,39.996002197265625,1257717,1256460,49,48,False,
2079,DG042,model.9.cv1.conv,20,39.99779510498047,39.99779510498047,1256460,1255203,48,47,False,
2080,DG003,model.10.cv2.conv,157,40.00782012939453,40.00782012939453,1255203,1254561,187,186,False,
2081,DG003,model.10.cv2.conv,18,40.02842712402344,40.02842712402344,1254561,1253919,186,185,False,
2082,DG003,model.10.cv2.conv,170,40.04199981689453,40.04199981689453,1253919,1253277,185,184,False,
2083,DG003,model.10.cv2.conv,119,40.05378723144531,40.05378723144531,1253277,1252635,184,183,False,
2084,DG003,model.10.cv2.conv,150,40.05836486816406,40.05836486816406,1252635,1251993,183,182,False,
2085,DG003,model.10.cv2.conv,166,40.07893371582031,40.07893371582031,1251993,1251351,182,181,False,
2086,DG042,model.9.cv1.conv,44,40.08763885498047,40.08763885498047,1251351,1250094,47,46,False,
2087,DG042,model.9.cv1.conv,33,40.099708557128906,40.099708557128906,1250094,1248837,46,45,False,
2088,DG003,model.10.cv2.conv,74,40.11197280883789,40.11197280883789,1248837,1248195,181,180,False,
2089,DG003,model.10.cv2.conv,122,40.124732971191406,40.124732971191406,1248195,1247553,180,179,False,
2090,DG003,model.10.cv2.conv,175,40.14826583862305,40.14826583862305,1247553,1246911,179,178,False,
2091,DG042,model.9.cv1.conv,29,40.15736389160156,40.15736389160156,1246911,1245654,45,44,False,
2092,DG003,model.10.cv2.conv,132,40.165771484375,40.165771484375,1245654,1245012,178,177,False,
2093,DG003,model.10.cv2.conv,45,40.16961669921875,40.16961669921875,1245012,1244370,177,176,False,
2094,DG042,model.9.cv1.conv,25,40.18794250488281,40.18794250488281,1244370,1243113,44,43,False,
2095,DG042,model.9.cv1.conv,3,40.19253921508789,40.19253921508789,1243113,1241856,43,42,False,
2096,DG003,model.10.cv2.conv,44,40.20323181152344,40.20323181152344,1241856,1241214,176,175,False,
2097,DG003,model.10.cv2.conv,97,40.20656204223633,40.20656204223633,1241214,1240572,175,174,False,
2098,DG003,model.10.cv2.conv,45,40.22010040283203,40.22010040283203,1240572,1239930,174,173,False,
2099,DG003,model.10.cv2.conv,172,40.2201042175293,40.2201042175293,1239930,1239288,173,172,False,
2100,DG042,model.9.cv1.conv,41,40.232086181640625,40.232086181640625,1239288,1238031,42,41,True,True
2101,DG003,model.10.cv2.conv,57,40.25384521484375,40.25384521484375,1238031,1237389,172,171,False,
2102,DG003,model.10.cv2.conv,12,40.2586555480957,40.2586555480957,1237389,1236747,171,170,False,
2103,DG003,model.10.cv2.conv,128,40.26588821411133,40.26588821411133,1236747,1236105,170,169,False,
2104,DG042,model.9.cv1.conv,39,40.272003173828125,40.272003173828125,1236105,1234848,41,40,False,
2105,DG003,model.10.cv2.conv,27,40.272857666015625,40.272857666015625,1234848,1234206,169,168,False,
2106,DG003,model.10.cv2.conv,129,40.276405334472656,40.276405334472656,1234206,1233564,168,167,False,
2107,DG003,model.10.cv2.conv,90,40.27867126464844,40.27867126464844,1233564,1232922,167,166,False,
2108,DG042,model.9.cv1.conv,15,40.27934646606445,40.27934646606445,1232922,1231665,40,39,False,
2109,DG003,model.10.cv2.conv,25,40.308406829833984,40.308406829833984,1231665,1231023,166,165,False,
2110,DG042,model.9.cv1.conv,17,40.31961441040039,40.31961441040039,1231023,1229766,39,38,False,
2111,DG003,model.10.cv2.conv,74,40.32279586791992,40.32279586791992,1229766,1229124,165,164,False,
2112,DG003,model.10.cv2.conv,124,40.33022689819336,40.33022689819336,1229124,1228482,164,163,False,
2113,DG003,model.10.cv2.conv,101,40.330284118652344,40.330284118652344,1228482,1227840,163,162,False,
2114,DG003,model.10.cv2.conv,63,40.33196258544922,40.33196258544922,1227840,1227198,162,161,False,
2115,DG003,model.10.cv2.conv,118,40.33262252807617,40.33262252807617,1227198,1226556,161,160,False,
2116,DG003,model.10.cv2.conv,46,40.33943557739258,40.33943557739258,1226556,1225914,160,159,False,
2117,DG029,model.4.m.0.cv1.conv,5,40.348167419433594,40.348167419433594,1225914,1225336,12,11,False,
2118,DG003,model.10.cv2.conv,74,40.35588073730469,40.35588073730469,1225336,1224694,159,158,False,
2119,DG042,model.9.cv1.conv,16,40.359130859375,40.359130859375,1224694,1223437,38,37,False,
2120,DG003,model.10.cv2.conv,150,40.3668212890625,40.3668212890625,1223437,1222795,158,157,False,
2121,DG042,model.9.cv1.conv,26,40.3705940246582,40.3705940246582,1222795,1221538,37,36,False,
2122,DG003,model.10.cv2.conv,58,40.37311553955078,40.37311553955078,1221538,1220896,157,156,False,
2123,DG029,model.4.m.0.cv1.conv,8,40.3823127746582,40.3823127746582,1220896,1220318,11,10,False,
2124,DG003,model.10.cv2.conv,36,40.38719940185547,40.38719940185547,1220318,1219676,156,155,False,
2125,DG042,model.9.cv1.conv,1,40.3939094543457,40.3939094543457,1219676,1218419,36,35,True,True
2126,DG003,model.10.cv2.conv,120,40.39726257324219,40.39726257324219,1218419,1217777,155,154,False,
2127,DG042,model.9.cv1.conv,6,40.412506103515625,40.412506103515625,1217777,1216520,35,34,False,
2128,DG042,model.9.cv1.conv,13,40.4143180847168,40.4143180847168,1216520,1215263,34,33,False,
2129,DG003,model.10.cv2.conv,95,40.42375183105469,40.42375183105469,1215263,1214621,154,153,False,
2130,DG042,model.9.cv1.conv,16,40.427391052246094,40.427391052246094,1214621,1213364,33,32,False,
2131,DG003,model.10.cv2.conv,62,40.430049896240234,40.430049896240234,1213364,1212722,153,152,False,
2132,DG003,model.10.cv2.conv,62,40.43303298950195,40.43303298950195,1212722,1212080,152,151,False,
2133,DG042,model.9.cv1.conv,11,40.44148635864258,40.44148635864258,1212080,1210823,32,31,False,
2134,DG042,model.9.cv1.conv,21,40.451873779296875,40.451873779296875,1210823,1209566,31,30,False,
2135,DG003,model.10.cv2.conv,104,40.462684631347656,40.462684631347656,1209566,1208924,151,150,False,
2136,DG042,model.9.cv1.conv,23,40.4644775390625,40.4644775390625,1208924,1207667,30,29,False,
2137,DG042,model.9.cv1.conv,16,40.46821594238281,40.46821594238281,1207667,1206410,29,28,False,
2138,DG003,model.10.cv2.conv,105,40.472900390625,40.472900390625,1206410,1205768,150,149,False,
2139,DG003,model.10.cv2.conv,55,40.474525451660156,40.474525451660156,1205768,1205126,149,148,False,
2140,DG003,model.10.cv2.conv,101,40.47849655151367,40.47849655151367,1205126,1204484,148,147,False,
2141,DG003,model.10.cv2.conv,109,40.49028778076172,40.49028778076172,1204484,1203842,147,146,False,
2142,DG042,model.9.cv1.conv,4,40.49189758300781,40.49189758300781,1203842,1202585,28,27,False,
2143,DG003,model.10.cv2.conv,141,40.49250793457031,40.49250793457031,1202585,1201943,146,145,False,
2144,DG003,model.10.cv2.conv,103,40.50872802734375,40.50872802734375,1201943,1201301,145,144,False,
2145,DG003,model.10.cv2.conv,19,40.51201629638672,40.51201629638672,1201301,1200659,144,143,False,
2146,DG003,model.10.cv2.conv,56,40.536537170410156,40.536537170410156,1200659,1200017,143,142,False,
2147,DG003,model.10.cv2.conv,14,40.54150390625,40.54150390625,1200017,1199375,142,141,False,
2148,DG042,model.9.cv1.conv,19,40.547386169433594,40.547386169433594,1199375,1198118,27,26,False,
2149,DG003,model.10.cv2.conv,6,40.555870056152344,40.555870056152344,1198118,1197476,141,140,False,
2150,DG003,model.10.cv2.conv,38,40.56598663330078,40.56598663330078,1197476,1196834,140,139,True,True
2151,DG042,model.9.cv1.conv,12,40.580604553222656,40.580604553222656,1196834,1195577,26,25,False,
2152,DG003,model.10.cv2.conv,35,40.58375549316406,40.58375549316406,1195577,1194935,139,138,False,
2153,DG042,model.9.cv1.conv,11,40.59016799926758,40.59016799926758,1194935,1193678,25,24,False,
2154,DG003,model.10.cv2.conv,36,40.59870910644531,40.59870910644531,1193678,1193036,138,137,False,
2155,DG003,model.10.cv2.conv,84,40.605987548828125,40.605987548828125,1193036,1192394,137,136,False,
2156,DG003,model.10.cv2.conv,105,40.60784149169922,40.60784149169922,1192394,1191752,136,135,False,
2157,DG042,model.9.cv1.conv,7,40.60936737060547,40.60936737060547,1191752,1190495,24,23,False,
2158,DG042,model.9.cv1.conv,4,40.629783630371094,40.629783630371094,1190495,1189238,23,22,False,
2159,DG029,model.4.m.0.cv1.conv,9,40.65316390991211,40.65316390991211,1189238,1188660,10,9,False,
2160,DG003,model.10.cv2.conv,99,40.65727996826172,40.65727996826172,1188660,1188018,135,134,False,
2161,DG003,model.10.cv2.conv,22,40.65930938720703,40.65930938720703,1188018,1187376,134,133,False,
2162,DG003,model.10.cv2.conv,9,40.67169952392578,40.67169952392578,1187376,1186734,133,132,False,
2163,DG003,model.10.cv2.conv,54,40.687679290771484,40.687679290771484,1186734,1186092,132,131,False,
2164,DG003,model.10.cv2.conv,12,40.695560455322266,40.695560455322266,1186092,1185450,131,130,False,
2165,DG003,model.10.cv2.conv,87,40.714595794677734,40.714595794677734,1185450,1184808,130,129,False,
2166,DG003,model.10.cv2.conv,95,40.72087097167969,40.72087097167969,1184808,1184166,129,128,False,
2167,DG003,model.10.cv2.conv,37,40.72547912597656,40.72547912597656,1184166,1183524,128,127,False,
2168,DG003,model.10.cv2.conv,71,40.72901916503906,40.72901916503906,1183524,1182882,127,126,False,
2169,DG042,model.9.cv1.conv,15,40.73550796508789,40.73550796508789,1182882,1181625,22,21,False,
2170,DG003,model.10.cv2.conv,70,40.73554992675781,40.73554992675781,1181625,1180983,126,125,False,
2171,DG003,model.10.cv2.conv,8,40.742103576660156,40.742103576660156,1180983,1180341,125,124,False,
2172,DG003,model.10.cv2.conv,69,40.74573516845703,40.74573516845703,1180341,1179699,124,123,False,
2173,DG003,model.10.cv2.conv,32,40.751808166503906,40.751808166503906,1179699,1179057,123,122,False,
2174,DG003,model.10.cv2.conv,18,40.76927185058594,40.76927185058594,1179057,1178415,122,121,False,
2175,DG003,model.10.cv2.conv,62,40.77180862426758,40.77180862426758,1178415,1177773,121,120,True,True
2176,DG003,model.10.cv2.conv,42,40.77851867675781,40.77851867675781,1177773,1177131,120,119,False,
2177,DG003,model.10.cv2.conv,60,40.793678283691406,40.793678283691406,1177131,1176489,119,118,False,
2178,DG003,model.10.cv2.conv,43,40.79892349243164,40.79892349243164,1176489,1175847,118,117,False,
2179,DG003,model.10.cv2.conv,103,40.80852127075195,40.80852127075195,1175847,1175205,117,116,False,
2180,DG003,model.10.cv2.conv,115,40.81572723388672,40.81572723388672,1175205,1174563,116,115,False,
2181,DG003,model.10.cv2.conv,13,40.81840896606445,40.81840896606445,1174563,1173921,115,114,False,
2182,DG003,model.10.cv2.conv,98,40.824005126953125,40.824005126953125,1173921,1173279,114,113,False,
2183,DG003,model.10.cv2.conv,36,40.837432861328125,40.837432861328125,1173279,1172637,113,112,False,
2184,DG042,model.9.cv1.conv,7,40.852943420410156,40.852943420410156,1172637,1171380,21,20,False,
2185,DG042,model.9.cv1.conv,7,40.870296478271484,40.870296478271484,1171380,1170123,20,19,False,
2186,DG003,model.10.cv2.conv,51,40.885719299316406,40.885719299316406,1170123,1169481,112,111,False,
2187,DG003,model.10.cv2.conv,68,40.89324951171875,40.89324951171875,1169481,1168839,111,110,False,
2188,DG003,model.10.cv2.conv,16,40.914825439453125,40.914825439453125,1168839,1168197,110,109,False,
2189,DG042,model.9.cv1.conv,7,40.92608642578125,40.92608642578125,1168197,1166940,19,18,False,
2190,DG003,model.10.cv2.conv,104,40.929847717285156,40.929847717285156,1166940,1166298,109,108,False,
2191,DG003,model.10.cv2.conv,87,40.94126892089844,40.94126892089844,1166298,1165656,108,107,False,
2192,DG003,model.10.cv2.conv,18,40.94155502319336,40.94155502319336,1165656,1165014,107,106,False,
2193,DG003,model.10.cv2.conv,94,40.94379425048828,40.94379425048828,1165014,1164372,106,105,False,
2194,DG042,model.9.cv1.conv,7,40.9483757019043,40.9483757019043,1164372,1163115,18,17,False,
2195,DG003,model.10.cv2.conv,101,40.959510803222656,40.959510803222656,1163115,1162473,105,104,False,
2196,DG003,model.10.cv2.conv,5,40.964996337890625,40.964996337890625,1162473,1161831,104,103,False,
2197,DG003,model.10.cv2.conv,33,40.97718048095703,40.97718048095703,1161831,1161189,103,102,False,
2198,DG042,model.9.cv1.conv,4,40.99189758300781,40.99189758300781,1161189,1159932,17,16,False,
2199,DG003,model.10.cv2.conv,20,41.000152587890625,41.000152587890625,1159932,1159290,102,101,False,
2200,DG003,model.10.cv2.conv,79,41.01002502441406,41.01002502441406,1159290,1158648,101,100,True,True
2201,DG003,model.10.cv2.conv,66,41.04310607910156,41.04310607910156,1158648,1158006,100,99,False,
2202,DG003,model.10.cv2.conv,18,41.04472351074219,41.04472351074219,1158006,1157364,99,98,False,
2203,DG003,model.10.cv2.conv,57,41.05354309082031,41.05354309082031,1157364,1156722,98,97,False,
2204,DG003,model.10.cv2.conv,32,41.079158782958984,41.079158782958984,1156722,1156080,97,96,False,
2205,DG003,model.10.cv2.conv,15,41.101436614990234,41.101436614990234,1156080,1155438,96,95,False,
2206,DG042,model.9.cv1.conv,9,41.10429000854492,41.10429000854492,1155438,1154181,16,15,False,
2207,DG003,model.10.cv2.conv,82,41.111507415771484,41.111507415771484,1154181,1153539,95,94,False,
2208,DG042,model.9.cv1.conv,12,41.13783264160156,41.13783264160156,1153539,1152282,15,14,False,
2209,DG029,model.4.m.0.cv1.conv,8,41.14574432373047,41.14574432373047,1152282,1151704,9,8,False,
2210,DG003,model.10.cv2.conv,70,41.150306701660156,41.150306701660156,1151704,1151062,94,93,False,
2211,DG003,model.10.cv2.conv,71,41.15156555175781,41.15156555175781,1151062,1150420,93,92,False,
2212,DG003,model.10.cv2.conv,58,41.152549743652344,41.152549743652344,1150420,1149778,92,91,False,
2213,DG003,model.10.cv2.conv,56,41.1622314453125,41.1622314453125,1149778,1149136,91,90,False,
2214,DG029,model.4.m.0.cv1.conv,2,41.18822479248047,41.18822479248047,1149136,1148558,8,7,False,
2215,DG003,model.10.cv2.conv,49,41.1956787109375,41.1956787109375,1148558,1147916,90,89,False,
2216,DG003,model.10.cv2.conv,80,41.197086334228516,41.197086334228516,1147916,1147274,89,88,False,
2217,DG003,model.10.cv2.conv,22,41.19802474975586,41.19802474975586,1147274,1146632,88,87,False,
2218,DG003,model.10.cv2.conv,11,41.214332580566406,41.214332580566406,1146632,1145990,87,86,False,
2219,DG003,model.10.cv2.conv,49,41.222312927246094,41.222312927246094,1145990,1145348,86,85,False,
2220,DG042,model.9.cv1.conv,1,41.25734329223633,41.25734329223633,1145348,1144091,14,13,False,
2221,DG003,model.10.cv2.conv,11,41.26192092895508,41.26192092895508,1144091,1143449,85,84,False,
2222,DG003,model.10.cv2.conv,15,41.266571044921875,41.266571044921875,1143449,1142807,84,83,False,
2223,DG029,model.4.m.0.cv1.conv,5,41.27545928955078,41.27545928955078,1142807,1142229,7,6,False,
2224,DG003,model.10.cv2.conv,47,41.27727508544922,41.27727508544922,1142229,1141587,83,82,False,
2225,DG003,model.10.cv2.conv,72,41.285213470458984,41.285213470458984,1141587,1140945,82,81,True,True
2226,DG003,model.10.cv2.conv,57,41.304901123046875,41.304901123046875,1140945,1140303,81,80,False,
2227,DG003,model.10.cv2.conv,21,41.3062744140625,41.3062744140625,1140303,1139661,80,79,False,
2228,DG003,model.10.cv2.conv,7,41.3201904296875,41.3201904296875,1139661,1139019,79,78,False,
2229,DG003,model.10.cv2.conv,26,41.32568359375,41.32568359375,1139019,1138377,78,77,False,
2230,DG003,model.10.cv2.conv,75,41.33015441894531,41.33015441894531,1138377,1137735,77,76,False,
2231,DG003,model.10.cv2.conv,64,41.330810546875,41.330810546875,1137735,1137093,76,75,False,
2232,DG003,model.10.cv2.conv,33,41.369361877441406,41.369361877441406,1137093,1136451,75,74,False,
2233,DG003,model.10.cv2.conv,21,41.37750244140625,41.37750244140625,1136451,1135809,74,73,False,
2234,DG003,model.10.cv2.conv,41,41.38630676269531,41.38630676269531,1135809,1135167,73,72,False,
2235,DG003,model.10.cv2.conv,9,41.3916015625,41.3916015625,1135167,1134525,72,71,False,
2236,DG003,model.10.cv2.conv,1,41.40746307373047,41.40746307373047,1134525,1133883,71,70,False,
2237,DG003,model.10.cv2.conv,21,41.427127838134766,41.427127838134766,1133883,1133241,70,69,False,
2238,DG003,model.10.cv2.conv,29,41.43843460083008,41.43843460083008,1133241,1132599,69,68,False,
2239,DG003,model.10.cv2.conv,1,41.442665100097656,41.442665100097656,1132599,1131957,68,67,False,
2240,DG003,model.10.cv2.conv,3,41.442874908447266,41.442874908447266,1131957,1131315,67,66,False,
2241,DG003,model.10.cv2.conv,59,41.454017639160156,41.454017639160156,1131315,1130673,66,65,False,
2242,DG003,model.10.cv2.conv,25,41.46752166748047,41.46752166748047,1130673,1130031,65,64,False,
2243,DG003,model.10.cv2.conv,60,41.46949768066406,41.46949768066406,1130031,1129389,64,63,False,
2244,DG003,model.10.cv2.conv,55,41.47035217285156,41.47035217285156,1129389,1128747,63,62,False,
2245,DG003,model.10.cv2.conv,40,41.48810577392578,41.48810577392578,1128747,1128105,62,61,False,
2246,DG003,model.10.cv2.conv,9,41.493106842041016,41.493106842041016,1128105,1127463,61,60,False,
2247,DG003,model.10.cv2.conv,58,41.503204345703125,41.503204345703125,1127463,1126821,60,59,False,
2248,DG003,model.10.cv2.conv,45,41.51214599609375,41.51214599609375,1126821,1126179,59,58,False,
2249,DG003,model.10.cv2.conv,2,41.521217346191406,41.521217346191406,1126179,1125537,58,57,False,
2250,DG003,model.10.cv2.conv,30,41.561561584472656,41.561561584472656,1125537,1124895,57,56,True,True
2251,DG003,model.10.cv2.conv,5,41.58344268798828,41.58344268798828,1124895,1124253,56,55,False,
2252,DG003,model.10.cv2.conv,46,41.60206604003906,41.60206604003906,1124253,1123611,55,54,False,
2253,DG003,model.10.cv2.conv,45,41.6094856262207,41.6094856262207,1123611,1122969,54,53,False,
2254,DG003,model.10.cv2.conv,13,41.6124382019043,41.6124382019043,1122969,1122327,53,52,False,
2255,DG003,model.10.cv2.conv,22,41.63900375366211,41.63900375366211,1122327,1121685,52,51,False,
2256,DG003,model.10.cv2.conv,23,41.67902374267578,41.67902374267578,1121685,1121043,51,50,False,
2257,DG003,model.10.cv2.conv,5,41.68391418457031,41.68391418457031,1121043,1120401,50,49,False,
2258,DG003,model.10.cv2.conv,26,41.68876647949219,41.68876647949219,1120401,1119759,49,48,False,
2259,DG003,model.10.cv2.conv,32,41.718345642089844,41.718345642089844,1119759,1119117,48,47,False,
2260,DG003,model.10.cv2.conv,0,41.749061584472656,41.749061584472656,1119117,1118475,47,46,False,
2261,DG003,model.10.cv2.conv,37,41.75615310668945,41.75615310668945,1118475,1117833,46,45,False,
2262,DG003,model.10.cv2.conv,3,41.76307678222656,41.76307678222656,1117833,1117191,45,44,False,
2263,DG003,model.10.cv2.conv,36,41.77422332763672,41.77422332763672,1117191,1116549,44,43,False,
2264,DG003,model.10.cv2.conv,33,41.782447814941406,41.782447814941406,1116549,1115907,43,42,False,
2265,DG003,model.10.cv2.conv,14,41.796913146972656,41.796913146972656,1115907,1115265,42,41,False,
2266,DG003,model.10.cv2.conv,4,41.819862365722656,41.819862365722656,1115265,1114623,41,40,False,
2267,DG003,model.10.cv2.conv,29,41.862571716308594,41.862571716308594,1114623,1113981,40,39,False,
2268,DG003,model.10.cv2.conv,11,41.88551330566406,41.88551330566406,1113981,1113339,39,38,False,
2269,DG003,model.10.cv2.conv,12,41.910804748535156,41.910804748535156,1113339,1112697,38,37,False,
2270,DG003,model.10.cv2.conv,27,41.92375183105469,41.92375183105469,1112697,1112055,37,36,False,
2271,DG003,model.10.cv2.conv,15,41.930763244628906,41.930763244628906,1112055,1111413,36,35,False,
2272,DG003,model.10.cv2.conv,29,41.9451904296875,41.9451904296875,1111413,1110771,35,34,False,
2273,DG003,model.10.cv2.conv,18,41.97850036621094,41.97850036621094,1110771,1110129,34,33,False,
2274,DG003,model.10.cv2.conv,13,41.98350143432617,41.98350143432617,1110129,1109487,33,32,False,
2275,DG003,model.10.cv2.conv,20,41.9998779296875,41.9998779296875,1109487,1108845,32,31,True,True
2276,DG003,model.10.cv2.conv,3,42.016883850097656,42.016883850097656,1108845,1108203,31,30,False,
2277,DG003,model.10.cv2.conv,5,42.041446685791016,42.041446685791016,1108203,1107561,30,29,False,
2278,DG003,model.10.cv2.conv,21,42.048927307128906,42.048927307128906,1107561,1106919,29,28,False,
2279,DG003,model.10.cv2.conv,23,42.06978988647461,42.06978988647461,1106919,1106277,28,27,False,
2280,DG003,model.10.cv2.conv,4,42.07837677001953,42.07837677001953,1106277,1105635,27,26,False,
2281,DG029,model.4.m.0.cv1.conv,0,42.21730041503906,42.21730041503906,1105635,1105057,6,5,False,
2282,DG029,model.4.m.0.cv1.conv,4,42.273704528808594,42.273704528808594,1105057,1104479,5,4,False,
2283,DG037,model.8.cv2.conv,222,43.75410079956055,43.75410079956055,1104479,1103770,251,250,False,
2284,DG037,model.8.cv2.conv,102,44.89288330078125,44.89288330078125,1103770,1103061,250,249,False,
2285,DG037,model.8.cv2.conv,44,46.22539520263672,46.22539520263672,1103061,1102352,249,248,False,
2286,DG037,model.8.cv2.conv,60,48.16236877441406,48.16236877441406,1102352,1101643,248,247,False,
2287,DG037,model.8.cv2.conv,102,48.3831787109375,48.3831787109375,1101643,1100934,247,246,False,
2288,DG037,model.8.cv2.conv,1,48.724609375,48.724609375,1100934,1100225,246,245,False,
2289,DG037,model.8.cv2.conv,208,49.41965866088867,49.41965866088867,1100225,1099516,245,244,False,
2290,DG037,model.8.cv2.conv,3,50.53126525878906,50.53126525878906,1099516,1098807,244,243,False,
2291,DG037,model.8.cv2.conv,2,52.1265754699707,52.1265754699707,1098807,1098098,243,242,False,
2292,DG037,model.8.cv2.conv,168,52.50078582763672,52.50078582763672,1098098,1097389,242,241,False,
2293,DG037,model.8.cv2.conv,110,52.641510009765625,52.641510009765625,1097389,1096680,241,240,False,
2294,DG037,model.8.cv2.conv,159,53.73371887207031,53.73371887207031,1096680,1095971,240,239,False,
2295,DG037,model.8.cv2.conv,36,54.298919677734375,54.298919677734375,1095971,1095262,239,238,False,
2296,DG037,model.8.cv2.conv,162,54.648155212402344,54.648155212402344,1095262,1094553,238,237,False,
2297,DG037,model.8.cv2.conv,126,55.317962646484375,55.317962646484375,1094553,1093844,237,236,False,
2298,DG037,model.8.cv2.conv,208,55.58531951904297,55.58531951904297,1093844,1093135,236,235,False,
2299,DG037,model.8.cv2.conv,202,55.75933837890625,55.75933837890625,1093135,1092426,235,234,False,
2300,DG037,model.8.cv2.conv,154,55.83948516845703,55.83948516845703,1092426,1091717,234,233,True,True
2301,DG037,model.8.cv2.conv,227,55.900550842285156,55.900550842285156,1091717,1091008,233,232,True,True
