split,file_name,primary_class,object_count
train,00059349.jpg,car,2
train,00080720.jpg,car,3
train,00011015.jpg,car,2
train,00040198.jpg,pickup_truck,4
train,00058484.jpg,car,3
train,00099389.jpg,car,2
train,00055635.jpg,car,10
train,00070450.jpg,car,3
train,00057375.jpg,car,5
train,00091696.jpg,car,1
train,00058246.jpg,car,2
train,00058386.jpg,car,4
train,00072223.jpg,pickup_truck,1
train,00013642.jpg,car,15
train,00086228.jpg,car,5
train,00073240.jpg,car,2
train,00017685.jpg,pickup_truck,1
train,00040532.jpg,pickup_truck,1
train,00107856.jpg,work_van,1
train,00005612.jpg,car,2
train,00027986.jpg,car,3
train,00065465.jpg,car,1
train,00022790.jpg,car,2
train,00002769.jpg,car,6
train,00030846.jpg,car,2
train,00050929.jpg,car,1
train,00043947.jpg,bus,1
train,00065295.jpg,car,4
train,00097292.jpg,car,1
train,00068075.jpg,car,4
train,00028554.jpg,work_van,2
train,00073000.jpg,pickup_truck,1
train,00035112.jpg,motorized_vehicle,3
train,00092627.jpg,car,1
train,00016537.jpg,car,3
train,00012263.jpg,single_unit_truck,3
train,00103298.jpg,car,5
train,00025242.jpg,car,2
train,00096869.jpg,car,6
train,00102408.jpg,car,2
train,00031785.jpg,car,1
train,00023213.jpg,car,4
train,00018020.jpg,car,4
train,00061866.jpg,car,2
train,00049347.jpg,pickup_truck,1
train,00003443.jpg,car,1
train,00059799.jpg,car,5
train,00076496.jpg,car,1
train,00082860.jpg,car,2
train,00097473.jpg,car,18
train,00066109.jpg,car,1
train,00035895.jpg,bus,2
train,00064228.jpg,bus,1
train,00082870.jpg,car,2
train,00036424.jpg,car,9
train,00088236.jpg,car,2
train,00023104.jpg,bus,1
train,00005015.jpg,motorcycle,1
train,00005583.jpg,car,12
train,00033844.jpg,car,4
train,00044435.jpg,car,3
train,00024899.jpg,car,1
train,00017303.jpg,car,6
train,00074903.jpg,car,4
train,00017310.jpg,car,1
train,00094697.jpg,bus,2
train,00088791.jpg,car,1
train,00041115.jpg,car,4
train,00110127.jpg,articulated_truck,1
train,00026599.jpg,car,3
train,00012586.jpg,car,3
train,00029634.jpg,car,1
train,00087913.jpg,pickup_truck,2
train,00069231.jpg,car,3
train,00075214.jpg,car,2
train,00096144.jpg,car,3
train,00108359.jpg,motorized_vehicle,2
train,00000660.jpg,car,5
train,00079463.jpg,motorized_vehicle,7
train,00032685.jpg,car,2
train,00023987.jpg,car,1
train,00047077.jpg,car,1
train,00021521.jpg,car,1
train,00077990.jpg,car,2
train,00004147.jpg,car,1
train,00058104.jpg,car,1
train,00023326.jpg,car,5
train,00036074.jpg,car,4
train,00033452.jpg,pickup_truck,8
train,00034485.jpg,pickup_truck,2
train,00087961.jpg,car,1
train,00042681.jpg,work_van,2
train,00025461.jpg,car,2
train,00046334.jpg,car,2
train,00059536.jpg,car,11
train,00016683.jpg,car,6
train,00027250.jpg,car,1
train,00055033.jpg,car,5
train,00073454.jpg,car,1
train,00043576.jpg,car,4
train,00095951.jpg,car,2
train,00027432.jpg,motorized_vehicle,1
train,00025561.jpg,car,1
train,00043462.jpg,car,4
train,00015044.jpg,car,2
train,00040111.jpg,car,3
train,00048277.jpg,car,3
train,00077933.jpg,pickup_truck,2
train,00054726.jpg,car,2
train,00002966.jpg,car,2
train,00086608.jpg,pickup_truck,1
train,00034548.jpg,car,4
train,00056261.jpg,car,1
train,00000384.jpg,car,1
train,00068600.jpg,car,9
train,00065931.jpg,car,6
train,00028307.jpg,pickup_truck,1
train,00108032.jpg,car,5
train,00018984.jpg,articulated_truck,3
train,00070280.jpg,bus,1
train,00035711.jpg,car,2
train,00050585.jpg,car,1
train,00105478.jpg,car,8
train,00044300.jpg,car,3
train,00078179.jpg,car,2
train,00014551.jpg,car,4
train,00096852.jpg,car,1
train,00041300.jpg,car,1
train,00097681.jpg,pickup_truck,1
train,00029930.jpg,car,3
train,00011191.jpg,pickup_truck,2
train,00035014.jpg,non_motorized_vehicle,3
train,00029935.jpg,car,5
train,00013410.jpg,car,11
train,00081722.jpg,pickup_truck,1
train,00066086.jpg,car,2
train,00008126.jpg,pickup_truck,4
train,00023688.jpg,car,2
train,00087863.jpg,car,1
train,00110502.jpg,car,2
train,00040994.jpg,car,1
train,00054614.jpg,car,5
train,00101520.jpg,car,1
train,00105544.jpg,motorcycle,2
train,00020132.jpg,motorized_vehicle,2
train,00058949.jpg,car,3
train,00101694.jpg,bus,2
train,00075293.jpg,pickup_truck,1
train,00090168.jpg,car,5
train,00099739.jpg,non_motorized_vehicle,3
train,00060312.jpg,car,1
train,00108834.jpg,car,3
train,00072544.jpg,car,2
train,00000744.jpg,car,2
train,00022934.jpg,car,4
train,00070344.jpg,pickup_truck,2
train,00054868.jpg,bus,1
train,00064404.jpg,car,4
train,00029184.jpg,car,1
train,00091827.jpg,pickup_truck,2
train,00023653.jpg,car,4
train,00028094.jpg,car,3
train,00019891.jpg,car,3
train,00096380.jpg,car,4
train,00096430.jpg,car,6
train,00087619.jpg,car,2
train,00033095.jpg,car,5
train,00099455.jpg,car,2
train,00037974.jpg,articulated_truck,3
train,00087306.jpg,car,2
train,00105717.jpg,bus,3
train,00091342.jpg,articulated_truck,2
train,00053153.jpg,car,4
train,00091524.jpg,car,6
train,00069083.jpg,car,4
train,00085558.jpg,car,2
train,00093011.jpg,car,3
train,00103187.jpg,car,2
train,00057480.jpg,car,1
train,00034842.jpg,car,2
train,00089270.jpg,pickup_truck,6
train,00085682.jpg,car,2
train,00050945.jpg,car,2
train,00090748.jpg,car,1
train,00060086.jpg,car,3
train,00068873.jpg,car,4
train,00040046.jpg,articulated_truck,4
train,00061169.jpg,car,5
train,00097088.jpg,car,1
train,00050076.jpg,car,1
train,00067274.jpg,car,2
train,00054398.jpg,pickup_truck,1
train,00051216.jpg,car,4
train,00066234.jpg,car,2
train,00007644.jpg,motorized_vehicle,5
train,00055315.jpg,car,4
train,00047317.jpg,pickup_truck,1
train,00107814.jpg,articulated_truck,1
train,00039360.jpg,car,1
train,00039608.jpg,pickup_truck,2
train,00103541.jpg,pickup_truck,2
train,00028296.jpg,pickup_truck,6
train,00093332.jpg,car,1
train,00088309.jpg,car,3
train,00039204.jpg,motorized_vehicle,3
train,00059742.jpg,car,1
train,00075639.jpg,car,2
train,00062551.jpg,car,4
train,00030996.jpg,car,6
train,00054186.jpg,car,1
train,00092971.jpg,car,1
train,00011814.jpg,car,1
train,00061039.jpg,car,1
train,00096293.jpg,car,7
train,00061140.jpg,car,1
train,00108695.jpg,pickup_truck,1
train,00043582.jpg,car,2
train,00083400.jpg,car,2
train,00029361.jpg,car,1
train,00091260.jpg,car,5
train,00092088.jpg,car,4
train,00102962.jpg,bus,1
train,00089300.jpg,pickup_truck,1
train,00002440.jpg,car,2
train,00084855.jpg,car,1
train,00035461.jpg,car,7
train,00011273.jpg,pickup_truck,1
train,00072110.jpg,motorized_vehicle,2
train,00046174.jpg,car,4
train,00081768.jpg,single_unit_truck,3
train,00060984.jpg,car,3
train,00081625.jpg,car,2
train,00067395.jpg,car,7
train,00026793.jpg,car,4
train,00032344.jpg,articulated_truck,1
train,00053836.jpg,car,1
train,00091179.jpg,car,3
train,00034261.jpg,bus,1
train,00025673.jpg,car,2
train,00080301.jpg,car,2
train,00046569.jpg,car,1
train,00047939.jpg,car,5
train,00025675.jpg,car,3
train,00024809.jpg,car,5
train,00023067.jpg,car,4
train,00007551.jpg,car,1
train,00016771.jpg,pickup_truck,1
train,00035016.jpg,car,3
train,00077283.jpg,bus,1
train,00065821.jpg,car,1
train,00058294.jpg,car,1
train,00025943.jpg,car,6
train,00033470.jpg,car,2
train,00020394.jpg,car,2
train,00042793.jpg,car,7
train,00099688.jpg,pickup_truck,3
train,00024942.jpg,car,1
train,00045469.jpg,car,1
train,00003821.jpg,car,5
train,00054327.jpg,car,2
train,00000465.jpg,car,1
train,00029598.jpg,car,6
train,00041636.jpg,car,2
train,00097013.jpg,car,3
train,00067765.jpg,pedestrian,4
train,00039248.jpg,car,3
train,00097092.jpg,pickup_truck,9
train,00107486.jpg,pickup_truck,8
train,00020973.jpg,car,5
train,00079502.jpg,car,6
train,00101214.jpg,pickup_truck,1
train,00060215.jpg,car,1
train,00017768.jpg,car,1
train,00098905.jpg,car,5
train,00064595.jpg,car,1
train,00024322.jpg,car,1
train,00109101.jpg,pickup_truck,1
train,00084751.jpg,pickup_truck,6
train,00091174.jpg,car,3
train,00071589.jpg,car,8
train,00105923.jpg,pickup_truck,4
train,00006816.jpg,pickup_truck,1
train,00059791.jpg,car,3
train,00005749.jpg,car,3
train,00043181.jpg,car,6
train,00060282.jpg,car,2
train,00050358.jpg,car,4
train,00001347.jpg,car,1
train,00040286.jpg,car,1
train,00049498.jpg,motorized_vehicle,1
train,00104335.jpg,car,13
train,00048783.jpg,car,1
train,00018041.jpg,car,5
train,00078640.jpg,car,3
train,00072258.jpg,pickup_truck,7
train,00002949.jpg,car,3
train,00063422.jpg,car,1
train,00080345.jpg,car,3
train,00080609.jpg,car,1
train,00043082.jpg,car,2
train,00040275.jpg,car,2
train,00079957.jpg,car,7
train,00068890.jpg,car,2
train,00099545.jpg,car,5
train,00041886.jpg,car,3
train,00081097.jpg,car,3
train,00108573.jpg,car,6
train,00018703.jpg,work_van,2
train,00062758.jpg,car,2
train,00096043.jpg,articulated_truck,1
train,00054314.jpg,motorized_vehicle,5
train,00048614.jpg,car,3
train,00082558.jpg,car,1
train,00004918.jpg,articulated_truck,2
train,00060062.jpg,car,1
train,00044082.jpg,car,1
train,00093414.jpg,car,3
train,00023086.jpg,car,5
train,00016392.jpg,car,4
train,00049641.jpg,car,2
train,00086891.jpg,car,7
train,00024139.jpg,car,2
train,00076390.jpg,car,2
train,00010829.jpg,car,1
train,00024193.jpg,car,4
train,00060604.jpg,articulated_truck,1
train,00107912.jpg,car,2
train,00067417.jpg,car,6
train,00084147.jpg,car,2
train,00034246.jpg,pickup_truck,2
train,00102051.jpg,pickup_truck,1
train,00025382.jpg,car,2
train,00036954.jpg,car,11
train,00017044.jpg,pickup_truck,2
train,00007424.jpg,car,4
train,00077365.jpg,bus,2
train,00027971.jpg,car,2
train,00073877.jpg,car,1
train,00044958.jpg,bus,1
train,00055955.jpg,car,4
train,00032678.jpg,pedestrian,5
train,00029302.jpg,car,5
train,00103696.jpg,car,6
train,00022022.jpg,car,4
train,00076223.jpg,car,4
train,00106614.jpg,car,8
train,00027820.jpg,car,2
train,00086119.jpg,car,7
train,00041485.jpg,pickup_truck,1
train,00056860.jpg,car,3
train,00033647.jpg,car,1
train,00014594.jpg,car,1
train,00094072.jpg,car,2
train,00098787.jpg,car,2
train,00007106.jpg,car,1
train,00080282.jpg,car,2
train,00098108.jpg,car,7
train,00081155.jpg,car,7
train,00082188.jpg,bicycle,6
train,00073706.jpg,pickup_truck,4
train,00024538.jpg,car,3
train,00082126.jpg,motorized_vehicle,2
train,00068861.jpg,car,5
train,00101412.jpg,car,1
train,00077112.jpg,articulated_truck,1
train,00091105.jpg,car,16
train,00045415.jpg,car,3
train,00001256.jpg,car,3
train,00063014.jpg,car,4
train,00093966.jpg,car,1
train,00096574.jpg,car,1
train,00008746.jpg,car,1
train,00070998.jpg,car,2
train,00057602.jpg,car,5
train,00029701.jpg,car,1
train,00012926.jpg,car,5
train,00013339.jpg,articulated_truck,5
train,00097712.jpg,car,3
train,00082209.jpg,car,4
train,00095518.jpg,motorized_vehicle,2
train,00040813.jpg,car,4
train,00094946.jpg,car,1
train,00018123.jpg,car,3
train,00086876.jpg,car,2
train,00060078.jpg,car,1
train,00055890.jpg,motorized_vehicle,2
train,00090809.jpg,car,1
train,00110359.jpg,car,1
train,00013724.jpg,car,3
train,00087229.jpg,car,1
train,00108281.jpg,car,1
train,00082133.jpg,car,5
train,00076146.jpg,pickup_truck,2
train,00071213.jpg,car,3
train,00056148.jpg,car,2
train,00097433.jpg,car,3
train,00076510.jpg,car,4
train,00036591.jpg,car,5
train,00084550.jpg,motorized_vehicle,5
train,00036994.jpg,bus,2
train,00069606.jpg,car,1
train,00066954.jpg,car,1
train,00038848.jpg,car,5
train,00038741.jpg,pickup_truck,2
train,00061197.jpg,car,1
train,00057005.jpg,car,7
train,00109280.jpg,car,2
train,00060625.jpg,pickup_truck,1
train,00073767.jpg,car,4
train,00048129.jpg,bus,1
train,00062780.jpg,car,1
train,00010598.jpg,bus,4
train,00089858.jpg,car,2
train,00069026.jpg,motorized_vehicle,7
train,00027993.jpg,car,3
train,00096326.jpg,car,1
train,00098272.jpg,work_van,1
train,00044043.jpg,car,13
train,00091956.jpg,car,9
train,00082598.jpg,car,1
train,00022497.jpg,bus,2
train,00057276.jpg,non_motorized_vehicle,4
train,00060225.jpg,bus,1
train,00074106.jpg,car,9
train,00020194.jpg,car,4
train,00038022.jpg,car,13
train,00052549.jpg,pickup_truck,1
train,00013509.jpg,car,2
train,00003051.jpg,car,2
train,00014990.jpg,articulated_truck,1
train,00096191.jpg,motorized_vehicle,2
train,00097058.jpg,car,3
train,00006373.jpg,car,1
train,00068361.jpg,car,12
train,00066938.jpg,articulated_truck,2
train,00018021.jpg,car,2
train,00067241.jpg,car,3
train,00080073.jpg,car,2
train,00096324.jpg,car,3
train,00097844.jpg,car,1
train,00075876.jpg,car,3
train,00056454.jpg,car,2
train,00105792.jpg,car,1
train,00007533.jpg,car,4
train,00031250.jpg,car,4
train,00011488.jpg,single_unit_truck,3
train,00056246.jpg,car,2
train,00108830.jpg,car,6
train,00044151.jpg,pickup_truck,2
train,00008784.jpg,car,4
train,00062042.jpg,pickup_truck,1
train,00001176.jpg,work_van,1
train,00000816.jpg,articulated_truck,1
train,00027604.jpg,car,6
train,00045757.jpg,car,6
train,00052594.jpg,car,7
train,00001672.jpg,car,5
train,00101618.jpg,pickup_truck,1
train,00012068.jpg,car,1
train,00078962.jpg,pickup_truck,2
train,00072945.jpg,car,2
train,00071853.jpg,pickup_truck,1
train,00030193.jpg,car,11
train,00041283.jpg,pickup_truck,1
train,00006173.jpg,car,2
train,00098771.jpg,car,8
train,00072437.jpg,pickup_truck,1
train,00094500.jpg,car,3
train,00085893.jpg,car,4
train,00053815.jpg,car,2
train,00063346.jpg,pickup_truck,1
train,00012752.jpg,car,6
train,00003942.jpg,car,7
train,00099298.jpg,car,1
train,00066686.jpg,motorcycle,2
train,00059287.jpg,car,2
train,00102578.jpg,motorized_vehicle,4
train,00066839.jpg,car,2
train,00087093.jpg,car,11
train,00070408.jpg,car,3
train,00096727.jpg,car,1
train,00076482.jpg,car,4
train,00078513.jpg,pickup_truck,3
train,00028948.jpg,car,3
train,00067960.jpg,car,4
train,00109092.jpg,pickup_truck,1
train,00021505.jpg,car,5
train,00002552.jpg,car,1
train,00022838.jpg,pickup_truck,1
train,00019099.jpg,car,2
train,00077367.jpg,car,9
train,00101430.jpg,car,5
train,00028994.jpg,car,3
train,00012779.jpg,pickup_truck,5
train,00083771.jpg,car,1
train,00107320.jpg,car,8
train,00108185.jpg,pickup_truck,1
train,00080442.jpg,pickup_truck,2
train,00078698.jpg,car,2
train,00023788.jpg,car,2
train,00069909.jpg,car,4
train,00034027.jpg,bus,1
train,00109201.jpg,motorized_vehicle,3
train,00060603.jpg,car,2
train,00094937.jpg,car,2
train,00095930.jpg,car,4
train,00007481.jpg,bus,1
train,00038543.jpg,car,3
train,00041375.jpg,car,3
train,00014665.jpg,pickup_truck,1
train,00108580.jpg,car,3
train,00108357.jpg,car,2
train,00006370.jpg,car,6
train,00023924.jpg,car,6
train,00072149.jpg,car,2
train,00008584.jpg,car,1
train,00103325.jpg,car,6
train,00030678.jpg,car,2
train,00074358.jpg,car,8
train,00033237.jpg,pickup_truck,1
train,00106186.jpg,car,10
train,00007738.jpg,car,1
train,00013825.jpg,car,11
train,00104628.jpg,pickup_truck,2
train,00095546.jpg,car,8
train,00063431.jpg,car,2
train,00003231.jpg,car,5
train,00070416.jpg,car,3
train,00079327.jpg,car,1
train,00008526.jpg,work_van,1
train,00076369.jpg,car,1
train,00054043.jpg,car,10
train,00060523.jpg,car,1
train,00095087.jpg,car,1
train,00031743.jpg,pickup_truck,1
train,00003727.jpg,car,2
train,00070538.jpg,car,1
train,00085451.jpg,car,10
train,00023483.jpg,car,3
train,00033156.jpg,pickup_truck,1
train,00080002.jpg,car,6
train,00094075.jpg,car,2
train,00089787.jpg,car,4
train,00031132.jpg,bus,1
train,00017986.jpg,pickup_truck,1
train,00074771.jpg,car,1
train,00102041.jpg,car,2
train,00080913.jpg,car,2
train,00095673.jpg,work_van,1
train,00066878.jpg,pickup_truck,1
train,00092946.jpg,car,2
train,00053427.jpg,car,3
train,00072493.jpg,car,3
train,00092678.jpg,car,7
train,00079850.jpg,car,5
train,00057816.jpg,car,7
train,00065756.jpg,car,2
train,00108842.jpg,car,4
train,00084682.jpg,car,1
train,00082857.jpg,car,4
train,00089161.jpg,pickup_truck,1
train,00090424.jpg,single_unit_truck,3
train,00103562.jpg,pickup_truck,4
train,00086849.jpg,car,1
train,00015149.jpg,pickup_truck,2
train,00105816.jpg,car,1
train,00017502.jpg,car,2
train,00034751.jpg,car,1
train,00103028.jpg,car,5
train,00006379.jpg,car,3
train,00017215.jpg,pickup_truck,4
train,00032297.jpg,car,6
train,00090515.jpg,pickup_truck,1
train,00029774.jpg,car,13
train,00008594.jpg,pickup_truck,10
train,00029938.jpg,car,16
train,00006243.jpg,pickup_truck,2
train,00062817.jpg,car,3
train,00070762.jpg,car,2
train,00051166.jpg,car,3
train,00109420.jpg,bus,1
train,00017428.jpg,car,2
train,00085863.jpg,car,5
train,00066768.jpg,car,7
train,00062879.jpg,car,4
train,00028213.jpg,car,7
train,00043607.jpg,car,8
train,00039496.jpg,motorized_vehicle,3
train,00047688.jpg,car,1
train,00065156.jpg,car,4
train,00058900.jpg,car,10
train,00042638.jpg,car,2
train,00014915.jpg,car,4
train,00070194.jpg,car,1
train,00061825.jpg,car,3
train,00027704.jpg,pickup_truck,1
train,00100251.jpg,car,17
train,00086240.jpg,car,3
train,00068993.jpg,car,3
train,00053920.jpg,car,1
train,00100546.jpg,car,1
train,00006466.jpg,car,2
train,00071170.jpg,car,4
train,00080472.jpg,car,1
train,00044998.jpg,car,3
train,00060670.jpg,car,6
train,00002409.jpg,pickup_truck,2
train,00065730.jpg,car,3
train,00057035.jpg,car,2
train,00102178.jpg,articulated_truck,2
train,00041834.jpg,car,1
train,00014232.jpg,car,5
train,00105842.jpg,car,3
train,00052082.jpg,car,2
train,00014402.jpg,car,6
train,00086661.jpg,car,1
train,00052018.jpg,car,2
train,00080294.jpg,motorized_vehicle,2
train,00104060.jpg,car,2
train,00089746.jpg,bus,1
train,00018079.jpg,car,1
train,00013143.jpg,motorized_vehicle,1
train,00043322.jpg,car,3
train,00038592.jpg,bus,1
train,00070290.jpg,car,1
train,00059601.jpg,car,5
train,00002958.jpg,car,1
train,00089459.jpg,car,5
train,00077749.jpg,car,3
train,00036324.jpg,car,4
train,00069746.jpg,car,3
train,00081635.jpg,car,1
train,00068583.jpg,pickup_truck,1
train,00013119.jpg,pickup_truck,2
train,00014573.jpg,pickup_truck,1
train,00024800.jpg,car,5
train,00043416.jpg,car,2
train,00027486.jpg,car,4
train,00028710.jpg,car,7
train,00073360.jpg,pickup_truck,1
train,00064791.jpg,car,5
train,00102561.jpg,car,2
train,00016460.jpg,car,2
train,00006961.jpg,car,5
train,00042631.jpg,car,1
train,00053646.jpg,car,2
train,00022291.jpg,pickup_truck,3
train,00081651.jpg,car,8
train,00016176.jpg,car,3
train,00090440.jpg,work_van,2
train,00110272.jpg,car,5
train,00068797.jpg,motorized_vehicle,4
train,00032681.jpg,car,15
train,00049764.jpg,car,3
train,00036951.jpg,car,1
train,00072374.jpg,car,3
train,00099211.jpg,car,9
train,00088749.jpg,car,1
train,00069337.jpg,bus,1
train,00062653.jpg,motorized_vehicle,10
train,00106422.jpg,car,3
train,00049747.jpg,bus,2
train,00106343.jpg,car,2
train,00079067.jpg,car,3
train,00025422.jpg,car,8
train,00012016.jpg,car,3
train,00043553.jpg,car,1
train,00049260.jpg,car,7
train,00034336.jpg,car,1
train,00062445.jpg,pickup_truck,7
train,00038907.jpg,car,2
train,00054915.jpg,articulated_truck,1
train,00027351.jpg,car,1
train,00019856.jpg,car,4
train,00094236.jpg,car,14
train,00083087.jpg,car,3
train,00012663.jpg,motorized_vehicle,7
train,00067615.jpg,pickup_truck,2
train,00106642.jpg,car,2
train,00092234.jpg,motorized_vehicle,5
train,00040261.jpg,car,7
train,00030209.jpg,motorcycle,1
train,00104470.jpg,car,11
train,00077627.jpg,car,1
train,00099549.jpg,car,3
train,00040195.jpg,car,5
train,00083211.jpg,car,19
train,00055650.jpg,car,3
train,00055711.jpg,pickup_truck,2
train,00082703.jpg,bus,3
train,00032131.jpg,car,3
train,00017117.jpg,car,2
train,00110265.jpg,pickup_truck,1
train,00050102.jpg,car,3
train,00091114.jpg,car,4
train,00077477.jpg,pickup_truck,1
train,00099821.jpg,pickup_truck,1
train,00103872.jpg,car,4
train,00101936.jpg,car,3
train,00052899.jpg,car,2
train,00102121.jpg,articulated_truck,3
train,00077659.jpg,pickup_truck,3
train,00001411.jpg,car,7
train,00110038.jpg,car,3
train,00005962.jpg,car,9
train,00093972.jpg,car,2
train,00067330.jpg,car,1
train,00081637.jpg,car,3
train,00053484.jpg,car,5
train,00042679.jpg,car,1
train,00069926.jpg,pickup_truck,1
train,00029092.jpg,car,3
train,00101973.jpg,car,4
train,00084535.jpg,car,4
train,00055839.jpg,car,3
train,00100862.jpg,pickup_truck,3
train,00105563.jpg,car,4
train,00031927.jpg,bus,2
train,00085371.jpg,car,5
train,00006948.jpg,pickup_truck,1
train,00080835.jpg,car,1
train,00063103.jpg,car,6
train,00060962.jpg,car,3
train,00006271.jpg,car,4
train,00063975.jpg,car,1
train,00068727.jpg,car,5
train,00024955.jpg,car,4
train,00018699.jpg,car,1
train,00098161.jpg,car,1
train,00110532.jpg,car,2
train,00086595.jpg,car,1
train,00083514.jpg,articulated_truck,1
train,00031752.jpg,car,9
train,00107056.jpg,car,1
train,00085117.jpg,work_van,2
train,00038868.jpg,car,5
train,00064326.jpg,pickup_truck,3
train,00025416.jpg,motorcycle,1
train,00078061.jpg,pickup_truck,1
train,00032945.jpg,pickup_truck,1
train,00012916.jpg,car,3
train,00053593.jpg,car,2
train,00018834.jpg,car,1
train,00024995.jpg,car,6
train,00107650.jpg,articulated_truck,1
train,00040574.jpg,car,1
train,00021994.jpg,pickup_truck,3
train,00028347.jpg,car,2
train,00000732.jpg,bus,1
train,00091595.jpg,car,3
train,00096805.jpg,pickup_truck,1
train,00080169.jpg,car,1
train,00072378.jpg,pickup_truck,2
train,00093339.jpg,car,2
train,00065684.jpg,car,2
train,00081273.jpg,car,2
train,00051865.jpg,car,2
train,00054235.jpg,car,7
train,00012137.jpg,car,1
train,00097143.jpg,car,4
train,00005871.jpg,car,2
train,00049481.jpg,car,4
train,00043271.jpg,articulated_truck,2
train,00105961.jpg,car,7
train,00021779.jpg,car,2
train,00059350.jpg,car,1
train,00015053.jpg,pickup_truck,2
train,00062044.jpg,car,5
train,00094979.jpg,car,3
train,00099492.jpg,car,4
train,00016731.jpg,car,7
train,00010298.jpg,bus,1
train,00063534.jpg,car,3
train,00088437.jpg,car,6
train,00109506.jpg,pickup_truck,2
train,00105924.jpg,pickup_truck,4
train,00013174.jpg,car,6
train,00093984.jpg,car,4
train,00035542.jpg,car,3
train,00018299.jpg,bus,2
train,00075517.jpg,car,2
train,00064004.jpg,car,6
train,00029826.jpg,car,6
train,00073030.jpg,pickup_truck,1
train,00022766.jpg,car,1
train,00041464.jpg,car,3
train,00042207.jpg,bus,1
train,00102601.jpg,articulated_truck,2
train,00097924.jpg,car,7
train,00057343.jpg,car,4
train,00041939.jpg,car,1
train,00068807.jpg,car,1
train,00067531.jpg,pickup_truck,1
train,00049412.jpg,bus,1
train,00036419.jpg,car,2
train,00041972.jpg,car,2
train,00003657.jpg,car,7
train,00056763.jpg,car,2
train,00051454.jpg,pickup_truck,1
train,00080397.jpg,bus,1
train,00072750.jpg,car,9
train,00096262.jpg,car,3
train,00027929.jpg,pickup_truck,1
train,00105561.jpg,pickup_truck,1
train,00041009.jpg,car,2
train,00002677.jpg,pickup_truck,1
train,00106162.jpg,pickup_truck,1
train,00045016.jpg,car,20
train,00009708.jpg,car,2
train,00071715.jpg,pickup_truck,2
train,00104674.jpg,car,1
train,00077344.jpg,car,3
train,00065406.jpg,car,1
train,00028019.jpg,car,3
train,00023315.jpg,car,4
train,00032383.jpg,car,4
train,00015797.jpg,car,6
train,00035677.jpg,car,1
train,00049309.jpg,car,2
train,00067262.jpg,car,5
train,00100938.jpg,car,2
train,00018810.jpg,car,1
train,00015908.jpg,car,2
train,00059670.jpg,car,2
train,00049905.jpg,bus,2
train,00046461.jpg,pickup_truck,1
train,00000049.jpg,car,4
train,00012036.jpg,car,5
train,00060422.jpg,car,3
train,00052111.jpg,single_unit_truck,5
train,00046073.jpg,car,7
train,00005946.jpg,car,1
train,00059115.jpg,car,1
train,00079410.jpg,car,12
train,00025570.jpg,car,2
train,00083768.jpg,pickup_truck,1
train,00106771.jpg,car,2
train,00021223.jpg,car,5
train,00083989.jpg,car,2
train,00082161.jpg,car,2
train,00030687.jpg,pickup_truck,1
train,00109691.jpg,car,5
train,00048898.jpg,car,6
train,00031264.jpg,motorized_vehicle,3
train,00067758.jpg,car,1
train,00064736.jpg,car,4
train,00109739.jpg,car,8
train,00104790.jpg,pickup_truck,1
train,00031951.jpg,single_unit_truck,4
train,00002405.jpg,motorized_vehicle,9
train,00101355.jpg,motorized_vehicle,2
train,00070111.jpg,car,2
train,00000012.jpg,car,8
train,00109713.jpg,pickup_truck,3
train,00009190.jpg,car,8
train,00102077.jpg,car,5
train,00036211.jpg,car,2
train,00099764.jpg,car,4
train,00010023.jpg,car,6
train,00066519.jpg,articulated_truck,2
train,00082786.jpg,car,1
train,00039438.jpg,single_unit_truck,2
train,00013869.jpg,motorized_vehicle,1
train,00054754.jpg,car,1
train,00035817.jpg,car,6
train,00064468.jpg,car,5
train,00100221.jpg,articulated_truck,1
train,00093890.jpg,car,2
train,00086981.jpg,pickup_truck,1
train,00006722.jpg,car,8
train,00037429.jpg,bus,1
train,00089288.jpg,car,4
train,00033061.jpg,articulated_truck,1
train,00029028.jpg,pickup_truck,2
train,00093724.jpg,car,2
train,00075617.jpg,car,2
train,00100634.jpg,pickup_truck,5
train,00035682.jpg,car,2
train,00104337.jpg,pickup_truck,3
train,00030623.jpg,car,2
train,00069234.jpg,articulated_truck,3
train,00053428.jpg,car,18
train,00011541.jpg,car,3
train,00094757.jpg,car,2
train,00036343.jpg,car,1
train,00024846.jpg,car,4
train,00005940.jpg,bus,2
train,00094231.jpg,car,4
train,00108075.jpg,car,5
train,00026375.jpg,car,3
train,00110263.jpg,pickup_truck,4
train,00053259.jpg,car,1
train,00045245.jpg,pickup_truck,4
train,00074806.jpg,motorcycle,1
train,00060644.jpg,car,3
train,00015641.jpg,pickup_truck,1
train,00061090.jpg,car,4
train,00065800.jpg,car,5
train,00012618.jpg,pickup_truck,3
train,00069403.jpg,car,1
train,00041882.jpg,motorized_vehicle,6
train,00101361.jpg,car,1
train,00069976.jpg,motorized_vehicle,4
train,00052268.jpg,car,6
train,00015577.jpg,bus,1
train,00076284.jpg,car,6
train,00027033.jpg,articulated_truck,1
train,00064143.jpg,bicycle,3
train,00091403.jpg,car,3
train,00026289.jpg,car,4
train,00087156.jpg,car,13
train,00029337.jpg,car,2
train,00087943.jpg,pickup_truck,4
train,00077789.jpg,car,2
train,00106437.jpg,car,1
train,00024498.jpg,car,4
train,00013909.jpg,pickup_truck,3
train,00010317.jpg,pickup_truck,1
train,00044120.jpg,car,18
train,00067236.jpg,car,5
train,00110008.jpg,car,6
train,00052459.jpg,car,2
train,00027571.jpg,car,1
train,00000405.jpg,single_unit_truck,1
train,00104167.jpg,pickup_truck,4
train,00084036.jpg,car,6
train,00083864.jpg,car,2
train,00081762.jpg,articulated_truck,1
train,00032271.jpg,car,3
train,00007797.jpg,car,3
train,00040122.jpg,car,5
train,00034531.jpg,car,3
train,00020512.jpg,pickup_truck,1
train,00070266.jpg,articulated_truck,1
train,00075668.jpg,car,4
train,00098321.jpg,motorized_vehicle,4
train,00021690.jpg,car,4
train,00101058.jpg,car,2
train,00010437.jpg,car,4
train,00034176.jpg,car,3
train,00106252.jpg,pickup_truck,1
train,00002688.jpg,car,5
train,00025026.jpg,car,1
train,00098043.jpg,car,3
train,00050495.jpg,car,1
train,00056977.jpg,car,3
train,00023316.jpg,car,1
train,00099612.jpg,pickup_truck,5
train,00020176.jpg,car,3
train,00015675.jpg,car,1
train,00008286.jpg,car,4
train,00051221.jpg,car,1
train,00035386.jpg,car,4
train,00013856.jpg,car,2
train,00105028.jpg,motorized_vehicle,6
train,00020925.jpg,car,4
train,00093095.jpg,car,4
train,00017396.jpg,car,6
train,00023298.jpg,pickup_truck,1
train,00026556.jpg,car,4
train,00000714.jpg,pickup_truck,3
train,00045803.jpg,car,1
train,00040652.jpg,pickup_truck,1
train,00018473.jpg,car,6
train,00066647.jpg,bus,1
train,00105770.jpg,car,2
train,00084941.jpg,car,1
train,00098645.jpg,car,1
train,00091793.jpg,car,4
train,00063631.jpg,car,2
train,00070566.jpg,car,1
train,00048886.jpg,car,2
train,00084651.jpg,car,4
train,00050912.jpg,car,3
train,00052583.jpg,work_van,2
train,00058517.jpg,car,1
train,00101723.jpg,pedestrian,3
train,00066590.jpg,car,1
train,00025857.jpg,articulated_truck,1
train,00049895.jpg,car,1
train,00027763.jpg,car,7
train,00076611.jpg,car,3
train,00036144.jpg,car,1
train,00004300.jpg,car,1
train,00063359.jpg,motorcycle,2
train,00072451.jpg,car,1
train,00063087.jpg,car,14
train,00061358.jpg,car,2
train,00104057.jpg,car,3
train,00081537.jpg,car,1
train,00029990.jpg,car,5
train,00008708.jpg,car,2
train,00054070.jpg,car,1
train,00060445.jpg,motorcycle,2
train,00068613.jpg,car,6
train,00056944.jpg,car,5
train,00089188.jpg,non_motorized_vehicle,2
train,00042498.jpg,car,2
train,00021990.jpg,car,4
train,00058589.jpg,pickup_truck,3
train,00092799.jpg,pickup_truck,3
train,00032645.jpg,pickup_truck,1
train,00027154.jpg,car,4
train,00064020.jpg,car,3
train,00038589.jpg,car,3
train,00048742.jpg,car,4
train,00076427.jpg,motorized_vehicle,4
train,00026294.jpg,articulated_truck,2
train,00093514.jpg,car,6
train,00058308.jpg,car,19
train,00025489.jpg,motorized_vehicle,1
train,00067571.jpg,car,5
train,00047278.jpg,car,11
train,00077965.jpg,bus,1
train,00069918.jpg,car,1
train,00053602.jpg,car,16
train,00072610.jpg,car,2
train,00059221.jpg,car,1
train,00015670.jpg,pickup_truck,1
train,00047254.jpg,car,2
train,00073937.jpg,car,8
train,00052643.jpg,car,7
train,00020154.jpg,car,4
train,00069037.jpg,pickup_truck,2
train,00026218.jpg,articulated_truck,1
train,00055099.jpg,car,2
train,00107640.jpg,car,2
train,00060441.jpg,car,2
train,00098707.jpg,work_van,1
train,00037455.jpg,car,1
train,00041411.jpg,pickup_truck,1
train,00067850.jpg,bus,1
train,00011949.jpg,car,2
train,00102757.jpg,motorized_vehicle,9
train,00087889.jpg,car,9
train,00036218.jpg,car,1
train,00105955.jpg,car,2
train,00018186.jpg,car,2
train,00057239.jpg,pickup_truck,2
train,00058324.jpg,car,6
train,00058793.jpg,car,2
train,00037336.jpg,car,6
train,00085219.jpg,car,1
train,00000350.jpg,car,2
train,00100746.jpg,car,6
train,00054139.jpg,car,8
train,00092033.jpg,car,3
train,00068595.jpg,car,3
train,00057903.jpg,car,3
train,00049471.jpg,car,6
train,00055261.jpg,car,3
train,00078753.jpg,car,3
train,00001499.jpg,bus,1
train,00028440.jpg,car,4
train,00080686.jpg,pickup_truck,1
train,00075227.jpg,car,4
train,00063136.jpg,pickup_truck,6
train,00069574.jpg,car,3
train,00107448.jpg,car,5
train,00021914.jpg,pickup_truck,1
train,00070048.jpg,pickup_truck,3
train,00075426.jpg,car,4
train,00019084.jpg,bus,4
train,00089974.jpg,car,4
train,00061240.jpg,car,1
train,00060050.jpg,bicycle,1
train,00099863.jpg,car,3
train,00065198.jpg,car,5
train,00044781.jpg,car,1
train,00067731.jpg,car,4
train,00040550.jpg,car,8
train,00057798.jpg,car,21
train,00055547.jpg,motorized_vehicle,3
train,00070002.jpg,pickup_truck,1
train,00034930.jpg,car,1
train,00055670.jpg,car,1
train,00107854.jpg,pickup_truck,2
train,00002918.jpg,car,2
train,00053857.jpg,car,5
train,00040796.jpg,car,1
train,00027047.jpg,car,2
train,00040567.jpg,car,2
train,00106395.jpg,pickup_truck,1
train,00103049.jpg,car,1
train,00071766.jpg,car,16
train,00061637.jpg,bus,1
train,00001390.jpg,car,2
train,00034535.jpg,car,3
train,00071406.jpg,pickup_truck,1
train,00088967.jpg,car,9
train,00001719.jpg,motorized_vehicle,3
train,00075297.jpg,car,13
train,00023630.jpg,articulated_truck,1
train,00106594.jpg,car,4
train,00001111.jpg,car,1
train,00040211.jpg,car,21
train,00046423.jpg,car,5
train,00100047.jpg,car,1
train,00034671.jpg,pickup_truck,7
train,00025614.jpg,car,1
train,00015935.jpg,pickup_truck,1
train,00010446.jpg,car,7
train,00008027.jpg,car,1
train,00059450.jpg,motorized_vehicle,3
train,00029991.jpg,pickup_truck,3
train,00066005.jpg,work_van,2
train,00109588.jpg,car,1
train,00056182.jpg,car,2
train,00001599.jpg,car,5
train,00076294.jpg,car,19
train,00065316.jpg,car,2
train,00062689.jpg,car,3
train,00022630.jpg,car,4
train,00013328.jpg,pickup_truck,2
train,00063602.jpg,motorized_vehicle,1
train,00045436.jpg,car,3
train,00023293.jpg,car,7
train,00073405.jpg,car,1
train,00105397.jpg,car,3
train,00083385.jpg,car,1
train,00071019.jpg,car,1
train,00012228.jpg,car,10
train,00103758.jpg,pedestrian,4
train,00093246.jpg,car,1
train,00017051.jpg,car,3
train,00009349.jpg,car,2
train,00068237.jpg,pickup_truck,2
train,00060999.jpg,car,1
train,00099662.jpg,car,1
train,00037313.jpg,car,2
train,00071790.jpg,pickup_truck,1
train,00015274.jpg,car,2
train,00064481.jpg,car,2
train,00011414.jpg,car,1
train,00050405.jpg,car,3
train,00009556.jpg,car,7
train,00046304.jpg,car,1
train,00063837.jpg,car,2
train,00001977.jpg,car,1
train,00065879.jpg,car,1
train,00090302.jpg,car,3
train,00077358.jpg,car,5
train,00066806.jpg,motorized_vehicle,7
train,00096167.jpg,car,4
train,00063425.jpg,car,2
train,00070693.jpg,motorized_vehicle,2
train,00063600.jpg,bus,1
train,00022234.jpg,car,3
train,00050831.jpg,pickup_truck,1
train,00036212.jpg,car,3
train,00028024.jpg,car,2
train,00107566.jpg,car,1
train,00091632.jpg,car,12
train,00030505.jpg,car,21
train,00080690.jpg,car,2
train,00097111.jpg,motorcycle,3
train,00042005.jpg,car,2
train,00061764.jpg,motorized_vehicle,1
train,00091693.jpg,car,2
train,00079177.jpg,car,31
train,00047261.jpg,car,2
train,00104350.jpg,car,1
train,00057842.jpg,car,3
train,00101713.jpg,car,7
train,00003850.jpg,car,4
train,00005089.jpg,car,1
train,00064991.jpg,car,1
train,00093202.jpg,motorized_vehicle,1
train,00020863.jpg,car,3
train,00074092.jpg,car,5
train,00082475.jpg,car,12
train,00081699.jpg,car,1
train,00107118.jpg,car,7
train,00075066.jpg,car,4
train,00041606.jpg,pickup_truck,1
train,00106650.jpg,car,1
train,00034153.jpg,motorcycle,2
train,00004598.jpg,car,2
train,00060511.jpg,motorized_vehicle,2
train,00110154.jpg,car,2
train,00039278.jpg,motorized_vehicle,5
train,00035430.jpg,car,2
train,00083713.jpg,car,4
train,00027016.jpg,car,4
train,00038688.jpg,car,1
train,00004402.jpg,bus,2
train,00089332.jpg,car,5
train,00041511.jpg,motorized_vehicle,2
train,00035506.jpg,car,3
train,00095061.jpg,articulated_truck,1
train,00062857.jpg,pickup_truck,3
train,00062706.jpg,car,1
train,00006806.jpg,car,3
train,00023972.jpg,car,6
train,00092225.jpg,car,4
train,00033051.jpg,car,2
train,00053985.jpg,car,3
train,00029143.jpg,car,5
train,00014872.jpg,motorized_vehicle,2
train,00098416.jpg,car,1
train,00080573.jpg,motorized_vehicle,2
train,00095718.jpg,car,4
train,00058269.jpg,pickup_truck,5
train,00101320.jpg,car,4
train,00006731.jpg,car,1
train,00072315.jpg,motorized_vehicle,1
train,00103882.jpg,pickup_truck,1
train,00065690.jpg,car,16
train,00095548.jpg,articulated_truck,2
train,00094687.jpg,car,1
train,00022508.jpg,bus,2
train,00009949.jpg,pickup_truck,1
train,00043914.jpg,car,5
train,00045295.jpg,pickup_truck,9
train,00056852.jpg,motorized_vehicle,4
train,00066667.jpg,motorized_vehicle,2
train,00020427.jpg,car,5
train,00024795.jpg,car,2
train,00047713.jpg,pickup_truck,10
train,00023908.jpg,car,1
train,00011013.jpg,car,2
train,00001544.jpg,car,16
train,00044598.jpg,motorized_vehicle,3
train,00096670.jpg,single_unit_truck,4
train,00083392.jpg,car,3
train,00011164.jpg,bus,1
train,00081457.jpg,car,1
train,00042385.jpg,work_van,2
train,00005782.jpg,car,1
train,00076330.jpg,pickup_truck,2
train,00003482.jpg,car,6
train,00046306.jpg,car,1
train,00012163.jpg,car,2
train,00031663.jpg,car,1
train,00086491.jpg,car,2
train,00020693.jpg,car,13
train,00105396.jpg,car,6
train,00013315.jpg,car,2
train,00099254.jpg,car,1
train,00101215.jpg,bus,1
train,00059970.jpg,motorized_vehicle,1
train,00017549.jpg,car,8
train,00051864.jpg,car,1
train,00012435.jpg,car,1
train,00021674.jpg,car,3
train,00001070.jpg,bicycle,1
train,00094090.jpg,car,4
train,00107270.jpg,car,2
train,00015993.jpg,bus,1
train,00013692.jpg,motorized_vehicle,3
train,00014435.jpg,car,2
train,00046006.jpg,car,2
train,00091191.jpg,car,9
train,00015860.jpg,bus,1
train,00016973.jpg,bus,3
train,00024297.jpg,car,9
train,00109296.jpg,car,5
train,00009330.jpg,car,3
train,00065738.jpg,car,2
train,00037207.jpg,pickup_truck,1
train,00006439.jpg,car,5
train,00080858.jpg,motorized_vehicle,3
train,00040089.jpg,car,1
train,00076668.jpg,car,2
train,00034847.jpg,car,2
train,00037715.jpg,car,2
train,00058322.jpg,pickup_truck,5
train,00018784.jpg,pickup_truck,5
train,00080271.jpg,bus,2
train,00033464.jpg,car,2
train,00075433.jpg,pickup_truck,5
train,00059814.jpg,bus,3
train,00090833.jpg,pickup_truck,2
train,00062033.jpg,car,3
train,00005623.jpg,car,21
train,00082641.jpg,pickup_truck,1
train,00061457.jpg,car,2
train,00059185.jpg,work_van,2
train,00005771.jpg,car,6
train,00085517.jpg,car,4
train,00073366.jpg,car,4
train,00085206.jpg,articulated_truck,1
train,00098628.jpg,car,4
train,00027608.jpg,car,2
train,00035041.jpg,pickup_truck,6
train,00036856.jpg,car,1
train,00057313.jpg,car,8
train,00043261.jpg,car,2
train,00004613.jpg,pickup_truck,1
train,00095361.jpg,car,3
train,00024671.jpg,car,2
train,00052559.jpg,car,3
train,00037688.jpg,car,3
train,00001114.jpg,motorized_vehicle,2
train,00020709.jpg,pickup_truck,6
train,00009033.jpg,pickup_truck,2
train,00003184.jpg,car,1
train,00032350.jpg,car,3
train,00030734.jpg,car,5
train,00066632.jpg,pickup_truck,1
train,00056234.jpg,car,4
train,00004642.jpg,pickup_truck,1
train,00015055.jpg,car,3
train,00083401.jpg,car,8
train,00027002.jpg,car,5
train,00095041.jpg,car,2
train,00053466.jpg,pickup_truck,1
train,00026732.jpg,motorized_vehicle,4
train,00013747.jpg,car,2
train,00099059.jpg,car,15
train,00032425.jpg,car,2
train,00044630.jpg,car,3
train,00079945.jpg,work_van,2
train,00087063.jpg,car,4
train,00046262.jpg,motorized_vehicle,2
train,00094857.jpg,car,2
train,00065305.jpg,car,3
train,00012004.jpg,car,7
train,00062297.jpg,car,2
train,00100776.jpg,car,4
train,00062875.jpg,car,7
train,00038718.jpg,pickup_truck,5
train,00068777.jpg,motorized_vehicle,1
train,00061660.jpg,motorized_vehicle,1
train,00102769.jpg,car,5
train,00039007.jpg,motorized_vehicle,9
train,00098465.jpg,pedestrian,9
train,00029979.jpg,car,2
train,00030786.jpg,car,1
train,00046573.jpg,motorized_vehicle,1
train,00017581.jpg,car,2
train,00062384.jpg,bicycle,3
train,00067655.jpg,car,3
train,00076877.jpg,car,4
train,00066475.jpg,car,3
train,00047694.jpg,car,2
train,00050706.jpg,car,1
train,00027549.jpg,motorized_vehicle,4
train,00027040.jpg,car,9
train,00047794.jpg,motorized_vehicle,3
train,00064450.jpg,car,2
train,00085801.jpg,car,5
train,00002800.jpg,bus,1
train,00021756.jpg,car,4
train,00085802.jpg,car,6
train,00087468.jpg,car,5
train,00058745.jpg,car,3
train,00087986.jpg,car,6
train,00018444.jpg,car,1
train,00049567.jpg,car,2
train,00104758.jpg,car,4
train,00084678.jpg,car,6
train,00082450.jpg,car,8
train,00053716.jpg,car,5
train,00057029.jpg,motorized_vehicle,2
train,00008495.jpg,motorcycle,1
train,00077740.jpg,car,5
train,00009029.jpg,car,4
train,00026747.jpg,car,6
train,00016514.jpg,car,8
train,00036520.jpg,car,18
train,00033124.jpg,pickup_truck,1
train,00105267.jpg,car,1
train,00058496.jpg,car,2
train,00037226.jpg,pickup_truck,1
train,00060827.jpg,motorized_vehicle,1
train,00049369.jpg,car,3
train,00081474.jpg,work_van,1
train,00102323.jpg,car,3
train,00093004.jpg,car,5
train,00022296.jpg,pickup_truck,2
train,00044979.jpg,car,2
train,00037891.jpg,pickup_truck,1
train,00005828.jpg,car,2
train,00094736.jpg,car,2
train,00009925.jpg,car,1
train,00073559.jpg,car,6
train,00039387.jpg,car,5
train,00075978.jpg,car,5
train,00032137.jpg,car,5
train,00036410.jpg,single_unit_truck,1
train,00026841.jpg,pickup_truck,1
train,00078652.jpg,car,1
train,00084031.jpg,car,1
train,00005896.jpg,pickup_truck,1
train,00063885.jpg,car,3
train,00070044.jpg,car,2
train,00033112.jpg,car,2
train,00087442.jpg,car,2
train,00014393.jpg,car,1
train,00045954.jpg,car,2
train,00045943.jpg,car,6
train,00004565.jpg,car,18
train,00029474.jpg,car,2
train,00082848.jpg,car,1
train,00037685.jpg,car,1
train,00021853.jpg,car,2
train,00042546.jpg,pickup_truck,3
train,00098719.jpg,work_van,1
train,00030073.jpg,pickup_truck,2
train,00059427.jpg,car,3
train,00052655.jpg,car,2
train,00066050.jpg,pickup_truck,3
train,00039925.jpg,car,2
train,00085922.jpg,bus,9
train,00064110.jpg,car,3
train,00059808.jpg,bus,1
train,00068326.jpg,pickup_truck,1
train,00013126.jpg,pickup_truck,1
train,00101906.jpg,car,12
train,00000363.jpg,car,8
train,00044604.jpg,work_van,3
train,00032561.jpg,pickup_truck,3
train,00048655.jpg,pickup_truck,3
train,00022072.jpg,car,3
train,00032195.jpg,car,3
train,00090718.jpg,bus,1
train,00003013.jpg,car,1
train,00108496.jpg,car,9
train,00058710.jpg,car,1
train,00030399.jpg,pickup_truck,2
train,00073905.jpg,car,2
train,00014940.jpg,car,1
train,00042876.jpg,car,3
train,00014525.jpg,car,4
train,00080476.jpg,car,3
train,00037330.jpg,car,1
train,00033688.jpg,car,5
train,00019134.jpg,articulated_truck,1
train,00043978.jpg,pedestrian,6
train,00086423.jpg,car,1
train,00043033.jpg,car,3
train,00018969.jpg,car,9
train,00016824.jpg,car,2
train,00041155.jpg,articulated_truck,1
train,00032196.jpg,car,2
train,00000053.jpg,motorized_vehicle,3
train,00003295.jpg,car,1
train,00055715.jpg,car,4
train,00019761.jpg,car,1
train,00000814.jpg,car,5
train,00028431.jpg,car,7
train,00041549.jpg,pickup_truck,3
train,00107847.jpg,car,3
train,00060881.jpg,car,1
train,00076441.jpg,car,8
train,00085798.jpg,bus,1
train,00077651.jpg,car,3
train,00069166.jpg,car,2
train,00061082.jpg,car,1
train,00007059.jpg,car,5
train,00104942.jpg,car,2
train,00099463.jpg,car,1
train,00051471.jpg,car,6
train,00005914.jpg,car,6
train,00007192.jpg,car,1
train,00073256.jpg,pickup_truck,9
train,00094182.jpg,car,1
train,00070840.jpg,car,2
train,00031537.jpg,car,1
train,00020727.jpg,pickup_truck,7
train,00059454.jpg,pickup_truck,4
train,00036344.jpg,car,8
train,00038954.jpg,car,4
train,00096544.jpg,car,1
train,00105593.jpg,car,1
train,00001940.jpg,car,3
train,00033174.jpg,car,5
train,00011535.jpg,motorized_vehicle,2
train,00101304.jpg,car,2
train,00043450.jpg,car,2
train,00024042.jpg,car,8
train,00072195.jpg,car,1
train,00105692.jpg,car,2
train,00106527.jpg,car,11
train,00086134.jpg,car,3
train,00003649.jpg,car,6
train,00047576.jpg,car,4
train,00040283.jpg,car,6
train,00033665.jpg,work_van,2
train,00010825.jpg,car,4
train,00051848.jpg,pickup_truck,2
train,00087853.jpg,car,1
train,00078023.jpg,car,2
train,00021151.jpg,car,6
train,00051869.jpg,car,1
train,00087289.jpg,car,1
train,00086334.jpg,car,1
train,00069507.jpg,car,1
train,00055629.jpg,car,4
train,00006912.jpg,car,5
train,00088868.jpg,car,9
train,00056913.jpg,articulated_truck,2
train,00098869.jpg,car,7
train,00035266.jpg,car,1
train,00105812.jpg,car,11
train,00031618.jpg,car,5
train,00084176.jpg,car,1
train,00043184.jpg,car,1
train,00064225.jpg,car,1
train,00037425.jpg,pickup_truck,6
train,00062940.jpg,car,3
train,00096022.jpg,bus,1
train,00023459.jpg,pickup_truck,3
train,00063670.jpg,car,3
train,00074965.jpg,pickup_truck,2
train,00072683.jpg,car,1
train,00063127.jpg,car,3
train,00088449.jpg,motorized_vehicle,2
train,00076657.jpg,car,3
train,00038433.jpg,car,1
train,00075974.jpg,car,4
train,00025588.jpg,car,1
train,00099062.jpg,car,6
train,00035457.jpg,work_van,3
train,00080120.jpg,car,2
train,00058091.jpg,car,3
train,00035968.jpg,pickup_truck,1
train,00023277.jpg,car,1
train,00006040.jpg,articulated_truck,2
train,00093663.jpg,pickup_truck,2
train,00032476.jpg,car,1
train,00081818.jpg,car,1
train,00015429.jpg,car,2
train,00048101.jpg,car,3
train,00011956.jpg,car,1
train,00008146.jpg,pickup_truck,1
train,00019265.jpg,pickup_truck,7
train,00003962.jpg,car,5
train,00063038.jpg,car,1
train,00046754.jpg,car,1
train,00038040.jpg,car,3
train,00016065.jpg,car,10
train,00107196.jpg,motorized_vehicle,2
train,00011096.jpg,car,2
train,00012531.jpg,pickup_truck,5
train,00065151.jpg,car,2
train,00100399.jpg,car,2
train,00017557.jpg,car,3
train,00021113.jpg,pickup_truck,2
train,00011667.jpg,car,3
train,00032850.jpg,pickup_truck,5
train,00039468.jpg,car,3
train,00036279.jpg,car,1
train,00104649.jpg,articulated_truck,1
train,00075064.jpg,car,1
train,00022861.jpg,car,4
train,00023502.jpg,car,2
train,00052796.jpg,car,2
train,00091635.jpg,car,5
train,00064715.jpg,car,3
train,00098299.jpg,pickup_truck,6
train,00042377.jpg,car,4
train,00042719.jpg,articulated_truck,3
train,00097816.jpg,motorized_vehicle,3
train,00047862.jpg,bus,2
train,00110440.jpg,car,3
train,00044485.jpg,articulated_truck,1
train,00076199.jpg,car,2
train,00011749.jpg,car,4
train,00016332.jpg,articulated_truck,2
train,00064982.jpg,car,2
train,00041170.jpg,car,4
train,00071032.jpg,car,3
train,00045105.jpg,car,4
train,00007021.jpg,pickup_truck,1
train,00046833.jpg,car,1
train,00077942.jpg,car,1
train,00076863.jpg,pickup_truck,6
train,00062939.jpg,car,3
train,00000165.jpg,non_motorized_vehicle,2
train,00004736.jpg,car,2
train,00051527.jpg,car,2
train,00002995.jpg,car,2
train,00066091.jpg,car,4
train,00004354.jpg,car,1
train,00058874.jpg,car,3
train,00094608.jpg,pedestrian,3
train,00028570.jpg,car,2
train,00005154.jpg,car,13
train,00077440.jpg,car,5
train,00105361.jpg,car,1
train,00060826.jpg,car,1
train,00089299.jpg,car,4
train,00062532.jpg,car,6
train,00039298.jpg,motorized_vehicle,8
train,00040378.jpg,pickup_truck,1
train,00034905.jpg,motorized_vehicle,2
train,00002603.jpg,car,1
train,00073161.jpg,car,1
train,00014461.jpg,car,2
train,00085659.jpg,car,2
train,00048580.jpg,pickup_truck,1
train,00065667.jpg,pickup_truck,7
train,00016612.jpg,car,1
train,00093224.jpg,car,1
train,00102551.jpg,car,4
train,00019015.jpg,bus,2
train,00014105.jpg,car,1
train,00088805.jpg,pedestrian,3
train,00096698.jpg,car,4
train,00052077.jpg,motorized_vehicle,3
train,00090681.jpg,car,4
train,00051684.jpg,car,2
train,00014865.jpg,car,1
train,00016583.jpg,car,2
train,00037527.jpg,car,5
train,00040155.jpg,bus,1
train,00080914.jpg,pickup_truck,1
train,00086638.jpg,car,2
train,00090429.jpg,car,4
train,00103553.jpg,car,5
train,00022765.jpg,car,3
train,00106958.jpg,pickup_truck,2
train,00109693.jpg,car,3
train,00082806.jpg,car,5
train,00095355.jpg,car,1
train,00059952.jpg,car,1
train,00107032.jpg,car,1
train,00019909.jpg,pickup_truck,3
train,00028801.jpg,car,6
train,00003725.jpg,pickup_truck,3
train,00057376.jpg,car,1
train,00087700.jpg,car,2
train,00101903.jpg,car,5
train,00054283.jpg,bus,1
train,00094974.jpg,car,4
train,00097801.jpg,car,5
train,00063385.jpg,pickup_truck,2
train,00051671.jpg,pickup_truck,5
train,00047896.jpg,car,8
train,00050156.jpg,car,13
train,00060706.jpg,car,3
train,00046972.jpg,car,2
train,00000047.jpg,car,7
train,00081982.jpg,car,3
train,00000422.jpg,car,4
train,00099461.jpg,car,6
train,00103632.jpg,car,7
train,00060178.jpg,car,2
train,00095116.jpg,car,5
train,00027459.jpg,motorized_vehicle,3
train,00084442.jpg,car,4
train,00014085.jpg,pickup_truck,2
train,00026137.jpg,bus,3
train,00057221.jpg,car,3
train,00045053.jpg,car,1
train,00059720.jpg,car,6
train,00061056.jpg,car,3
train,00014139.jpg,car,1
train,00080083.jpg,car,3
train,00020757.jpg,car,2
train,00017441.jpg,motorized_vehicle,2
train,00037043.jpg,car,5
train,00045724.jpg,pickup_truck,1
train,00047931.jpg,pickup_truck,8
train,00068603.jpg,car,3
train,00052430.jpg,work_van,1
train,00059417.jpg,car,1
train,00024598.jpg,car,1
train,00078943.jpg,car,1
train,00081757.jpg,pickup_truck,1
train,00054854.jpg,car,3
train,00047360.jpg,pickup_truck,1
train,00053966.jpg,motorized_vehicle,3
train,00070388.jpg,motorized_vehicle,2
train,00085712.jpg,car,2
train,00066984.jpg,motorized_vehicle,1
train,00060400.jpg,car,3
train,00088095.jpg,car,3
train,00101357.jpg,bus,2
train,00097311.jpg,car,3
train,00101750.jpg,car,1
train,00006710.jpg,pickup_truck,2
train,00109121.jpg,car,1
train,00061454.jpg,pickup_truck,2
train,00064283.jpg,car,2
train,00082347.jpg,car,3
train,00079280.jpg,pickup_truck,1
train,00005188.jpg,car,8
train,00109458.jpg,car,6
train,00021263.jpg,car,3
train,00026800.jpg,car,2
train,00041872.jpg,pickup_truck,1
train,00092257.jpg,car,1
train,00042436.jpg,car,1
train,00070116.jpg,car,2
train,00039971.jpg,car,1
train,00055684.jpg,pickup_truck,1
train,00064172.jpg,car,6
train,00107158.jpg,car,1
train,00073126.jpg,car,2
train,00054050.jpg,work_van,1
train,00072279.jpg,motorized_vehicle,2
train,00073238.jpg,motorized_vehicle,1
train,00010143.jpg,car,6
train,00074474.jpg,car,2
train,00085223.jpg,car,8
train,00007394.jpg,work_van,2
train,00047203.jpg,car,2
train,00054124.jpg,car,2
train,00024835.jpg,car,1
train,00075831.jpg,car,2
train,00000138.jpg,pickup_truck,3
train,00080715.jpg,car,4
train,00066853.jpg,car,2
train,00004758.jpg,car,4
train,00023125.jpg,pickup_truck,1
train,00087717.jpg,car,2
train,00004907.jpg,pickup_truck,4
train,00010982.jpg,pickup_truck,4
train,00087326.jpg,car,4
train,00059065.jpg,car,2
train,00058340.jpg,motorcycle,1
train,00105424.jpg,pickup_truck,5
train,00019901.jpg,car,3
train,00032855.jpg,car,4
train,00097203.jpg,pickup_truck,2
train,00070854.jpg,car,2
train,00090269.jpg,car,4
train,00084922.jpg,car,14
train,00042205.jpg,car,1
train,00110559.jpg,car,2
train,00009231.jpg,car,1
train,00006856.jpg,car,2
train,00019841.jpg,car,1
train,00077764.jpg,car,3
train,00033540.jpg,motorized_vehicle,1
train,00110429.jpg,car,1
train,00103019.jpg,car,3
train,00103424.jpg,car,4
train,00007573.jpg,car,2
train,00019111.jpg,car,2
train,00025849.jpg,car,1
train,00082652.jpg,car,3
train,00108005.jpg,motorized_vehicle,3
train,00034573.jpg,car,8
train,00001263.jpg,car,6
train,00063531.jpg,car,1
train,00015158.jpg,car,1
train,00066932.jpg,car,4
train,00090231.jpg,car,8
train,00104475.jpg,car,1
train,00101928.jpg,articulated_truck,1
train,00004203.jpg,car,1
train,00107544.jpg,car,7
train,00097652.jpg,car,1
train,00043548.jpg,pedestrian,4
train,00039410.jpg,motorized_vehicle,5
train,00079889.jpg,motorized_vehicle,2
train,00014836.jpg,car,2
train,00104224.jpg,car,5
train,00063364.jpg,car,9
train,00103099.jpg,car,1
train,00076767.jpg,motorized_vehicle,2
train,00063520.jpg,pedestrian,2
train,00098145.jpg,motorized_vehicle,2
train,00000439.jpg,pickup_truck,3
train,00044957.jpg,car,2
train,00077618.jpg,pickup_truck,1
train,00082643.jpg,car,7
train,00021967.jpg,work_van,2
train,00081688.jpg,car,1
train,00030426.jpg,car,1
train,00012392.jpg,work_van,4
train,00049760.jpg,pickup_truck,2
train,00007253.jpg,work_van,1
train,00018340.jpg,car,4
train,00031749.jpg,car,3
train,00047444.jpg,car,1
train,00096248.jpg,car,1
train,00037953.jpg,car,4
train,00070515.jpg,pickup_truck,3
train,00105145.jpg,pickup_truck,1
train,00099243.jpg,car,2
train,00068679.jpg,motorized_vehicle,2
train,00012893.jpg,car,1
train,00110054.jpg,car,2
train,00076185.jpg,car,1
train,00003743.jpg,pickup_truck,1
train,00091063.jpg,car,7
train,00069570.jpg,pedestrian,4
train,00088532.jpg,car,9
train,00038011.jpg,car,5
train,00018284.jpg,car,1
train,00005869.jpg,pickup_truck,1
train,00106206.jpg,work_van,3
train,00015821.jpg,car,1
train,00039048.jpg,car,3
train,00016050.jpg,car,3
train,00078862.jpg,pickup_truck,4
train,00026280.jpg,bus,5
train,00011317.jpg,pickup_truck,3
train,00047642.jpg,car,5
train,00105701.jpg,car,3
train,00089019.jpg,car,1
train,00039267.jpg,car,5
train,00016384.jpg,car,18
train,00106875.jpg,car,2
train,00086151.jpg,pickup_truck,1
train,00025669.jpg,car,11
train,00110130.jpg,car,1
train,00043494.jpg,car,1
train,00026789.jpg,car,2
train,00054592.jpg,car,1
train,00047966.jpg,pickup_truck,1
train,00055358.jpg,car,4
train,00075123.jpg,articulated_truck,1
train,00040629.jpg,car,1
train,00008273.jpg,pickup_truck,8
train,00020744.jpg,car,1
train,00106556.jpg,car,6
train,00108815.jpg,car,21
train,00105813.jpg,car,5
train,00082680.jpg,pickup_truck,3
train,00110105.jpg,car,2
train,00066394.jpg,car,7
train,00065451.jpg,car,1
train,00102604.jpg,pickup_truck,1
train,00058469.jpg,car,7
train,00094054.jpg,pickup_truck,5
train,00005648.jpg,car,1
train,00041690.jpg,car,2
train,00041839.jpg,car,1
train,00105205.jpg,car,1
train,00068261.jpg,motorized_vehicle,2
train,00050880.jpg,car,3
train,00027383.jpg,car,1
train,00065111.jpg,car,4
train,00008837.jpg,pickup_truck,3
train,00020628.jpg,motorized_vehicle,1
train,00063204.jpg,motorcycle,1
train,00085132.jpg,car,6
train,00002233.jpg,car,2
train,00021646.jpg,car,2
train,00085207.jpg,pickup_truck,1
train,00060718.jpg,work_van,1
train,00058780.jpg,car,3
train,00058716.jpg,car,2
train,00103190.jpg,motorized_vehicle,2
train,00098247.jpg,motorized_vehicle,2
train,00109534.jpg,pickup_truck,1
train,00040479.jpg,pickup_truck,1
train,00102330.jpg,pickup_truck,1
train,00007723.jpg,car,2
train,00067273.jpg,car,1
train,00014706.jpg,pickup_truck,1
train,00039630.jpg,car,2
train,00081185.jpg,bus,4
train,00102301.jpg,pickup_truck,3
train,00054678.jpg,motorized_vehicle,2
train,00020300.jpg,car,4
train,00076686.jpg,car,2
train,00006848.jpg,work_van,1
train,00021494.jpg,car,6
train,00030285.jpg,car,3
train,00104097.jpg,car,6
train,00075439.jpg,car,5
train,00077921.jpg,car,4
train,00030805.jpg,car,2
train,00002129.jpg,motorized_vehicle,4
train,00023870.jpg,car,3
train,00067185.jpg,pickup_truck,4
train,00104608.jpg,car,9
train,00006460.jpg,car,4
train,00022778.jpg,car,17
train,00057912.jpg,car,1
train,00001284.jpg,car,6
train,00015738.jpg,car,12
train,00032591.jpg,car,5
train,00049468.jpg,car,3
train,00044973.jpg,car,7
train,00066685.jpg,single_unit_truck,6
train,00106636.jpg,car,3
train,00069707.jpg,car,3
train,00086596.jpg,pickup_truck,2
train,00078656.jpg,car,1
train,00028752.jpg,pickup_truck,2
train,00073616.jpg,work_van,2
train,00096358.jpg,pickup_truck,1
train,00099234.jpg,pickup_truck,1
train,00102410.jpg,car,4
train,00041971.jpg,pickup_truck,4
train,00089237.jpg,car,2
train,00059978.jpg,car,10
train,00014959.jpg,car,1
train,00101134.jpg,pickup_truck,1
train,00064751.jpg,car,4
train,00045747.jpg,car,1
train,00055263.jpg,pickup_truck,1
train,00051233.jpg,car,3
train,00056495.jpg,motorized_vehicle,1
train,00021043.jpg,car,1
train,00050814.jpg,bicycle,2
train,00106145.jpg,car,7
train,00094862.jpg,motorized_vehicle,3
train,00006735.jpg,car,2
train,00044712.jpg,motorized_vehicle,1
train,00022222.jpg,work_van,1
train,00078814.jpg,car,4
train,00014757.jpg,car,4
train,00047108.jpg,pickup_truck,5
train,00027277.jpg,car,1
train,00004549.jpg,car,1
train,00067240.jpg,bus,1
train,00075009.jpg,single_unit_truck,3
train,00043544.jpg,car,9
train,00103930.jpg,car,8
train,00027826.jpg,car,5
train,00000054.jpg,pickup_truck,3
train,00100147.jpg,car,2
train,00069371.jpg,car,4
train,00080326.jpg,car,1
train,00086988.jpg,car,1
train,00061986.jpg,motorized_vehicle,6
train,00104280.jpg,car,4
train,00050978.jpg,car,4
train,00063647.jpg,car,2
train,00095375.jpg,motorized_vehicle,1
train,00035649.jpg,car,8
train,00083526.jpg,car,5
train,00057864.jpg,car,3
train,00004109.jpg,car,1
train,00062966.jpg,work_van,1
train,00090784.jpg,car,2
train,00107618.jpg,pickup_truck,1
train,00096497.jpg,car,5
train,00068619.jpg,car,6
train,00095145.jpg,bicycle,1
train,00032099.jpg,car,8
train,00082766.jpg,car,6
train,00058881.jpg,car,4
train,00072403.jpg,car,4
train,00076662.jpg,car,3
train,00109310.jpg,pickup_truck,1
train,00074549.jpg,motorized_vehicle,1
train,00052956.jpg,car,1
train,00105322.jpg,car,3
train,00026530.jpg,car,1
train,00055008.jpg,car,1
train,00056153.jpg,pickup_truck,1
train,00091451.jpg,non_motorized_vehicle,2
train,00099609.jpg,car,1
train,00085172.jpg,motorized_vehicle,1
train,00071640.jpg,motorcycle,1
train,00068852.jpg,car,8
train,00045163.jpg,car,5
train,00033784.jpg,work_van,1
train,00014024.jpg,pickup_truck,1
train,00021584.jpg,car,9
train,00054088.jpg,car,2
train,00101522.jpg,car,5
train,00006570.jpg,pickup_truck,2
train,00043306.jpg,pickup_truck,1
train,00008820.jpg,car,9
train,00073284.jpg,car,1
train,00059867.jpg,car,3
train,00025407.jpg,car,5
train,00110055.jpg,car,2
train,00056296.jpg,work_van,3
train,00009522.jpg,car,2
train,00096918.jpg,car,7
train,00071732.jpg,car,1
train,00047545.jpg,bus,2
train,00013026.jpg,motorcycle,2
train,00005337.jpg,car,5
train,00004516.jpg,pickup_truck,6
train,00072589.jpg,car,5
train,00038188.jpg,car,5
train,00018767.jpg,car,7
train,00056656.jpg,motorized_vehicle,1
train,00038345.jpg,car,1
train,00017391.jpg,car,8
train,00062426.jpg,car,2
train,00010326.jpg,car,2
train,00095090.jpg,car,5
train,00055040.jpg,pickup_truck,1
train,00055789.jpg,car,2
train,00050380.jpg,car,4
train,00023664.jpg,car,1
train,00065285.jpg,car,3
train,00090994.jpg,car,4
train,00069718.jpg,car,1
train,00043708.jpg,car,2
train,00052333.jpg,car,1
train,00020871.jpg,single_unit_truck,3
train,00073524.jpg,car,5
train,00034830.jpg,car,1
train,00016082.jpg,pickup_truck,2
train,00082943.jpg,motorized_vehicle,3
train,00039780.jpg,pedestrian,5
train,00052570.jpg,articulated_truck,2
train,00015499.jpg,car,4
train,00027561.jpg,car,3
train,00101038.jpg,bus,1
train,00037430.jpg,car,1
train,00050873.jpg,car,7
train,00031882.jpg,car,2
train,00019817.jpg,pickup_truck,2
train,00023782.jpg,car,6
train,00022424.jpg,car,3
train,00016618.jpg,work_van,3
train,00076460.jpg,bus,1
train,00033017.jpg,car,2
train,00041339.jpg,car,4
train,00020097.jpg,articulated_truck,1
train,00016011.jpg,car,2
train,00007281.jpg,articulated_truck,1
train,00097667.jpg,car,1
train,00104724.jpg,car,4
train,00078036.jpg,work_van,2
train,00089541.jpg,pedestrian,4
train,00073208.jpg,car,1
train,00023055.jpg,car,2
train,00061514.jpg,car,3
train,00020510.jpg,car,4
train,00074541.jpg,car,3
train,00047846.jpg,car,1
train,00097207.jpg,car,2
train,00025685.jpg,car,7
train,00045601.jpg,car,1
train,00055061.jpg,car,6
train,00024601.jpg,car,4
train,00001455.jpg,motorized_vehicle,2
train,00094098.jpg,car,1
train,00100619.jpg,bus,1
train,00089078.jpg,car,2
train,00019539.jpg,car,8
train,00100032.jpg,car,2
train,00076533.jpg,car,8
train,00025883.jpg,articulated_truck,2
train,00031082.jpg,car,4
train,00055766.jpg,car,3
train,00020677.jpg,car,4
train,00052996.jpg,car,1
train,00013164.jpg,pickup_truck,1
train,00040576.jpg,car,7
train,00027164.jpg,non_motorized_vehicle,2
train,00032507.jpg,pickup_truck,1
train,00045579.jpg,car,1
train,00027350.jpg,work_van,2
train,00107504.jpg,pickup_truck,1
train,00084905.jpg,car,10
train,00075892.jpg,car,1
train,00105132.jpg,pickup_truck,2
train,00096181.jpg,car,3
train,00103806.jpg,car,4
train,00077845.jpg,car,4
train,00021848.jpg,car,1
train,00021046.jpg,car,4
train,00087432.jpg,car,2
train,00042592.jpg,car,8
train,00049215.jpg,car,10
train,00107754.jpg,bus,1
train,00045666.jpg,car,2
train,00002465.jpg,car,1
train,00029258.jpg,car,6
train,00019046.jpg,car,1
train,00061748.jpg,car,2
train,00099537.jpg,motorized_vehicle,2
train,00043650.jpg,car,1
train,00048729.jpg,car,1
train,00072401.jpg,car,8
train,00049645.jpg,car,6
train,00082696.jpg,car,10
train,00103566.jpg,pickup_truck,1
train,00073652.jpg,car,5
train,00086286.jpg,work_van,1
train,00088352.jpg,car,7
train,00092648.jpg,car,9
train,00045675.jpg,car,2
train,00031717.jpg,car,2
train,00021625.jpg,car,2
train,00037764.jpg,car,2
train,00055463.jpg,motorized_vehicle,4
train,00082542.jpg,car,2
train,00086425.jpg,car,2
train,00008597.jpg,car,5
train,00047328.jpg,car,1
train,00022086.jpg,car,7
train,00079429.jpg,car,3
train,00091534.jpg,car,1
train,00076757.jpg,car,2
train,00028286.jpg,pickup_truck,1
train,00038361.jpg,car,8
train,00052894.jpg,bicycle,1
train,00093747.jpg,car,1
train,00006025.jpg,single_unit_truck,2
train,00076780.jpg,motorized_vehicle,8
train,00003873.jpg,car,4
train,00086278.jpg,car,4
train,00097521.jpg,car,2
train,00043546.jpg,car,3
train,00096014.jpg,car,7
train,00077319.jpg,car,11
train,00020603.jpg,pickup_truck,1
train,00024145.jpg,car,2
train,00031131.jpg,car,2
train,00081367.jpg,car,2
train,00028819.jpg,car,5
train,00089216.jpg,car,7
train,00067990.jpg,car,5
train,00096642.jpg,car,6
train,00053181.jpg,car,1
train,00083494.jpg,car,2
train,00052691.jpg,car,1
train,00081439.jpg,car,2
train,00036111.jpg,pickup_truck,1
train,00044954.jpg,car,5
train,00084670.jpg,car,1
train,00008210.jpg,car,2
train,00085304.jpg,car,2
train,00028983.jpg,car,3
train,00101789.jpg,pickup_truck,5
train,00106391.jpg,car,3
train,00011017.jpg,car,4
train,00065249.jpg,car,2
train,00083218.jpg,car,1
train,00075117.jpg,car,3
train,00072449.jpg,car,3
train,00073838.jpg,motorized_vehicle,3
train,00083843.jpg,motorized_vehicle,1
train,00010587.jpg,pickup_truck,1
train,00076188.jpg,car,1
train,00023989.jpg,articulated_truck,2
train,00045231.jpg,car,3
train,00051592.jpg,pickup_truck,1
train,00004545.jpg,car,2
train,00056303.jpg,car,4
train,00031604.jpg,motorized_vehicle,2
train,00092185.jpg,car,5
train,00026272.jpg,car,5
train,00106625.jpg,car,4
train,00045130.jpg,bus,2
train,00102093.jpg,car,4
train,00006168.jpg,car,3
train,00005192.jpg,pickup_truck,1
train,00087278.jpg,pickup_truck,2
train,00030284.jpg,car,1
train,00001504.jpg,pickup_truck,3
train,00011088.jpg,bus,1
train,00033820.jpg,car,5
train,00066448.jpg,car,1
train,00060831.jpg,car,2
train,00096921.jpg,car,1
train,00065908.jpg,articulated_truck,1
train,00058956.jpg,articulated_truck,1
train,00090834.jpg,car,3
train,00010367.jpg,car,1
train,00090053.jpg,car,1
train,00007522.jpg,car,6
train,00033874.jpg,car,3
train,00062461.jpg,car,4
train,00052488.jpg,car,1
train,00013192.jpg,pickup_truck,2
train,00011739.jpg,car,1
train,00100494.jpg,pickup_truck,2
train,00076734.jpg,work_van,2
train,00077116.jpg,car,3
train,00041228.jpg,car,3
train,00096403.jpg,car,1
train,00098287.jpg,car,6
train,00096209.jpg,car,5
train,00042058.jpg,pickup_truck,2
train,00065743.jpg,car,2
train,00093848.jpg,car,3
train,00102628.jpg,car,6
train,00059395.jpg,motorized_vehicle,1
train,00046470.jpg,car,2
train,00004522.jpg,car,3
train,00028648.jpg,car,4
train,00041149.jpg,car,1
train,00025950.jpg,pickup_truck,1
train,00029659.jpg,car,5
train,00009395.jpg,motorized_vehicle,8
train,00026313.jpg,motorized_vehicle,3
train,00057027.jpg,car,5
train,00044306.jpg,car,5
train,00056177.jpg,pickup_truck,7
train,00010600.jpg,car,14
train,00045567.jpg,car,2
train,00081002.jpg,car,1
train,00106702.jpg,car,2
train,00017773.jpg,car,4
train,00017662.jpg,car,1
train,00032663.jpg,car,2
train,00029815.jpg,articulated_truck,1
train,00007198.jpg,car,9
train,00044428.jpg,car,6
train,00011349.jpg,car,5
train,00083143.jpg,car,3
train,00018334.jpg,work_van,1
train,00057351.jpg,car,2
train,00087551.jpg,car,5
train,00057721.jpg,car,1
train,00001684.jpg,car,3
train,00003614.jpg,articulated_truck,1
train,00039167.jpg,motorcycle,2
train,00065632.jpg,car,4
train,00051927.jpg,car,3
train,00001095.jpg,car,1
train,00048335.jpg,car,1
train,00072650.jpg,car,3
train,00026515.jpg,car,4
train,00008988.jpg,car,8
train,00084473.jpg,pickup_truck,6
train,00043928.jpg,car,7
train,00002948.jpg,car,1
train,00072402.jpg,bus,1
train,00099956.jpg,car,3
train,00050418.jpg,car,5
train,00065408.jpg,car,2
train,00054302.jpg,pickup_truck,5
train,00031446.jpg,car,4
train,00105700.jpg,car,16
train,00089764.jpg,pickup_truck,1
train,00096637.jpg,car,8
train,00045199.jpg,car,2
train,00049774.jpg,car,4
train,00092426.jpg,car,22
train,00081194.jpg,car,2
train,00098810.jpg,car,2
train,00096576.jpg,pickup_truck,4
train,00085270.jpg,car,5
train,00033378.jpg,car,2
train,00011971.jpg,car,3
train,00008474.jpg,car,2
train,00021887.jpg,car,8
train,00020737.jpg,car,3
train,00109806.jpg,car,5
train,00041767.jpg,car,3
train,00102484.jpg,articulated_truck,1
train,00094966.jpg,motorcycle,3
train,00037581.jpg,car,4
train,00103585.jpg,car,5
train,00082978.jpg,car,10
train,00075020.jpg,car,1
train,00014517.jpg,car,1
train,00085159.jpg,motorized_vehicle,6
train,00018768.jpg,car,4
train,00007051.jpg,car,2
train,00008585.jpg,car,8
train,00046396.jpg,car,1
train,00021472.jpg,car,4
train,00044360.jpg,car,1
train,00018262.jpg,car,3
train,00036492.jpg,car,2
train,00004590.jpg,car,2
train,00039314.jpg,car,6
train,00002890.jpg,pickup_truck,1
train,00022793.jpg,car,4
train,00005633.jpg,car,1
train,00040063.jpg,car,1
train,00100601.jpg,car,9
train,00005850.jpg,car,1
train,00105707.jpg,car,7
train,00074177.jpg,car,3
train,00103261.jpg,car,2
train,00084222.jpg,car,3
train,00051180.jpg,pickup_truck,1
train,00003571.jpg,car,3
train,00045423.jpg,car,5
train,00061030.jpg,car,1
train,00064498.jpg,car,5
train,00016567.jpg,articulated_truck,1
train,00109655.jpg,car,1
train,00044480.jpg,car,1
train,00078793.jpg,car,2
train,00039119.jpg,car,13
train,00031900.jpg,car,4
train,00055784.jpg,pickup_truck,1
train,00091036.jpg,car,1
train,00069002.jpg,car,1
train,00038788.jpg,car,4
train,00034383.jpg,pickup_truck,7
train,00077430.jpg,car,2
train,00095252.jpg,car,6
train,00097326.jpg,car,8
train,00070059.jpg,car,5
train,00087719.jpg,car,2
train,00077862.jpg,motorized_vehicle,3
train,00105849.jpg,car,10
train,00002622.jpg,car,1
train,00108145.jpg,car,4
train,00065828.jpg,motorized_vehicle,6
train,00099774.jpg,car,9
train,00049121.jpg,work_van,2
train,00080513.jpg,car,2
train,00087207.jpg,car,2
train,00101693.jpg,motorized_vehicle,4
train,00020769.jpg,car,6
train,00091720.jpg,car,1
train,00052406.jpg,work_van,2
train,00099879.jpg,car,1
train,00029455.jpg,bus,1
train,00049531.jpg,car,3
train,00029098.jpg,pickup_truck,2
train,00090942.jpg,car,2
train,00096138.jpg,car,19
train,00072334.jpg,car,3
train,00020859.jpg,bus,2
train,00078757.jpg,car,2
train,00025717.jpg,car,1
train,00091048.jpg,car,7
train,00087342.jpg,motorized_vehicle,4
train,00040878.jpg,car,6
train,00093883.jpg,car,2
train,00082493.jpg,car,2
train,00033877.jpg,car,6
train,00010272.jpg,car,2
train,00060562.jpg,pedestrian,3
train,00071919.jpg,car,2
train,00000292.jpg,car,3
train,00062215.jpg,car,4
train,00100081.jpg,car,2
train,00005081.jpg,bus,5
train,00092279.jpg,car,3
train,00064019.jpg,car,1
train,00083540.jpg,car,9
train,00048546.jpg,car,8
train,00005976.jpg,car,4
train,00066795.jpg,car,3
train,00031329.jpg,bus,1
train,00012461.jpg,pickup_truck,1
train,00038910.jpg,car,1
train,00041399.jpg,car,1
train,00070272.jpg,car,4
train,00025148.jpg,bus,3
train,00075384.jpg,car,4
train,00081829.jpg,car,1
train,00063272.jpg,car,2
train,00048995.jpg,car,7
train,00004383.jpg,pickup_truck,3
train,00012714.jpg,car,1
train,00033341.jpg,motorized_vehicle,2
train,00007577.jpg,motorized_vehicle,2
train,00034350.jpg,car,1
train,00002493.jpg,pickup_truck,1
train,00033273.jpg,single_unit_truck,5
train,00048576.jpg,car,4
train,00110332.jpg,pickup_truck,2
train,00001648.jpg,car,7
train,00070108.jpg,car,5
train,00060093.jpg,car,1
train,00018288.jpg,car,2
train,00068461.jpg,car,6
train,00058265.jpg,car,1
train,00068915.jpg,car,1
train,00033910.jpg,car,6
train,00093239.jpg,car,2
train,00097476.jpg,car,1
train,00061712.jpg,car,4
train,00034393.jpg,car,6
train,00038590.jpg,car,3
train,00080205.jpg,car,1
train,00055957.jpg,car,4
train,00067885.jpg,motorized_vehicle,3
train,00049084.jpg,car,1
train,00088776.jpg,car,4
train,00064195.jpg,car,1
train,00011757.jpg,car,8
train,00098562.jpg,pickup_truck,1
train,00012624.jpg,car,2
train,00061342.jpg,car,6
train,00059095.jpg,car,2
train,00076628.jpg,car,2
train,00014038.jpg,articulated_truck,3
train,00049346.jpg,car,10
train,00035314.jpg,car,1
train,00066220.jpg,pedestrian,3
train,00087373.jpg,car,2
train,00054364.jpg,car,3
train,00058871.jpg,car,1
train,00104085.jpg,car,1
train,00050988.jpg,car,4
train,00030165.jpg,car,4
train,00106533.jpg,car,8
train,00054763.jpg,car,1
train,00053332.jpg,car,6
train,00076979.jpg,car,2
train,00092328.jpg,pedestrian,4
train,00022016.jpg,car,4
train,00086120.jpg,work_van,1
train,00034081.jpg,car,2
train,00049501.jpg,car,1
train,00075427.jpg,motorized_vehicle,2
train,00069096.jpg,pickup_truck,1
train,00063037.jpg,work_van,2
train,00090894.jpg,car,3
train,00040439.jpg,car,2
train,00044773.jpg,work_van,1
train,00034221.jpg,motorized_vehicle,2
train,00012741.jpg,car,1
train,00046509.jpg,car,4
train,00065258.jpg,motorized_vehicle,3
train,00099652.jpg,car,5
train,00079707.jpg,car,4
train,00027987.jpg,car,2
train,00027032.jpg,car,2
train,00011066.jpg,articulated_truck,4
train,00015728.jpg,car,1
train,00035633.jpg,car,2
train,00047481.jpg,pickup_truck,1
train,00064537.jpg,pickup_truck,1
train,00042036.jpg,single_unit_truck,2
train,00093408.jpg,pickup_truck,2
train,00110393.jpg,bus,2
train,00027960.jpg,bus,1
train,00096976.jpg,single_unit_truck,3
train,00084569.jpg,work_van,1
train,00057636.jpg,car,2
train,00002185.jpg,car,1
train,00043111.jpg,car,1
train,00041796.jpg,pickup_truck,1
train,00048509.jpg,car,4
train,00006274.jpg,car,3
train,00003146.jpg,motorized_vehicle,2
train,00050283.jpg,car,2
train,00056471.jpg,pickup_truck,2
train,00002134.jpg,car,22
train,00022597.jpg,car,5
train,00046686.jpg,work_van,1
train,00065848.jpg,motorized_vehicle,3
train,00008043.jpg,car,2
train,00067312.jpg,articulated_truck,1
train,00095606.jpg,car,6
train,00035794.jpg,car,1
train,00002708.jpg,car,1
train,00051625.jpg,pickup_truck,1
train,00002929.jpg,motorized_vehicle,4
train,00024425.jpg,car,3
train,00004465.jpg,bicycle,4
train,00011992.jpg,car,4
train,00025931.jpg,car,3
train,00088616.jpg,car,3
train,00086050.jpg,bus,1
train,00054371.jpg,car,4
train,00096314.jpg,pickup_truck,3
train,00019640.jpg,car,1
train,00038411.jpg,car,5
train,00084012.jpg,car,5
train,00091010.jpg,pickup_truck,1
train,00031983.jpg,bus,3
train,00067839.jpg,car,3
train,00008675.jpg,bus,1
train,00077285.jpg,car,4
train,00024119.jpg,articulated_truck,1
train,00087413.jpg,car,3
train,00043476.jpg,car,1
train,00013520.jpg,pedestrian,14
train,00048836.jpg,car,1
train,00072810.jpg,car,4
train,00051401.jpg,car,4
train,00021711.jpg,articulated_truck,1
train,00062666.jpg,pickup_truck,1
train,00060307.jpg,car,2
train,00096333.jpg,pickup_truck,2
train,00037256.jpg,car,3
train,00021598.jpg,car,4
train,00044660.jpg,motorized_vehicle,3
train,00003967.jpg,articulated_truck,2
train,00027342.jpg,bus,1
train,00109756.jpg,car,4
train,00071077.jpg,car,1
train,00069856.jpg,car,2
train,00096735.jpg,pickup_truck,3
train,00106551.jpg,pickup_truck,2
train,00044535.jpg,car,2
train,00008544.jpg,car,4
train,00016204.jpg,motorized_vehicle,3
train,00012948.jpg,car,1
train,00077739.jpg,car,5
train,00096718.jpg,car,4
train,00033084.jpg,car,1
train,00064118.jpg,pickup_truck,1
train,00007989.jpg,car,1
train,00061366.jpg,car,2
train,00081128.jpg,pickup_truck,1
train,00038489.jpg,car,1
train,00082282.jpg,car,1
train,00007262.jpg,car,1
train,00075900.jpg,car,1
train,00085397.jpg,pickup_truck,4
train,00002294.jpg,work_van,1
train,00072732.jpg,car,3
train,00040852.jpg,car,2
train,00099865.jpg,car,3
train,00070420.jpg,car,3
train,00054113.jpg,car,1
train,00046521.jpg,car,1
train,00015462.jpg,car,4
train,00099060.jpg,pickup_truck,3
train,00059391.jpg,car,6
train,00032283.jpg,pickup_truck,1
train,00073445.jpg,car,6
train,00013658.jpg,car,3
train,00066368.jpg,car,5
train,00000420.jpg,car,4
train,00051304.jpg,car,1
train,00101046.jpg,car,3
train,00067033.jpg,car,1
train,00005118.jpg,car,1
train,00032780.jpg,single_unit_truck,3
train,00022246.jpg,car,7
train,00086257.jpg,car,3
train,00014696.jpg,car,5
train,00015173.jpg,car,1
train,00013880.jpg,pickup_truck,3
train,00093704.jpg,pickup_truck,2
train,00012320.jpg,car,1
train,00108445.jpg,car,2
train,00045767.jpg,pickup_truck,8
train,00011232.jpg,car,1
train,00054451.jpg,car,1
train,00082816.jpg,car,4
train,00016790.jpg,car,9
train,00101670.jpg,car,1
train,00022079.jpg,motorized_vehicle,2
train,00020022.jpg,car,1
train,00024114.jpg,car,7
train,00048549.jpg,pickup_truck,1
train,00059505.jpg,car,1
train,00065189.jpg,pickup_truck,2
train,00042643.jpg,work_van,1
train,00005862.jpg,motorized_vehicle,3
train,00078673.jpg,car,4
train,00109105.jpg,single_unit_truck,2
train,00089484.jpg,car,4
train,00043904.jpg,pickup_truck,1
train,00085619.jpg,car,1
train,00088659.jpg,pickup_truck,2
train,00043657.jpg,car,3
train,00081979.jpg,car,1
train,00023893.jpg,car,9
train,00103747.jpg,car,1
train,00079922.jpg,car,3
train,00074795.jpg,car,7
train,00043524.jpg,car,1
train,00083165.jpg,car,2
train,00109494.jpg,car,4
train,00093294.jpg,car,1
train,00040829.jpg,car,1
train,00092407.jpg,pickup_truck,1
train,00064222.jpg,car,6
train,00075997.jpg,car,1
train,00042233.jpg,motorized_vehicle,4
train,00043880.jpg,car,4
train,00100683.jpg,motorized_vehicle,2
train,00034772.jpg,bus,1
train,00076691.jpg,car,6
train,00110228.jpg,pickup_truck,8
train,00035497.jpg,work_van,1
train,00066125.jpg,car,6
train,00082243.jpg,car,3
train,00047734.jpg,car,3
train,00058885.jpg,car,2
train,00089380.jpg,car,1
train,00016950.jpg,car,4
train,00082381.jpg,car,9
train,00043363.jpg,car,5
train,00031299.jpg,car,3
train,00095205.jpg,car,3
train,00076651.jpg,car,7
train,00058686.jpg,pickup_truck,1
train,00060909.jpg,motorized_vehicle,3
train,00033634.jpg,car,5
train,00026665.jpg,car,3
train,00049701.jpg,pickup_truck,2
train,00036372.jpg,car,5
train,00058256.jpg,car,1
train,00090358.jpg,car,3
train,00039302.jpg,car,8
train,00078980.jpg,car,3
train,00059841.jpg,car,1
train,00094113.jpg,car,1
train,00015852.jpg,car,2
train,00059562.jpg,car,3
train,00066964.jpg,car,2
train,00024708.jpg,car,2
train,00036738.jpg,car,3
train,00007822.jpg,car,5
train,00101557.jpg,car,4
train,00067288.jpg,car,4
train,00048242.jpg,car,2
train,00036616.jpg,car,12
train,00012987.jpg,motorized_vehicle,5
train,00090622.jpg,single_unit_truck,1
train,00021517.jpg,work_van,1
train,00027683.jpg,bus,2
train,00037855.jpg,car,1
train,00097831.jpg,car,1
train,00066698.jpg,car,1
train,00095295.jpg,car,6
train,00050914.jpg,car,7
train,00072490.jpg,car,2
train,00018558.jpg,motorcycle,1
train,00007665.jpg,articulated_truck,1
train,00044897.jpg,car,4
train,00090782.jpg,car,3
train,00050060.jpg,motorcycle,1
train,00052403.jpg,car,10
train,00083883.jpg,motorized_vehicle,4
train,00068199.jpg,car,1
train,00074292.jpg,bus,2
train,00106305.jpg,pickup_truck,2
train,00062769.jpg,car,2
train,00086038.jpg,motorcycle,2
train,00052212.jpg,car,11
train,00057335.jpg,car,3
train,00034862.jpg,car,7
train,00068629.jpg,car,4
train,00019897.jpg,car,2
train,00090776.jpg,car,1
train,00021132.jpg,car,4
train,00002020.jpg,articulated_truck,1
train,00088830.jpg,car,3
train,00001178.jpg,articulated_truck,2
train,00057606.jpg,car,3
train,00047589.jpg,car,3
train,00098482.jpg,work_van,1
train,00029041.jpg,car,1
train,00014456.jpg,pickup_truck,1
train,00014986.jpg,car,4
train,00012382.jpg,car,8
train,00078577.jpg,car,4
train,00033059.jpg,pickup_truck,1
train,00054698.jpg,car,6
train,00039253.jpg,motorized_vehicle,2
train,00109844.jpg,pickup_truck,5
train,00001678.jpg,car,2
train,00024109.jpg,car,1
train,00075687.jpg,car,1
train,00010134.jpg,car,3
train,00095935.jpg,car,7
train,00003578.jpg,car,5
train,00071628.jpg,car,5
train,00041699.jpg,pedestrian,1
train,00093619.jpg,car,4
train,00000633.jpg,car,9
train,00109817.jpg,car,2
train,00008159.jpg,car,2
train,00028851.jpg,pickup_truck,1
train,00043464.jpg,pickup_truck,4
train,00102145.jpg,car,12
train,00015084.jpg,car,1
train,00037949.jpg,car,1
train,00067698.jpg,car,9
train,00028741.jpg,pickup_truck,1
train,00083414.jpg,car,5
train,00098646.jpg,car,2
train,00081980.jpg,car,5
train,00022334.jpg,car,2
train,00021228.jpg,car,1
train,00098371.jpg,bicycle,1
train,00019948.jpg,car,1
train,00096992.jpg,work_van,1
train,00080500.jpg,car,5
train,00066894.jpg,articulated_truck,3
train,00066496.jpg,motorized_vehicle,1
train,00085951.jpg,car,5
train,00095267.jpg,car,4
train,00106618.jpg,car,7
train,00041847.jpg,car,2
train,00000259.jpg,car,2
train,00073958.jpg,car,7
train,00052931.jpg,pickup_truck,1
train,00012445.jpg,car,4
train,00038747.jpg,car,7
train,00001035.jpg,car,1
train,00019820.jpg,pickup_truck,1
train,00005029.jpg,car,3
train,00006593.jpg,car,3
train,00051562.jpg,work_van,2
train,00011326.jpg,car,8
train,00085803.jpg,pedestrian,7
train,00054576.jpg,articulated_truck,2
train,00060027.jpg,car,2
train,00018301.jpg,car,4
train,00042969.jpg,car,4
train,00029713.jpg,car,3
train,00097278.jpg,car,2
train,00103143.jpg,car,1
train,00045525.jpg,car,1
train,00060683.jpg,articulated_truck,3
train,00061527.jpg,car,3
train,00066208.jpg,pickup_truck,1
train,00027086.jpg,car,4
train,00028303.jpg,car,1
train,00003688.jpg,car,1
train,00104172.jpg,car,1
train,00106290.jpg,car,3
train,00094650.jpg,car,1
train,00039306.jpg,motorized_vehicle,6
train,00010805.jpg,car,2
train,00011429.jpg,car,1
train,00041324.jpg,car,4
train,00068505.jpg,car,4
train,00055207.jpg,car,3
train,00085048.jpg,car,1
train,00059869.jpg,car,2
train,00099479.jpg,car,1
train,00018867.jpg,car,5
train,00104449.jpg,car,3
train,00052186.jpg,car,4
train,00045493.jpg,car,5
train,00093474.jpg,car,3
train,00108952.jpg,bus,1
train,00050514.jpg,car,1
train,00019753.jpg,car,3
train,00013538.jpg,pickup_truck,1
train,00045831.jpg,motorized_vehicle,3
train,00051273.jpg,car,4
train,00092846.jpg,car,2
train,00085425.jpg,car,4
train,00089902.jpg,car,2
train,00082387.jpg,pickup_truck,1
train,00022484.jpg,car,3
train,00077083.jpg,car,2
train,00009436.jpg,car,9
train,00022066.jpg,car,1
train,00042800.jpg,pickup_truck,1
train,00016431.jpg,motorized_vehicle,4
train,00095988.jpg,car,3
train,00080332.jpg,car,2
train,00070529.jpg,pickup_truck,1
train,00000999.jpg,work_van,2
train,00049294.jpg,car,2
train,00034028.jpg,single_unit_truck,1
train,00051716.jpg,pickup_truck,1
train,00041096.jpg,car,2
train,00003442.jpg,bus,1
train,00079884.jpg,car,3
train,00021837.jpg,pickup_truck,1
train,00013841.jpg,car,4
train,00024069.jpg,articulated_truck,1
train,00087970.jpg,car,3
train,00077268.jpg,car,2
train,00005096.jpg,pickup_truck,1
train,00061826.jpg,car,2
train,00023097.jpg,car,4
train,00058988.jpg,bicycle,3
train,00062106.jpg,car,1
train,00025475.jpg,car,5
train,00009751.jpg,car,1
train,00103616.jpg,pickup_truck,2
train,00058293.jpg,pickup_truck,2
train,00073612.jpg,pickup_truck,4
train,00054397.jpg,car,6
train,00015422.jpg,single_unit_truck,1
train,00099514.jpg,bus,2
train,00090839.jpg,car,2
train,00035620.jpg,car,5
train,00106090.jpg,pickup_truck,4
train,00029505.jpg,car,1
train,00011853.jpg,car,7
train,00032794.jpg,car,2
train,00057271.jpg,car,3
train,00078409.jpg,car,11
train,00072327.jpg,car,2
train,00101174.jpg,car,2
train,00011276.jpg,car,4
train,00089616.jpg,articulated_truck,3
train,00031026.jpg,car,14
train,00045090.jpg,bicycle,1
train,00045537.jpg,car,3
train,00015363.jpg,car,2
train,00014284.jpg,pickup_truck,7
train,00052454.jpg,car,4
train,00100793.jpg,car,1
train,00068113.jpg,car,1
train,00023749.jpg,car,3
train,00050644.jpg,car,3
train,00083491.jpg,car,2
train,00005550.jpg,articulated_truck,2
train,00026764.jpg,articulated_truck,1
train,00074098.jpg,car,1
train,00014963.jpg,car,2
train,00059901.jpg,car,2
train,00109836.jpg,car,2
train,00065334.jpg,car,5
train,00006233.jpg,car,1
train,00016548.jpg,car,3
train,00072360.jpg,car,1
train,00106200.jpg,car,8
train,00036864.jpg,pickup_truck,6
train,00008074.jpg,car,6
train,00052988.jpg,car,7
train,00019601.jpg,non_motorized_vehicle,3
train,00017570.jpg,pickup_truck,2
train,00068137.jpg,car,5
train,00088669.jpg,car,2
train,00035631.jpg,car,1
train,00012216.jpg,car,3
train,00081301.jpg,car,2
train,00046843.jpg,car,1
train,00031784.jpg,car,1
train,00031971.jpg,car,19
train,00081166.jpg,motorized_vehicle,3
train,00041734.jpg,car,2
train,00047520.jpg,motorized_vehicle,1
train,00062633.jpg,car,2
train,00012375.jpg,articulated_truck,1
train,00103908.jpg,car,4
train,00091714.jpg,car,8
train,00084572.jpg,car,2
train,00074398.jpg,car,5
train,00028372.jpg,car,14
train,00086761.jpg,car,5
train,00007511.jpg,car,6
train,00032816.jpg,pickup_truck,6
train,00009537.jpg,car,6
train,00066211.jpg,car,2
train,00068065.jpg,car,1
train,00071008.jpg,car,8
train,00069629.jpg,single_unit_truck,1
train,00065358.jpg,pickup_truck,3
train,00092019.jpg,pickup_truck,7
train,00109371.jpg,car,1
train,00028553.jpg,pickup_truck,1
train,00036720.jpg,car,2
train,00055046.jpg,pickup_truck,2
train,00103480.jpg,car,5
train,00076506.jpg,car,3
train,00037737.jpg,car,1
train,00092919.jpg,motorized_vehicle,3
train,00094627.jpg,car,2
train,00038816.jpg,car,1
train,00106885.jpg,motorized_vehicle,1
train,00061066.jpg,car,4
train,00062332.jpg,car,7
train,00019680.jpg,car,14
train,00006843.jpg,car,1
train,00073431.jpg,car,1
train,00013422.jpg,car,1
train,00078565.jpg,bicycle,1
train,00104556.jpg,pickup_truck,1
train,00009550.jpg,car,5
train,00041798.jpg,car,2
train,00006653.jpg,car,1
train,00095664.jpg,motorized_vehicle,3
train,00083969.jpg,pickup_truck,1
train,00060198.jpg,car,18
train,00038333.jpg,car,4
train,00094240.jpg,pickup_truck,3
train,00102632.jpg,car,3
train,00034969.jpg,car,3
train,00084491.jpg,car,4
train,00036448.jpg,car,4
train,00007018.jpg,car,3
train,00101600.jpg,pickup_truck,1
train,00077213.jpg,car,1
train,00055999.jpg,car,2
train,00013621.jpg,car,1
train,00103150.jpg,car,2
train,00046209.jpg,motorcycle,1
train,00046715.jpg,articulated_truck,5
train,00090589.jpg,car,1
train,00025974.jpg,car,2
train,00088550.jpg,motorcycle,1
train,00050020.jpg,car,5
train,00024100.jpg,car,6
train,00025215.jpg,car,7
train,00060016.jpg,bus,1
train,00055273.jpg,car,1
train,00056537.jpg,car,4
train,00046271.jpg,car,1
train,00101972.jpg,car,4
train,00095185.jpg,car,2
train,00035848.jpg,car,2
train,00051796.jpg,bus,1
train,00033354.jpg,car,4
train,00037169.jpg,pickup_truck,2
train,00003627.jpg,pickup_truck,4
train,00042790.jpg,car,2
train,00018335.jpg,car,3
train,00026543.jpg,car,3
train,00088447.jpg,car,2
train,00042650.jpg,car,3
train,00074828.jpg,car,5
train,00050517.jpg,car,1
train,00065780.jpg,car,1
train,00011605.jpg,car,3
train,00106601.jpg,pickup_truck,1
train,00076951.jpg,car,2
train,00063423.jpg,pickup_truck,1
train,00002180.jpg,car,3
train,00047110.jpg,car,1
train,00012459.jpg,car,3
train,00028632.jpg,car,2
train,00031290.jpg,car,2
train,00013353.jpg,car,1
train,00018215.jpg,car,5
train,00016983.jpg,car,3
train,00010247.jpg,car,6
train,00055427.jpg,pickup_truck,1
train,00061302.jpg,car,1
train,00057198.jpg,car,10
train,00024149.jpg,non_motorized_vehicle,3
train,00027597.jpg,car,1
train,00001911.jpg,car,3
train,00081276.jpg,car,5
train,00089138.jpg,bus,2
train,00057291.jpg,car,4
train,00053625.jpg,pickup_truck,2
train,00095337.jpg,articulated_truck,2
train,00089121.jpg,car,7
train,00035622.jpg,car,1
train,00046071.jpg,car,2
train,00073446.jpg,car,7
train,00102187.jpg,car,1
train,00012046.jpg,car,4
train,00059850.jpg,pickup_truck,3
train,00090190.jpg,car,6
train,00022131.jpg,car,6
train,00058278.jpg,car,2
train,00005688.jpg,pickup_truck,1
train,00038579.jpg,pickup_truck,5
train,00096828.jpg,pickup_truck,1
train,00032747.jpg,pickup_truck,1
train,00100968.jpg,car,2
train,00091402.jpg,car,1
train,00010952.jpg,car,1
train,00070251.jpg,car,1
train,00098088.jpg,single_unit_truck,3
train,00090643.jpg,car,5
train,00037102.jpg,car,3
train,00089053.jpg,car,4
train,00017486.jpg,car,4
train,00007521.jpg,car,2
train,00075663.jpg,pickup_truck,3
train,00025193.jpg,work_van,1
train,00019612.jpg,pickup_truck,4
train,00107748.jpg,car,1
train,00109500.jpg,pickup_truck,1
train,00051177.jpg,car,5
train,00089608.jpg,car,2
train,00082016.jpg,work_van,4
train,00004434.jpg,pickup_truck,1
train,00028620.jpg,car,2
train,00041168.jpg,car,1
train,00032340.jpg,pickup_truck,1
train,00068260.jpg,car,5
train,00071778.jpg,bus,1
train,00048034.jpg,single_unit_truck,2
train,00088367.jpg,car,4
train,00040907.jpg,pickup_truck,3
train,00025723.jpg,car,11
train,00040077.jpg,car,19
train,00035685.jpg,car,2
train,00093376.jpg,car,1
train,00091785.jpg,car,1
train,00035974.jpg,pickup_truck,1
train,00051410.jpg,car,1
train,00097050.jpg,car,3
train,00073321.jpg,car,8
train,00017431.jpg,car,2
train,00024592.jpg,car,1
train,00040370.jpg,car,1
train,00062735.jpg,car,4
train,00079386.jpg,car,1
train,00029080.jpg,car,7
train,00049680.jpg,car,1
train,00047898.jpg,car,3
train,00037657.jpg,car,8
train,00089969.jpg,car,1
train,00086313.jpg,motorized_vehicle,2
train,00023632.jpg,car,1
train,00093289.jpg,car,1
train,00012963.jpg,car,4
train,00069054.jpg,car,2
train,00070376.jpg,car,2
train,00043615.jpg,car,2
train,00040781.jpg,car,1
train,00043591.jpg,car,1
train,00094577.jpg,car,2
train,00105572.jpg,car,9
train,00006786.jpg,pedestrian,4
train,00046235.jpg,pickup_truck,1
train,00083199.jpg,car,7
train,00081362.jpg,car,8
train,00017568.jpg,car,5
train,00046909.jpg,car,2
train,00101609.jpg,car,2
train,00030249.jpg,car,2
train,00087530.jpg,car,2
train,00041602.jpg,car,1
train,00022637.jpg,car,2
train,00105684.jpg,car,2
train,00108663.jpg,single_unit_truck,2
train,00076379.jpg,car,1
train,00043701.jpg,pedestrian,2
train,00036851.jpg,car,2
train,00061331.jpg,car,3
train,00023103.jpg,car,1
train,00038665.jpg,car,1
train,00063041.jpg,car,1
train,00007906.jpg,car,1
train,00073574.jpg,car,1
train,00068601.jpg,car,4
train,00087474.jpg,pickup_truck,1
train,00088124.jpg,single_unit_truck,1
train,00057345.jpg,car,3
train,00067983.jpg,bus,1
train,00106020.jpg,work_van,1
train,00006268.jpg,car,2
train,00007643.jpg,car,5
train,00089119.jpg,car,2
train,00076553.jpg,car,2
train,00058917.jpg,car,4
train,00040091.jpg,pickup_truck,5
train,00039795.jpg,car,2
train,00034155.jpg,car,2
train,00090969.jpg,car,3
train,00093587.jpg,pickup_truck,1
train,00002372.jpg,work_van,1
train,00064181.jpg,car,5
train,00092029.jpg,car,5
train,00038394.jpg,motorized_vehicle,1
train,00060235.jpg,car,2
train,00085113.jpg,pickup_truck,2
train,00083826.jpg,car,2
train,00069911.jpg,car,3
train,00054757.jpg,car,1
train,00045433.jpg,car,8
train,00062612.jpg,car,5
train,00086977.jpg,car,3
train,00075431.jpg,car,1
train,00094177.jpg,car,3
train,00030974.jpg,car,2
train,00004555.jpg,pickup_truck,1
train,00030465.jpg,car,3
train,00022381.jpg,car,3
train,00100010.jpg,articulated_truck,2
train,00096006.jpg,bus,1
train,00044699.jpg,car,12
train,00045138.jpg,car,1
train,00090586.jpg,car,2
train,00010236.jpg,car,6
train,00075702.jpg,car,2
train,00070123.jpg,pickup_truck,1
train,00016597.jpg,car,2
train,00067906.jpg,car,2
train,00068174.jpg,car,1
train,00088223.jpg,motorized_vehicle,1
train,00036689.jpg,car,1
train,00038216.jpg,work_van,2
train,00084724.jpg,bus,1
train,00089622.jpg,car,3
train,00029199.jpg,car,2
train,00078195.jpg,car,4
train,00063829.jpg,car,5
train,00002548.jpg,car,3
train,00073460.jpg,car,4
train,00025474.jpg,car,24
train,00068545.jpg,car,12
train,00097249.jpg,motorized_vehicle,1
train,00056843.jpg,articulated_truck,1
train,00071486.jpg,car,1
train,00043140.jpg,car,6
train,00082144.jpg,motorized_vehicle,3
train,00015291.jpg,car,10
train,00083875.jpg,pickup_truck,2
train,00040837.jpg,pickup_truck,5
train,00105461.jpg,car,1
train,00003842.jpg,pickup_truck,5
train,00062918.jpg,pickup_truck,2
train,00089664.jpg,car,1
train,00067367.jpg,pickup_truck,1
train,00059408.jpg,car,1
train,00003521.jpg,car,3
train,00107176.jpg,car,1
train,00051499.jpg,car,2
train,00073874.jpg,car,2
train,00062007.jpg,car,2
train,00002167.jpg,single_unit_truck,1
train,00034747.jpg,car,1
train,00053601.jpg,car,2
train,00052359.jpg,car,2
train,00077356.jpg,car,3
train,00057501.jpg,pedestrian,3
train,00038498.jpg,car,2
train,00006779.jpg,car,9
train,00002836.jpg,car,15
train,00065721.jpg,car,2
train,00107167.jpg,car,3
train,00005906.jpg,car,1
train,00030512.jpg,bus,2
train,00097572.jpg,car,4
train,00004084.jpg,car,6
train,00109897.jpg,car,1
train,00013368.jpg,car,3
train,00063235.jpg,car,3
train,00081285.jpg,car,1
train,00076764.jpg,car,2
train,00106373.jpg,car,3
train,00012878.jpg,car,3
train,00002194.jpg,car,1
train,00108686.jpg,car,3
train,00090007.jpg,car,3
train,00042167.jpg,work_van,2
train,00057492.jpg,pickup_truck,2
train,00055852.jpg,car,1
train,00086885.jpg,car,2
train,00029755.jpg,car,4
train,00006676.jpg,car,13
train,00105694.jpg,car,3
train,00059073.jpg,car,1
train,00040746.jpg,car,1
train,00010767.jpg,bus,6
train,00027214.jpg,car,3
train,00005334.jpg,car,2
train,00033618.jpg,pickup_truck,1
train,00098515.jpg,car,1
train,00050761.jpg,car,3
train,00058414.jpg,car,4
train,00040975.jpg,car,2
train,00000050.jpg,pickup_truck,5
train,00103251.jpg,car,1
train,00045722.jpg,car,6
train,00005537.jpg,bus,2
train,00100356.jpg,non_motorized_vehicle,3
train,00010007.jpg,pickup_truck,2
train,00068366.jpg,car,3
train,00099990.jpg,car,6
train,00026705.jpg,car,1
train,00084175.jpg,car,2
train,00046533.jpg,car,2
train,00060661.jpg,car,7
train,00027098.jpg,car,1
train,00010333.jpg,car,4
train,00086606.jpg,car,2
train,00015267.jpg,car,5
train,00071355.jpg,pickup_truck,1
train,00058682.jpg,car,3
train,00007426.jpg,articulated_truck,3
train,00029132.jpg,car,3
train,00103526.jpg,car,5
train,00023256.jpg,car,4
train,00004523.jpg,car,5
train,00080711.jpg,pickup_truck,1
train,00061831.jpg,pickup_truck,1
train,00095482.jpg,car,1
train,00110558.jpg,car,5
train,00069394.jpg,car,5
train,00108358.jpg,car,2
train,00041530.jpg,car,1
train,00025269.jpg,car,18
train,00033880.jpg,car,3
train,00095746.jpg,car,3
train,00034165.jpg,pickup_truck,2
train,00090272.jpg,pickup_truck,1
train,00088157.jpg,car,1
train,00003124.jpg,bicycle,1
train,00099046.jpg,car,4
train,00094093.jpg,car,3
train,00019664.jpg,car,2
train,00093353.jpg,car,10
train,00086315.jpg,car,3
train,00103981.jpg,car,1
train,00076089.jpg,car,1
train,00063672.jpg,car,1
train,00018567.jpg,car,3
train,00087404.jpg,car,5
train,00053042.jpg,car,1
train,00020930.jpg,pickup_truck,1
train,00068069.jpg,car,2
train,00076926.jpg,car,3
train,00003559.jpg,car,8
train,00048945.jpg,car,1
train,00074901.jpg,work_van,2
train,00093673.jpg,single_unit_truck,1
train,00083201.jpg,pickup_truck,1
train,00052524.jpg,pickup_truck,3
train,00082363.jpg,car,3
train,00015989.jpg,car,1
train,00019962.jpg,car,5
train,00090143.jpg,non_motorized_vehicle,2
train,00056266.jpg,articulated_truck,1
train,00011221.jpg,car,4
train,00078569.jpg,car,6
train,00098080.jpg,car,2
train,00030138.jpg,car,2
train,00098794.jpg,work_van,2
train,00082924.jpg,car,23
train,00048177.jpg,car,1
train,00048174.jpg,car,3
train,00061608.jpg,car,2
train,00052825.jpg,car,1
train,00002407.jpg,car,16
train,00021998.jpg,car,1
train,00062859.jpg,car,2
train,00024790.jpg,car,1
train,00076574.jpg,car,18
train,00016595.jpg,car,5
train,00032386.jpg,car,4
train,00007145.jpg,car,2
train,00005662.jpg,car,2
train,00101864.jpg,car,1
train,00008267.jpg,car,6
train,00009663.jpg,car,6
train,00008403.jpg,car,2
train,00049066.jpg,pickup_truck,1
train,00056865.jpg,pickup_truck,3
train,00014201.jpg,car,3
train,00059986.jpg,car,1
train,00092739.jpg,car,3
train,00015804.jpg,car,4
train,00051033.jpg,car,2
train,00102305.jpg,car,1
train,00035145.jpg,car,3
train,00091221.jpg,car,2
train,00026899.jpg,car,1
train,00017903.jpg,pickup_truck,1
train,00072133.jpg,car,4
train,00004378.jpg,car,3
train,00072563.jpg,car,4
train,00106189.jpg,car,1
train,00052472.jpg,car,1
train,00068676.jpg,car,3
train,00069300.jpg,car,2
train,00070779.jpg,pickup_truck,1
train,00040818.jpg,articulated_truck,2
train,00061224.jpg,car,1
train,00103975.jpg,motorcycle,2
train,00082807.jpg,car,3
train,00078689.jpg,car,5
train,00025441.jpg,car,16
train,00110513.jpg,bicycle,1
train,00084552.jpg,car,2
train,00010980.jpg,car,4
train,00035303.jpg,car,4
train,00050577.jpg,non_motorized_vehicle,2
train,00097093.jpg,single_unit_truck,1
train,00000116.jpg,car,1
train,00042158.jpg,car,1
train,00065287.jpg,car,2
train,00016405.jpg,car,1
train,00107163.jpg,car,5
train,00076430.jpg,pickup_truck,1
train,00030134.jpg,work_van,2
train,00039313.jpg,car,6
train,00072713.jpg,car,8
train,00018602.jpg,car,2
train,00042994.jpg,car,3
train,00079044.jpg,pickup_truck,1
train,00048766.jpg,pickup_truck,1
train,00036178.jpg,car,5
train,00064672.jpg,car,1
train,00094560.jpg,car,3
train,00040420.jpg,car,2
train,00054959.jpg,articulated_truck,1
train,00068596.jpg,car,5
train,00086554.jpg,bicycle,3
train,00027865.jpg,pickup_truck,5
train,00067879.jpg,car,2
train,00106894.jpg,car,10
train,00031963.jpg,articulated_truck,2
train,00018490.jpg,car,3
train,00073994.jpg,car,4
train,00040387.jpg,motorized_vehicle,2
train,00083718.jpg,car,1
train,00052114.jpg,pickup_truck,2
train,00099305.jpg,car,9
train,00080771.jpg,car,6
train,00009374.jpg,car,6
train,00039534.jpg,pickup_truck,2
train,00106281.jpg,car,2
train,00086741.jpg,motorized_vehicle,3
train,00022121.jpg,car,2
train,00019319.jpg,car,1
train,00045236.jpg,car,1
train,00087727.jpg,car,2
train,00054510.jpg,pickup_truck,1
train,00047912.jpg,car,1
train,00044557.jpg,car,1
train,00093574.jpg,car,3
train,00015844.jpg,car,3
train,00006001.jpg,car,6
train,00108776.jpg,car,6
train,00041496.jpg,car,2
train,00104146.jpg,motorized_vehicle,1
train,00020309.jpg,motorized_vehicle,1
train,00076989.jpg,car,1
train,00063478.jpg,car,3
train,00044900.jpg,car,2
train,00085320.jpg,car,4
train,00070630.jpg,car,2
train,00085613.jpg,car,2
train,00105522.jpg,pickup_truck,7
train,00042818.jpg,car,4
train,00109728.jpg,pickup_truck,2
train,00065416.jpg,car,5
train,00088083.jpg,motorized_vehicle,2
train,00106049.jpg,pickup_truck,1
train,00092446.jpg,car,4
train,00108756.jpg,car,10
train,00096231.jpg,bus,1
train,00097052.jpg,pickup_truck,1
train,00060201.jpg,pickup_truck,5
train,00075069.jpg,car,3
train,00028589.jpg,pickup_truck,1
train,00036353.jpg,pedestrian,4
train,00046027.jpg,car,6
train,00089206.jpg,car,1
train,00043637.jpg,car,3
train,00010856.jpg,motorized_vehicle,5
train,00030630.jpg,car,7
train,00028353.jpg,car,3
train,00097453.jpg,car,1
train,00090960.jpg,car,6
train,00068495.jpg,car,2
train,00019937.jpg,car,2
train,00010492.jpg,car,2
train,00017743.jpg,car,5
train,00103255.jpg,car,3
train,00005535.jpg,car,4
train,00029185.jpg,car,4
train,00050944.jpg,pickup_truck,6
train,00002492.jpg,pickup_truck,1
train,00037163.jpg,car,9
train,00000365.jpg,car,2
train,00072822.jpg,car,17
train,00035658.jpg,car,1
train,00084600.jpg,car,3
train,00074181.jpg,car,7
train,00038532.jpg,car,7
train,00090670.jpg,car,2
train,00102649.jpg,car,2
train,00007234.jpg,car,7
train,00051066.jpg,pickup_truck,3
train,00104720.jpg,car,3
train,00027508.jpg,car,3
train,00036863.jpg,car,1
train,00107025.jpg,car,3
train,00100219.jpg,car,1
train,00022633.jpg,car,11
train,00070008.jpg,pickup_truck,7
train,00019407.jpg,car,1
train,00100516.jpg,car,6
train,00093631.jpg,car,4
train,00007314.jpg,car,1
train,00022516.jpg,car,1
train,00092083.jpg,car,3
train,00030913.jpg,car,4
train,00091853.jpg,pickup_truck,1
train,00088666.jpg,car,5
train,00031627.jpg,pickup_truck,1
train,00080791.jpg,car,1
train,00020556.jpg,bus,1
train,00075537.jpg,car,3
train,00095381.jpg,car,1
train,00109843.jpg,car,5
train,00023187.jpg,pickup_truck,2
train,00045223.jpg,bus,2
train,00075759.jpg,car,4
train,00109827.jpg,motorized_vehicle,4
train,00037661.jpg,car,4
train,00048355.jpg,car,1
train,00052293.jpg,bus,1
train,00017715.jpg,car,5
train,00038924.jpg,car,1
train,00091641.jpg,car,1
train,00078825.jpg,car,18
train,00027377.jpg,car,2
train,00072633.jpg,pickup_truck,2
train,00002564.jpg,car,10
train,00041575.jpg,motorized_vehicle,1
train,00077531.jpg,car,5
train,00050474.jpg,motorized_vehicle,1
train,00040802.jpg,car,1
train,00008640.jpg,car,2
train,00003282.jpg,car,1
train,00037578.jpg,car,1
train,00042815.jpg,pickup_truck,1
train,00093014.jpg,pickup_truck,1
train,00080639.jpg,car,1
train,00023700.jpg,car,4
train,00000205.jpg,car,5
train,00047854.jpg,car,1
train,00008135.jpg,articulated_truck,1
train,00027945.jpg,car,3
train,00090944.jpg,car,1
train,00061156.jpg,pickup_truck,1
train,00086324.jpg,motorized_vehicle,5
train,00012773.jpg,car,4
train,00067414.jpg,motorized_vehicle,2
train,00101033.jpg,car,1
train,00043704.jpg,pickup_truck,1
train,00011284.jpg,car,1
train,00083487.jpg,car,3
train,00109785.jpg,car,7
train,00042517.jpg,car,3
train,00027773.jpg,car,4
train,00069473.jpg,car,2
train,00062125.jpg,articulated_truck,1
train,00033024.jpg,pickup_truck,1
train,00108100.jpg,car,5
train,00097144.jpg,car,2
train,00103062.jpg,car,2
train,00094505.jpg,car,4
train,00052794.jpg,car,1
train,00096729.jpg,car,4
train,00044867.jpg,car,1
train,00062198.jpg,bus,2
train,00090627.jpg,car,1
train,00022515.jpg,car,6
train,00068884.jpg,bus,1
train,00077161.jpg,motorized_vehicle,1
train,00072821.jpg,pickup_truck,4
train,00047390.jpg,car,1
train,00093782.jpg,car,1
train,00018573.jpg,car,3
train,00005397.jpg,pickup_truck,11
train,00087347.jpg,motorized_vehicle,1
train,00000119.jpg,work_van,2
train,00028273.jpg,car,1
train,00107529.jpg,car,3
train,00018857.jpg,pickup_truck,7
train,00058334.jpg,work_van,2
train,00108785.jpg,car,5
train,00076159.jpg,articulated_truck,2
train,00089223.jpg,pickup_truck,5
train,00095115.jpg,car,16
train,00061601.jpg,car,1
train,00095690.jpg,car,3
train,00056900.jpg,bus,1
train,00049139.jpg,pickup_truck,1
train,00074506.jpg,car,3
train,00097584.jpg,car,2
train,00057261.jpg,car,2
train,00055500.jpg,car,3
train,00042391.jpg,car,1
train,00079136.jpg,car,1
train,00003920.jpg,car,3
train,00042890.jpg,motorized_vehicle,6
train,00039629.jpg,single_unit_truck,2
train,00044007.jpg,pickup_truck,5
train,00048219.jpg,car,1
train,00053091.jpg,car,1
train,00081798.jpg,car,4
train,00071693.jpg,car,3
train,00020833.jpg,car,6
train,00006427.jpg,car,2
train,00108804.jpg,car,2
train,00031733.jpg,pickup_truck,2
train,00012279.jpg,pickup_truck,1
train,00068921.jpg,car,3
train,00000415.jpg,car,1
train,00090687.jpg,pickup_truck,5
train,00062760.jpg,car,1
train,00012637.jpg,car,4
train,00080957.jpg,articulated_truck,2
train,00060584.jpg,car,1
train,00063402.jpg,car,2
train,00081579.jpg,car,5
train,00083887.jpg,car,3
train,00075434.jpg,car,5
train,00087165.jpg,car,3
train,00027243.jpg,bicycle,2
train,00067428.jpg,car,3
train,00029724.jpg,car,6
train,00108451.jpg,car,1
train,00060567.jpg,car,1
train,00032380.jpg,car,1
train,00034931.jpg,car,5
train,00100717.jpg,car,5
train,00008717.jpg,car,5
train,00019454.jpg,car,4
train,00104008.jpg,car,1
train,00019875.jpg,car,2
train,00044690.jpg,car,7
train,00012188.jpg,car,5
train,00046879.jpg,bus,1
train,00019653.jpg,car,3
train,00102665.jpg,car,5
train,00052707.jpg,car,1
train,00054890.jpg,car,1
train,00003501.jpg,pickup_truck,1
train,00015538.jpg,car,3
train,00035551.jpg,car,2
train,00020254.jpg,car,2
train,00095446.jpg,car,1
train,00073534.jpg,car,5
train,00097588.jpg,car,1
train,00107373.jpg,car,3
train,00004505.jpg,articulated_truck,4
train,00045754.jpg,car,5
train,00087989.jpg,car,1
train,00096376.jpg,car,4
train,00003005.jpg,car,2
train,00087436.jpg,car,1
train,00047965.jpg,car,7
train,00019317.jpg,car,4
train,00054078.jpg,car,1
train,00040087.jpg,car,1
train,00062389.jpg,car,1
train,00034948.jpg,car,3
train,00101624.jpg,car,2
train,00097822.jpg,car,1
train,00073748.jpg,car,1
train,00025140.jpg,car,2
train,00009957.jpg,car,2
train,00081482.jpg,pickup_truck,2
train,00017974.jpg,car,1
train,00074977.jpg,car,2
train,00016395.jpg,car,2
train,00018825.jpg,single_unit_truck,3
train,00037335.jpg,pickup_truck,2
train,00048421.jpg,car,3
train,00051583.jpg,articulated_truck,3
train,00050219.jpg,car,1
train,00060043.jpg,pickup_truck,2
train,00110584.jpg,car,5
train,00059098.jpg,car,2
train,00030904.jpg,car,3
train,00082955.jpg,car,3
train,00105362.jpg,pickup_truck,2
train,00078848.jpg,motorized_vehicle,2
train,00000386.jpg,car,3
train,00058050.jpg,car,7
train,00103518.jpg,car,9
train,00083612.jpg,single_unit_truck,2
train,00013591.jpg,pickup_truck,1
train,00100737.jpg,motorcycle,1
train,00105257.jpg,car,1
train,00067161.jpg,car,1
train,00045178.jpg,car,3
train,00100198.jpg,car,1
train,00011550.jpg,car,1
train,00083551.jpg,car,1
train,00073510.jpg,car,2
train,00026615.jpg,car,12
train,00092091.jpg,pedestrian,6
train,00023461.jpg,car,4
train,00080358.jpg,car,1
train,00009653.jpg,bus,2
train,00040239.jpg,pickup_truck,5
train,00063029.jpg,work_van,1
train,00071385.jpg,car,2
train,00109937.jpg,car,19
train,00097626.jpg,car,2
train,00079246.jpg,car,1
train,00031862.jpg,pedestrian,3
train,00078887.jpg,car,1
train,00014599.jpg,pickup_truck,1
train,00056926.jpg,car,3
train,00038630.jpg,car,5
train,00015024.jpg,car,6
train,00044505.jpg,car,9
train,00012932.jpg,car,6
train,00002647.jpg,motorized_vehicle,2
train,00064475.jpg,articulated_truck,1
train,00067328.jpg,car,2
train,00041286.jpg,car,3
train,00000544.jpg,car,2
train,00060154.jpg,car,3
train,00065647.jpg,car,5
train,00027159.jpg,car,2
train,00059124.jpg,car,3
train,00102382.jpg,car,3
train,00010653.jpg,car,3
train,00017597.jpg,car,4
train,00104687.jpg,car,14
train,00005067.jpg,car,3
train,00018306.jpg,car,1
train,00074004.jpg,car,2
train,00073345.jpg,single_unit_truck,2
train,00005156.jpg,car,2
train,00055755.jpg,car,1
train,00107571.jpg,car,1
train,00104698.jpg,car,5
train,00051595.jpg,car,3
train,00069388.jpg,car,1
train,00023373.jpg,car,2
train,00071784.jpg,car,3
train,00072558.jpg,car,5
train,00006907.jpg,car,7
train,00024852.jpg,car,3
train,00034853.jpg,articulated_truck,3
train,00099983.jpg,pedestrian,3
train,00043188.jpg,car,4
train,00096030.jpg,car,7
train,00094203.jpg,car,2
train,00033789.jpg,motorized_vehicle,4
train,00072755.jpg,car,1
train,00063122.jpg,articulated_truck,1
train,00062606.jpg,car,6
train,00028340.jpg,car,3
train,00088457.jpg,pickup_truck,1
train,00028789.jpg,pickup_truck,3
train,00068249.jpg,car,4
train,00072439.jpg,articulated_truck,1
train,00010279.jpg,car,3
train,00090979.jpg,motorized_vehicle,2
train,00045149.jpg,car,2
train,00074236.jpg,car,1
train,00037344.jpg,car,1
train,00024931.jpg,car,7
train,00106470.jpg,car,8
train,00057997.jpg,car,1
train,00091621.jpg,pickup_truck,1
train,00039743.jpg,articulated_truck,3
train,00038860.jpg,car,3
train,00061218.jpg,motorized_vehicle,6
train,00016251.jpg,car,2
train,00053057.jpg,motorized_vehicle,3
train,00101793.jpg,pickup_truck,1
train,00056768.jpg,car,4
train,00054969.jpg,motorcycle,3
train,00006113.jpg,car,5
train,00083395.jpg,pickup_truck,2
train,00020041.jpg,car,1
train,00010832.jpg,car,3
train,00105221.jpg,car,29
train,00006336.jpg,pickup_truck,2
train,00035186.jpg,car,3
train,00024044.jpg,car,4
train,00054747.jpg,car,1
train,00095907.jpg,pickup_truck,4
train,00061520.jpg,pickup_truck,1
train,00020658.jpg,car,2
train,00084853.jpg,bus,2
train,00094273.jpg,car,4
train,00023204.jpg,pickup_truck,1
train,00029210.jpg,car,2
train,00094308.jpg,motorized_vehicle,1
train,00021568.jpg,car,1
train,00022415.jpg,pickup_truck,1
train,00002527.jpg,car,2
train,00058908.jpg,car,7
train,00069648.jpg,pickup_truck,1
train,00040174.jpg,pickup_truck,2
train,00004570.jpg,pickup_truck,1
train,00026415.jpg,car,6
train,00011104.jpg,car,2
train,00093995.jpg,car,2
train,00088444.jpg,car,3
train,00063592.jpg,car,2
train,00014118.jpg,pickup_truck,8
train,00046785.jpg,pickup_truck,1
train,00070361.jpg,car,21
train,00104483.jpg,car,4
train,00054748.jpg,articulated_truck,1
train,00027244.jpg,car,2
train,00086008.jpg,bus,2
train,00042979.jpg,car,4
train,00084714.jpg,bus,1
train,00034917.jpg,car,3
train,00025901.jpg,pickup_truck,6
train,00036030.jpg,car,2
train,00105577.jpg,car,2
train,00106978.jpg,car,4
train,00024255.jpg,pedestrian,3
train,00057199.jpg,car,24
train,00061462.jpg,work_van,2
train,00087447.jpg,car,1
train,00022722.jpg,motorized_vehicle,1
train,00020465.jpg,car,2
train,00101426.jpg,motorized_vehicle,2
train,00045788.jpg,motorized_vehicle,3
train,00040362.jpg,pickup_truck,4
train,00025638.jpg,pickup_truck,6
train,00088675.jpg,car,2
train,00041478.jpg,car,5
train,00079228.jpg,car,2
train,00028066.jpg,car,3
train,00072730.jpg,car,7
train,00015096.jpg,car,2
train,00015764.jpg,car,5
train,00089727.jpg,pickup_truck,6
train,00054340.jpg,car,3
train,00015202.jpg,car,7
train,00053162.jpg,car,1
train,00041703.jpg,pedestrian,6
train,00042594.jpg,car,1
train,00009060.jpg,motorcycle,2
train,00067991.jpg,car,2
train,00049352.jpg,car,9
train,00089514.jpg,pickup_truck,1
train,00038677.jpg,car,5
train,00108670.jpg,car,5
train,00040547.jpg,car,4
train,00082319.jpg,car,7
train,00108647.jpg,car,7
train,00092205.jpg,car,2
train,00110430.jpg,car,5
train,00095269.jpg,car,1
train,00026810.jpg,car,2
train,00059179.jpg,car,6
train,00073741.jpg,bus,1
train,00049414.jpg,car,1
train,00013474.jpg,car,1
train,00089365.jpg,motorized_vehicle,1
train,00088820.jpg,car,1
train,00020085.jpg,motorized_vehicle,1
train,00089879.jpg,pickup_truck,1
train,00032276.jpg,car,7
train,00104477.jpg,car,3
train,00096688.jpg,articulated_truck,1
train,00034581.jpg,car,2
train,00016216.jpg,pickup_truck,1
train,00007782.jpg,car,4
train,00010532.jpg,car,4
train,00023549.jpg,car,1
train,00029006.jpg,car,3
train,00029273.jpg,car,3
train,00087163.jpg,motorized_vehicle,3
train,00048651.jpg,pickup_truck,3
train,00072269.jpg,pickup_truck,1
train,00041569.jpg,pedestrian,2
train,00088366.jpg,car,1
train,00011627.jpg,pickup_truck,2
train,00035541.jpg,car,3
train,00051890.jpg,non_motorized_vehicle,3
train,00006397.jpg,car,1
train,00053772.jpg,car,9
train,00019114.jpg,bus,2
train,00106460.jpg,car,8
train,00070070.jpg,car,2
train,00058977.jpg,car,1
train,00039595.jpg,motorized_vehicle,6
train,00092236.jpg,car,1
train,00099945.jpg,car,3
train,00081129.jpg,motorized_vehicle,1
train,00009567.jpg,car,2
train,00046261.jpg,pickup_truck,1
train,00029446.jpg,car,7
train,00012885.jpg,pickup_truck,1
train,00004268.jpg,car,11
train,00091920.jpg,car,2
train,00004521.jpg,car,2
train,00073109.jpg,car,2
train,00011086.jpg,car,1
train,00105505.jpg,car,4
train,00034189.jpg,motorized_vehicle,1
train,00031017.jpg,car,1
train,00102828.jpg,car,2
train,00077999.jpg,car,5
train,00046302.jpg,motorized_vehicle,3
train,00063860.jpg,car,1
train,00061148.jpg,car,9
train,00039229.jpg,motorized_vehicle,3
train,00109166.jpg,car,7
train,00095388.jpg,car,1
train,00040099.jpg,car,2
train,00061998.jpg,car,1
train,00077023.jpg,car,1
train,00045400.jpg,car,3
train,00040425.jpg,pedestrian,5
train,00042481.jpg,bus,3
train,00103385.jpg,pickup_truck,1
train,00027119.jpg,articulated_truck,1
train,00055050.jpg,car,1
train,00022010.jpg,car,16
train,00049032.jpg,car,1
train,00049265.jpg,car,2
train,00016702.jpg,car,3
train,00015406.jpg,car,1
train,00088711.jpg,single_unit_truck,3
train,00058002.jpg,car,5
train,00110485.jpg,car,1
train,00043754.jpg,car,3
train,00072245.jpg,car,9
train,00038853.jpg,bus,1
train,00009158.jpg,car,3
train,00068611.jpg,car,1
train,00103970.jpg,car,2
train,00092831.jpg,car,11
train,00009999.jpg,car,2
train,00068693.jpg,car,5
train,00010709.jpg,pickup_truck,1
train,00054653.jpg,work_van,1
train,00045266.jpg,car,4
train,00041361.jpg,car,1
train,00066858.jpg,car,19
train,00018185.jpg,bus,4
train,00013163.jpg,car,3
train,00071042.jpg,car,11
train,00018870.jpg,bicycle,5
train,00035905.jpg,pickup_truck,1
train,00051145.jpg,car,2
train,00028847.jpg,car,2
train,00013956.jpg,car,6
train,00039532.jpg,car,3
train,00084522.jpg,car,2
train,00031443.jpg,car,3
train,00033402.jpg,car,1
train,00058774.jpg,car,1
train,00092807.jpg,car,1
train,00072048.jpg,car,1
train,00029899.jpg,bus,2
train,00103520.jpg,car,3
train,00056503.jpg,car,3
train,00084277.jpg,work_van,2
train,00107271.jpg,car,1
train,00029939.jpg,car,4
train,00012780.jpg,bus,1
train,00063560.jpg,car,4
train,00013485.jpg,articulated_truck,1
train,00041019.jpg,bus,3
train,00106695.jpg,car,3
train,00077647.jpg,car,2
train,00096261.jpg,car,2
train,00078986.jpg,car,2
train,00061861.jpg,car,2
train,00104542.jpg,car,5
train,00104682.jpg,car,1
train,00006095.jpg,car,3
train,00038772.jpg,car,3
train,00011773.jpg,car,1
train,00019636.jpg,articulated_truck,1
train,00029921.jpg,car,5
train,00048620.jpg,car,2
train,00023132.jpg,car,3
train,00008794.jpg,car,10
train,00047180.jpg,car,4
train,00044187.jpg,car,3
train,00079104.jpg,car,2
train,00008699.jpg,car,3
train,00036993.jpg,car,2
train,00100644.jpg,car,3
train,00050674.jpg,car,1
train,00042897.jpg,articulated_truck,3
train,00082474.jpg,car,6
train,00038504.jpg,car,1
train,00069884.jpg,car,2
train,00086069.jpg,pickup_truck,1
train,00046452.jpg,car,2
train,00027758.jpg,car,4
train,00073747.jpg,car,2
train,00013463.jpg,car,3
train,00082300.jpg,pickup_truck,1
train,00078729.jpg,bus,1
train,00089910.jpg,car,1
train,00101658.jpg,car,4
train,00096551.jpg,car,4
train,00077131.jpg,bus,2
train,00057452.jpg,pickup_truck,3
train,00053919.jpg,car,4
train,00028026.jpg,car,4
train,00099926.jpg,car,2
train,00013276.jpg,car,4
train,00006390.jpg,car,5
train,00071115.jpg,articulated_truck,1
train,00041585.jpg,pickup_truck,1
train,00095253.jpg,pickup_truck,6
train,00043088.jpg,car,3
train,00033154.jpg,pickup_truck,1
train,00058460.jpg,single_unit_truck,3
train,00026213.jpg,car,2
train,00062406.jpg,car,1
train,00082431.jpg,car,4
train,00081419.jpg,car,2
train,00069785.jpg,bus,1
train,00001173.jpg,car,2
train,00072513.jpg,car,4
train,00007326.jpg,pickup_truck,1
train,00109840.jpg,car,9
train,00059700.jpg,car,1
train,00032756.jpg,car,1
train,00021183.jpg,car,2
train,00094384.jpg,car,6
train,00001870.jpg,car,2
train,00066671.jpg,motorized_vehicle,2
train,00011074.jpg,car,3
train,00102413.jpg,motorized_vehicle,2
train,00015921.jpg,pickup_truck,1
train,00080512.jpg,car,3
train,00064544.jpg,car,3
train,00011363.jpg,car,2
train,00084349.jpg,car,1
train,00035971.jpg,car,7
train,00010202.jpg,car,10
train,00018064.jpg,articulated_truck,1
train,00089247.jpg,articulated_truck,1
train,00037863.jpg,car,2
train,00108578.jpg,car,1
train,00089280.jpg,pedestrian,9
train,00099897.jpg,pickup_truck,1
train,00102302.jpg,car,1
train,00033742.jpg,car,3
train,00044089.jpg,car,4
train,00014519.jpg,pickup_truck,3
train,00033519.jpg,pickup_truck,1
train,00072494.jpg,car,1
train,00002399.jpg,car,1
train,00088629.jpg,car,1
train,00060595.jpg,pickup_truck,3
train,00034210.jpg,car,2
train,00107043.jpg,car,1
train,00092611.jpg,car,3
train,00092242.jpg,car,1
train,00029162.jpg,car,1
train,00069943.jpg,car,2
train,00008195.jpg,bus,2
train,00075437.jpg,car,2
train,00036176.jpg,car,3
train,00011177.jpg,car,2
train,00099487.jpg,articulated_truck,1
train,00016072.jpg,car,8
train,00002846.jpg,car,1
train,00096754.jpg,car,2
train,00050714.jpg,car,4
train,00067516.jpg,car,4
train,00024645.jpg,car,2
train,00025235.jpg,car,5
train,00067162.jpg,car,3
train,00016243.jpg,car,4
train,00071967.jpg,car,8
train,00077890.jpg,car,3
train,00033542.jpg,pickup_truck,2
train,00038108.jpg,car,1
train,00030254.jpg,motorized_vehicle,4
train,00102564.jpg,car,2
train,00002968.jpg,car,4
train,00103132.jpg,car,4
train,00017405.jpg,car,5
train,00063337.jpg,single_unit_truck,3
train,00044595.jpg,car,3
train,00058529.jpg,car,2
train,00090853.jpg,car,5
train,00003440.jpg,car,3
train,00012970.jpg,car,4
train,00042662.jpg,pickup_truck,2
train,00063715.jpg,car,7
train,00078815.jpg,car,2
train,00041991.jpg,bicycle,1
train,00045466.jpg,car,5
train,00024751.jpg,car,1
train,00013118.jpg,car,2
train,00027782.jpg,car,2
train,00026834.jpg,car,2
train,00109171.jpg,car,5
train,00106795.jpg,pickup_truck,1
train,00065289.jpg,car,3
train,00032453.jpg,car,5
train,00009547.jpg,motorcycle,1
train,00030262.jpg,car,5
train,00059676.jpg,car,6
train,00077073.jpg,articulated_truck,4
train,00021623.jpg,car,2
train,00078141.jpg,car,1
train,00036180.jpg,articulated_truck,1
train,00021560.jpg,car,1
train,00073383.jpg,car,1
train,00080920.jpg,motorized_vehicle,2
train,00084165.jpg,pickup_truck,2
train,00054544.jpg,car,10
train,00035047.jpg,pickup_truck,7
train,00044025.jpg,car,6
train,00013788.jpg,car,4
train,00018773.jpg,car,1
train,00107520.jpg,car,2
train,00034462.jpg,car,1
train,00074693.jpg,car,2
train,00082460.jpg,car,16
train,00067927.jpg,car,1
train,00050646.jpg,pickup_truck,3
train,00026461.jpg,pickup_truck,2
train,00084077.jpg,motorized_vehicle,3
train,00037045.jpg,car,2
train,00005052.jpg,pickup_truck,8
train,00011690.jpg,car,3
train,00012873.jpg,car,4
train,00044275.jpg,car,3
train,00039936.jpg,car,1
train,00089812.jpg,car,1
train,00097256.jpg,pickup_truck,1
train,00083583.jpg,car,5
train,00087428.jpg,car,2
train,00109040.jpg,bus,1
train,00104036.jpg,car,4
train,00055515.jpg,car,1
train,00025063.jpg,car,7
train,00088357.jpg,car,6
train,00018320.jpg,car,3
train,00058385.jpg,motorized_vehicle,3
train,00000076.jpg,car,2
train,00077551.jpg,car,1
train,00104561.jpg,single_unit_truck,1
train,00053109.jpg,single_unit_truck,1
train,00094363.jpg,car,4
train,00102498.jpg,car,1
train,00073533.jpg,car,5
train,00091640.jpg,car,1
train,00108389.jpg,car,1
train,00001037.jpg,pickup_truck,2
train,00013720.jpg,work_van,3
train,00098297.jpg,pickup_truck,1
train,00037557.jpg,car,2
train,00096886.jpg,car,3
train,00105440.jpg,motorized_vehicle,5
train,00102980.jpg,car,1
train,00053962.jpg,car,1
train,00064985.jpg,articulated_truck,1
train,00012446.jpg,motorized_vehicle,4
train,00054977.jpg,bus,2
train,00052154.jpg,work_van,2
train,00010898.jpg,pickup_truck,2
train,00038749.jpg,pickup_truck,4
train,00076148.jpg,car,1
train,00005519.jpg,car,2
train,00068749.jpg,car,1
train,00079924.jpg,car,12
train,00011094.jpg,car,3
train,00059011.jpg,car,7
train,00049497.jpg,car,2
train,00065545.jpg,car,1
train,00108015.jpg,car,1
train,00089163.jpg,car,2
train,00042976.jpg,car,1
train,00076721.jpg,car,2
train,00010355.jpg,car,3
train,00079514.jpg,articulated_truck,4
train,00101373.jpg,car,1
train,00035068.jpg,pickup_truck,2
train,00027574.jpg,car,3
train,00049091.jpg,car,1
train,00012471.jpg,car,1
train,00073899.jpg,pickup_truck,2
train,00095013.jpg,car,1
train,00043400.jpg,motorcycle,1
train,00007069.jpg,pickup_truck,1
train,00077134.jpg,car,3
train,00085229.jpg,car,2
train,00092882.jpg,car,2
train,00047130.jpg,car,3
train,00076341.jpg,car,2
train,00027337.jpg,car,3
train,00059715.jpg,pickup_truck,4
train,00051977.jpg,car,4
train,00017645.jpg,car,4
train,00072474.jpg,car,3
train,00073265.jpg,car,1
train,00000232.jpg,car,6
train,00014944.jpg,car,10
train,00053290.jpg,car,2
train,00031375.jpg,car,4
train,00036679.jpg,articulated_truck,2
train,00036219.jpg,car,14
train,00097188.jpg,motorized_vehicle,3
train,00026237.jpg,articulated_truck,3
train,00108409.jpg,articulated_truck,1
train,00010840.jpg,pickup_truck,1
train,00047847.jpg,car,1
train,00066593.jpg,car,2
train,00009049.jpg,pickup_truck,4
train,00040289.jpg,bus,2
train,00004165.jpg,car,8
train,00067269.jpg,work_van,3
train,00031774.jpg,car,2
train,00014188.jpg,car,1
train,00066679.jpg,pickup_truck,1
train,00043542.jpg,work_van,1
train,00034766.jpg,car,2
train,00095539.jpg,car,1
train,00080268.jpg,pickup_truck,3
train,00070678.jpg,car,1
train,00016925.jpg,car,1
train,00096520.jpg,car,1
train,00033555.jpg,car,1
train,00088965.jpg,pickup_truck,2
train,00024898.jpg,car,3
train,00066656.jpg,car,2
train,00062782.jpg,bus,1
train,00023252.jpg,car,1
train,00097917.jpg,pickup_truck,3
train,00035444.jpg,car,1
train,00105992.jpg,car,2
train,00073677.jpg,car,3
train,00002191.jpg,bus,1
train,00038798.jpg,car,1
train,00033603.jpg,car,4
train,00027155.jpg,articulated_truck,1
train,00053485.jpg,pickup_truck,2
train,00049757.jpg,car,3
train,00058435.jpg,pickup_truck,1
train,00021240.jpg,car,4
train,00106434.jpg,car,13
train,00065710.jpg,car,1
train,00095458.jpg,car,1
train,00096746.jpg,car,3
train,00029648.jpg,car,2
train,00076845.jpg,car,7
train,00061132.jpg,car,1
train,00031534.jpg,car,3
train,00046831.jpg,car,1
train,00049038.jpg,car,3
train,00022938.jpg,car,1
train,00106216.jpg,pickup_truck,5
train,00035352.jpg,car,1
train,00044084.jpg,pickup_truck,4
train,00036240.jpg,pickup_truck,2
train,00009896.jpg,car,4
train,00057926.jpg,work_van,1
train,00098255.jpg,motorized_vehicle,3
train,00006343.jpg,car,3
train,00023590.jpg,pickup_truck,1
train,00042813.jpg,car,6
train,00077353.jpg,car,8
train,00059943.jpg,bus,1
train,00032470.jpg,motorized_vehicle,1
train,00012306.jpg,pickup_truck,3
train,00015684.jpg,car,9
train,00034990.jpg,pickup_truck,1
train,00032601.jpg,car,2
train,00024451.jpg,car,2
train,00096159.jpg,pickup_truck,2
train,00059784.jpg,car,4
train,00109828.jpg,car,1
train,00028618.jpg,pickup_truck,2
train,00102569.jpg,car,6
train,00076425.jpg,single_unit_truck,1
train,00089001.jpg,car,1
train,00009413.jpg,car,1
train,00060285.jpg,car,4
train,00074478.jpg,car,2
train,00091245.jpg,car,3
train,00041338.jpg,car,18
train,00058674.jpg,car,1
train,00068632.jpg,pickup_truck,1
train,00045330.jpg,car,1
train,00069024.jpg,articulated_truck,1
train,00081974.jpg,bus,1
train,00050456.jpg,car,3
train,00075168.jpg,car,1
train,00100702.jpg,car,1
train,00085009.jpg,car,1
train,00062183.jpg,car,2
train,00054780.jpg,car,1
train,00014910.jpg,car,6
train,00039457.jpg,motorized_vehicle,23
train,00004680.jpg,car,3
train,00086026.jpg,articulated_truck,1
train,00048064.jpg,car,13
train,00025300.jpg,car,2
train,00108532.jpg,car,2
train,00085538.jpg,bicycle,1
train,00078307.jpg,car,2
train,00090592.jpg,pickup_truck,2
train,00012908.jpg,non_motorized_vehicle,3
train,00016049.jpg,car,16
train,00058951.jpg,car,2
train,00042330.jpg,car,1
train,00050392.jpg,car,2
train,00006572.jpg,pickup_truck,2
train,00044935.jpg,car,5
train,00104519.jpg,car,3
train,00045328.jpg,car,2
train,00011718.jpg,car,2
train,00025317.jpg,car,3
train,00040295.jpg,car,3
train,00072292.jpg,work_van,1
train,00007567.jpg,car,1
train,00080945.jpg,non_motorized_vehicle,2
train,00100471.jpg,car,1
train,00085856.jpg,car,7
train,00005288.jpg,car,2
train,00049794.jpg,car,1
train,00044545.jpg,motorized_vehicle,1
train,00055316.jpg,car,1
train,00010842.jpg,pickup_truck,2
train,00055097.jpg,pedestrian,3
train,00041917.jpg,car,1
train,00010309.jpg,car,2
train,00104134.jpg,car,3
train,00067562.jpg,car,5
train,00054410.jpg,car,3
train,00065138.jpg,car,3
train,00007995.jpg,car,4
train,00084398.jpg,car,5
train,00029512.jpg,work_van,3
train,00080651.jpg,car,1
train,00000591.jpg,pickup_truck,1
train,00092724.jpg,car,10
train,00070559.jpg,bus,1
train,00033552.jpg,motorized_vehicle,1
train,00050936.jpg,car,4
train,00015843.jpg,car,1
train,00064662.jpg,bus,1
train,00041772.jpg,car,25
train,00085005.jpg,car,2
train,00076604.jpg,single_unit_truck,2
train,00043208.jpg,car,4
train,00039576.jpg,pickup_truck,1
train,00087379.jpg,car,1
train,00016780.jpg,pedestrian,3
train,00097880.jpg,pickup_truck,5
train,00098916.jpg,car,5
train,00064491.jpg,non_motorized_vehicle,2
train,00021026.jpg,car,5
train,00027366.jpg,car,2
train,00005709.jpg,car,4
train,00069028.jpg,pickup_truck,1
train,00061643.jpg,car,1
train,00038493.jpg,pickup_truck,1
train,00055743.jpg,car,3
train,00040157.jpg,car,11
train,00043883.jpg,car,6
train,00091285.jpg,bus,1
train,00085375.jpg,pickup_truck,2
train,00076269.jpg,car,1
train,00077695.jpg,car,4
train,00103652.jpg,pickup_truck,2
train,00091985.jpg,car,5
train,00104072.jpg,pickup_truck,1
train,00027956.jpg,car,4
train,00033172.jpg,car,4
train,00050268.jpg,car,1
train,00068899.jpg,single_unit_truck,1
train,00065480.jpg,car,4
train,00109710.jpg,pickup_truck,2
train,00002161.jpg,pickup_truck,1
train,00037130.jpg,pickup_truck,1
train,00092768.jpg,car,5
train,00021192.jpg,car,2
train,00073105.jpg,car,7
train,00027161.jpg,work_van,1
train,00079726.jpg,car,1
train,00051052.jpg,pickup_truck,1
train,00058616.jpg,car,10
train,00099385.jpg,car,1
train,00052047.jpg,non_motorized_vehicle,2
train,00017869.jpg,car,11
train,00068068.jpg,car,21
train,00085934.jpg,car,3
train,00028223.jpg,car,8
train,00059545.jpg,car,3
train,00009443.jpg,car,2
train,00055762.jpg,pickup_truck,3
train,00035401.jpg,pickup_truck,5
train,00012414.jpg,pickup_truck,1
train,00033229.jpg,car,2
train,00077410.jpg,motorized_vehicle,1
train,00108606.jpg,car,4
train,00057082.jpg,bus,1
train,00104522.jpg,car,5
train,00008147.jpg,pickup_truck,3
train,00024269.jpg,car,14
train,00051271.jpg,car,1
train,00064269.jpg,car,4
train,00081546.jpg,car,2
train,00026781.jpg,bus,1
train,00078424.jpg,car,5
train,00065827.jpg,car,3
train,00082187.jpg,car,2
train,00067420.jpg,car,2
train,00061945.jpg,car,2
train,00099349.jpg,car,3
train,00097629.jpg,car,2
train,00047995.jpg,car,2
train,00000156.jpg,car,1
train,00078425.jpg,car,1
train,00019339.jpg,pickup_truck,1
train,00020892.jpg,car,15
train,00045456.jpg,bus,2
train,00047887.jpg,car,1
train,00070264.jpg,car,1
train,00058997.jpg,car,3
train,00107577.jpg,car,3
train,00043590.jpg,work_van,3
train,00009214.jpg,car,3
train,00109682.jpg,motorized_vehicle,5
train,00068515.jpg,car,3
train,00043770.jpg,car,8
train,00003865.jpg,car,6
train,00019267.jpg,pickup_truck,6
train,00060353.jpg,car,3
train,00006706.jpg,pickup_truck,4
train,00108687.jpg,car,4
train,00039854.jpg,car,3
train,00048176.jpg,motorized_vehicle,2
train,00077641.jpg,single_unit_truck,2
train,00005760.jpg,car,1
train,00059894.jpg,pickup_truck,4
train,00041887.jpg,car,3
train,00054485.jpg,pickup_truck,1
train,00053730.jpg,car,1
train,00015802.jpg,car,2
train,00001655.jpg,car,3
train,00015072.jpg,car,1
train,00008740.jpg,car,2
train,00049936.jpg,car,2
train,00040749.jpg,car,3
train,00061155.jpg,car,1
train,00077658.jpg,bicycle,3
train,00049911.jpg,car,6
train,00043688.jpg,car,6
train,00072930.jpg,car,4
train,00093158.jpg,car,12
train,00082623.jpg,car,1
train,00063062.jpg,car,5
train,00056239.jpg,car,6
train,00019562.jpg,car,8
train,00014004.jpg,car,2
train,00093593.jpg,car,2
train,00094324.jpg,bus,1
train,00061270.jpg,car,3
train,00080700.jpg,car,1
train,00107229.jpg,car,5
train,00110409.jpg,car,1
train,00035665.jpg,car,1
train,00029043.jpg,car,1
train,00048125.jpg,pickup_truck,8
train,00021130.jpg,car,6
train,00098065.jpg,motorized_vehicle,4
train,00057215.jpg,car,1
train,00000562.jpg,car,3
train,00107174.jpg,pickup_truck,6
train,00030095.jpg,car,7
train,00043143.jpg,pickup_truck,2
train,00009336.jpg,car,2
train,00049619.jpg,car,2
train,00108684.jpg,work_van,1
train,00020733.jpg,pickup_truck,1
train,00044654.jpg,car,2
train,00006718.jpg,car,3
train,00078573.jpg,car,1
train,00004315.jpg,pickup_truck,1
train,00088570.jpg,car,2
train,00106438.jpg,car,2
train,00013687.jpg,car,1
train,00018410.jpg,work_van,1
train,00017866.jpg,car,1
train,00081820.jpg,pickup_truck,3
train,00085754.jpg,car,2
train,00059817.jpg,car,15
train,00032167.jpg,car,2
train,00016213.jpg,car,4
train,00054016.jpg,car,1
train,00004707.jpg,car,1
train,00072152.jpg,bus,1
train,00003829.jpg,car,2
train,00006215.jpg,car,6
train,00094202.jpg,car,1
train,00064669.jpg,bus,3
train,00022529.jpg,pickup_truck,1
train,00104991.jpg,car,2
train,00082164.jpg,car,2
train,00069933.jpg,car,12
train,00039827.jpg,car,4
train,00018787.jpg,car,4
train,00091382.jpg,pickup_truck,1
train,00024182.jpg,bus,1
train,00095858.jpg,pickup_truck,5
train,00009665.jpg,car,7
train,00033753.jpg,car,1
train,00056044.jpg,car,3
train,00039234.jpg,motorized_vehicle,5
train,00070725.jpg,car,3
train,00036164.jpg,articulated_truck,1
train,00076303.jpg,car,1
train,00060036.jpg,pickup_truck,5
train,00009406.jpg,car,3
train,00004532.jpg,car,5
train,00009266.jpg,car,4
train,00002353.jpg,bus,2
train,00067209.jpg,pickup_truck,2
train,00106171.jpg,car,3
train,00010611.jpg,car,16
train,00033912.jpg,car,5
train,00018840.jpg,car,3
train,00092959.jpg,car,5
train,00065095.jpg,car,8
train,00097546.jpg,car,1
train,00045348.jpg,pickup_truck,1
train,00011031.jpg,car,3
train,00034770.jpg,car,1
train,00095505.jpg,car,6
train,00016389.jpg,car,3
train,00062464.jpg,car,1
train,00026449.jpg,car,6
train,00065148.jpg,car,3
train,00082466.jpg,car,6
train,00006587.jpg,car,3
train,00095616.jpg,car,1
train,00039994.jpg,car,8
train,00066420.jpg,car,7
train,00072524.jpg,car,2
train,00030825.jpg,pickup_truck,1
train,00055317.jpg,car,7
train,00036446.jpg,bus,3
train,00017048.jpg,car,5
train,00063948.jpg,car,2
train,00014250.jpg,car,1
train,00073223.jpg,car,1
train,00092266.jpg,car,5
train,00054761.jpg,car,3
train,00005193.jpg,car,4
train,00052835.jpg,single_unit_truck,2
train,00104092.jpg,pickup_truck,3
train,00000103.jpg,bus,1
train,00034628.jpg,bus,2
train,00073309.jpg,bus,1
train,00078045.jpg,pickup_truck,2
train,00108505.jpg,articulated_truck,1
train,00070363.jpg,car,2
train,00023194.jpg,car,19
train,00051365.jpg,car,2
train,00010130.jpg,car,2
train,00002705.jpg,car,4
train,00018327.jpg,car,2
train,00066841.jpg,car,3
train,00095808.jpg,car,3
train,00000788.jpg,car,1
train,00107982.jpg,car,1
train,00016415.jpg,pickup_truck,1
train,00059657.jpg,car,4
train,00100278.jpg,car,3
train,00095905.jpg,bus,1
train,00056713.jpg,car,1
train,00061703.jpg,car,2
train,00104688.jpg,car,5
train,00073541.jpg,car,6
train,00007147.jpg,pedestrian,6
train,00041759.jpg,car,3
train,00103477.jpg,car,5
train,00108122.jpg,car,6
train,00073045.jpg,car,4
train,00092163.jpg,car,4
train,00061191.jpg,motorized_vehicle,2
train,00033216.jpg,pickup_truck,1
train,00008178.jpg,car,5
train,00003512.jpg,pickup_truck,7
train,00017529.jpg,motorized_vehicle,2
train,00009712.jpg,articulated_truck,2
train,00092420.jpg,car,4
train,00010516.jpg,car,3
train,00016483.jpg,motorcycle,1
train,00069546.jpg,pickup_truck,2
train,00018837.jpg,car,2
train,00080044.jpg,car,3
train,00053202.jpg,pedestrian,3
train,00063298.jpg,bus,2
train,00054439.jpg,car,3
train,00090822.jpg,car,1
train,00030833.jpg,pickup_truck,3
train,00057156.jpg,car,1
train,00021944.jpg,car,10
train,00107358.jpg,articulated_truck,4
train,00071763.jpg,pickup_truck,1
train,00068983.jpg,motorized_vehicle,2
train,00046854.jpg,car,1
train,00034037.jpg,car,4
train,00012480.jpg,car,1
train,00063979.jpg,car,1
train,00072039.jpg,car,4
train,00079311.jpg,pickup_truck,4
train,00068127.jpg,car,1
train,00075405.jpg,articulated_truck,1
train,00017088.jpg,car,2
train,00040428.jpg,articulated_truck,1
train,00088685.jpg,car,2
train,00085990.jpg,car,1
train,00109161.jpg,car,1
train,00077847.jpg,car,4
train,00022937.jpg,car,2
train,00068542.jpg,pickup_truck,2
train,00085121.jpg,car,4
train,00010343.jpg,pedestrian,4
train,00083417.jpg,car,6
train,00006681.jpg,car,1
train,00035109.jpg,car,3
train,00004752.jpg,car,4
train,00087132.jpg,car,2
train,00054523.jpg,pickup_truck,1
train,00068295.jpg,car,2
train,00031839.jpg,car,2
train,00052380.jpg,pedestrian,4
train,00072242.jpg,pickup_truck,2
train,00015794.jpg,car,4
train,00029087.jpg,car,2
train,00031222.jpg,pickup_truck,2
train,00038724.jpg,single_unit_truck,2
train,00067426.jpg,car,7
train,00022327.jpg,car,10
train,00071585.jpg,motorized_vehicle,4
train,00063687.jpg,pickup_truck,1
train,00058823.jpg,car,3
train,00041490.jpg,car,1
train,00065782.jpg,car,12
train,00081030.jpg,bus,1
train,00101275.jpg,car,5
train,00071648.jpg,car,2
train,00057143.jpg,car,3
train,00035865.jpg,articulated_truck,2
train,00037878.jpg,car,3
train,00057115.jpg,car,2
train,00024886.jpg,car,3
train,00061838.jpg,car,1
train,00083704.jpg,car,4
train,00089899.jpg,car,4
train,00004705.jpg,pickup_truck,5
train,00108178.jpg,car,10
train,00103452.jpg,car,4
train,00070960.jpg,car,1
train,00057091.jpg,car,2
train,00099887.jpg,car,1
train,00055191.jpg,car,5
train,00094898.jpg,car,4
train,00001845.jpg,articulated_truck,2
train,00017769.jpg,car,2
train,00067532.jpg,car,5
train,00035723.jpg,car,2
train,00103956.jpg,pickup_truck,1
train,00058462.jpg,pickup_truck,2
train,00059891.jpg,car,2
train,00006194.jpg,car,3
train,00064620.jpg,car,2
train,00080439.jpg,car,2
train,00008725.jpg,car,1
train,00056604.jpg,car,2
train,00108693.jpg,car,3
train,00054948.jpg,work_van,1
train,00048084.jpg,motorcycle,1
train,00044718.jpg,car,1
train,00090640.jpg,pedestrian,2
train,00083572.jpg,articulated_truck,3
train,00012400.jpg,car,1
train,00081407.jpg,pickup_truck,2
train,00075812.jpg,pickup_truck,6
train,00039037.jpg,motorized_vehicle,7
train,00044309.jpg,motorized_vehicle,2
train,00104821.jpg,car,2
train,00075146.jpg,car,3
train,00044392.jpg,car,2
train,00020568.jpg,car,5
train,00100045.jpg,car,1
train,00036807.jpg,car,4
train,00063351.jpg,pickup_truck,1
train,00074635.jpg,car,1
train,00068172.jpg,pickup_truck,3
train,00009176.jpg,car,6
train,00004759.jpg,car,3
train,00084636.jpg,car,4
train,00083715.jpg,car,7
train,00077580.jpg,car,1
train,00103302.jpg,car,2
train,00028497.jpg,pickup_truck,2
train,00035221.jpg,car,3
train,00047362.jpg,single_unit_truck,4
train,00074080.jpg,car,1
train,00054414.jpg,pickup_truck,6
train,00066750.jpg,car,4
train,00107997.jpg,car,2
train,00004032.jpg,car,18
train,00020670.jpg,pickup_truck,2
train,00007063.jpg,car,3
train,00085974.jpg,car,3
train,00025263.jpg,car,5
train,00093831.jpg,car,9
train,00068042.jpg,car,2
train,00058073.jpg,car,2
train,00017225.jpg,car,2
train,00107171.jpg,car,1
train,00025283.jpg,car,1
train,00053520.jpg,car,5
train,00005009.jpg,pickup_truck,5
train,00019315.jpg,car,3
train,00022152.jpg,car,4
train,00051138.jpg,car,2
train,00050049.jpg,pickup_truck,1
train,00011891.jpg,car,3
train,00108374.jpg,car,2
train,00092115.jpg,car,2
train,00071623.jpg,pickup_truck,15
train,00103089.jpg,car,1
train,00069737.jpg,work_van,1
train,00064705.jpg,car,9
train,00019375.jpg,car,4
train,00041541.jpg,car,2
train,00028917.jpg,pickup_truck,3
train,00066808.jpg,car,3
train,00025289.jpg,pedestrian,3
train,00021821.jpg,car,6
train,00083710.jpg,car,3
train,00086342.jpg,pedestrian,3
train,00010017.jpg,car,1
train,00098395.jpg,car,4
train,00039727.jpg,car,13
train,00098912.jpg,motorized_vehicle,1
train,00067259.jpg,motorized_vehicle,2
train,00092934.jpg,car,8
train,00045214.jpg,pickup_truck,1
train,00090607.jpg,car,3
train,00101995.jpg,car,3
train,00012820.jpg,car,1
train,00079363.jpg,car,1
train,00095669.jpg,car,2
train,00096361.jpg,car,4
train,00028976.jpg,work_van,1
train,00033020.jpg,car,1
train,00022287.jpg,single_unit_truck,2
train,00099310.jpg,car,7
train,00001552.jpg,car,4
train,00089316.jpg,car,3
train,00098273.jpg,bus,1
train,00042322.jpg,pickup_truck,1
train,00085315.jpg,car,21
train,00003120.jpg,pickup_truck,1
train,00015685.jpg,car,3
train,00073071.jpg,car,2
train,00051581.jpg,pickup_truck,1
train,00028762.jpg,pickup_truck,4
train,00082223.jpg,car,3
train,00029413.jpg,car,3
train,00077977.jpg,car,2
train,00006064.jpg,pickup_truck,2
train,00005783.jpg,car,2
train,00039224.jpg,car,3
train,00025804.jpg,car,9
train,00008306.jpg,car,3
train,00088597.jpg,car,5
train,00039514.jpg,pickup_truck,1
train,00104975.jpg,car,2
train,00021443.jpg,car,3
train,00063353.jpg,non_motorized_vehicle,3
train,00042782.jpg,car,2
train,00000989.jpg,car,4
train,00058065.jpg,car,2
train,00016448.jpg,car,1
train,00075241.jpg,bus,2
train,00107011.jpg,bus,2
train,00023659.jpg,car,4
train,00064473.jpg,car,4
train,00006632.jpg,car,2
train,00060623.jpg,car,2
train,00040462.jpg,bus,1
train,00037099.jpg,single_unit_truck,2
train,00041162.jpg,pickup_truck,1
train,00097054.jpg,car,1
train,00009631.jpg,car,4
train,00045483.jpg,car,2
train,00016002.jpg,car,6
train,00084937.jpg,bus,1
train,00055611.jpg,car,3
train,00070578.jpg,car,13
train,00095346.jpg,car,5
train,00022177.jpg,car,3
train,00045504.jpg,car,1
train,00036784.jpg,car,6
train,00034761.jpg,car,2
train,00013241.jpg,car,4
train,00030027.jpg,car,4
train,00044896.jpg,car,1
train,00097872.jpg,articulated_truck,1
train,00027371.jpg,car,6
train,00070306.jpg,pickup_truck,4
train,00052155.jpg,pickup_truck,1
train,00071499.jpg,car,4
train,00071747.jpg,pickup_truck,1
train,00093237.jpg,car,1
train,00052773.jpg,car,7
train,00069195.jpg,bus,2
train,00052517.jpg,car,13
train,00017004.jpg,car,1
train,00028191.jpg,car,1
train,00081785.jpg,car,2
train,00018319.jpg,car,15
train,00071678.jpg,bus,2
train,00041010.jpg,car,6
train,00036002.jpg,car,18
train,00010816.jpg,car,3
train,00032166.jpg,motorized_vehicle,3
train,00043609.jpg,car,1
train,00010550.jpg,car,6
train,00083212.jpg,car,2
train,00039628.jpg,car,3
train,00041006.jpg,pickup_truck,1
train,00092442.jpg,car,2
train,00044320.jpg,car,6
train,00077009.jpg,motorized_vehicle,1
train,00082644.jpg,work_van,3
train,00037548.jpg,car,2
train,00008083.jpg,motorized_vehicle,1
train,00078885.jpg,car,3
train,00087988.jpg,car,4
train,00034381.jpg,motorized_vehicle,4
train,00030661.jpg,car,2
train,00106068.jpg,car,11
train,00062867.jpg,bus,2
train,00036374.jpg,car,2
train,00028090.jpg,bus,1
train,00071994.jpg,car,1
train,00048691.jpg,pickup_truck,2
train,00104101.jpg,car,4
train,00097909.jpg,motorized_vehicle,5
train,00040860.jpg,car,7
train,00073457.jpg,motorized_vehicle,6
train,00006589.jpg,car,3
train,00016231.jpg,car,2
train,00042720.jpg,car,1
train,00033501.jpg,car,3
train,00020206.jpg,motorized_vehicle,1
train,00105176.jpg,pickup_truck,1
train,00082102.jpg,car,1
train,00106217.jpg,car,4
train,00047570.jpg,car,3
train,00024375.jpg,bus,1
train,00058336.jpg,car,9
train,00080026.jpg,car,1
train,00082631.jpg,car,10
train,00051821.jpg,car,2
train,00102188.jpg,pickup_truck,1
train,00009217.jpg,car,7
train,00013471.jpg,work_van,2
train,00040521.jpg,pickup_truck,1
train,00018501.jpg,pickup_truck,1
train,00021865.jpg,car,2
train,00109649.jpg,car,4
train,00018205.jpg,car,5
train,00081372.jpg,car,4
train,00087400.jpg,motorized_vehicle,6
train,00058651.jpg,car,3
train,00109154.jpg,pickup_truck,3
train,00014970.jpg,car,2
train,00003852.jpg,car,8
train,00074374.jpg,car,3
train,00007557.jpg,car,2
train,00081114.jpg,car,3
train,00086032.jpg,pickup_truck,2
train,00056964.jpg,car,1
train,00075390.jpg,car,2
train,00005105.jpg,car,2
train,00070397.jpg,bus,1
train,00000867.jpg,car,3
train,00082695.jpg,work_van,2
train,00036585.jpg,pickup_truck,2
train,00010268.jpg,car,4
train,00108740.jpg,car,1
train,00026575.jpg,car,1
train,00046303.jpg,car,6
train,00082341.jpg,car,5
train,00080546.jpg,car,1
train,00007415.jpg,articulated_truck,4
train,00005590.jpg,bicycle,1
train,00101726.jpg,car,2
train,00051297.jpg,motorized_vehicle,5
train,00023007.jpg,car,8
train,00022865.jpg,car,12
train,00003234.jpg,pickup_truck,2
train,00031955.jpg,pickup_truck,1
train,00075751.jpg,car,1
train,00094554.jpg,car,4
train,00070139.jpg,car,2
train,00075034.jpg,car,5
train,00043906.jpg,car,3
train,00028962.jpg,car,2
train,00092859.jpg,bus,1
train,00064098.jpg,car,5
train,00002487.jpg,car,3
train,00078048.jpg,articulated_truck,3
train,00042768.jpg,car,1
train,00051092.jpg,bus,1
train,00021715.jpg,car,6
train,00082097.jpg,car,1
train,00042510.jpg,pickup_truck,1
train,00089240.jpg,car,4
train,00038874.jpg,car,1
train,00062933.jpg,car,1
train,00009394.jpg,car,1
train,00034901.jpg,car,1
train,00046321.jpg,car,4
train,00022611.jpg,car,5
train,00015141.jpg,car,6
train,00025189.jpg,car,2
train,00083757.jpg,car,1
train,00019431.jpg,car,4
train,00010421.jpg,car,3
train,00051040.jpg,articulated_truck,1
train,00108221.jpg,car,5
train,00072728.jpg,pickup_truck,2
train,00047087.jpg,car,3
train,00039258.jpg,car,4
train,00002332.jpg,car,1
train,00021209.jpg,car,2
train,00014688.jpg,car,3
train,00024620.jpg,car,2
train,00038654.jpg,pickup_truck,1
train,00035585.jpg,car,3
train,00075294.jpg,car,2
train,00008855.jpg,car,1
train,00096944.jpg,car,4
train,00067453.jpg,car,1
train,00022068.jpg,pickup_truck,2
train,00094774.jpg,car,5
train,00035354.jpg,articulated_truck,3
train,00046802.jpg,car,2
train,00067302.jpg,work_van,1
train,00040104.jpg,car,5
train,00070543.jpg,car,4
train,00002531.jpg,pickup_truck,1
train,00042209.jpg,car,6
train,00034422.jpg,car,5
train,00018007.jpg,car,3
train,00049836.jpg,car,1
train,00100551.jpg,car,8
train,00080478.jpg,pickup_truck,3
train,00082099.jpg,car,5
train,00080586.jpg,car,3
train,00054429.jpg,car,1
train,00012642.jpg,car,5
train,00068910.jpg,car,2
train,00083169.jpg,car,2
train,00033848.jpg,car,2
train,00010741.jpg,car,2
train,00055695.jpg,car,3
train,00110138.jpg,car,1
train,00096328.jpg,motorized_vehicle,3
train,00021512.jpg,car,3
train,00031240.jpg,car,2
train,00000871.jpg,car,3
train,00014224.jpg,single_unit_truck,2
train,00050505.jpg,car,6
train,00014952.jpg,car,3
train,00090410.jpg,pickup_truck,2
train,00008437.jpg,car,3
train,00005037.jpg,pickup_truck,2
train,00028793.jpg,motorized_vehicle,6
train,00041394.jpg,car,4
train,00082230.jpg,single_unit_truck,1
train,00067173.jpg,car,2
train,00100462.jpg,car,1
train,00046432.jpg,bus,1
train,00095455.jpg,car,1
train,00048743.jpg,car,7
train,00014270.jpg,car,1
train,00011195.jpg,car,7
train,00005444.jpg,car,2
train,00029139.jpg,car,3
train,00031463.jpg,car,1
train,00108762.jpg,car,7
train,00008034.jpg,car,1
train,00027263.jpg,car,5
train,00025386.jpg,bus,1
train,00065607.jpg,car,3
train,00068023.jpg,car,1
train,00073659.jpg,car,3
train,00050817.jpg,car,1
train,00012881.jpg,car,2
train,00087395.jpg,car,1
train,00017973.jpg,car,1
train,00038301.jpg,car,2
train,00020742.jpg,car,1
train,00093472.jpg,pickup_truck,2
train,00100969.jpg,car,1
train,00018377.jpg,car,1
train,00084150.jpg,pedestrian,8
train,00099050.jpg,car,4
train,00010213.jpg,car,5
train,00104420.jpg,pickup_truck,2
train,00035299.jpg,work_van,1
train,00019358.jpg,car,3
train,00050915.jpg,pickup_truck,1
train,00067720.jpg,articulated_truck,1
train,00072721.jpg,car,4
train,00021294.jpg,motorized_vehicle,3
train,00044399.jpg,bus,3
train,00036358.jpg,car,2
train,00078685.jpg,car,1
train,00017696.jpg,pickup_truck,9
train,00001563.jpg,car,3
train,00002513.jpg,car,1
train,00108361.jpg,pickup_truck,3
train,00037795.jpg,car,1
train,00000888.jpg,car,2
train,00029787.jpg,car,6
train,00026014.jpg,car,1
train,00081612.jpg,car,3
train,00017074.jpg,car,3
train,00006326.jpg,car,2
train,00061343.jpg,car,6
train,00029697.jpg,articulated_truck,1
train,00021217.jpg,car,1
train,00088200.jpg,car,1
train,00064114.jpg,car,1
train,00100351.jpg,pickup_truck,1
train,00045572.jpg,car,1
train,00005510.jpg,car,8
train,00021222.jpg,pedestrian,3
train,00073919.jpg,motorcycle,2
train,00000278.jpg,car,2
train,00094679.jpg,pickup_truck,1
train,00011638.jpg,car,4
train,00100529.jpg,car,1
train,00045099.jpg,car,4
train,00057123.jpg,car,3
train,00100712.jpg,car,1
train,00075086.jpg,car,12
train,00000486.jpg,car,4
train,00074780.jpg,car,1
train,00100953.jpg,motorized_vehicle,1
train,00053771.jpg,car,10
train,00037236.jpg,car,2
train,00060893.jpg,bus,3
train,00031899.jpg,car,4
train,00060876.jpg,car,3
train,00021395.jpg,car,4
train,00108510.jpg,car,1
train,00044452.jpg,articulated_truck,1
train,00097264.jpg,car,10
train,00059871.jpg,car,3
train,00016809.jpg,car,2
train,00050041.jpg,motorized_vehicle,2
train,00032101.jpg,motorized_vehicle,3
train,00005265.jpg,car,1
train,00012384.jpg,car,4
train,00037419.jpg,articulated_truck,3
train,00032323.jpg,car,2
train,00098200.jpg,car,16
train,00044029.jpg,car,3
train,00053327.jpg,pedestrian,6
train,00045273.jpg,pickup_truck,1
train,00077221.jpg,bus,1
train,00078762.jpg,car,2
train,00102211.jpg,car,2
train,00048309.jpg,car,6
train,00068039.jpg,car,2
train,00030887.jpg,car,1
train,00048401.jpg,car,3
train,00081956.jpg,pickup_truck,1
train,00050619.jpg,car,4
train,00043124.jpg,car,1
train,00078931.jpg,car,6
train,00104865.jpg,car,1
train,00059606.jpg,car,6
train,00031055.jpg,motorized_vehicle,2
train,00013072.jpg,car,7
train,00029660.jpg,car,1
train,00050023.jpg,car,8
train,00034345.jpg,pickup_truck,1
train,00042136.jpg,car,2
train,00076871.jpg,car,3
train,00073788.jpg,car,1
train,00017673.jpg,motorized_vehicle,2
train,00019927.jpg,car,2
train,00029383.jpg,car,2
train,00093985.jpg,pickup_truck,1
train,00093100.jpg,pickup_truck,1
train,00063177.jpg,car,5
train,00096702.jpg,motorized_vehicle,5
train,00052810.jpg,car,1
train,00074438.jpg,car,7
train,00012582.jpg,car,3
train,00007988.jpg,car,1
train,00029918.jpg,car,2
train,00029200.jpg,motorized_vehicle,2
train,00045717.jpg,pickup_truck,1
train,00094205.jpg,pickup_truck,1
train,00076681.jpg,single_unit_truck,1
train,00104830.jpg,car,7
train,00006295.jpg,bus,1
train,00015419.jpg,motorized_vehicle,1
train,00061086.jpg,car,2
train,00081268.jpg,car,6
train,00073504.jpg,car,2
train,00076776.jpg,car,3
train,00101921.jpg,articulated_truck,2
train,00091843.jpg,car,2
train,00065702.jpg,car,7
train,00067713.jpg,pickup_truck,4
train,00098131.jpg,car,1
train,00020951.jpg,car,7
train,00091869.jpg,pickup_truck,1
train,00000593.jpg,motorized_vehicle,1
train,00047005.jpg,car,1
train,00031320.jpg,car,1
train,00023198.jpg,motorized_vehicle,1
train,00020522.jpg,articulated_truck,2
train,00077511.jpg,car,3
train,00067997.jpg,car,2
train,00008166.jpg,car,8
train,00097567.jpg,work_van,1
train,00028041.jpg,car,2
train,00018463.jpg,car,1
train,00091820.jpg,car,2
train,00093877.jpg,car,1
train,00072291.jpg,articulated_truck,1
train,00066083.jpg,car,4
train,00046411.jpg,bus,2
train,00076692.jpg,pickup_truck,2
train,00014916.jpg,car,4
train,00026557.jpg,car,4
train,00069981.jpg,car,3
train,00083454.jpg,car,5
train,00085988.jpg,car,3
train,00034441.jpg,pickup_truck,2
train,00002991.jpg,bus,1
train,00027648.jpg,car,4
train,00023585.jpg,articulated_truck,1
train,00101960.jpg,pickup_truck,1
train,00110317.jpg,car,4
train,00069616.jpg,car,3
train,00039978.jpg,car,6
train,00050758.jpg,car,3
train,00073098.jpg,car,1
train,00005746.jpg,car,6
train,00007676.jpg,car,1
train,00108098.jpg,car,2
train,00054004.jpg,car,3
train,00025604.jpg,car,2
train,00032739.jpg,car,4
train,00023238.jpg,car,9
train,00054568.jpg,car,4
train,00058937.jpg,pickup_truck,3
train,00056175.jpg,pedestrian,3
train,00078300.jpg,car,2
train,00008514.jpg,motorcycle,2
train,00097894.jpg,motorized_vehicle,1
train,00046033.jpg,car,1
train,00101483.jpg,car,1
train,00058115.jpg,work_van,1
train,00089139.jpg,car,4
train,00029236.jpg,car,8
train,00002413.jpg,pickup_truck,3
train,00023831.jpg,car,1
train,00011702.jpg,car,4
train,00055088.jpg,car,3
train,00022192.jpg,car,3
train,00089701.jpg,car,6
train,00099962.jpg,car,5
train,00041643.jpg,car,1
train,00033911.jpg,pickup_truck,1
train,00051029.jpg,motorized_vehicle,2
train,00094126.jpg,pickup_truck,3
train,00088226.jpg,car,2
train,00093062.jpg,car,5
train,00020832.jpg,car,2
train,00101023.jpg,car,19
train,00037210.jpg,pickup_truck,2
train,00069920.jpg,pickup_truck,6
train,00053515.jpg,car,2
train,00080363.jpg,car,4
train,00091359.jpg,car,2
train,00025907.jpg,work_van,2
train,00058086.jpg,car,3
train,00041717.jpg,car,4
train,00035289.jpg,car,5
train,00097895.jpg,single_unit_truck,2
train,00037988.jpg,car,5
train,00033043.jpg,car,1
train,00034069.jpg,pickup_truck,2
train,00014452.jpg,car,5
train,00096104.jpg,car,9
train,00015232.jpg,motorized_vehicle,2
train,00106834.jpg,pickup_truck,1
train,00019127.jpg,car,18
train,00014272.jpg,car,2
train,00064610.jpg,car,12
train,00061930.jpg,car,1
train,00003086.jpg,car,1
train,00066587.jpg,car,2
train,00036275.jpg,pickup_truck,2
train,00079317.jpg,car,6
train,00026960.jpg,car,2
train,00012381.jpg,pickup_truck,5
train,00048558.jpg,car,1
train,00032087.jpg,car,5
train,00010154.jpg,motorized_vehicle,1
train,00089129.jpg,car,3
train,00060702.jpg,car,3
train,00039394.jpg,work_van,2
train,00033986.jpg,car,6
train,00089870.jpg,car,5
train,00083535.jpg,car,2
train,00039459.jpg,motorized_vehicle,20
train,00028235.jpg,car,7
train,00105413.jpg,car,5
train,00030192.jpg,pickup_truck,4
train,00073549.jpg,pickup_truck,1
train,00040040.jpg,pickup_truck,1
train,00009494.jpg,car,1
train,00026711.jpg,car,3
train,00095591.jpg,car,5
train,00017628.jpg,car,3
train,00010190.jpg,car,10
train,00030704.jpg,motorized_vehicle,1
train,00090649.jpg,car,1
train,00066242.jpg,pickup_truck,2
train,00071850.jpg,motorized_vehicle,1
train,00063920.jpg,car,6
train,00088668.jpg,car,4
train,00071098.jpg,car,1
train,00108882.jpg,car,11
train,00056832.jpg,bicycle,4
train,00092541.jpg,car,3
train,00082754.jpg,car,1
train,00015620.jpg,car,4
train,00060473.jpg,car,5
train,00001517.jpg,car,4
train,00077503.jpg,bus,3
train,00084722.jpg,car,3
train,00004772.jpg,car,4
train,00048094.jpg,car,3
train,00098544.jpg,articulated_truck,2
train,00014680.jpg,car,1
train,00034158.jpg,car,5
train,00026544.jpg,car,3
train,00068969.jpg,pickup_truck,2
train,00054421.jpg,car,5
train,00097605.jpg,car,7
train,00047100.jpg,car,2
train,00085053.jpg,car,1
train,00007570.jpg,car,1
train,00090150.jpg,car,3
train,00048223.jpg,car,2
train,00097293.jpg,car,5
train,00060989.jpg,car,4
train,00055269.jpg,car,4
train,00096535.jpg,articulated_truck,1
train,00069405.jpg,car,4
train,00107091.jpg,car,4
train,00056764.jpg,car,6
train,00057598.jpg,car,2
train,00104253.jpg,car,2
train,00023357.jpg,car,1
train,00086213.jpg,car,2
train,00100835.jpg,car,1
train,00031849.jpg,articulated_truck,1
train,00036058.jpg,car,1
train,00057918.jpg,pickup_truck,3
train,00034338.jpg,articulated_truck,1
train,00020543.jpg,car,2
train,00088428.jpg,car,3
train,00042373.jpg,car,4
train,00005127.jpg,car,5
train,00014487.jpg,car,3
train,00039428.jpg,car,5
train,00020811.jpg,car,3
train,00041281.jpg,car,2
train,00032704.jpg,car,2
train,00062282.jpg,bicycle,2
train,00083561.jpg,articulated_truck,3
train,00079247.jpg,car,6
train,00035330.jpg,car,2
train,00042803.jpg,car,8
train,00064445.jpg,car,2
train,00061321.jpg,car,3
train,00019785.jpg,bus,1
train,00064774.jpg,pickup_truck,7
train,00012705.jpg,car,1
train,00046939.jpg,car,1
train,00032472.jpg,car,1
train,00071750.jpg,car,3
train,00040597.jpg,car,3
train,00069682.jpg,car,1
train,00091722.jpg,car,1
train,00045244.jpg,car,3
train,00048578.jpg,car,7
train,00100996.jpg,car,2
train,00060417.jpg,car,1
train,00064655.jpg,car,6
train,00046759.jpg,car,3
train,00001919.jpg,car,6
train,00074589.jpg,car,10
train,00014363.jpg,car,1
train,00081954.jpg,car,5
train,00065374.jpg,car,4
train,00059600.jpg,pickup_truck,5
train,00094783.jpg,car,6
train,00058638.jpg,motorcycle,2
train,00098740.jpg,car,1
train,00078043.jpg,car,1
train,00047503.jpg,car,2
train,00045871.jpg,car,7
train,00015978.jpg,car,4
train,00026085.jpg,car,1
train,00018940.jpg,motorized_vehicle,1
train,00065017.jpg,motorized_vehicle,5
train,00095101.jpg,car,18
train,00022049.jpg,car,2
train,00040429.jpg,car,1
train,00100652.jpg,pickup_truck,2
train,00040078.jpg,car,6
train,00049554.jpg,bus,1
train,00030851.jpg,car,1
train,00055082.jpg,car,11
train,00048237.jpg,car,2
train,00084173.jpg,pickup_truck,1
train,00036984.jpg,pickup_truck,1
train,00075277.jpg,pickup_truck,5
train,00014155.jpg,car,3
train,00031731.jpg,car,9
train,00053563.jpg,articulated_truck,1
train,00057742.jpg,car,8
train,00000509.jpg,car,2
train,00024315.jpg,car,2
train,00110111.jpg,pickup_truck,7
train,00060316.jpg,car,7
train,00036633.jpg,car,2
train,00093006.jpg,car,1
train,00006742.jpg,car,6
train,00086637.jpg,bus,3
train,00050613.jpg,car,1
train,00032008.jpg,car,2
train,00057812.jpg,motorized_vehicle,3
train,00026083.jpg,car,1
train,00072414.jpg,articulated_truck,1
train,00070456.jpg,car,4
train,00104631.jpg,car,3
train,00002396.jpg,car,1
train,00013540.jpg,car,1
train,00071544.jpg,bus,1
train,00047213.jpg,car,4
train,00035851.jpg,articulated_truck,1
train,00021513.jpg,car,4
train,00077186.jpg,car,1
train,00060156.jpg,car,2
train,00010129.jpg,pedestrian,3
train,00039900.jpg,pedestrian,6
train,00098786.jpg,car,3
train,00076839.jpg,car,3
train,00027706.jpg,pickup_truck,4
train,00026210.jpg,bicycle,2
train,00034863.jpg,car,6
train,00064585.jpg,car,3
train,00053449.jpg,car,1
train,00090561.jpg,car,12
train,00094460.jpg,motorized_vehicle,3
train,00014425.jpg,car,2
train,00055758.jpg,car,3
train,00008843.jpg,single_unit_truck,2
train,00076804.jpg,car,3
train,00083343.jpg,car,1
train,00034351.jpg,pickup_truck,1
train,00001153.jpg,car,3
train,00097076.jpg,car,3
train,00038967.jpg,car,9
train,00017692.jpg,car,1
train,00059490.jpg,pickup_truck,3
train,00082262.jpg,car,1
train,00110273.jpg,single_unit_truck,1
train,00064906.jpg,car,3
train,00086443.jpg,car,1
train,00095897.jpg,pedestrian,4
train,00083406.jpg,bus,2
train,00096857.jpg,car,2
train,00003851.jpg,car,3
train,00103947.jpg,motorized_vehicle,2
train,00102280.jpg,car,6
train,00017519.jpg,car,6
train,00030102.jpg,motorized_vehicle,6
train,00071203.jpg,pickup_truck,5
train,00095873.jpg,car,2
train,00090419.jpg,car,4
train,00024340.jpg,pickup_truck,1
train,00014079.jpg,car,1
train,00107653.jpg,car,2
train,00002397.jpg,pickup_truck,1
train,00055709.jpg,articulated_truck,3
train,00041026.jpg,car,1
train,00041483.jpg,pickup_truck,2
train,00025679.jpg,car,1
train,00059947.jpg,car,1
train,00087602.jpg,car,3
train,00036146.jpg,car,4
train,00054848.jpg,car,1
train,00004870.jpg,car,2
train,00036320.jpg,car,3
train,00061011.jpg,car,4
train,00081339.jpg,car,3
train,00044233.jpg,car,1
train,00075690.jpg,pickup_truck,2
train,00046224.jpg,pickup_truck,1
train,00048689.jpg,bus,3
train,00107193.jpg,car,2
train,00045594.jpg,car,3
train,00033637.jpg,car,9
train,00055477.jpg,pickup_truck,1
train,00026198.jpg,car,6
train,00043694.jpg,car,2
train,00097511.jpg,car,1
train,00049153.jpg,car,7
train,00090581.jpg,car,6
train,00006858.jpg,pickup_truck,1
train,00032481.jpg,car,1
train,00099212.jpg,work_van,2
train,00010461.jpg,car,3
train,00006674.jpg,car,3
train,00014902.jpg,car,2
train,00009043.jpg,articulated_truck,6
train,00038884.jpg,car,1
train,00054936.jpg,car,4
train,00003304.jpg,car,1
train,00105458.jpg,car,6
train,00075367.jpg,car,1
train,00073628.jpg,pickup_truck,2
train,00100889.jpg,car,3
train,00046593.jpg,car,21
train,00087330.jpg,motorized_vehicle,4
train,00087219.jpg,car,2
train,00056353.jpg,bus,1
train,00106397.jpg,motorcycle,1
train,00049467.jpg,car,2
train,00045046.jpg,car,3
train,00013068.jpg,car,3
train,00003630.jpg,car,1
train,00041912.jpg,car,3
train,00072069.jpg,single_unit_truck,2
train,00022912.jpg,pickup_truck,2
train,00089381.jpg,car,3
train,00084526.jpg,car,1
train,00010161.jpg,pickup_truck,1
train,00038151.jpg,car,9
train,00006250.jpg,pickup_truck,1
train,00006349.jpg,car,1
train,00085819.jpg,car,12
train,00052183.jpg,car,1
train,00069222.jpg,car,3
train,00061125.jpg,car,1
train,00045570.jpg,car,6
train,00027687.jpg,work_van,2
train,00047727.jpg,pickup_truck,1
train,00089758.jpg,car,2
train,00103154.jpg,car,3
train,00048900.jpg,pickup_truck,1
train,00090421.jpg,pickup_truck,5
train,00018702.jpg,car,2
train,00073049.jpg,car,1
train,00032908.jpg,work_van,4
train,00085209.jpg,car,3
train,00026690.jpg,car,1
train,00097327.jpg,car,2
train,00094104.jpg,bus,1
train,00079145.jpg,car,3
train,00046108.jpg,car,4
train,00036456.jpg,car,1
train,00019766.jpg,car,1
train,00010888.jpg,car,7
train,00045250.jpg,car,4
train,00084059.jpg,car,3
train,00020036.jpg,pickup_truck,1
train,00098918.jpg,car,2
train,00013296.jpg,car,2
train,00103496.jpg,car,3
train,00079915.jpg,car,4
train,00036659.jpg,motorized_vehicle,3
train,00025912.jpg,articulated_truck,2
train,00093624.jpg,pickup_truck,1
train,00095279.jpg,car,4
train,00032352.jpg,pickup_truck,1
train,00017187.jpg,bus,2
train,00027321.jpg,pickup_truck,3
train,00107689.jpg,car,3
train,00052270.jpg,pickup_truck,2
train,00077332.jpg,pickup_truck,5
train,00062412.jpg,car,1
train,00072472.jpg,car,2
train,00029439.jpg,pickup_truck,5
train,00093937.jpg,car,2
train,00106118.jpg,car,1
train,00080978.jpg,pickup_truck,2
train,00011640.jpg,work_van,1
train,00004400.jpg,car,1
train,00058213.jpg,car,1
train,00099156.jpg,car,1
train,00089426.jpg,articulated_truck,1
train,00094129.jpg,pickup_truck,3
train,00043105.jpg,motorized_vehicle,1
train,00046122.jpg,car,3
train,00063739.jpg,motorcycle,5
train,00020364.jpg,car,5
train,00059274.jpg,articulated_truck,1
train,00091507.jpg,car,1
train,00096600.jpg,car,4
train,00083173.jpg,car,11
train,00049126.jpg,motorized_vehicle,1
train,00030835.jpg,car,4
train,00081854.jpg,car,4
train,00089982.jpg,car,5
train,00023636.jpg,car,7
train,00109967.jpg,car,5
train,00052892.jpg,car,3
train,00056955.jpg,car,1
train,00020883.jpg,bus,1
train,00026791.jpg,pickup_truck,1
train,00103564.jpg,pickup_truck,1
train,00039232.jpg,motorized_vehicle,7
train,00042026.jpg,car,2
train,00099089.jpg,car,3
train,00087381.jpg,car,2
train,00062483.jpg,car,1
train,00073088.jpg,car,1
train,00078385.jpg,car,1
train,00013790.jpg,car,3
train,00081718.jpg,car,7
train,00007449.jpg,car,13
train,00082884.jpg,car,3
train,00090397.jpg,car,2
train,00015895.jpg,car,6
train,00017762.jpg,car,3
train,00096197.jpg,car,1
train,00063947.jpg,car,1
train,00083571.jpg,bus,1
train,00053423.jpg,car,2
train,00004677.jpg,pickup_truck,4
train,00035936.jpg,motorized_vehicle,3
train,00055465.jpg,car,1
train,00073068.jpg,car,3
train,00097035.jpg,car,5
train,00020938.jpg,car,2
train,00095095.jpg,motorized_vehicle,2
train,00043401.jpg,pickup_truck,5
train,00047416.jpg,car,5
train,00005267.jpg,car,2
train,00098518.jpg,pickup_truck,1
train,00076572.jpg,pickup_truck,4
train,00069428.jpg,pickup_truck,1
train,00094148.jpg,pickup_truck,2
train,00042260.jpg,car,3
train,00098651.jpg,car,5
train,00109813.jpg,car,2
train,00054708.jpg,car,7
train,00046767.jpg,car,1
train,00093932.jpg,car,6
train,00041012.jpg,articulated_truck,2
train,00013897.jpg,pickup_truck,1
train,00010971.jpg,car,3
train,00070024.jpg,car,1
train,00096515.jpg,car,15
train,00018526.jpg,car,9
train,00100988.jpg,car,2
train,00014141.jpg,car,1
train,00040735.jpg,car,1
train,00008823.jpg,car,1
train,00075991.jpg,car,5
train,00048800.jpg,car,2
train,00028709.jpg,pickup_truck,1
train,00069167.jpg,car,2
train,00097097.jpg,work_van,2
train,00108751.jpg,car,1
train,00092270.jpg,car,4
train,00018460.jpg,car,2
train,00010046.jpg,car,4
train,00001032.jpg,car,3
train,00076509.jpg,car,4
train,00005682.jpg,motorized_vehicle,4
train,00084681.jpg,car,2
train,00095298.jpg,articulated_truck,2
train,00005442.jpg,car,9
train,00015178.jpg,pickup_truck,1
train,00058535.jpg,car,14
train,00018217.jpg,car,6
train,00062938.jpg,pickup_truck,1
train,00063779.jpg,car,2
train,00001815.jpg,car,2
train,00108896.jpg,motorized_vehicle,3
train,00052307.jpg,car,2
train,00083222.jpg,car,4
train,00064879.jpg,car,1
train,00098139.jpg,car,1
train,00019797.jpg,car,4
train,00049237.jpg,car,6
train,00058197.jpg,car,4
train,00059699.jpg,car,1
train,00097522.jpg,car,3
train,00029233.jpg,car,2
train,00104155.jpg,car,2
train,00028667.jpg,car,1
train,00067110.jpg,bus,2
train,00026923.jpg,pickup_truck,3
train,00061334.jpg,car,4
train,00001142.jpg,car,1
train,00089800.jpg,pedestrian,9
train,00056966.jpg,car,2
train,00051394.jpg,articulated_truck,1
train,00041035.jpg,bus,1
train,00099012.jpg,car,2
train,00031628.jpg,work_van,1
train,00089251.jpg,car,2
train,00017369.jpg,car,1
train,00007658.jpg,car,4
train,00046109.jpg,car,6
train,00017076.jpg,car,2
train,00033588.jpg,car,6
train,00044759.jpg,car,2
train,00039555.jpg,car,3
train,00021634.jpg,motorcycle,2
train,00103312.jpg,motorized_vehicle,3
train,00022354.jpg,car,2
train,00089142.jpg,car,7
train,00055909.jpg,car,4
train,00070095.jpg,car,10
train,00017440.jpg,car,2
train,00030347.jpg,pickup_truck,1
train,00002621.jpg,car,3
train,00068083.jpg,pickup_truck,1
train,00110543.jpg,car,3
train,00105797.jpg,car,2
train,00081195.jpg,car,1
train,00069143.jpg,pickup_truck,5
train,00097145.jpg,car,2
train,00022245.jpg,pickup_truck,2
train,00084350.jpg,car,2
train,00107391.jpg,car,5
train,00013675.jpg,car,2
train,00082113.jpg,car,5
train,00090240.jpg,car,3
train,00042004.jpg,car,3
train,00070540.jpg,car,2
train,00041875.jpg,car,1
train,00070318.jpg,pickup_truck,1
train,00051995.jpg,car,1
train,00025028.jpg,pickup_truck,1
train,00075552.jpg,car,11
train,00089527.jpg,car,3
train,00087847.jpg,pickup_truck,4
train,00019688.jpg,car,3
train,00078035.jpg,non_motorized_vehicle,4
train,00087323.jpg,car,3
train,00075780.jpg,car,3
train,00102239.jpg,car,4
train,00103495.jpg,car,9
train,00032278.jpg,car,3
train,00027345.jpg,motorized_vehicle,5
train,00094863.jpg,car,1
train,00040710.jpg,car,2
train,00082231.jpg,articulated_truck,2
train,00024772.jpg,car,3
train,00019188.jpg,car,3
train,00037702.jpg,car,3
train,00052679.jpg,car,2
train,00019814.jpg,pickup_truck,4
train,00087066.jpg,car,2
train,00035175.jpg,car,12
train,00000859.jpg,car,5
train,00096505.jpg,car,5
train,00087029.jpg,car,3
train,00043026.jpg,car,6
train,00084351.jpg,car,1
train,00095792.jpg,car,1
train,00057618.jpg,car,3
train,00018394.jpg,car,6
train,00071017.jpg,car,1
train,00055732.jpg,car,9
train,00054308.jpg,pickup_truck,4
train,00012051.jpg,pickup_truck,1
train,00005843.jpg,car,2
train,00080068.jpg,car,1
train,00081308.jpg,car,5
train,00071624.jpg,car,4
train,00085394.jpg,car,2
train,00082371.jpg,car,2
train,00070412.jpg,pickup_truck,7
train,00015783.jpg,car,1
train,00067876.jpg,car,5
train,00099776.jpg,car,4
train,00061532.jpg,car,2
train,00049626.jpg,car,2
train,00103291.jpg,car,3
train,00082218.jpg,car,4
train,00034455.jpg,car,1
train,00041790.jpg,car,6
train,00046947.jpg,motorized_vehicle,8
train,00105835.jpg,motorized_vehicle,4
train,00012664.jpg,bicycle,2
train,00052232.jpg,car,5
train,00068388.jpg,car,4
train,00004885.jpg,car,1
train,00092089.jpg,car,1
train,00026122.jpg,pedestrian,2
train,00070039.jpg,car,5
train,00047657.jpg,car,2
train,00048381.jpg,car,3
train,00038320.jpg,car,5
train,00064107.jpg,car,5
train,00002421.jpg,car,1
train,00058217.jpg,motorcycle,1
train,00090566.jpg,car,1
train,00035056.jpg,car,14
train,00078973.jpg,car,2
train,00083755.jpg,motorized_vehicle,3
train,00089037.jpg,car,6
train,00056816.jpg,car,8
train,00004675.jpg,car,1
train,00060257.jpg,single_unit_truck,1
train,00063179.jpg,pickup_truck,2
train,00016933.jpg,pickup_truck,2
train,00074931.jpg,bus,2
train,00109388.jpg,car,14
train,00093417.jpg,motorized_vehicle,4
train,00019788.jpg,articulated_truck,3
train,00102926.jpg,car,2
train,00058089.jpg,car,9
train,00031964.jpg,car,3
train,00006592.jpg,car,1
train,00108742.jpg,car,2
train,00048594.jpg,car,2
train,00053010.jpg,car,3
train,00087916.jpg,car,6
train,00067547.jpg,car,8
train,00008689.jpg,car,4
train,00030757.jpg,car,2
train,00048989.jpg,car,1
train,00011431.jpg,car,7
train,00098854.jpg,car,5
train,00102273.jpg,pickup_truck,1
train,00041173.jpg,pickup_truck,3
train,00066353.jpg,car,9
train,00086344.jpg,pickup_truck,2
train,00097014.jpg,car,2
train,00037811.jpg,car,4
train,00086735.jpg,pickup_truck,1
train,00083059.jpg,car,2
train,00092329.jpg,work_van,1
train,00001253.jpg,car,3
train,00052246.jpg,car,6
train,00093732.jpg,car,1
train,00002601.jpg,car,4
train,00003848.jpg,car,2
train,00092672.jpg,car,2
train,00022195.jpg,car,1
train,00061918.jpg,bus,2
train,00032743.jpg,car,4
train,00107830.jpg,car,1
train,00076560.jpg,car,2
train,00012638.jpg,car,3
train,00001187.jpg,car,5
train,00015533.jpg,car,1
train,00110403.jpg,car,2
train,00033429.jpg,car,5
train,00059007.jpg,car,5
train,00027663.jpg,car,4
train,00033983.jpg,motorized_vehicle,1
train,00071362.jpg,pickup_truck,1
train,00071330.jpg,bus,1
train,00041302.jpg,car,6
train,00069509.jpg,car,5
train,00110511.jpg,car,6
train,00037459.jpg,car,1
train,00009827.jpg,car,3
train,00079928.jpg,car,2
train,00065032.jpg,car,1
train,00053570.jpg,car,5
train,00064284.jpg,car,4
train,00047668.jpg,car,2
train,00025311.jpg,car,1
train,00106306.jpg,car,1
train,00052962.jpg,pickup_truck,5
train,00024622.jpg,bus,4
train,00045445.jpg,motorized_vehicle,1
train,00085061.jpg,car,3
train,00109102.jpg,motorized_vehicle,3
train,00104211.jpg,motorized_vehicle,1
train,00086214.jpg,car,1
train,00074628.jpg,articulated_truck,1
train,00100703.jpg,bus,4
train,00106698.jpg,car,1
train,00091704.jpg,car,4
train,00013193.jpg,car,4
train,00065403.jpg,car,7
train,00034488.jpg,pickup_truck,2
train,00031217.jpg,car,2
train,00108486.jpg,car,1
train,00109868.jpg,motorized_vehicle,4
train,00061157.jpg,pickup_truck,3
train,00102929.jpg,pedestrian,2
train,00042394.jpg,car,11
train,00064069.jpg,pickup_truck,3
train,00073682.jpg,car,1
train,00057106.jpg,pickup_truck,1
train,00069089.jpg,work_van,4
train,00088063.jpg,car,3
train,00046566.jpg,articulated_truck,1
train,00021516.jpg,car,4
train,00026864.jpg,car,3
train,00014434.jpg,car,10
train,00001270.jpg,car,3
train,00050401.jpg,car,3
train,00042658.jpg,bus,4
train,00002982.jpg,car,8
train,00060014.jpg,car,2
train,00054271.jpg,pickup_truck,1
train,00009320.jpg,car,2
train,00109569.jpg,car,2
train,00016257.jpg,car,7
train,00078248.jpg,car,2
train,00020917.jpg,car,6
train,00084158.jpg,car,3
train,00009512.jpg,car,2
train,00004847.jpg,car,4
train,00046705.jpg,car,2
train,00039760.jpg,car,1
train,00056818.jpg,car,1
train,00003189.jpg,car,1
train,00021811.jpg,car,8
train,00028812.jpg,car,3
train,00025117.jpg,car,14
train,00023856.jpg,articulated_truck,4
train,00018427.jpg,motorized_vehicle,1
train,00042355.jpg,motorized_vehicle,1
train,00007065.jpg,articulated_truck,1
train,00040559.jpg,car,2
train,00001145.jpg,articulated_truck,1
train,00055773.jpg,car,5
train,00076733.jpg,car,1
train,00034844.jpg,car,2
train,00014993.jpg,pickup_truck,1
train,00085091.jpg,car,8
train,00080824.jpg,car,3
train,00015463.jpg,work_van,4
train,00083608.jpg,pickup_truck,1
train,00090081.jpg,pickup_truck,6
train,00104886.jpg,car,4
train,00034184.jpg,car,7
train,00010508.jpg,car,3
train,00071905.jpg,car,1
train,00048837.jpg,bus,6
train,00023628.jpg,motorized_vehicle,7
train,00022298.jpg,car,3
train,00108602.jpg,car,2
train,00033326.jpg,car,2
train,00109625.jpg,car,3
train,00019709.jpg,car,8
train,00044451.jpg,car,3
train,00098365.jpg,car,9
train,00073762.jpg,car,1
train,00057233.jpg,car,1
train,00088946.jpg,car,1
train,00087477.jpg,pickup_truck,1
train,00080871.jpg,pickup_truck,2
train,00102620.jpg,car,1
train,00039042.jpg,car,4
train,00095654.jpg,car,5
train,00106852.jpg,car,8
train,00030112.jpg,car,4
train,00083918.jpg,pickup_truck,2
train,00032157.jpg,motorized_vehicle,4
train,00002998.jpg,articulated_truck,2
train,00061287.jpg,car,6
train,00091076.jpg,car,1
train,00046959.jpg,pedestrian,4
train,00028295.jpg,car,3
train,00056322.jpg,car,4
train,00106346.jpg,pickup_truck,1
train,00054243.jpg,car,3
train,00080882.jpg,car,1
train,00023605.jpg,car,4
train,00063399.jpg,pickup_truck,5
train,00100523.jpg,pickup_truck,2
train,00033646.jpg,pedestrian,11
train,00040985.jpg,car,1
train,00015645.jpg,pickup_truck,2
train,00037289.jpg,bus,1
train,00102858.jpg,car,1
train,00092997.jpg,car,6
train,00091118.jpg,car,6
train,00011073.jpg,articulated_truck,1
train,00036813.jpg,car,1
train,00101473.jpg,articulated_truck,1
train,00090774.jpg,car,2
train,00010404.jpg,car,6
train,00006659.jpg,car,3
train,00064422.jpg,car,8
train,00067347.jpg,work_van,1
train,00004504.jpg,car,4
train,00083756.jpg,car,4
train,00027510.jpg,car,7
train,00009678.jpg,pickup_truck,2
train,00010858.jpg,car,8
train,00039220.jpg,car,7
train,00078013.jpg,single_unit_truck,2
train,00092173.jpg,car,16
train,00070336.jpg,car,2
train,00058036.jpg,car,8
train,00106930.jpg,bus,1
train,00102048.jpg,car,3
train,00025308.jpg,car,1
train,00042065.jpg,motorized_vehicle,2
train,00021019.jpg,car,5
train,00042675.jpg,motorized_vehicle,1
train,00062404.jpg,car,2
train,00103245.jpg,car,4
train,00005937.jpg,car,2
train,00068284.jpg,car,5
train,00020518.jpg,pickup_truck,4
train,00026481.jpg,work_van,1
train,00018108.jpg,car,3
train,00057514.jpg,pedestrian,4
train,00085926.jpg,car,5
train,00021200.jpg,bus,2
train,00099115.jpg,pickup_truck,3
train,00084768.jpg,car,1
train,00033599.jpg,pickup_truck,1
train,00028311.jpg,car,6
train,00047553.jpg,car,3
train,00007416.jpg,articulated_truck,5
train,00061025.jpg,pickup_truck,1
train,00069389.jpg,pickup_truck,1
train,00014065.jpg,car,4
train,00022763.jpg,car,8
train,00054324.jpg,articulated_truck,1
train,00015292.jpg,car,3
train,00057809.jpg,articulated_truck,4
train,00019632.jpg,car,5
train,00044337.jpg,car,1
train,00082174.jpg,motorized_vehicle,2
train,00043126.jpg,car,1
train,00034714.jpg,car,10
train,00048793.jpg,pickup_truck,2
train,00055947.jpg,car,3
train,00006192.jpg,car,2
train,00108713.jpg,motorized_vehicle,3
train,00091166.jpg,car,7
train,00002987.jpg,car,1
train,00054944.jpg,pickup_truck,3
train,00029153.jpg,pickup_truck,2
train,00030548.jpg,articulated_truck,1
train,00103050.jpg,pickup_truck,2
train,00047748.jpg,work_van,2
train,00109313.jpg,car,2
train,00066680.jpg,pickup_truck,2
train,00046636.jpg,pickup_truck,4
train,00110369.jpg,car,1
train,00107296.jpg,car,2
train,00004689.jpg,car,1
train,00072093.jpg,pickup_truck,2
train,00033827.jpg,pickup_truck,2
train,00074298.jpg,car,3
train,00099083.jpg,bus,2
train,00065172.jpg,car,2
train,00096931.jpg,work_van,2
train,00015780.jpg,car,1
train,00062922.jpg,car,1
train,00067917.jpg,pickup_truck,5
train,00051434.jpg,motorized_vehicle,3
train,00061731.jpg,car,4
train,00028379.jpg,car,7
train,00045931.jpg,motorized_vehicle,2
train,00069882.jpg,motorized_vehicle,1
train,00024914.jpg,car,1
train,00093304.jpg,car,10
train,00092014.jpg,motorized_vehicle,7
train,00025074.jpg,car,2
train,00081721.jpg,car,2
train,00031760.jpg,car,5
train,00016632.jpg,car,2
train,00080867.jpg,car,2
train,00027772.jpg,car,1
train,00102579.jpg,car,2
train,00026095.jpg,car,2
train,00099848.jpg,car,2
train,00046722.jpg,car,7
train,00101539.jpg,car,4
train,00107870.jpg,single_unit_truck,3
train,00067128.jpg,bus,1
train,00069463.jpg,single_unit_truck,2
train,00046194.jpg,bus,2
train,00064695.jpg,car,2
train,00022578.jpg,work_van,1
train,00029833.jpg,car,1
train,00093457.jpg,motorized_vehicle,5
train,00043806.jpg,car,13
train,00005553.jpg,car,1
train,00079059.jpg,motorized_vehicle,2
train,00082418.jpg,pickup_truck,1
train,00058950.jpg,car,2
train,00008305.jpg,car,6
train,00081986.jpg,car,1
train,00014721.jpg,car,3
train,00026956.jpg,work_van,1
train,00044258.jpg,car,10
train,00074211.jpg,car,2
train,00009238.jpg,car,6
train,00006760.jpg,car,18
train,00094316.jpg,car,2
train,00090011.jpg,car,4
train,00051687.jpg,car,2
train,00089033.jpg,work_van,1
train,00071918.jpg,pickup_truck,1
train,00044116.jpg,car,1
train,00023095.jpg,car,3
train,00099750.jpg,car,2
train,00063857.jpg,car,1
train,00071505.jpg,car,1
train,00076722.jpg,car,2
train,00082386.jpg,car,8
train,00085921.jpg,car,2
train,00055068.jpg,car,1
train,00062382.jpg,car,1
train,00051031.jpg,car,4
train,00052531.jpg,pickup_truck,3
train,00107106.jpg,car,14
train,00038429.jpg,pickup_truck,2
train,00030877.jpg,car,3
train,00058824.jpg,car,5
train,00013083.jpg,motorized_vehicle,3
train,00096507.jpg,car,1
train,00088286.jpg,car,6
train,00089593.jpg,car,3
train,00052798.jpg,car,1
train,00009916.jpg,pickup_truck,1
train,00099950.jpg,car,3
train,00010286.jpg,car,4
train,00064681.jpg,pickup_truck,1
train,00001047.jpg,car,3
train,00058260.jpg,car,1
train,00030536.jpg,pickup_truck,2
train,00105417.jpg,car,7
train,00100700.jpg,motorcycle,1
train,00030841.jpg,car,1
train,00087762.jpg,car,3
train,00080389.jpg,pickup_truck,2
train,00048333.jpg,car,2
train,00021304.jpg,pickup_truck,8
train,00029702.jpg,pedestrian,6
train,00020436.jpg,car,7
train,00019620.jpg,pickup_truck,2
train,00008531.jpg,pickup_truck,1
train,00042791.jpg,car,2
train,00088891.jpg,car,1
train,00037619.jpg,car,2
train,00082637.jpg,car,2
train,00084027.jpg,car,3
train,00055234.jpg,car,4
train,00024026.jpg,car,1
train,00098782.jpg,motorized_vehicle,1
train,00059721.jpg,motorized_vehicle,2
train,00039189.jpg,car,2
train,00058148.jpg,car,5
train,00035784.jpg,bus,1
train,00094771.jpg,car,4
train,00036437.jpg,car,1
train,00109214.jpg,pickup_truck,6
train,00057119.jpg,car,7
train,00014347.jpg,motorized_vehicle,2
train,00031605.jpg,car,3
train,00022692.jpg,car,3
train,00100050.jpg,pickup_truck,1
train,00044018.jpg,car,8
train,00026144.jpg,bus,1
train,00067391.jpg,car,7
train,00061013.jpg,articulated_truck,1
train,00056046.jpg,pedestrian,5
train,00074269.jpg,car,3
train,00070761.jpg,pickup_truck,1
train,00009979.jpg,car,2
train,00051994.jpg,car,3
train,00001809.jpg,work_van,1
train,00095775.jpg,motorized_vehicle,1
train,00056579.jpg,car,1
train,00013727.jpg,car,3
train,00008859.jpg,car,2
train,00107616.jpg,bus,2
train,00038801.jpg,car,1
train,00087699.jpg,car,3
train,00076273.jpg,car,1
train,00006824.jpg,car,2
train,00050360.jpg,car,1
train,00071495.jpg,car,13
train,00012956.jpg,motorized_vehicle,1
train,00055615.jpg,car,6
train,00101140.jpg,car,1
train,00067055.jpg,car,1
train,00045698.jpg,car,4
train,00033682.jpg,bus,3
train,00040405.jpg,car,1
train,00021710.jpg,pickup_truck,1
train,00009032.jpg,car,2
train,00004107.jpg,car,1
train,00047424.jpg,car,1
train,00004693.jpg,car,2
train,00029211.jpg,car,3
train,00049158.jpg,car,4
train,00054825.jpg,car,1
train,00103606.jpg,car,1
train,00088541.jpg,car,9
train,00023894.jpg,pickup_truck,1
train,00040068.jpg,car,1
train,00008394.jpg,car,7
train,00003529.jpg,pickup_truck,1
train,00000498.jpg,car,2
train,00014554.jpg,car,19
train,00071407.jpg,motorized_vehicle,6
train,00009851.jpg,car,2
train,00015126.jpg,pickup_truck,1
train,00027363.jpg,car,7
train,00056354.jpg,car,4
train,00032521.jpg,car,1
train,00092741.jpg,car,1
train,00028240.jpg,articulated_truck,2
train,00010012.jpg,car,5
train,00106565.jpg,articulated_truck,1
train,00072421.jpg,articulated_truck,2
train,00028532.jpg,car,2
train,00000995.jpg,motorized_vehicle,6
train,00030302.jpg,pickup_truck,1
train,00051600.jpg,car,2
train,00093327.jpg,bus,1
train,00097885.jpg,car,3
train,00082804.jpg,car,1
train,00080436.jpg,car,1
train,00050389.jpg,pickup_truck,2
train,00097628.jpg,motorized_vehicle,6
train,00091517.jpg,car,2
train,00043600.jpg,pickup_truck,1
train,00096930.jpg,car,2
train,00094956.jpg,car,2
train,00024330.jpg,car,4
train,00102865.jpg,car,1
train,00097694.jpg,car,6
train,00059136.jpg,car,3
train,00032557.jpg,car,3
train,00002555.jpg,pickup_truck,1
train,00013196.jpg,car,3
train,00024190.jpg,car,3
train,00010528.jpg,pickup_truck,1
train,00094631.jpg,motorized_vehicle,2
train,00098770.jpg,car,3
train,00102397.jpg,motorized_vehicle,3
train,00091636.jpg,car,2
train,00022521.jpg,car,3
train,00024441.jpg,pickup_truck,7
train,00059681.jpg,car,4
train,00040118.jpg,car,6
train,00009454.jpg,car,2
train,00094290.jpg,car,7
train,00034253.jpg,car,4
train,00047890.jpg,car,6
train,00051102.jpg,single_unit_truck,4
train,00053267.jpg,car,3
train,00070247.jpg,car,1
train,00041619.jpg,motorized_vehicle,3
train,00032696.jpg,car,4
train,00035743.jpg,car,1
train,00102483.jpg,bus,2
train,00077291.jpg,car,1
train,00040035.jpg,car,2
train,00035285.jpg,bus,1
train,00109712.jpg,car,3
train,00019268.jpg,car,2
train,00050248.jpg,car,2
train,00080777.jpg,bicycle,1
train,00046866.jpg,car,1
train,00002615.jpg,car,4
train,00057284.jpg,car,2
train,00055259.jpg,car,9
train,00036259.jpg,car,11
train,00076921.jpg,car,1
train,00013663.jpg,pickup_truck,5
train,00095158.jpg,car,9
train,00065394.jpg,car,1
train,00085123.jpg,car,5
train,00015722.jpg,pickup_truck,1
train,00045964.jpg,pickup_truck,1
train,00108117.jpg,car,2
train,00072946.jpg,articulated_truck,2
train,00022705.jpg,single_unit_truck,4
train,00016931.jpg,pickup_truck,3
train,00075985.jpg,car,1
train,00103944.jpg,car,2
train,00003242.jpg,car,6
train,00027767.jpg,car,3
train,00066505.jpg,pickup_truck,5
train,00075319.jpg,car,4
train,00041074.jpg,pickup_truck,5
train,00093572.jpg,car,5
train,00051355.jpg,car,1
train,00049324.jpg,car,5
train,00011234.jpg,motorized_vehicle,4
train,00027455.jpg,car,1
train,00078658.jpg,car,1
train,00085519.jpg,car,6
train,00082085.jpg,pickup_truck,2
train,00000514.jpg,pickup_truck,1
train,00052566.jpg,car,2
train,00088077.jpg,bus,1
train,00075285.jpg,car,4
train,00105135.jpg,car,8
train,00101724.jpg,motorized_vehicle,1
train,00009625.jpg,motorized_vehicle,1
train,00093795.jpg,car,2
train,00106453.jpg,pickup_truck,4
train,00044680.jpg,car,1
train,00067915.jpg,bus,1
train,00067479.jpg,car,5
train,00040136.jpg,car,1
train,00053395.jpg,car,1
train,00007835.jpg,car,2
train,00004928.jpg,pickup_truck,2
train,00054389.jpg,bus,3
train,00096244.jpg,car,2
train,00087002.jpg,car,1
train,00034063.jpg,car,1
train,00004620.jpg,pickup_truck,1
train,00097884.jpg,motorized_vehicle,8
train,00024246.jpg,motorized_vehicle,2
train,00054369.jpg,car,7
train,00080622.jpg,car,3
train,00089350.jpg,car,1
train,00061248.jpg,car,3
train,00073362.jpg,car,4
train,00010665.jpg,car,1
train,00082587.jpg,car,4
train,00020906.jpg,car,2
train,00097460.jpg,car,2
train,00033161.jpg,car,6
train,00029515.jpg,motorized_vehicle,2
train,00054036.jpg,car,1
train,00072205.jpg,car,1
train,00005817.jpg,car,4
train,00076440.jpg,pickup_truck,2
train,00010795.jpg,car,3
train,00058731.jpg,car,1
train,00002419.jpg,motorized_vehicle,2
train,00076040.jpg,car,5
train,00088151.jpg,articulated_truck,1
train,00058633.jpg,pickup_truck,1
train,00016744.jpg,bus,1
train,00089848.jpg,car,2
train,00079329.jpg,pickup_truck,1
train,00027502.jpg,motorized_vehicle,1
train,00071574.jpg,car,1
train,00081574.jpg,pickup_truck,3
train,00049789.jpg,car,6
train,00088718.jpg,car,2
train,00040997.jpg,car,1
train,00016173.jpg,articulated_truck,3
train,00108150.jpg,car,8
train,00020272.jpg,car,1
train,00021728.jpg,car,1
train,00045015.jpg,pickup_truck,1
train,00078465.jpg,car,1
train,00098593.jpg,car,3
train,00094012.jpg,car,1
train,00099388.jpg,pickup_truck,6
train,00045329.jpg,car,2
train,00059204.jpg,car,4
train,00022972.jpg,car,2
train,00063124.jpg,articulated_truck,1
train,00017418.jpg,car,4
train,00058258.jpg,car,2
train,00028536.jpg,motorized_vehicle,3
train,00072562.jpg,car,4
train,00098026.jpg,car,4
train,00022163.jpg,car,4
train,00001868.jpg,pickup_truck,2
train,00049411.jpg,car,1
train,00055024.jpg,car,4
train,00021624.jpg,car,2
train,00054662.jpg,pickup_truck,5
train,00045036.jpg,car,1
train,00052740.jpg,pickup_truck,4
train,00055962.jpg,car,8
train,00001816.jpg,pickup_truck,1
train,00009347.jpg,car,1
train,00017392.jpg,motorized_vehicle,4
train,00090738.jpg,car,4
train,00020431.jpg,car,3
train,00092028.jpg,work_van,1
train,00008042.jpg,car,5
train,00079780.jpg,single_unit_truck,4
train,00006279.jpg,pickup_truck,5
train,00019092.jpg,car,3
train,00104327.jpg,car,2
train,00063856.jpg,car,6
train,00056453.jpg,car,4
train,00105930.jpg,car,1
train,00072720.jpg,car,1
train,00034937.jpg,pedestrian,3
train,00015203.jpg,car,2
train,00088984.jpg,car,3
train,00003816.jpg,car,3
train,00057292.jpg,motorized_vehicle,1
train,00084749.jpg,car,5
train,00083313.jpg,car,2
train,00024610.jpg,car,3
train,00095403.jpg,car,1
train,00089303.jpg,bus,1
train,00081423.jpg,car,1
train,00087250.jpg,bus,2
train,00104624.jpg,car,1
train,00015330.jpg,bus,1
train,00069346.jpg,car,3
train,00025384.jpg,car,1
train,00080807.jpg,pickup_truck,1
train,00014608.jpg,motorized_vehicle,2
train,00044883.jpg,car,3
train,00018714.jpg,car,1
train,00087926.jpg,motorized_vehicle,1
train,00104246.jpg,bus,1
train,00000185.jpg,car,1
train,00006672.jpg,car,1
train,00046011.jpg,car,8
train,00056074.jpg,car,2
train,00098921.jpg,car,1
train,00077230.jpg,pickup_truck,2
train,00010066.jpg,car,18
train,00019846.jpg,car,3
train,00092283.jpg,motorized_vehicle,1
train,00041598.jpg,car,7
train,00006988.jpg,car,1
train,00057953.jpg,car,7
train,00055653.jpg,car,3
train,00074160.jpg,car,2
train,00023575.jpg,motorized_vehicle,1
train,00044602.jpg,pickup_truck,1
train,00107723.jpg,car,1
train,00086878.jpg,pickup_truck,2
train,00040044.jpg,car,7
train,00006673.jpg,car,10
train,00069068.jpg,car,3
train,00068219.jpg,car,1
train,00051486.jpg,pickup_truck,7
train,00098015.jpg,car,5
train,00038678.jpg,car,1
train,00109970.jpg,articulated_truck,1
train,00080634.jpg,pickup_truck,3
train,00033993.jpg,car,1
train,00106219.jpg,pickup_truck,2
train,00007513.jpg,car,2
train,00097152.jpg,non_motorized_vehicle,2
train,00035943.jpg,pickup_truck,5
train,00046514.jpg,car,6
train,00073268.jpg,pickup_truck,2
train,00026184.jpg,car,1
train,00045796.jpg,motorized_vehicle,4
train,00067129.jpg,car,5
train,00087865.jpg,motorized_vehicle,6
train,00028546.jpg,car,7
train,00095367.jpg,pickup_truck,6
train,00071880.jpg,car,4
train,00067042.jpg,car,7
train,00089588.jpg,car,9
train,00104509.jpg,car,6
train,00074286.jpg,car,1
train,00067933.jpg,car,1
train,00013771.jpg,car,4
train,00043584.jpg,pickup_truck,3
train,00029510.jpg,car,1
train,00017472.jpg,car,6
train,00043568.jpg,car,3
train,00034618.jpg,pickup_truck,3
train,00106461.jpg,car,3
train,00074416.jpg,work_van,1
train,00110375.jpg,single_unit_truck,1
train,00016764.jpg,bus,5
train,00001088.jpg,work_van,2
train,00054484.jpg,car,5
train,00057450.jpg,pickup_truck,2
train,00007170.jpg,car,4
train,00053299.jpg,car,4
train,00020078.jpg,car,4
train,00058369.jpg,car,2
train,00073107.jpg,car,4
train,00073918.jpg,pickup_truck,1
train,00095691.jpg,pickup_truck,1
train,00038144.jpg,car,2
train,00080706.jpg,articulated_truck,2
train,00024851.jpg,car,1
train,00109850.jpg,car,1
train,00081139.jpg,car,3
train,00092730.jpg,car,3
train,00105373.jpg,car,4
train,00085859.jpg,car,2
train,00028446.jpg,car,1
train,00002784.jpg,car,1
train,00092569.jpg,car,10
train,00079734.jpg,pickup_truck,4
train,00003812.jpg,pickup_truck,2
train,00109393.jpg,car,5
train,00016620.jpg,car,2
train,00040850.jpg,car,1
train,00026698.jpg,car,3
train,00051481.jpg,car,4
train,00092488.jpg,pickup_truck,1
train,00010988.jpg,car,4
train,00065020.jpg,car,5
train,00046443.jpg,car,1
train,00090122.jpg,car,2
train,00071439.jpg,pickup_truck,1
train,00104025.jpg,car,3
train,00064009.jpg,pickup_truck,1
train,00067840.jpg,car,8
train,00026055.jpg,car,6
train,00057494.jpg,car,6
train,00096140.jpg,car,5
train,00092625.jpg,car,4
train,00061968.jpg,pickup_truck,2
train,00100223.jpg,motorized_vehicle,5
train,00071238.jpg,car,2
train,00101730.jpg,pedestrian,14
train,00075264.jpg,bus,5
train,00089578.jpg,pickup_truck,1
train,00003645.jpg,car,4
train,00048193.jpg,pickup_truck,2
train,00014623.jpg,car,1
train,00044412.jpg,car,4
train,00051356.jpg,car,1
train,00004488.jpg,pickup_truck,3
train,00068271.jpg,pickup_truck,1
train,00033244.jpg,car,7
train,00033502.jpg,car,5
train,00078634.jpg,car,1
train,00023977.jpg,single_unit_truck,2
train,00020615.jpg,pickup_truck,6
train,00093027.jpg,car,13
train,00005826.jpg,pickup_truck,5
train,00057226.jpg,articulated_truck,1
train,00106775.jpg,car,1
train,00020231.jpg,car,4
train,00086386.jpg,car,5
train,00063728.jpg,car,2
train,00011896.jpg,bicycle,1
train,00100504.jpg,motorized_vehicle,1
train,00067537.jpg,single_unit_truck,2
train,00102742.jpg,car,2
train,00086646.jpg,car,5
train,00063806.jpg,bicycle,4
train,00091667.jpg,work_van,1
train,00079248.jpg,car,2
train,00022680.jpg,car,21
train,00013107.jpg,car,1
train,00053035.jpg,car,6
train,00022355.jpg,articulated_truck,1
train,00086860.jpg,car,1
train,00047071.jpg,car,1
train,00095802.jpg,car,8
train,00034555.jpg,pickup_truck,1
train,00065628.jpg,car,6
train,00046662.jpg,car,3
train,00074243.jpg,car,3
train,00004359.jpg,car,2
train,00076115.jpg,car,3
train,00030088.jpg,car,6
train,00062649.jpg,pickup_truck,1
train,00005252.jpg,car,3
train,00019291.jpg,pickup_truck,5
train,00102026.jpg,car,6
train,00025309.jpg,car,1
train,00023209.jpg,car,1
train,00026203.jpg,pickup_truck,3
train,00065433.jpg,car,1
train,00009290.jpg,car,2
train,00026399.jpg,car,1
train,00007593.jpg,pickup_truck,1
train,00001556.jpg,motorized_vehicle,2
train,00095631.jpg,car,2
train,00045592.jpg,car,17
train,00004854.jpg,pedestrian,2
train,00075380.jpg,work_van,1
train,00077048.jpg,car,4
train,00021697.jpg,car,5
train,00004271.jpg,car,6
train,00050991.jpg,car,1
train,00109389.jpg,bus,2
train,00108324.jpg,pickup_truck,2
train,00051207.jpg,car,4
train,00091005.jpg,work_van,1
train,00001380.jpg,car,2
train,00097883.jpg,car,1
train,00075879.jpg,car,18
train,00092537.jpg,car,1
train,00099673.jpg,car,3
train,00005477.jpg,car,2
train,00078068.jpg,car,3
train,00034417.jpg,car,5
train,00011625.jpg,single_unit_truck,1
train,00027961.jpg,car,4
train,00085491.jpg,car,2
train,00066363.jpg,car,2
train,00001761.jpg,car,2
train,00106406.jpg,car,6
train,00077898.jpg,car,1
train,00096980.jpg,car,2
train,00048630.jpg,car,9
train,00017454.jpg,car,3
train,00083328.jpg,car,8
train,00036352.jpg,car,2
train,00034985.jpg,car,2
train,00019543.jpg,car,1
train,00064903.jpg,bus,2
train,00104941.jpg,car,10
train,00038659.jpg,single_unit_truck,2
train,00081024.jpg,pickup_truck,4
train,00044071.jpg,car,3
train,00088181.jpg,car,1
train,00011210.jpg,car,1
train,00026454.jpg,car,1
train,00029120.jpg,car,1
train,00017279.jpg,motorized_vehicle,2
train,00088229.jpg,car,2
train,00106191.jpg,car,2
train,00020092.jpg,car,1
train,00032255.jpg,car,2
train,00022154.jpg,pickup_truck,1
train,00068455.jpg,car,1
train,00102208.jpg,car,2
train,00061129.jpg,car,1
train,00021216.jpg,car,2
train,00107573.jpg,car,3
train,00043797.jpg,car,2
train,00084080.jpg,motorized_vehicle,4
train,00102942.jpg,car,2
train,00101963.jpg,car,3
train,00017740.jpg,car,1
train,00023422.jpg,car,4
train,00087567.jpg,car,4
train,00039781.jpg,bicycle,3
train,00070986.jpg,car,2
train,00026380.jpg,car,3
train,00063469.jpg,car,1
train,00022370.jpg,car,6
train,00044046.jpg,articulated_truck,1
train,00065876.jpg,car,3
train,00086528.jpg,pickup_truck,5
train,00039764.jpg,car,5
train,00025173.jpg,articulated_truck,1
train,00006609.jpg,car,1
train,00056891.jpg,bus,2
train,00079201.jpg,car,1
train,00057791.jpg,car,1
train,00084126.jpg,car,2
train,00033527.jpg,car,1
train,00041328.jpg,car,6
train,00071722.jpg,car,1
train,00079360.jpg,car,3
train,00083565.jpg,car,3
train,00006009.jpg,car,3
train,00073155.jpg,pickup_truck,7
train,00058286.jpg,car,1
train,00007130.jpg,car,5
train,00033322.jpg,car,2
train,00047014.jpg,car,1
train,00096250.jpg,car,5
train,00011035.jpg,car,12
train,00049231.jpg,car,7
train,00087295.jpg,car,3
train,00026763.jpg,pickup_truck,3
train,00025872.jpg,motorized_vehicle,3
train,00065342.jpg,pickup_truck,1
train,00031989.jpg,pickup_truck,1
train,00103236.jpg,car,5
train,00029204.jpg,car,3
train,00084419.jpg,work_van,2
train,00056934.jpg,work_van,3
train,00068254.jpg,motorized_vehicle,3
train,00098507.jpg,motorized_vehicle,2
train,00086906.jpg,pickup_truck,3
train,00047064.jpg,car,5
train,00029464.jpg,car,5
train,00073987.jpg,articulated_truck,6
train,00034036.jpg,car,1
train,00003437.jpg,car,6
train,00033205.jpg,car,3
train,00009362.jpg,car,4
train,00025257.jpg,car,3
train,00018688.jpg,motorized_vehicle,3
train,00029834.jpg,car,1
train,00045822.jpg,car,3
train,00038249.jpg,car,6
train,00089453.jpg,car,5
train,00012107.jpg,car,3
train,00100025.jpg,car,10
train,00001237.jpg,car,3
train,00076634.jpg,car,6
train,00023803.jpg,car,4
train,00070812.jpg,car,2
train,00009245.jpg,pickup_truck,1
train,00038666.jpg,car,1
train,00092664.jpg,car,8
train,00032626.jpg,car,2
train,00029284.jpg,car,2
train,00032889.jpg,car,1
train,00043040.jpg,car,5
train,00075055.jpg,car,3
train,00031079.jpg,car,1
train,00098925.jpg,car,3
train,00070252.jpg,car,8
train,00015836.jpg,car,2
train,00035233.jpg,car,8
train,00022055.jpg,car,6
train,00060887.jpg,car,3
train,00028858.jpg,pickup_truck,1
train,00047402.jpg,car,2
train,00089328.jpg,car,1
train,00109480.jpg,car,9
train,00096431.jpg,pickup_truck,3
train,00104098.jpg,car,2
train,00086611.jpg,car,2
train,00109798.jpg,pickup_truck,2
train,00044155.jpg,bus,1
train,00044093.jpg,pickup_truck,2
train,00045283.jpg,car,5
train,00011186.jpg,car,2
train,00107909.jpg,car,3
train,00089585.jpg,car,1
train,00070605.jpg,car,3
train,00047352.jpg,pickup_truck,1
train,00005684.jpg,car,1
train,00081907.jpg,car,1
train,00042789.jpg,bus,1
train,00014503.jpg,car,7
train,00015366.jpg,car,5
train,00097961.jpg,car,2
train,00079747.jpg,car,8
train,00096867.jpg,car,1
train,00037832.jpg,car,1
train,00045170.jpg,car,2
train,00054616.jpg,car,2
train,00002882.jpg,car,1
train,00032450.jpg,car,3
train,00027522.jpg,car,2
train,00032455.jpg,car,2
train,00066565.jpg,bus,1
train,00098895.jpg,car,6
train,00090555.jpg,car,3
train,00009871.jpg,car,3
train,00001879.jpg,car,5
train,00104560.jpg,car,7
train,00038581.jpg,car,2
train,00040098.jpg,motorized_vehicle,7
train,00100885.jpg,car,6
train,00082600.jpg,car,6
train,00074783.jpg,car,2
train,00098495.jpg,car,2
train,00005582.jpg,car,3
train,00108340.jpg,pickup_truck,14
train,00066712.jpg,car,5
train,00101943.jpg,car,4
train,00063372.jpg,pickup_truck,2
train,00056066.jpg,car,4
train,00080947.jpg,car,3
train,00047540.jpg,car,3
train,00059207.jpg,car,7
train,00098107.jpg,car,4
train,00022071.jpg,motorized_vehicle,2
train,00045280.jpg,car,9
train,00098264.jpg,car,6
train,00101778.jpg,car,2
train,00028153.jpg,articulated_truck,1
train,00035972.jpg,car,3
train,00053244.jpg,motorized_vehicle,4
train,00051344.jpg,car,6
train,00102017.jpg,pedestrian,3
train,00011479.jpg,car,3
train,00024313.jpg,pickup_truck,1
train,00052613.jpg,car,2
train,00093933.jpg,pickup_truck,1
train,00022986.jpg,car,1
train,00021558.jpg,motorized_vehicle,2
train,00019256.jpg,car,2
train,00105929.jpg,pickup_truck,7
train,00110007.jpg,car,3
train,00105368.jpg,car,3
train,00022333.jpg,car,1
train,00078707.jpg,car,9
train,00039368.jpg,motorized_vehicle,2
train,00024693.jpg,car,5
train,00006997.jpg,work_van,2
train,00088417.jpg,car,8
train,00070551.jpg,car,1
train,00061720.jpg,car,2
train,00004670.jpg,car,6
train,00090266.jpg,car,4
train,00032290.jpg,car,2
train,00000834.jpg,car,1
train,00059234.jpg,car,1
train,00013799.jpg,bus,1
train,00062020.jpg,car,3
train,00060666.jpg,car,2
train,00022585.jpg,car,1
train,00086415.jpg,car,1
train,00037300.jpg,car,3
train,00019166.jpg,bicycle,1
train,00086829.jpg,car,1
train,00011858.jpg,car,1
train,00097387.jpg,pickup_truck,3
train,00061512.jpg,pedestrian,3
train,00094193.jpg,motorized_vehicle,3
train,00057483.jpg,motorized_vehicle,4
train,00011462.jpg,pickup_truck,2
train,00080779.jpg,car,3
train,00086925.jpg,car,4
train,00016936.jpg,pickup_truck,2
train,00097518.jpg,car,7
train,00070992.jpg,car,1
train,00030020.jpg,car,3
train,00033212.jpg,car,8
train,00103679.jpg,bus,2
train,00032533.jpg,car,2
train,00010273.jpg,car,3
train,00081897.jpg,car,2
train,00007601.jpg,car,9
train,00089154.jpg,single_unit_truck,2
train,00000210.jpg,motorized_vehicle,1
train,00045298.jpg,car,4
train,00074045.jpg,car,5
train,00006097.jpg,car,2
train,00055652.jpg,car,1
train,00008575.jpg,car,2
train,00076028.jpg,pickup_truck,4
train,00076209.jpg,car,2
train,00024013.jpg,car,4
train,00037104.jpg,car,1
train,00035663.jpg,pickup_truck,4
train,00030587.jpg,articulated_truck,1
train,00110092.jpg,car,2
train,00076100.jpg,car,2
train,00101603.jpg,bus,1
train,00007350.jpg,articulated_truck,3
train,00109814.jpg,car,4
train,00002357.jpg,pickup_truck,1
train,00061061.jpg,car,3
train,00066069.jpg,car,1
train,00058586.jpg,car,2
train,00018496.jpg,car,3
train,00055870.jpg,car,2
train,00016361.jpg,car,2
train,00052915.jpg,car,5
train,00038714.jpg,car,3
train,00091067.jpg,car,1
train,00083667.jpg,bus,1
train,00037449.jpg,car,1
train,00014997.jpg,car,15
train,00042574.jpg,car,3
train,00022563.jpg,car,2
train,00008722.jpg,pickup_truck,1
train,00087069.jpg,car,4
train,00062781.jpg,car,2
train,00024357.jpg,bus,2
train,00031440.jpg,car,2
train,00034007.jpg,car,2
train,00048453.jpg,articulated_truck,1
train,00031644.jpg,motorized_vehicle,2
train,00077351.jpg,pickup_truck,1
train,00095117.jpg,motorized_vehicle,3
train,00027524.jpg,car,1
train,00009807.jpg,car,3
train,00015873.jpg,car,2
train,00001620.jpg,pedestrian,2
train,00047787.jpg,car,4
train,00053252.jpg,motorized_vehicle,5
train,00001961.jpg,car,4
train,00006424.jpg,car,8
train,00001926.jpg,bicycle,2
train,00002394.jpg,pickup_truck,5
train,00070972.jpg,car,10
train,00022880.jpg,car,11
train,00073186.jpg,car,2
train,00053765.jpg,car,7
train,00076349.jpg,car,1
train,00040959.jpg,car,2
train,00106706.jpg,motorized_vehicle,4
train,00099446.jpg,car,6
train,00099376.jpg,motorized_vehicle,2
train,00026797.jpg,car,12
train,00076007.jpg,pickup_truck,1
train,00076109.jpg,car,1
train,00048746.jpg,car,5
train,00076925.jpg,car,6
train,00086017.jpg,pedestrian,12
train,00052860.jpg,car,1
train,00039844.jpg,car,1
train,00072767.jpg,car,8
train,00077576.jpg,car,5
train,00068241.jpg,pickup_truck,1
train,00001927.jpg,car,3
train,00098378.jpg,car,1
train,00098041.jpg,motorcycle,2
train,00055430.jpg,car,5
train,00038165.jpg,car,6
train,00061730.jpg,motorized_vehicle,1
train,00013066.jpg,car,1
train,00048478.jpg,car,1
train,00000475.jpg,pickup_truck,2
train,00105608.jpg,car,1
train,00039235.jpg,motorized_vehicle,6
train,00105317.jpg,bus,2
train,00061427.jpg,single_unit_truck,2
train,00001393.jpg,car,3
train,00046706.jpg,car,1
train,00104361.jpg,pickup_truck,1
train,00108387.jpg,car,2
train,00005856.jpg,pickup_truck,2
train,00102267.jpg,car,2
train,00002663.jpg,car,9
train,00061979.jpg,car,3
train,00069224.jpg,car,2
train,00051651.jpg,car,2
train,00005888.jpg,pickup_truck,1
train,00033159.jpg,car,1
train,00042099.jpg,car,3
train,00039412.jpg,single_unit_truck,1
train,00040553.jpg,car,1
train,00056508.jpg,non_motorized_vehicle,2
train,00093445.jpg,car,8
train,00028029.jpg,car,3
train,00080496.jpg,non_motorized_vehicle,2
train,00030090.jpg,car,5
train,00073486.jpg,motorized_vehicle,8
train,00077175.jpg,car,3
train,00108130.jpg,car,2
train,00051998.jpg,car,2
train,00016468.jpg,car,18
train,00073201.jpg,pedestrian,14
train,00000539.jpg,car,5
train,00097137.jpg,car,1
train,00088612.jpg,car,1
train,00022648.jpg,pickup_truck,1
train,00106774.jpg,pickup_truck,1
train,00013440.jpg,car,2
train,00091650.jpg,car,3
train,00030043.jpg,car,1
train,00038469.jpg,car,2
train,00070141.jpg,car,4
train,00024999.jpg,car,2
train,00013446.jpg,car,3
train,00106352.jpg,car,1
train,00095626.jpg,pickup_truck,3
train,00080072.jpg,motorized_vehicle,1
train,00036566.jpg,car,6
train,00099010.jpg,car,1
train,00019545.jpg,car,1
train,00009228.jpg,pickup_truck,1
train,00072260.jpg,pickup_truck,1
train,00015826.jpg,car,3
train,00092061.jpg,car,4
train,00041911.jpg,car,1
train,00041350.jpg,car,2
train,00015464.jpg,work_van,1
train,00109352.jpg,car,3
train,00013063.jpg,car,1
train,00029522.jpg,car,3
train,00064799.jpg,car,3
train,00093149.jpg,car,7
train,00095715.jpg,car,7
train,00027487.jpg,car,4
train,00061328.jpg,car,2
train,00051721.jpg,car,2
train,00093453.jpg,pickup_truck,1
train,00020035.jpg,car,1
train,00029913.jpg,car,7
train,00030194.jpg,car,4
train,00040538.jpg,car,1
train,00103643.jpg,car,4
train,00029076.jpg,car,5
train,00039030.jpg,car,2
train,00034140.jpg,car,5
train,00106995.jpg,work_van,4
train,00107579.jpg,car,5
train,00022085.jpg,motorized_vehicle,1
train,00000772.jpg,single_unit_truck,2
train,00071748.jpg,car,3
train,00054945.jpg,car,5
train,00005324.jpg,car,2
train,00062960.jpg,car,1
train,00087997.jpg,pickup_truck,1
train,00083539.jpg,bus,2
train,00068960.jpg,car,2
train,00057185.jpg,car,3
train,00110447.jpg,pickup_truck,1
train,00063899.jpg,car,5
train,00063822.jpg,pickup_truck,1
train,00029575.jpg,car,3
train,00029765.jpg,pickup_truck,1
train,00001498.jpg,car,3
train,00017657.jpg,car,3
train,00109046.jpg,car,8
train,00077361.jpg,car,7
train,00060728.jpg,pickup_truck,1
train,00020775.jpg,car,14
train,00041305.jpg,articulated_truck,1
train,00073568.jpg,car,3
train,00087079.jpg,work_van,2
train,00070897.jpg,car,3
train,00020244.jpg,car,4
train,00025645.jpg,pickup_truck,2
train,00053361.jpg,car,3
train,00007078.jpg,car,1
train,00007596.jpg,car,8
train,00058092.jpg,car,1
train,00068824.jpg,articulated_truck,1
train,00003982.jpg,pickup_truck,1
train,00085431.jpg,bus,1
train,00013666.jpg,car,2
train,00107447.jpg,car,4
train,00069441.jpg,car,3
train,00096531.jpg,single_unit_truck,2
train,00087723.jpg,car,2
train,00109030.jpg,pickup_truck,3
train,00026180.jpg,car,3
train,00082029.jpg,car,3
train,00029867.jpg,work_van,4
train,00052904.jpg,car,2
train,00091817.jpg,pickup_truck,2
train,00020760.jpg,pedestrian,7
train,00016643.jpg,bicycle,2
train,00096325.jpg,car,1
train,00107910.jpg,pickup_truck,2
train,00080484.jpg,articulated_truck,1
train,00053221.jpg,work_van,3
train,00042888.jpg,motorized_vehicle,1
train,00012821.jpg,car,1
train,00020267.jpg,car,2
train,00067264.jpg,pickup_truck,1
train,00051386.jpg,car,1
train,00020722.jpg,car,3
train,00083877.jpg,car,1
train,00108971.jpg,car,2
train,00087814.jpg,bus,1
train,00090615.jpg,car,24
train,00002263.jpg,car,11
train,00005271.jpg,bus,2
train,00098110.jpg,car,1
train,00051727.jpg,car,6
train,00107693.jpg,car,7
train,00046631.jpg,articulated_truck,1
train,00062772.jpg,car,5
train,00102130.jpg,car,3
train,00092661.jpg,car,4
train,00004498.jpg,car,5
train,00101203.jpg,pickup_truck,1
train,00041145.jpg,car,3
train,00008547.jpg,bus,1
train,00106709.jpg,pickup_truck,2
train,00005541.jpg,motorized_vehicle,2
train,00105937.jpg,pickup_truck,1
train,00037333.jpg,car,2
train,00055864.jpg,car,1
train,00009284.jpg,car,4
train,00033458.jpg,car,2
train,00064914.jpg,pickup_truck,1
train,00020946.jpg,bus,1
train,00005330.jpg,car,7
train,00000090.jpg,work_van,2
train,00026492.jpg,work_van,2
train,00101866.jpg,car,1
train,00095662.jpg,car,7
train,00051032.jpg,car,1
train,00004380.jpg,pickup_truck,2
train,00057015.jpg,car,1
train,00011299.jpg,pickup_truck,1
train,00101595.jpg,car,2
train,00048888.jpg,car,3
train,00018114.jpg,pickup_truck,2
train,00102553.jpg,car,4
train,00077379.jpg,car,2
train,00004541.jpg,pickup_truck,1
train,00054807.jpg,car,1
train,00094468.jpg,car,4
train,00065793.jpg,car,1
train,00101926.jpg,car,9
train,00032774.jpg,car,1
train,00100115.jpg,car,7
train,00026401.jpg,car,2
train,00103063.jpg,car,4
train,00051662.jpg,car,1
train,00036722.jpg,car,1
train,00090312.jpg,bicycle,2
train,00072565.jpg,car,6
train,00028205.jpg,articulated_truck,4
train,00096200.jpg,car,3
train,00050092.jpg,car,1
train,00052563.jpg,car,3
train,00042323.jpg,car,3
train,00027318.jpg,car,4
train,00006328.jpg,car,1
train,00094696.jpg,car,1
train,00031080.jpg,car,6
train,00051781.jpg,pickup_truck,1
train,00068588.jpg,bicycle,5
train,00050679.jpg,car,10
train,00072386.jpg,car,8
train,00088145.jpg,car,9
train,00076671.jpg,car,4
train,00028429.jpg,car,2
train,00074162.jpg,car,1
train,00072337.jpg,car,2
train,00083585.jpg,car,5
train,00081264.jpg,car,5
train,00097468.jpg,articulated_truck,2
train,00052800.jpg,car,1
train,00094755.jpg,car,4
train,00011208.jpg,car,3
train,00104078.jpg,car,2
train,00103476.jpg,car,4
train,00055246.jpg,pickup_truck,1
train,00068298.jpg,pickup_truck,6
train,00039422.jpg,motorized_vehicle,1
train,00057632.jpg,car,1
train,00095601.jpg,car,1
train,00051889.jpg,car,2
train,00089782.jpg,car,3
train,00042068.jpg,car,7
train,00100651.jpg,car,3
train,00108660.jpg,car,11
train,00025981.jpg,pickup_truck,2
train,00006103.jpg,pickup_truck,3
train,00014311.jpg,car,1
train,00066902.jpg,car,3
train,00024089.jpg,car,2
train,00024754.jpg,car,2
train,00109129.jpg,car,6
train,00078879.jpg,car,1
train,00010802.jpg,car,8
train,00094885.jpg,car,2
train,00097643.jpg,pickup_truck,1
train,00008153.jpg,pickup_truck,2
train,00016894.jpg,car,2
train,00041506.jpg,car,1
train,00098115.jpg,pedestrian,3
train,00091707.jpg,car,7
train,00010878.jpg,car,8
train,00002075.jpg,car,3
train,00048674.jpg,car,2
train,00097132.jpg,car,1
train,00028614.jpg,car,1
train,00071303.jpg,pickup_truck,1
train,00055447.jpg,car,1
train,00106195.jpg,car,2
train,00022320.jpg,car,1
train,00048085.jpg,car,2
train,00071774.jpg,car,1
train,00093947.jpg,car,1
train,00076213.jpg,car,8
train,00106268.jpg,car,5
train,00104725.jpg,car,6
train,00094452.jpg,car,1
train,00104895.jpg,car,7
train,00072024.jpg,pickup_truck,2
train,00082536.jpg,articulated_truck,1
train,00014222.jpg,pickup_truck,1
train,00095800.jpg,car,3
train,00078965.jpg,car,14
train,00069634.jpg,car,1
train,00006469.jpg,car,1
train,00063580.jpg,motorized_vehicle,2
train,00101976.jpg,motorized_vehicle,1
train,00012857.jpg,car,5
train,00043317.jpg,bicycle,3
train,00069984.jpg,car,2
train,00051045.jpg,car,1
train,00047111.jpg,car,1
train,00008100.jpg,pickup_truck,5
train,00025622.jpg,pickup_truck,2
train,00083557.jpg,car,2
train,00065243.jpg,car,17
train,00020672.jpg,car,1
train,00054659.jpg,car,3
train,00062361.jpg,car,2
train,00037609.jpg,car,1
train,00083907.jpg,car,1
train,00096501.jpg,car,6
train,00074821.jpg,car,3
train,00054759.jpg,car,1
train,00095463.jpg,work_van,2
train,00001212.jpg,articulated_truck,1
train,00096528.jpg,car,3
train,00006140.jpg,car,1
train,00066918.jpg,car,2
train,00044872.jpg,car,1
train,00097828.jpg,car,1
train,00104921.jpg,car,1
train,00082451.jpg,car,7
train,00018149.jpg,car,4
train,00109473.jpg,car,1
train,00022906.jpg,pickup_truck,2
train,00005939.jpg,car,1
train,00062582.jpg,car,2
train,00107055.jpg,bus,1
train,00038593.jpg,car,1
train,00012795.jpg,car,3
train,00014700.jpg,car,2
train,00051538.jpg,work_van,1
train,00022768.jpg,motorcycle,1
train,00057802.jpg,car,3
train,00034549.jpg,car,2
train,00096241.jpg,car,5
train,00102787.jpg,car,2
train,00038315.jpg,car,2
train,00038419.jpg,car,2
train,00024311.jpg,car,1
train,00075223.jpg,car,3
train,00074517.jpg,car,5
train,00048149.jpg,car,7
train,00103441.jpg,car,1
train,00083717.jpg,car,5
train,00060922.jpg,car,1
train,00000689.jpg,pickup_truck,1
train,00023313.jpg,car,1
train,00035254.jpg,car,2
train,00094678.jpg,car,2
train,00053637.jpg,bus,1
train,00103173.jpg,car,1
train,00041947.jpg,car,2
train,00048485.jpg,car,5
train,00043502.jpg,car,2
train,00021453.jpg,car,2
train,00001262.jpg,car,8
train,00070782.jpg,pickup_truck,2
train,00010293.jpg,car,9
train,00045541.jpg,car,2
train,00042016.jpg,car,1
train,00063709.jpg,car,3
train,00065905.jpg,pickup_truck,6
train,00071253.jpg,car,4
train,00080256.jpg,car,1
train,00024196.jpg,pickup_truck,5
train,00040896.jpg,car,1
train,00103079.jpg,car,1
train,00045025.jpg,car,1
train,00044661.jpg,motorized_vehicle,2
train,00037771.jpg,motorized_vehicle,2
train,00105702.jpg,work_van,2
train,00015190.jpg,car,4
train,00061490.jpg,car,3
train,00083375.jpg,car,2
train,00068537.jpg,car,1
train,00034302.jpg,single_unit_truck,2
train,00051004.jpg,car,5
train,00104073.jpg,car,2
train,00018762.jpg,car,2
train,00070244.jpg,motorized_vehicle,3
train,00045122.jpg,car,6
train,00089020.jpg,pickup_truck,2
train,00105279.jpg,car,6
train,00104315.jpg,car,3
train,00048582.jpg,car,2
train,00093174.jpg,motorized_vehicle,3
train,00033705.jpg,car,1
train,00075972.jpg,car,3
train,00066956.jpg,car,3
train,00013221.jpg,car,1
train,00109384.jpg,car,2
train,00091904.jpg,car,3
train,00048936.jpg,car,4
train,00088742.jpg,car,1
train,00108418.jpg,car,3
train,00030201.jpg,car,4
train,00059682.jpg,car,5
train,00101854.jpg,car,2
train,00005358.jpg,car,3
train,00100140.jpg,car,5
train,00057924.jpg,car,7
train,00017716.jpg,car,2
train,00104142.jpg,car,5
train,00060892.jpg,bicycle,7
train,00043313.jpg,car,1
train,00048901.jpg,car,1
train,00090826.jpg,car,1
train,00005377.jpg,bus,1
train,00011129.jpg,car,8
train,00007438.jpg,car,1
train,00068671.jpg,car,10
train,00099620.jpg,car,2
train,00082308.jpg,motorized_vehicle,1
train,00065384.jpg,pickup_truck,2
train,00079522.jpg,car,2
train,00069425.jpg,car,2
train,00022866.jpg,pedestrian,3
train,00015690.jpg,pickup_truck,1
train,00021678.jpg,car,1
train,00072400.jpg,car,4
train,00067352.jpg,articulated_truck,1
train,00104627.jpg,car,1
train,00012265.jpg,pickup_truck,10
train,00015717.jpg,car,3
train,00086679.jpg,car,1
train,00031859.jpg,car,3
train,00064572.jpg,car,4
train,00042939.jpg,car,1
train,00102813.jpg,pickup_truck,1
train,00074257.jpg,car,2
train,00109889.jpg,car,1
train,00083318.jpg,car,1
train,00096397.jpg,work_van,3
train,00059500.jpg,car,1
train,00005179.jpg,pickup_truck,1
train,00038572.jpg,car,4
train,00087007.jpg,pickup_truck,4
train,00087166.jpg,car,3
train,00044408.jpg,car,2
train,00001541.jpg,car,4
train,00021221.jpg,motorized_vehicle,2
train,00084318.jpg,car,3
train,00051054.jpg,car,1
train,00079171.jpg,car,2
train,00026297.jpg,car,3
train,00093957.jpg,car,2
train,00077589.jpg,car,4
train,00026250.jpg,car,1
train,00087899.jpg,motorized_vehicle,9
train,00055918.jpg,car,4
train,00061619.jpg,car,2
train,00088065.jpg,car,3
train,00090619.jpg,car,3
train,00092311.jpg,car,4
train,00070140.jpg,car,3
train,00078833.jpg,car,1
train,00005960.jpg,motorized_vehicle,1
train,00086889.jpg,car,5
train,00065997.jpg,bus,1
train,00058841.jpg,pickup_truck,1
train,00030078.jpg,car,3
train,00014596.jpg,car,2
train,00048666.jpg,car,4
train,00080529.jpg,car,2
train,00073558.jpg,pickup_truck,7
train,00086414.jpg,work_van,1
train,00006615.jpg,car,1
train,00071660.jpg,non_motorized_vehicle,4
train,00109347.jpg,car,3
train,00013277.jpg,car,4
train,00047338.jpg,bicycle,2
train,00032060.jpg,pickup_truck,1
train,00103915.jpg,car,2
train,00081267.jpg,car,1
train,00085059.jpg,car,2
train,00035387.jpg,articulated_truck,1
train,00089092.jpg,car,1
train,00102282.jpg,motorized_vehicle,2
train,00049978.jpg,articulated_truck,1
train,00033967.jpg,pickup_truck,4
train,00065559.jpg,pickup_truck,4
train,00028299.jpg,car,1
train,00003728.jpg,car,1
train,00071966.jpg,car,3
train,00026947.jpg,work_van,1
train,00081476.jpg,pickup_truck,7
train,00035259.jpg,car,1
train,00086269.jpg,car,3
train,00020767.jpg,car,1
train,00013823.jpg,car,8
train,00026814.jpg,car,13
train,00108420.jpg,car,2
train,00057353.jpg,motorized_vehicle,2
train,00093320.jpg,car,4
train,00033778.jpg,car,2
train,00020954.jpg,car,1
train,00012754.jpg,pickup_truck,1
train,00047773.jpg,car,1
train,00027248.jpg,car,1
train,00108332.jpg,car,4
train,00072080.jpg,car,1
train,00064766.jpg,motorized_vehicle,1
train,00023801.jpg,motorized_vehicle,2
train,00052480.jpg,car,3
train,00037765.jpg,car,3
train,00095249.jpg,car,6
train,00107741.jpg,car,23
train,00110302.jpg,pickup_truck,7
train,00040966.jpg,car,5
train,00092189.jpg,car,4
train,00015648.jpg,car,1
train,00026286.jpg,car,1
train,00046710.jpg,car,1
train,00048239.jpg,car,1
train,00099501.jpg,car,3
train,00096457.jpg,car,2
train,00061176.jpg,car,1
train,00092043.jpg,car,1
train,00044237.jpg,car,2
train,00004799.jpg,non_motorized_vehicle,2
train,00030999.jpg,work_van,1
train,00034966.jpg,motorized_vehicle,2
train,00078680.jpg,car,6
train,00025050.jpg,motorized_vehicle,2
train,00083276.jpg,car,4
train,00089343.jpg,car,1
train,00089361.jpg,articulated_truck,1
train,00060807.jpg,car,1
train,00038169.jpg,pickup_truck,5
train,00005883.jpg,pickup_truck,1
train,00016036.jpg,pedestrian,4
train,00001700.jpg,car,4
train,00091125.jpg,articulated_truck,1
train,00096334.jpg,car,2
train,00051778.jpg,car,3
train,00109145.jpg,car,1
train,00105975.jpg,car,5
train,00088640.jpg,car,6
train,00039117.jpg,motorized_vehicle,4
train,00082669.jpg,car,3
train,00099892.jpg,pickup_truck,1
train,00101056.jpg,car,3
train,00027393.jpg,car,3
train,00008172.jpg,car,1
train,00018407.jpg,car,3
train,00109109.jpg,car,4
train,00032891.jpg,car,8
train,00096782.jpg,car,1
train,00048721.jpg,car,1
train,00083942.jpg,pickup_truck,1
train,00022476.jpg,car,4
train,00104370.jpg,car,1
train,00090464.jpg,pickup_truck,1
train,00019854.jpg,car,1
train,00079894.jpg,car,3
train,00106393.jpg,car,1
train,00091468.jpg,car,3
train,00014635.jpg,car,2
train,00094021.jpg,car,4
train,00073358.jpg,motorized_vehicle,5
train,00041044.jpg,car,3
train,00083863.jpg,car,1
train,00075665.jpg,pickup_truck,1
train,00032832.jpg,car,8
train,00074845.jpg,car,1
train,00067486.jpg,car,6
train,00016569.jpg,car,1
train,00045477.jpg,car,4
train,00097698.jpg,car,5
train,00046042.jpg,motorized_vehicle,2
train,00085735.jpg,car,8
train,00045345.jpg,car,3
train,00069432.jpg,car,6
train,00000488.jpg,car,3
train,00019996.jpg,car,2
train,00070648.jpg,car,4
train,00069553.jpg,bus,2
train,00021181.jpg,pickup_truck,1
train,00036319.jpg,car,3
train,00005777.jpg,car,2
train,00095224.jpg,pickup_truck,2
train,00079235.jpg,car,2
train,00029159.jpg,motorized_vehicle,1
train,00003531.jpg,car,2
train,00028215.jpg,car,2
train,00059402.jpg,car,3
train,00029674.jpg,car,7
train,00089730.jpg,car,14
train,00087174.jpg,bus,3
train,00017612.jpg,motorcycle,1
train,00106408.jpg,work_van,1
train,00025016.jpg,car,3
train,00039527.jpg,car,3
train,00051785.jpg,pickup_truck,1
train,00021124.jpg,pickup_truck,2
train,00063433.jpg,pickup_truck,2
train,00035272.jpg,pickup_truck,2
train,00042512.jpg,pickup_truck,7
train,00094903.jpg,car,2
train,00101646.jpg,car,4
train,00107717.jpg,car,3
train,00056444.jpg,car,1
train,00056911.jpg,car,3
train,00027202.jpg,car,6
train,00073005.jpg,car,3
train,00043946.jpg,car,4
train,00098322.jpg,car,2
train,00025635.jpg,car,3
train,00086391.jpg,car,4
train,00051479.jpg,car,3
train,00103402.jpg,car,3
train,00023127.jpg,car,1
train,00022188.jpg,pickup_truck,2
train,00078763.jpg,car,1
train,00051831.jpg,car,9
train,00058989.jpg,car,2
train,00050561.jpg,car,1
train,00105768.jpg,pickup_truck,2
train,00096759.jpg,car,4
train,00068508.jpg,car,1
train,00079152.jpg,car,1
train,00100236.jpg,car,1
train,00023808.jpg,car,1
train,00028360.jpg,pickup_truck,2
train,00074562.jpg,car,3
train,00034781.jpg,pickup_truck,1
train,00103527.jpg,car,2
train,00079760.jpg,car,3
train,00026622.jpg,car,3
train,00080614.jpg,car,1
train,00076161.jpg,car,2
train,00007802.jpg,car,4
train,00090947.jpg,pickup_truck,4
train,00060565.jpg,pickup_truck,1
train,00015104.jpg,car,2
train,00002572.jpg,pickup_truck,4
train,00040371.jpg,pickup_truck,5
train,00000516.jpg,car,4
train,00106785.jpg,work_van,1
train,00087822.jpg,car,2
train,00097517.jpg,car,1
train,00077369.jpg,pickup_truck,1
train,00003435.jpg,car,3
train,00041100.jpg,bus,1
train,00061003.jpg,car,3
train,00026784.jpg,car,1
train,00089091.jpg,single_unit_truck,3
train,00071331.jpg,pickup_truck,2
train,00019704.jpg,car,4
train,00060798.jpg,car,3
train,00043773.jpg,car,2
train,00057510.jpg,car,14
train,00023864.jpg,car,4
train,00053542.jpg,car,2
train,00018778.jpg,car,5
train,00069019.jpg,car,1
train,00010094.jpg,pickup_truck,6
train,00003567.jpg,single_unit_truck,3
train,00098561.jpg,motorized_vehicle,1
train,00060682.jpg,car,1
train,00035335.jpg,bicycle,2
train,00071577.jpg,motorized_vehicle,1
train,00087236.jpg,pickup_truck,1
train,00070628.jpg,motorized_vehicle,4
train,00062401.jpg,motorized_vehicle,3
train,00090438.jpg,pickup_truck,1
train,00093561.jpg,car,6
train,00022584.jpg,car,4
train,00007791.jpg,car,3
train,00108335.jpg,bicycle,8
train,00097936.jpg,car,1
train,00104892.jpg,car,15
train,00109244.jpg,pickup_truck,1
train,00028207.jpg,articulated_truck,1
train,00069730.jpg,articulated_truck,2
train,00055518.jpg,car,1
train,00044622.jpg,articulated_truck,4
train,00073927.jpg,car,1
train,00092090.jpg,car,13
train,00006980.jpg,car,1
train,00084555.jpg,car,3
train,00062366.jpg,car,2
train,00109891.jpg,pickup_truck,3
train,00071993.jpg,car,10
train,00099526.jpg,car,6
train,00101365.jpg,car,1
train,00095415.jpg,motorized_vehicle,3
train,00087571.jpg,car,3
train,00087196.jpg,pickup_truck,1
train,00011477.jpg,car,3
train,00070409.jpg,car,5
train,00072613.jpg,bus,1
train,00024603.jpg,car,3
train,00014951.jpg,articulated_truck,5
train,00025047.jpg,car,1
train,00027045.jpg,pickup_truck,1
train,00086498.jpg,car,1
train,00041178.jpg,car,3
train,00057079.jpg,car,2
train,00091234.jpg,car,2
train,00035990.jpg,car,2
train,00098324.jpg,car,3
train,00087363.jpg,car,1
train,00001373.jpg,car,4
train,00006526.jpg,motorcycle,2
train,00050244.jpg,car,2
train,00050212.jpg,car,3
train,00067421.jpg,car,1
train,00077111.jpg,car,2
train,00109415.jpg,car,8
train,00018415.jpg,car,1
train,00011990.jpg,car,5
train,00020306.jpg,car,2
train,00087200.jpg,car,2
train,00088650.jpg,car,1
train,00028400.jpg,pickup_truck,1
train,00042105.jpg,car,3
train,00020423.jpg,car,1
train,00042680.jpg,car,5
train,00097463.jpg,single_unit_truck,1
train,00050836.jpg,car,4
train,00015080.jpg,car,1
train,00020854.jpg,car,2
train,00007787.jpg,motorcycle,1
train,00015091.jpg,pickup_truck,1
train,00101257.jpg,work_van,3
train,00108047.jpg,car,8
train,00036101.jpg,car,11
train,00004438.jpg,car,2
train,00042470.jpg,car,2
train,00043523.jpg,car,4
train,00110478.jpg,work_van,1
train,00087570.jpg,bus,1
train,00017554.jpg,car,6
train,00069241.jpg,car,1
train,00062060.jpg,pickup_truck,2
train,00028604.jpg,car,4
train,00056605.jpg,car,3
train,00006949.jpg,car,1
train,00032471.jpg,articulated_truck,2
train,00100243.jpg,car,1
train,00019591.jpg,pickup_truck,4
train,00027025.jpg,car,2
train,00065045.jpg,bus,4
train,00079678.jpg,pickup_truck,5
train,00050382.jpg,pickup_truck,3
train,00039018.jpg,car,2
train,00064761.jpg,car,5
train,00047162.jpg,car,1
train,00091821.jpg,car,1
train,00052182.jpg,car,3
train,00014921.jpg,car,1
train,00010276.jpg,pickup_truck,2
train,00036445.jpg,pickup_truck,1
train,00038094.jpg,car,1
train,00063945.jpg,car,7
train,00013418.jpg,car,1
train,00104634.jpg,car,4
train,00106125.jpg,car,5
train,00081204.jpg,articulated_truck,4
train,00065832.jpg,pickup_truck,1
train,00018569.jpg,car,2
train,00074272.jpg,bus,1
train,00022242.jpg,car,2
train,00106869.jpg,car,3
train,00058464.jpg,car,6
train,00081361.jpg,car,2
train,00036827.jpg,car,2
train,00077403.jpg,bus,1
train,00109608.jpg,car,1
train,00100441.jpg,car,1
train,00014823.jpg,pickup_truck,1
train,00077214.jpg,car,2
train,00034395.jpg,car,5
train,00106524.jpg,car,23
train,00093232.jpg,car,2
train,00068564.jpg,car,3
train,00095727.jpg,motorized_vehicle,1
train,00038971.jpg,bicycle,1
train,00105000.jpg,car,2
train,00019298.jpg,bus,2
train,00109774.jpg,pickup_truck,3
train,00042667.jpg,car,2
train,00065044.jpg,work_van,2
train,00061267.jpg,car,16
train,00015270.jpg,pickup_truck,3
train,00107281.jpg,pickup_truck,5
train,00108454.jpg,pickup_truck,2
train,00041129.jpg,car,1
train,00045336.jpg,pickup_truck,1
train,00032104.jpg,work_van,2
train,00024221.jpg,car,5
train,00084495.jpg,car,1
train,00033863.jpg,car,1
train,00080955.jpg,pickup_truck,1
train,00023451.jpg,pickup_truck,1
train,00005098.jpg,car,1
train,00071472.jpg,car,3
train,00002983.jpg,pickup_truck,2
train,00089447.jpg,car,3
train,00032985.jpg,car,1
train,00048204.jpg,pickup_truck,1
train,00105213.jpg,car,3
train,00002253.jpg,car,1
train,00109177.jpg,car,1
train,00013105.jpg,car,1
train,00029835.jpg,motorized_vehicle,4
train,00004288.jpg,car,2
train,00050663.jpg,car,10
train,00032036.jpg,articulated_truck,1
train,00029872.jpg,car,5
train,00101530.jpg,pickup_truck,1
train,00028898.jpg,pickup_truck,8
train,00050499.jpg,car,4
train,00022698.jpg,car,6
train,00022919.jpg,car,1
train,00097579.jpg,car,2
train,00020827.jpg,motorized_vehicle,2
train,00031745.jpg,car,5
train,00055632.jpg,motorized_vehicle,2
train,00043832.jpg,car,6
train,00103715.jpg,car,2
train,00012483.jpg,pickup_truck,2
train,00066107.jpg,motorcycle,2
train,00000850.jpg,car,5
train,00073036.jpg,car,1
train,00016292.jpg,car,4
train,00054876.jpg,car,4
train,00024884.jpg,car,2
train,00003834.jpg,car,3
train,00002086.jpg,pickup_truck,1
train,00093562.jpg,car,2
train,00013954.jpg,work_van,1
train,00007952.jpg,car,1
train,00017153.jpg,car,4
train,00098505.jpg,pickup_truck,4
train,00089230.jpg,car,1
train,00018349.jpg,bus,1
train,00031193.jpg,car,2
train,00017060.jpg,car,5
train,00095202.jpg,car,1
train,00102738.jpg,car,6
train,00105845.jpg,car,2
train,00073582.jpg,car,2
train,00032595.jpg,car,1
train,00056783.jpg,car,7
train,00006416.jpg,pickup_truck,3
train,00022097.jpg,car,18
train,00101505.jpg,car,3
train,00074727.jpg,car,3
train,00100144.jpg,car,3
train,00069804.jpg,car,3
train,00081453.jpg,pickup_truck,1
train,00095772.jpg,single_unit_truck,2
train,00034873.jpg,car,4
train,00029450.jpg,car,6
train,00058743.jpg,car,1
train,00057447.jpg,car,1
train,00035623.jpg,car,1
train,00104358.jpg,car,2
train,00041635.jpg,car,21
train,00071122.jpg,car,2
train,00017784.jpg,car,4
train,00061150.jpg,pickup_truck,1
train,00061822.jpg,pickup_truck,4
train,00070159.jpg,car,8
train,00090771.jpg,pickup_truck,3
train,00041171.jpg,motorized_vehicle,2
train,00076735.jpg,bus,1
train,00063635.jpg,car,5
train,00044919.jpg,car,1
train,00110056.jpg,car,4
train,00008992.jpg,car,4
train,00023012.jpg,work_van,1
train,00011391.jpg,pickup_truck,4
train,00034335.jpg,car,4
train,00043333.jpg,work_van,2
train,00048020.jpg,car,2
train,00005140.jpg,car,8
train,00000919.jpg,car,1
train,00079677.jpg,pickup_truck,1
train,00030993.jpg,car,5
train,00035194.jpg,motorized_vehicle,1
train,00050458.jpg,car,4
train,00015248.jpg,bus,1
train,00055668.jpg,car,3
train,00057433.jpg,car,1
train,00085136.jpg,car,4
train,00021287.jpg,car,2
train,00038928.jpg,bus,1
train,00081032.jpg,car,3
train,00004625.jpg,car,2
train,00006198.jpg,car,1
train,00054274.jpg,car,17
train,00050311.jpg,articulated_truck,1
train,00100705.jpg,car,3
train,00000881.jpg,car,5
train,00050847.jpg,motorized_vehicle,5
train,00020139.jpg,car,2
train,00015491.jpg,car,1
train,00075329.jpg,car,1
train,00068275.jpg,motorized_vehicle,1
train,00046172.jpg,car,5
train,00041651.jpg,pickup_truck,3
train,00040507.jpg,car,2
train,00094691.jpg,car,3
train,00068851.jpg,motorized_vehicle,4
train,00007396.jpg,car,5
train,00061536.jpg,car,7
train,00043518.jpg,car,7
train,00044230.jpg,car,3
train,00041053.jpg,car,2
train,00017897.jpg,car,1
train,00002420.jpg,pickup_truck,3
train,00042179.jpg,car,4
train,00057965.jpg,car,5
train,00021952.jpg,pickup_truck,7
train,00071635.jpg,car,2
train,00041735.jpg,pickup_truck,5
train,00081388.jpg,pickup_truck,2
train,00025533.jpg,car,3
train,00092868.jpg,car,5
train,00083033.jpg,work_van,3
train,00067005.jpg,car,3
train,00027593.jpg,pickup_truck,3
train,00096517.jpg,pickup_truck,2
train,00009867.jpg,car,2
train,00037488.jpg,car,3
train,00023819.jpg,car,3
train,00045922.jpg,car,6
train,00007403.jpg,motorized_vehicle,3
train,00109306.jpg,bus,1
train,00103005.jpg,pickup_truck,3
train,00020691.jpg,car,4
train,00026576.jpg,car,7
train,00052070.jpg,car,16
train,00030325.jpg,car,4
train,00038802.jpg,car,5
train,00096083.jpg,car,1
train,00063328.jpg,pickup_truck,2
train,00039280.jpg,work_van,1
train,00106309.jpg,car,1
train,00084192.jpg,pickup_truck,10
train,00103873.jpg,car,1
train,00081151.jpg,pickup_truck,1
train,00015397.jpg,car,2
train,00056689.jpg,car,1
train,00010316.jpg,pickup_truck,2
train,00054352.jpg,car,4
train,00043316.jpg,bicycle,2
train,00102573.jpg,motorized_vehicle,2
train,00023432.jpg,work_van,2
train,00010818.jpg,bus,1
train,00037380.jpg,car,1
train,00082707.jpg,car,1
train,00107383.jpg,bus,2
train,00029566.jpg,motorized_vehicle,2
train,00052673.jpg,pickup_truck,8
train,00021797.jpg,pickup_truck,2
train,00024505.jpg,car,5
train,00110524.jpg,motorized_vehicle,2
train,00037008.jpg,car,1
train,00048520.jpg,pickup_truck,3
train,00042350.jpg,pickup_truck,1
train,00104403.jpg,pickup_truck,1
train,00041093.jpg,car,2
train,00035789.jpg,car,5
train,00085453.jpg,car,2
train,00058518.jpg,car,5
train,00023068.jpg,car,2
train,00017494.jpg,car,4
train,00092623.jpg,car,3
train,00069980.jpg,motorized_vehicle,4
train,00034975.jpg,car,5
train,00008060.jpg,car,7
train,00015187.jpg,car,5
train,00026428.jpg,car,2
train,00045026.jpg,car,2
train,00007663.jpg,car,3
train,00009285.jpg,pickup_truck,1
train,00009355.jpg,single_unit_truck,3
train,00040745.jpg,work_van,1
train,00097874.jpg,pickup_truck,2
train,00012251.jpg,single_unit_truck,3
train,00096662.jpg,car,1
train,00072729.jpg,car,6
train,00078081.jpg,car,1
train,00050665.jpg,car,3
train,00071304.jpg,car,1
train,00096525.jpg,motorcycle,2
train,00022897.jpg,pickup_truck,2
train,00025246.jpg,car,2
train,00012716.jpg,car,4
train,00090521.jpg,pickup_truck,3
train,00069281.jpg,car,1
train,00095679.jpg,car,6
train,00040222.jpg,car,1
train,00040908.jpg,car,2
train,00017101.jpg,car,1
train,00001690.jpg,car,2
train,00045003.jpg,car,1
train,00045843.jpg,car,5
train,00030353.jpg,car,2
train,00001762.jpg,car,1
train,00084396.jpg,car,3
train,00101504.jpg,car,5
train,00085316.jpg,car,7
train,00072634.jpg,pickup_truck,3
train,00020710.jpg,car,2
train,00034504.jpg,car,2
train,00005797.jpg,car,4
train,00049166.jpg,pickup_truck,1
train,00027734.jpg,car,3
train,00043249.jpg,car,20
train,00009160.jpg,car,7
train,00050864.jpg,articulated_truck,2
train,00022511.jpg,car,1
train,00103344.jpg,car,4
train,00073617.jpg,car,8
train,00091139.jpg,car,4
train,00102360.jpg,car,4
train,00079166.jpg,car,2
train,00074725.jpg,pickup_truck,1
train,00028027.jpg,pickup_truck,2
train,00075103.jpg,car,3
train,00108395.jpg,car,5
train,00036607.jpg,car,2
train,00062693.jpg,pickup_truck,1
train,00048791.jpg,car,3
train,00107993.jpg,car,4
train,00002534.jpg,car,2
train,00034310.jpg,car,1
train,00106238.jpg,car,2
train,00027527.jpg,car,4
train,00093459.jpg,bus,3
train,00063658.jpg,car,1
train,00107593.jpg,car,2
train,00056010.jpg,pickup_truck,3
train,00014018.jpg,car,1
train,00060206.jpg,car,11
train,00095315.jpg,car,3
train,00011257.jpg,pickup_truck,1
train,00022976.jpg,bus,2
train,00019803.jpg,car,1
train,00057538.jpg,pickup_truck,2
train,00012506.jpg,car,17
train,00062673.jpg,pickup_truck,8
train,00045555.jpg,car,6
train,00083776.jpg,motorized_vehicle,2
train,00037325.jpg,articulated_truck,1
train,00043885.jpg,bus,2
train,00096078.jpg,pickup_truck,3
train,00030224.jpg,car,1
train,00067668.jpg,car,1
train,00005685.jpg,car,2
train,00062745.jpg,car,5
train,00079371.jpg,car,1
train,00055354.jpg,car,2
train,00081203.jpg,pickup_truck,1
train,00040556.jpg,car,1
train,00082350.jpg,car,2
train,00092693.jpg,motorized_vehicle,2
train,00110232.jpg,pickup_truck,1
train,00078783.jpg,car,2
train,00107298.jpg,car,2
train,00092703.jpg,car,2
val,00073636.jpg,car,3
val,00014579.jpg,pickup_truck,6
val,00087140.jpg,car,4
val,00006602.jpg,car,1
val,00070357.jpg,car,4
val,00085070.jpg,bus,2
val,00099669.jpg,car,4
val,00056070.jpg,car,2
val,00109601.jpg,pickup_truck,1
val,00039069.jpg,car,4
val,00026642.jpg,car,1
val,00086047.jpg,car,2
val,00079249.jpg,car,6
val,00001326.jpg,car,4
val,00093207.jpg,car,7
val,00102224.jpg,car,23
val,00034198.jpg,car,1
val,00033437.jpg,car,5
val,00064327.jpg,bus,1
val,00035181.jpg,car,2
val,00068477.jpg,car,4
val,00067499.jpg,car,4
val,00103589.jpg,pickup_truck,2
val,00039061.jpg,car,1
val,00068173.jpg,car,6
val,00043784.jpg,car,1
val,00086659.jpg,articulated_truck,2
val,00092004.jpg,car,11
val,00098972.jpg,car,1
val,00050788.jpg,car,1
val,00047273.jpg,pickup_truck,1
val,00036614.jpg,pickup_truck,2
val,00084497.jpg,car,2
val,00100932.jpg,pickup_truck,2
val,00082401.jpg,car,4
val,00065069.jpg,car,4
val,00048844.jpg,pickup_truck,1
val,00012712.jpg,car,8
val,00101508.jpg,car,1
val,00012581.jpg,car,4
val,00035015.jpg,motorized_vehicle,8
val,00008798.jpg,pickup_truck,2
val,00094196.jpg,car,1
val,00074639.jpg,car,6
val,00017909.jpg,car,8
val,00064891.jpg,car,10
val,00036027.jpg,car,1
val,00023928.jpg,pickup_truck,4
val,00043145.jpg,car,1
val,00028947.jpg,car,1
val,00057954.jpg,car,8
val,00095362.jpg,pickup_truck,2
val,00004773.jpg,pickup_truck,1
val,00059999.jpg,car,2
val,00000750.jpg,car,3
val,00071065.jpg,motorized_vehicle,1
val,00104028.jpg,car,3
val,00005641.jpg,car,8
val,00100589.jpg,car,12
val,00087778.jpg,motorized_vehicle,1
val,00000492.jpg,car,1
val,00001715.jpg,car,2
val,00037775.jpg,car,4
val,00004524.jpg,motorized_vehicle,4
val,00016785.jpg,pickup_truck,1
val,00072995.jpg,pickup_truck,6
val,00094917.jpg,car,2
val,00109598.jpg,car,1
val,00013942.jpg,car,2
val,00058759.jpg,car,1
val,00064016.jpg,car,2
val,00015385.jpg,car,5
val,00013557.jpg,car,4
val,00015849.jpg,articulated_truck,2
val,00073986.jpg,car,7
val,00073647.jpg,car,2
val,00060255.jpg,car,3
val,00093466.jpg,car,2
val,00006409.jpg,car,3
val,00048834.jpg,single_unit_truck,6
val,00028585.jpg,car,2
val,00029754.jpg,pickup_truck,5
val,00037197.jpg,car,5
val,00102315.jpg,car,3
val,00073439.jpg,car,1
val,00006216.jpg,car,4
val,00051823.jpg,car,18
val,00026924.jpg,car,5
val,00026686.jpg,car,4
val,00025376.jpg,car,2
val,00026603.jpg,motorcycle,5
val,00036979.jpg,car,3
val,00098258.jpg,car,2
val,00066532.jpg,car,1
val,00084347.jpg,car,4
val,00075745.jpg,car,2
val,00080664.jpg,car,1
val,00063459.jpg,articulated_truck,3
val,00094227.jpg,car,4
val,00068656.jpg,car,3
val,00002851.jpg,motorized_vehicle,2
val,00047138.jpg,articulated_truck,1
val,00045738.jpg,motorized_vehicle,5
val,00062219.jpg,car,3
val,00108062.jpg,car,2
val,00069886.jpg,car,3
val,00031829.jpg,pickup_truck,1
val,00026494.jpg,car,3
val,00055343.jpg,car,2
val,00020258.jpg,car,4
val,00024743.jpg,car,7
val,00095545.jpg,car,5
val,00105124.jpg,car,1
val,00089334.jpg,car,6
val,00044825.jpg,pickup_truck,2
val,00019555.jpg,motorized_vehicle,7
val,00097790.jpg,car,1
val,00032805.jpg,car,5
val,00073588.jpg,pedestrian,2
val,00068217.jpg,motorcycle,1
val,00012348.jpg,car,3
val,00022232.jpg,articulated_truck,1
val,00010577.jpg,car,1
val,00058596.jpg,articulated_truck,3
val,00107364.jpg,pickup_truck,1
val,00088645.jpg,work_van,2
val,00101494.jpg,car,1
val,00090341.jpg,work_van,1
val,00032706.jpg,pickup_truck,4
val,00093235.jpg,car,7
val,00078254.jpg,car,3
val,00046882.jpg,pickup_truck,2
val,00069073.jpg,car,1
val,00015875.jpg,pickup_truck,2
val,00082500.jpg,articulated_truck,1
val,00106671.jpg,car,5
val,00095412.jpg,car,1
val,00095019.jpg,car,1
val,00038041.jpg,car,3
val,00093568.jpg,car,3
val,00104195.jpg,car,1
val,00089322.jpg,car,3
val,00036116.jpg,car,1
val,00018936.jpg,car,1
val,00037631.jpg,car,1
val,00047333.jpg,car,1
val,00090090.jpg,car,5
val,00048324.jpg,pickup_truck,4
val,00043362.jpg,car,1
val,00061902.jpg,car,3
val,00070257.jpg,car,5
val,00039993.jpg,car,9
val,00085947.jpg,car,1
val,00062537.jpg,pickup_truck,3
val,00072601.jpg,car,2
val,00099424.jpg,car,2
val,00049079.jpg,car,3
val,00036476.jpg,pickup_truck,1
val,00012253.jpg,pickup_truck,1
val,00078662.jpg,pickup_truck,1
val,00052286.jpg,car,6
val,00032353.jpg,car,3
val,00051228.jpg,car,3
val,00101415.jpg,car,4
val,00098827.jpg,car,4
val,00048134.jpg,car,3
val,00003227.jpg,bus,2
val,00011072.jpg,motorized_vehicle,2
val,00033658.jpg,articulated_truck,1
val,00075018.jpg,motorized_vehicle,4
val,00029643.jpg,bicycle,1
val,00013969.jpg,car,2
val,00017246.jpg,car,3
val,00005419.jpg,car,10
val,00059790.jpg,bus,2
val,00051026.jpg,car,5
val,00054847.jpg,car,1
val,00045135.jpg,pickup_truck,1
val,00084260.jpg,car,3
val,00000061.jpg,car,1
val,00008488.jpg,pedestrian,2
val,00020622.jpg,car,1
val,00062204.jpg,car,1
val,00014227.jpg,pedestrian,2
val,00065954.jpg,car,5
val,00042456.jpg,car,5
val,00093571.jpg,car,11
val,00013735.jpg,car,1
val,00006015.jpg,pickup_truck,1
val,00031391.jpg,motorized_vehicle,5
val,00001203.jpg,car,5
val,00053557.jpg,pickup_truck,3
val,00065075.jpg,car,10
val,00075758.jpg,car,1
val,00015549.jpg,car,4
val,00035494.jpg,car,5
val,00101016.jpg,work_van,1
val,00095419.jpg,car,3
val,00093504.jpg,car,5
val,00020045.jpg,car,2
val,00053124.jpg,car,2
val,00066197.jpg,car,8
val,00032115.jpg,car,3
val,00032359.jpg,car,1
val,00005690.jpg,car,1
val,00050783.jpg,car,4
val,00070147.jpg,car,10
val,00059255.jpg,bus,1
val,00101340.jpg,articulated_truck,1
val,00031354.jpg,car,8
val,00084393.jpg,car,2
val,00043004.jpg,bus,1
val,00004933.jpg,car,2
val,00042856.jpg,pickup_truck,1
val,00083316.jpg,car,1
val,00037782.jpg,bus,2
val,00018445.jpg,car,5
val,00030161.jpg,pickup_truck,1
val,00048756.jpg,pickup_truck,2
val,00081764.jpg,pickup_truck,1
val,00061545.jpg,motorized_vehicle,5
val,00009954.jpg,car,2
val,00043288.jpg,car,1
val,00064541.jpg,car,2
val,00029289.jpg,motorized_vehicle,5
val,00070612.jpg,car,2
val,00082070.jpg,car,2
val,00019461.jpg,pickup_truck,1
val,00036509.jpg,pickup_truck,1
val,00032326.jpg,bus,2
val,00087122.jpg,pickup_truck,1
val,00004093.jpg,car,2
val,00040687.jpg,car,3
val,00036205.jpg,car,9
val,00044832.jpg,car,4
val,00059042.jpg,pickup_truck,1
val,00049330.jpg,car,2
val,00087367.jpg,car,3
val,00055785.jpg,articulated_truck,1
val,00104523.jpg,car,5
val,00049947.jpg,pickup_truck,1
val,00082204.jpg,car,2
val,00010267.jpg,car,7
val,00033908.jpg,pickup_truck,3
val,00008137.jpg,car,1
val,00029636.jpg,pickup_truck,4
val,00003987.jpg,car,5
val,00094769.jpg,pickup_truck,2
val,00105767.jpg,car,4
val,00071804.jpg,car,2
val,00107630.jpg,car,3
val,00036336.jpg,car,1
val,00055774.jpg,car,1
val,00071751.jpg,car,3
val,00050146.jpg,car,30
val,00006533.jpg,car,1
val,00022852.jpg,car,7
val,00045621.jpg,pickup_truck,2
val,00095657.jpg,car,1
val,00031622.jpg,work_van,2
val,00079300.jpg,car,3
val,00098669.jpg,car,3
val,00060628.jpg,car,1
val,00025820.jpg,motorized_vehicle,1
val,00060443.jpg,car,4
val,00023873.jpg,car,3
val,00014747.jpg,car,2
val,00017759.jpg,bus,1
val,00090206.jpg,car,4
val,00052007.jpg,car,6
val,00085367.jpg,car,1
val,00028270.jpg,car,3
val,00099559.jpg,car,2
val,00045914.jpg,car,29
val,00029890.jpg,car,1
val,00032823.jpg,car,2
val,00064836.jpg,car,6
val,00025811.jpg,car,5
val,00063787.jpg,car,3
val,00002036.jpg,car,1
val,00066760.jpg,motorized_vehicle,2
val,00013949.jpg,pickup_truck,3
val,00025032.jpg,car,4
val,00075108.jpg,pickup_truck,5
val,00067489.jpg,car,2
val,00053366.jpg,articulated_truck,1
val,00029161.jpg,pickup_truck,1
val,00091490.jpg,car,1
val,00038675.jpg,car,5
val,00004152.jpg,car,17
val,00077682.jpg,car,2
val,00101492.jpg,car,5
val,00097596.jpg,motorized_vehicle,2
val,00075893.jpg,pickup_truck,1
val,00075531.jpg,articulated_truck,1
val,00108743.jpg,motorized_vehicle,2
val,00013245.jpg,car,4
val,00023849.jpg,non_motorized_vehicle,3
val,00092322.jpg,car,1
val,00031332.jpg,pickup_truck,4
val,00014468.jpg,car,2
val,00107490.jpg,bus,1
val,00036427.jpg,car,2
val,00065248.jpg,car,2
val,00061954.jpg,car,4
val,00044344.jpg,car,13
val,00074043.jpg,car,2
val,00022574.jpg,work_van,2
val,00039538.jpg,car,1
val,00078726.jpg,bicycle,2
val,00091316.jpg,car,1
val,00068307.jpg,car,2
val,00033876.jpg,work_van,1
val,00008552.jpg,car,1
val,00033817.jpg,car,3
val,00055406.jpg,car,2
val,00031729.jpg,pickup_truck,3
val,00053845.jpg,car,8
val,00109579.jpg,car,1
val,00039231.jpg,motorized_vehicle,8
val,00046862.jpg,car,2
val,00009457.jpg,car,1
val,00070358.jpg,motorized_vehicle,4
val,00031726.jpg,car,2
val,00073043.jpg,motorized_vehicle,1
val,00102206.jpg,motorized_vehicle,2
val,00015671.jpg,pickup_truck,1
val,00035801.jpg,motorized_vehicle,1
val,00017963.jpg,pickup_truck,5
val,00067897.jpg,pickup_truck,3
val,00046611.jpg,car,1
val,00076408.jpg,car,4
val,00018008.jpg,car,2
val,00072274.jpg,car,2
val,00040783.jpg,car,3
val,00032462.jpg,pickup_truck,1
val,00020913.jpg,car,1
val,00067059.jpg,pickup_truck,3
val,00045270.jpg,pickup_truck,1
val,00028053.jpg,car,6
val,00034346.jpg,car,7
val,00079845.jpg,car,3
val,00101543.jpg,bus,2
val,00060619.jpg,car,8
val,00017742.jpg,car,1
val,00061800.jpg,car,7
val,00097630.jpg,car,7
val,00066418.jpg,car,4
val,00048320.jpg,car,1
val,00053574.jpg,pickup_truck,1
val,00104289.jpg,pickup_truck,1
val,00082530.jpg,car,9
val,00036604.jpg,car,2
val,00033128.jpg,bus,2
val,00010976.jpg,car,4
val,00002058.jpg,car,3
val,00104791.jpg,pickup_truck,2
val,00099482.jpg,pickup_truck,1
val,00054816.jpg,car,3
val,00097423.jpg,car,3
val,00108977.jpg,car,6
val,00028494.jpg,car,1
val,00102872.jpg,car,3
val,00108241.jpg,car,3
val,00046277.jpg,car,3
val,00067976.jpg,car,1
val,00067069.jpg,car,1
val,00007891.jpg,car,6
val,00068992.jpg,pickup_truck,1
val,00091254.jpg,motorized_vehicle,2
val,00048828.jpg,pickup_truck,10
val,00049451.jpg,car,2
val,00020879.jpg,car,19
val,00021190.jpg,articulated_truck,1
val,00063269.jpg,car,8
val,00060775.jpg,car,1
val,00044294.jpg,car,4
val,00104733.jpg,car,1
val,00021499.jpg,car,3
val,00030609.jpg,car,2
val,00084184.jpg,car,5
val,00031959.jpg,car,1
val,00082534.jpg,car,3
val,00001506.jpg,car,1
val,00051937.jpg,car,1
val,00075948.jpg,car,3
val,00084476.jpg,car,1
val,00078155.jpg,car,3
val,00088427.jpg,car,4
val,00109355.jpg,pickup_truck,1
val,00094047.jpg,car,2
val,00104630.jpg,pickup_truck,2
val,00089331.jpg,car,6
val,00052083.jpg,car,1
val,00070387.jpg,motorcycle,1
val,00101692.jpg,pickup_truck,1
val,00107779.jpg,pedestrian,4
val,00036175.jpg,single_unit_truck,2
val,00090117.jpg,car,1
val,00088823.jpg,car,2
val,00094782.jpg,single_unit_truck,2
val,00019277.jpg,pickup_truck,3
val,00039755.jpg,car,4
val,00028102.jpg,car,4
val,00100673.jpg,car,4
val,00083581.jpg,pickup_truck,4
val,00032243.jpg,car,5
val,00026261.jpg,car,3
val,00091787.jpg,car,3
val,00104322.jpg,car,2
val,00001685.jpg,pickup_truck,2
val,00034426.jpg,car,1
val,00087960.jpg,car,1
val,00010348.jpg,car,4
val,00042869.jpg,pickup_truck,2
val,00024479.jpg,pickup_truck,1
val,00061921.jpg,car,6
val,00039195.jpg,car,7
val,00056324.jpg,motorized_vehicle,5
val,00018522.jpg,car,2
val,00005635.jpg,car,1
val,00012442.jpg,car,2
val,00075138.jpg,pickup_truck,3
val,00026733.jpg,car,4
val,00019582.jpg,car,4
val,00101965.jpg,car,2
val,00022470.jpg,car,6
val,00079414.jpg,pickup_truck,3
val,00092341.jpg,car,9
val,00014490.jpg,car,6
val,00046355.jpg,car,1
val,00053892.jpg,car,4
val,00080435.jpg,single_unit_truck,1
val,00069190.jpg,motorized_vehicle,2
val,00073776.jpg,car,14
val,00100255.jpg,pickup_truck,3
val,00071988.jpg,car,14
val,00070537.jpg,pickup_truck,5
val,00059097.jpg,car,3
val,00045742.jpg,car,5
val,00091879.jpg,car,3
val,00006515.jpg,car,4
val,00042078.jpg,car,5
val,00054633.jpg,car,5
val,00087681.jpg,pickup_truck,7
val,00041864.jpg,pickup_truck,1
val,00027280.jpg,car,1
val,00027440.jpg,car,7
val,00027353.jpg,car,2
val,00006346.jpg,car,4
val,00039933.jpg,motorized_vehicle,1
val,00062924.jpg,car,1
val,00012404.jpg,car,1
val,00070224.jpg,bus,1
val,00071844.jpg,car,3
val,00093808.jpg,car,1
val,00087874.jpg,car,1
val,00108369.jpg,car,1
val,00054570.jpg,pedestrian,17
val,00089438.jpg,bus,2
val,00091113.jpg,car,1
val,00063510.jpg,car,2
val,00055803.jpg,bus,1
val,00087410.jpg,car,2
val,00001332.jpg,car,3
val,00049565.jpg,bus,2
val,00104440.jpg,car,1
val,00081576.jpg,car,6
val,00046353.jpg,car,4
val,00001832.jpg,motorized_vehicle,2
val,00074552.jpg,car,21
val,00007820.jpg,car,3
val,00014978.jpg,pickup_truck,3
val,00098217.jpg,car,1
val,00058853.jpg,car,4
val,00071761.jpg,articulated_truck,1
val,00030895.jpg,car,1
val,00075810.jpg,car,1
val,00033013.jpg,pickup_truck,3
val,00044890.jpg,bus,3
val,00071930.jpg,car,2
val,00095677.jpg,pickup_truck,3
val,00021872.jpg,car,1
val,00059430.jpg,car,6
val,00094686.jpg,car,1
val,00084185.jpg,pickup_truck,2
val,00099486.jpg,car,1
val,00077656.jpg,car,2
val,00024946.jpg,car,5
val,00047104.jpg,car,4
val,00049896.jpg,car,1
val,00018308.jpg,single_unit_truck,1
val,00046741.jpg,car,1
val,00104346.jpg,car,2
val,00005993.jpg,car,3
val,00100018.jpg,pickup_truck,1
val,00072685.jpg,car,5
val,00047414.jpg,car,3
val,00093186.jpg,car,3
val,00101119.jpg,car,1
val,00034171.jpg,car,2
val,00091045.jpg,car,2
val,00016304.jpg,car,1
val,00062713.jpg,pickup_truck,1
val,00098061.jpg,car,1
val,00083869.jpg,car,5
val,00109595.jpg,car,15
val,00079464.jpg,bus,1
val,00081690.jpg,car,3
val,00102047.jpg,car,1
val,00012914.jpg,pickup_truck,1
val,00056216.jpg,car,3
val,00072741.jpg,articulated_truck,5
val,00016658.jpg,car,1
val,00095157.jpg,car,4
val,00038513.jpg,pickup_truck,1
val,00099314.jpg,pickup_truck,5
val,00079809.jpg,motorized_vehicle,2
val,00074808.jpg,car,7
val,00034194.jpg,car,1
val,00040006.jpg,car,1
val,00005129.jpg,pickup_truck,2
val,00053987.jpg,pedestrian,4
val,00056912.jpg,car,6
val,00022457.jpg,pickup_truck,1
val,00089607.jpg,car,2
val,00046451.jpg,motorized_vehicle,2
val,00085487.jpg,pickup_truck,1
val,00044770.jpg,motorized_vehicle,2
val,00006254.jpg,car,1
val,00068965.jpg,work_van,2
val,00068435.jpg,car,15
val,00042154.jpg,car,1
val,00026829.jpg,pickup_truck,1
val,00016388.jpg,car,1
val,00057398.jpg,car,5
val,00098526.jpg,pickup_truck,2
val,00022426.jpg,car,1
val,00034164.jpg,car,15
val,00035548.jpg,car,2
val,00074184.jpg,car,5
val,00065825.jpg,car,1
val,00067235.jpg,motorized_vehicle,5
val,00015245.jpg,car,2
val,00068650.jpg,car,7
val,00032627.jpg,car,3
val,00015790.jpg,car,6
val,00057049.jpg,work_van,2
val,00058396.jpg,car,4
val,00021946.jpg,bus,1
val,00105766.jpg,car,3
val,00076902.jpg,work_van,1
val,00041836.jpg,bus,2
val,00005339.jpg,car,8
val,00055833.jpg,car,8
val,00039659.jpg,car,2
val,00054716.jpg,car,2
val,00088349.jpg,pickup_truck,6
val,00011744.jpg,car,3
val,00017503.jpg,car,5
val,00079107.jpg,car,1
val,00058337.jpg,car,3
val,00089962.jpg,car,2
val,00027689.jpg,car,1
val,00105487.jpg,car,1
val,00033178.jpg,car,5
val,00025444.jpg,car,1
val,00061100.jpg,car,1
val,00029904.jpg,car,5
val,00065387.jpg,pickup_truck,6
val,00040931.jpg,articulated_truck,1
val,00099009.jpg,bus,1
val,00041108.jpg,car,3
val,00064086.jpg,car,10
val,00028698.jpg,motorcycle,3
val,00032791.jpg,car,3
val,00004794.jpg,pickup_truck,1
val,00033716.jpg,car,4
val,00008199.jpg,car,1
val,00029122.jpg,car,9
val,00036539.jpg,bicycle,2
val,00019364.jpg,car,1
val,00079949.jpg,articulated_truck,2
val,00039508.jpg,car,4
val,00041622.jpg,car,5
val,00074319.jpg,car,13
val,00085809.jpg,motorized_vehicle,2
val,00001888.jpg,pickup_truck,1
val,00104929.jpg,car,9
val,00088670.jpg,car,2
val,00104786.jpg,bus,1
val,00101209.jpg,car,2
val,00106820.jpg,car,2
val,00079592.jpg,car,2
val,00004235.jpg,car,5
val,00003741.jpg,car,2
val,00046290.jpg,car,3
val,00071955.jpg,motorized_vehicle,2
val,00099017.jpg,car,1
val,00014740.jpg,car,1
val,00106686.jpg,car,14
val,00026265.jpg,car,4
val,00071258.jpg,pickup_truck,1
val,00108286.jpg,car,1
val,00071650.jpg,car,1
val,00084531.jpg,articulated_truck,3
val,00007370.jpg,car,1
val,00061926.jpg,car,2
val,00014039.jpg,car,4
val,00081144.jpg,car,1
val,00044495.jpg,bicycle,1
val,00031050.jpg,car,17
val,00040045.jpg,car,2
val,00032460.jpg,car,2
val,00030115.jpg,car,1
val,00101314.jpg,car,1
val,00074824.jpg,car,3
val,00072978.jpg,car,1
val,00060667.jpg,car,2
val,00105520.jpg,motorized_vehicle,3
val,00075338.jpg,car,3
val,00072210.jpg,bus,2
val,00077675.jpg,car,1
val,00001317.jpg,car,1
val,00055319.jpg,car,8
val,00007357.jpg,car,2
val,00101410.jpg,car,15
val,00056549.jpg,car,5
val,00007277.jpg,work_van,1
val,00013104.jpg,car,1
val,00034687.jpg,car,1
val,00024312.jpg,car,2
val,00001887.jpg,car,3
val,00030720.jpg,car,1
val,00000966.jpg,car,4
val,00105400.jpg,bus,7
val,00070643.jpg,car,7
val,00049401.jpg,car,7
val,00009110.jpg,car,2
val,00031100.jpg,car,4
val,00065023.jpg,bus,1
val,00027605.jpg,bus,3
val,00024830.jpg,car,4
val,00079686.jpg,car,1
val,00073423.jpg,articulated_truck,1
val,00068499.jpg,car,4
val,00033447.jpg,car,3
val,00102874.jpg,car,3
val,00042049.jpg,bus,1
val,00067326.jpg,car,5
val,00097217.jpg,car,5
val,00009980.jpg,work_van,1
val,00023786.jpg,car,2
val,00096204.jpg,car,4
val,00097204.jpg,car,5
val,00070800.jpg,car,3
val,00050810.jpg,car,1
val,00059897.jpg,car,1
val,00079623.jpg,bus,3
val,00009011.jpg,car,7
val,00038779.jpg,car,4
val,00037888.jpg,car,5
val,00092751.jpg,car,3
val,00090850.jpg,car,5
val,00052694.jpg,car,5
val,00055028.jpg,car,4
val,00092906.jpg,car,1
val,00084764.jpg,car,3
val,00007790.jpg,car,3
val,00084296.jpg,bus,1
val,00051680.jpg,car,3
val,00064255.jpg,car,4
val,00019786.jpg,car,3
val,00038392.jpg,car,2
val,00048831.jpg,car,1
val,00039416.jpg,motorized_vehicle,8
val,00044670.jpg,car,1
val,00106503.jpg,car,2
val,00055970.jpg,car,14
val,00016904.jpg,car,3
val,00102539.jpg,car,3
val,00107897.jpg,car,4
val,00035871.jpg,motorized_vehicle,6
val,00001608.jpg,car,1
val,00024084.jpg,work_van,1
val,00052972.jpg,car,3
val,00013707.jpg,car,1
val,00051670.jpg,car,3
val,00026150.jpg,car,2
val,00078015.jpg,pickup_truck,2
val,00006979.jpg,pickup_truck,1
val,00075611.jpg,car,3
val,00077735.jpg,car,3
val,00045254.jpg,car,1
val,00062580.jpg,car,2
val,00058186.jpg,car,2
val,00033069.jpg,articulated_truck,4
val,00011002.jpg,car,3
val,00093727.jpg,pickup_truck,2
val,00085133.jpg,pickup_truck,3
val,00041062.jpg,car,1
val,00063239.jpg,car,3
val,00086908.jpg,car,5
val,00078044.jpg,pedestrian,4
val,00026779.jpg,car,2
val,00039288.jpg,motorized_vehicle,2
val,00000024.jpg,car,1
val,00058270.jpg,car,2
val,00094962.jpg,car,7
val,00055414.jpg,car,2
val,00018754.jpg,car,1
val,00083766.jpg,pickup_truck,1
val,00074375.jpg,car,2
val,00088169.jpg,car,3
val,00018474.jpg,pickup_truck,4
val,00030394.jpg,car,1
val,00034139.jpg,car,6
val,00110140.jpg,car,6
val,00039605.jpg,car,1
val,00021467.jpg,car,5
val,00058845.jpg,car,2
val,00039075.jpg,car,8
val,00101776.jpg,car,1
val,00107356.jpg,car,7
val,00002072.jpg,car,5
val,00050844.jpg,car,1
val,00024576.jpg,motorized_vehicle,6
val,00075193.jpg,car,14
val,00007172.jpg,car,2
val,00046922.jpg,car,1
val,00008769.jpg,pickup_truck,1
val,00029167.jpg,car,3
val,00000769.jpg,car,3
val,00084051.jpg,articulated_truck,2
val,00092507.jpg,car,2
val,00053884.jpg,car,8
val,00072344.jpg,car,8
val,00063807.jpg,car,2
val,00007451.jpg,pickup_truck,1
val,00023162.jpg,car,8
val,00019827.jpg,car,2
val,00104031.jpg,car,3
val,00083994.jpg,pickup_truck,3
val,00012840.jpg,motorized_vehicle,9
val,00075604.jpg,pedestrian,3
val,00049144.jpg,car,4
val,00045830.jpg,car,3
val,00083948.jpg,pickup_truck,2
val,00028033.jpg,motorized_vehicle,3
val,00065764.jpg,car,1
val,00086261.jpg,car,4
val,00042409.jpg,pickup_truck,2
val,00063171.jpg,car,1
val,00025830.jpg,motorized_vehicle,2
val,00035141.jpg,pickup_truck,2
val,00099623.jpg,car,5
val,00076512.jpg,car,1
val,00077974.jpg,car,2
val,00061492.jpg,car,6
val,00079535.jpg,pickup_truck,2
val,00061269.jpg,car,1
val,00044143.jpg,car,2
val,00059110.jpg,motorized_vehicle,2
val,00094814.jpg,car,2
val,00095837.jpg,pickup_truck,1
val,00019738.jpg,car,1
val,00079376.jpg,car,5
val,00040714.jpg,car,2
val,00096122.jpg,car,5
val,00108271.jpg,motorized_vehicle,3
val,00110568.jpg,car,1
val,00021953.jpg,car,1
val,00011211.jpg,bicycle,3
val,00066543.jpg,car,3
val,00001520.jpg,pedestrian,13
val,00087412.jpg,car,3
val,00076869.jpg,car,5
val,00050850.jpg,car,4
val,00054134.jpg,car,3
val,00019432.jpg,car,2
val,00075041.jpg,articulated_truck,2
val,00100945.jpg,car,2
val,00088765.jpg,car,1
val,00067160.jpg,motorized_vehicle,3
val,00024461.jpg,car,1
val,00003606.jpg,bus,1
val,00054804.jpg,pickup_truck,3
val,00031990.jpg,bus,1
val,00045363.jpg,pickup_truck,1
val,00029480.jpg,car,3
val,00060794.jpg,pickup_truck,1
val,00086629.jpg,pickup_truck,1
val,00051423.jpg,car,2
val,00047150.jpg,car,2
val,00090248.jpg,car,3
val,00094082.jpg,work_van,2
val,00025503.jpg,car,1
val,00081049.jpg,car,5
val,00061946.jpg,car,2
val,00002796.jpg,car,1
val,00086012.jpg,car,2
val,00052574.jpg,car,4
val,00015591.jpg,car,3
val,00089123.jpg,bus,1
val,00073678.jpg,pickup_truck,4
val,00053266.jpg,car,1
val,00034187.jpg,car,4
val,00045674.jpg,car,14
val,00006128.jpg,pickup_truck,2
val,00071045.jpg,pickup_truck,1
val,00107551.jpg,car,8
val,00094222.jpg,bus,2
val,00060186.jpg,car,1
val,00050904.jpg,car,1
val,00108094.jpg,car,3
val,00011786.jpg,single_unit_truck,2
val,00072175.jpg,articulated_truck,2
val,00028631.jpg,car,4
val,00053622.jpg,work_van,1
val,00079559.jpg,work_van,1
val,00048782.jpg,single_unit_truck,3
val,00090538.jpg,pickup_truck,1
val,00062379.jpg,car,3
val,00107365.jpg,car,3
val,00048153.jpg,car,1
val,00046678.jpg,work_van,1
val,00042146.jpg,car,3
val,00106436.jpg,car,1
val,00024926.jpg,pickup_truck,8
val,00061214.jpg,car,5
val,00059672.jpg,car,1
val,00110244.jpg,car,2
val,00083196.jpg,pickup_truck,3
val,00099344.jpg,pickup_truck,1
val,00014120.jpg,car,2
val,00107945.jpg,car,6
val,00073038.jpg,car,7
val,00101844.jpg,car,1
val,00051537.jpg,car,3
val,00031412.jpg,car,4
val,00107996.jpg,car,2
val,00015023.jpg,car,2
val,00034784.jpg,articulated_truck,3
val,00065173.jpg,car,15
val,00056766.jpg,pickup_truck,2
val,00050117.jpg,car,2
val,00038555.jpg,car,8
val,00094894.jpg,car,2
val,00026666.jpg,car,8
val,00021942.jpg,single_unit_truck,1
val,00006713.jpg,car,5
val,00069895.jpg,car,3
val,00098598.jpg,car,18
val,00006726.jpg,articulated_truck,2
val,00085197.jpg,car,1
val,00054998.jpg,car,5
val,00071209.jpg,car,3
val,00063017.jpg,car,3
val,00028634.jpg,car,3
val,00008919.jpg,work_van,1
val,00007388.jpg,car,2
val,00064434.jpg,car,6
val,00078580.jpg,non_motorized_vehicle,3
val,00042933.jpg,car,2
val,00028510.jpg,car,1
val,00048415.jpg,car,1
val,00072936.jpg,bus,1
val,00074617.jpg,car,1
val,00049503.jpg,car,3
val,00018755.jpg,car,7
val,00095805.jpg,car,17
val,00065192.jpg,car,1
val,00057219.jpg,car,2
val,00067955.jpg,articulated_truck,1
val,00104169.jpg,car,5
val,00025304.jpg,car,6
val,00048591.jpg,car,4
val,00076603.jpg,pedestrian,9
val,00048499.jpg,car,1
val,00104262.jpg,pickup_truck,2
val,00102294.jpg,car,4
val,00065524.jpg,motorized_vehicle,2
val,00005122.jpg,car,1
val,00056719.jpg,car,4
val,00086243.jpg,car,6
val,00059502.jpg,motorcycle,1
val,00107030.jpg,car,1
val,00096647.jpg,car,3
val,00020902.jpg,car,4
val,00064414.jpg,bus,1
val,00030606.jpg,car,6
val,00073669.jpg,car,2
val,00085577.jpg,car,1
val,00046436.jpg,car,2
val,00038032.jpg,car,5
val,00092128.jpg,car,3
val,00101347.jpg,car,2
val,00027035.jpg,car,6
val,00084218.jpg,work_van,2
val,00029768.jpg,work_van,1
val,00056916.jpg,car,6
val,00069168.jpg,motorized_vehicle,2
val,00072598.jpg,work_van,2
val,00096539.jpg,articulated_truck,1
val,00098300.jpg,bus,1
val,00068341.jpg,car,6
val,00060933.jpg,car,6
val,00089733.jpg,pedestrian,4
val,00002894.jpg,car,8
val,00033005.jpg,car,1
val,00000308.jpg,car,1
val,00070096.jpg,car,5
val,00092965.jpg,pickup_truck,3
val,00047660.jpg,car,4
val,00036519.jpg,car,5
val,00001878.jpg,car,3
val,00051953.jpg,pickup_truck,1
val,00044648.jpg,car,4
val,00067303.jpg,bus,4
val,00085218.jpg,car,5
val,00052014.jpg,motorized_vehicle,2
val,00074850.jpg,car,3
val,00051071.jpg,work_van,1
val,00096673.jpg,car,1
val,00105874.jpg,car,1
val,00057989.jpg,pickup_truck,3
val,00081658.jpg,pickup_truck,1
val,00025865.jpg,car,4
val,00046652.jpg,pickup_truck,5
val,00086506.jpg,pedestrian,2
val,00104663.jpg,bus,2
val,00058329.jpg,car,3
val,00109252.jpg,car,3
val,00094727.jpg,car,1
val,00068351.jpg,motorized_vehicle,2
val,00049381.jpg,car,7
val,00045978.jpg,pickup_truck,4
val,00048288.jpg,car,1
val,00065518.jpg,car,5
val,00040770.jpg,car,6
val,00081841.jpg,car,6
val,00039465.jpg,articulated_truck,10
val,00067656.jpg,car,2
val,00008436.jpg,pickup_truck,1
val,00051124.jpg,car,2
val,00010442.jpg,articulated_truck,3
val,00038655.jpg,car,4
val,00075459.jpg,car,1
val,00081778.jpg,bicycle,1
val,00024047.jpg,car,1
val,00099097.jpg,car,1
val,00056615.jpg,car,3
val,00094476.jpg,car,4
val,00014829.jpg,car,1
val,00031581.jpg,car,3
val,00060554.jpg,car,2
val,00092086.jpg,car,2
val,00046933.jpg,pickup_truck,1
val,00018312.jpg,car,2
val,00073696.jpg,car,1
val,00108162.jpg,car,1
val,00037584.jpg,pickup_truck,1
val,00006627.jpg,car,2
val,00102013.jpg,car,5
val,00035710.jpg,car,2
val,00090016.jpg,car,1
val,00095139.jpg,motorized_vehicle,2
val,00099233.jpg,car,1
val,00061000.jpg,car,4
val,00069141.jpg,car,4
val,00028715.jpg,car,4
val,00095947.jpg,car,1
val,00007267.jpg,motorized_vehicle,2
val,00076739.jpg,car,1
val,00108396.jpg,pickup_truck,1
val,00099896.jpg,car,4
val,00056213.jpg,motorized_vehicle,1
val,00076648.jpg,car,3
val,00106319.jpg,car,3
val,00066023.jpg,car,3
val,00002292.jpg,motorized_vehicle,2
val,00066028.jpg,pickup_truck,7
val,00086018.jpg,car,5
val,00029502.jpg,car,2
val,00101178.jpg,car,5
val,00057945.jpg,car,1
val,00105746.jpg,car,4
val,00075375.jpg,car,1
val,00047698.jpg,work_van,3
val,00066282.jpg,car,1
val,00069041.jpg,car,1
val,00099617.jpg,car,5
val,00066575.jpg,pickup_truck,2
val,00052561.jpg,car,3
val,00104852.jpg,car,1
val,00076631.jpg,work_van,2
val,00100031.jpg,car,1
val,00008016.jpg,car,6
val,00078099.jpg,car,17
val,00084110.jpg,car,3
val,00109722.jpg,pickup_truck,1
val,00085915.jpg,car,3
val,00029893.jpg,motorized_vehicle,1
val,00028897.jpg,pickup_truck,1
val,00028147.jpg,car,2
val,00072308.jpg,car,1
val,00004578.jpg,car,2
val,00031225.jpg,car,2
val,00001796.jpg,pickup_truck,1
val,00083726.jpg,pickup_truck,1
val,00030640.jpg,car,2
val,00032511.jpg,car,1
val,00041117.jpg,car,5
val,00019245.jpg,car,1
val,00067558.jpg,car,4
val,00069356.jpg,pickup_truck,1
val,00098422.jpg,car,3
val,00013686.jpg,car,5
val,00092784.jpg,bicycle,1
val,00082480.jpg,car,15
val,00048345.jpg,car,2
val,00048322.jpg,car,2
val,00101898.jpg,car,1
val,00069273.jpg,car,5
val,00075592.jpg,pickup_truck,1
val,00040489.jpg,pickup_truck,3
val,00071421.jpg,car,5
val,00028460.jpg,car,2
val,00052544.jpg,car,2
val,00045895.jpg,car,4
val,00045303.jpg,car,4
val,00035561.jpg,pickup_truck,1
val,00048036.jpg,pickup_truck,1
val,00032505.jpg,car,5
val,00073514.jpg,pickup_truck,1
val,00090856.jpg,bus,4
val,00102877.jpg,articulated_truck,1
val,00096276.jpg,car,6
val,00001027.jpg,car,3
val,00020388.jpg,car,3
val,00063394.jpg,car,18
val,00092928.jpg,car,1
val,00074197.jpg,car,2
val,00014292.jpg,car,2
val,00003379.jpg,car,3
val,00055978.jpg,car,3
val,00103346.jpg,car,2
val,00004445.jpg,car,3
val,00011214.jpg,car,3
val,00081417.jpg,non_motorized_vehicle,3
val,00067528.jpg,bus,1
val,00106245.jpg,car,4
val,00084511.jpg,car,3
val,00005657.jpg,car,2
val,00001073.jpg,car,1
val,00060620.jpg,car,1
val,00041736.jpg,car,7
val,00074982.jpg,car,7
val,00040456.jpg,pickup_truck,4
val,00048711.jpg,car,4
val,00093295.jpg,pickup_truck,2
val,00064813.jpg,car,7
val,00000873.jpg,work_van,1
val,00067102.jpg,bus,3
val,00039473.jpg,motorized_vehicle,5
val,00057445.jpg,car,2
val,00027985.jpg,car,1
val,00096894.jpg,single_unit_truck,1
val,00033472.jpg,pedestrian,2
val,00078681.jpg,car,4
val,00091533.jpg,car,2
val,00040474.jpg,car,4
val,00085899.jpg,car,4
val,00057139.jpg,car,1
val,00018531.jpg,pickup_truck,1
val,00105347.jpg,car,4
val,00099634.jpg,car,6
val,00082128.jpg,pickup_truck,2
val,00050621.jpg,car,1
val,00028412.jpg,articulated_truck,2
val,00084391.jpg,car,2
val,00078704.jpg,car,1
val,00068125.jpg,motorized_vehicle,1
val,00029901.jpg,articulated_truck,1
val,00107607.jpg,pickup_truck,1
val,00062054.jpg,car,1
val,00048730.jpg,car,3
val,00071293.jpg,car,5
val,00080768.jpg,car,4
val,00064365.jpg,car,3
val,00000582.jpg,pickup_truck,2
val,00038287.jpg,pickup_truck,1
val,00008735.jpg,car,4
val,00024699.jpg,car,5
val,00010502.jpg,car,3
val,00076128.jpg,car,1
val,00076520.jpg,car,1
val,00101087.jpg,car,2
val,00081192.jpg,motorized_vehicle,3
val,00042267.jpg,car,3
val,00001168.jpg,car,4
val,00074741.jpg,car,1
val,00008439.jpg,pickup_truck,2
val,00107596.jpg,car,1
val,00106160.jpg,car,1
val,00003042.jpg,car,22
val,00005729.jpg,car,2
val,00038832.jpg,pickup_truck,1
val,00085056.jpg,car,5
val,00053334.jpg,car,1
val,00012364.jpg,pickup_truck,5
val,00067237.jpg,car,2
val,00029981.jpg,articulated_truck,3
val,00090696.jpg,car,4
val,00012448.jpg,car,4
val,00001539.jpg,car,4
val,00023679.jpg,car,1
val,00062073.jpg,single_unit_truck,2
val,00082922.jpg,car,3
val,00103986.jpg,motorcycle,2
val,00048315.jpg,car,5
val,00096445.jpg,pickup_truck,3
val,00020592.jpg,car,4
val,00041284.jpg,car,2
val,00044663.jpg,car,4
val,00041207.jpg,car,6
val,00003209.jpg,car,7
val,00012315.jpg,car,1
val,00000577.jpg,articulated_truck,3
val,00076805.jpg,car,3
val,00034237.jpg,car,1
val,00062712.jpg,car,3
val,00064698.jpg,car,2
val,00079960.jpg,motorized_vehicle,3
val,00048550.jpg,pickup_truck,2
val,00046210.jpg,car,4
val,00105958.jpg,pickup_truck,1
val,00043686.jpg,car,6
val,00056862.jpg,car,1
val,00085525.jpg,articulated_truck,3
val,00106847.jpg,motorized_vehicle,1
val,00090565.jpg,pickup_truck,1
val,00047910.jpg,car,1
val,00098590.jpg,car,3
val,00022549.jpg,pickup_truck,4
val,00013842.jpg,motorized_vehicle,2
val,00033471.jpg,car,2
val,00001947.jpg,pickup_truck,6
val,00105664.jpg,car,1
val,00098880.jpg,work_van,3
val,00009073.jpg,car,1
val,00085339.jpg,car,6
val,00028623.jpg,car,2
val,00002885.jpg,car,3
val,00082345.jpg,car,1
val,00081100.jpg,car,1
val,00065034.jpg,car,18
val,00076865.jpg,car,3
val,00002684.jpg,car,1
val,00097046.jpg,car,1
val,00078531.jpg,car,1
val,00000922.jpg,car,3
val,00100906.jpg,car,2
val,00051346.jpg,car,2
val,00082850.jpg,car,1
val,00110577.jpg,car,3
val,00098943.jpg,car,12
val,00054667.jpg,pickup_truck,3
val,00028678.jpg,pickup_truck,1
val,00092704.jpg,car,2
val,00063472.jpg,car,1
val,00105876.jpg,car,1
val,00044696.jpg,car,6
val,00070562.jpg,car,1
val,00065544.jpg,car,2
val,00059481.jpg,car,2
val,00040586.jpg,car,4
val,00050604.jpg,car,3
val,00025523.jpg,car,1
val,00064260.jpg,car,3
val,00093944.jpg,car,4
val,00061744.jpg,car,1
val,00017465.jpg,car,2
val,00080503.jpg,car,3
val,00042171.jpg,car,3
val,00019354.jpg,car,2
val,00068148.jpg,car,1
val,00019004.jpg,car,1
val,00041739.jpg,car,2
val,00030443.jpg,car,16
val,00094426.jpg,car,5
val,00028944.jpg,single_unit_truck,2
val,00104160.jpg,car,5
val,00107088.jpg,car,2
val,00085688.jpg,work_van,1
val,00035712.jpg,pickup_truck,1
val,00053080.jpg,car,3
val,00039565.jpg,pickup_truck,2
val,00013176.jpg,car,8
val,00038912.jpg,car,3
val,00109270.jpg,car,3
val,00031342.jpg,motorized_vehicle,1
val,00099580.jpg,car,7
val,00109570.jpg,car,3
val,00000980.jpg,car,3
val,00035727.jpg,car,2
val,00005489.jpg,car,2
val,00003911.jpg,car,1
val,00019279.jpg,pickup_truck,1
val,00048170.jpg,car,2
val,00061466.jpg,car,2
val,00041995.jpg,bus,1
val,00091503.jpg,car,1
val,00086291.jpg,car,1
val,00062724.jpg,bus,1
val,00030173.jpg,car,3
val,00043512.jpg,car,2
val,00043641.jpg,car,3
val,00092101.jpg,work_van,1
val,00006201.jpg,car,9
val,00033007.jpg,car,2
val,00005208.jpg,car,2
val,00061827.jpg,car,3
val,00024802.jpg,car,9
val,00024413.jpg,car,1
val,00098603.jpg,car,2
val,00107673.jpg,car,3
val,00100075.jpg,car,7
val,00016722.jpg,car,3
val,00027755.jpg,car,4
val,00042300.jpg,car,3
val,00028768.jpg,car,9
val,00083851.jpg,car,2
val,00097868.jpg,articulated_truck,1
val,00063561.jpg,car,4
val,00072293.jpg,car,7
val,00076332.jpg,car,32
val,00020051.jpg,car,3
val,00015081.jpg,car,5
val,00092120.jpg,car,3
val,00097846.jpg,bus,1
val,00024640.jpg,car,2
val,00108052.jpg,motorcycle,2
val,00039123.jpg,car,5
val,00083838.jpg,car,2
val,00084416.jpg,car,2
val,00079099.jpg,car,2
val,00046414.jpg,pickup_truck,5
val,00043541.jpg,car,3
val,00016527.jpg,pickup_truck,1
val,00092848.jpg,car,3
val,00050516.jpg,pickup_truck,2
val,00009218.jpg,car,2
val,00026766.jpg,pickup_truck,1
val,00019115.jpg,car,2
val,00079427.jpg,car,2
val,00066907.jpg,car,2
val,00033497.jpg,car,2
val,00039102.jpg,motorized_vehicle,7
val,00078334.jpg,car,2
val,00097033.jpg,car,4
val,00029239.jpg,work_van,1
val,00023056.jpg,car,7
val,00096639.jpg,car,1
val,00040957.jpg,car,1
val,00103228.jpg,articulated_truck,1
val,00033984.jpg,car,2
val,00047953.jpg,pickup_truck,1
val,00019040.jpg,motorcycle,2
val,00086009.jpg,car,1
val,00106566.jpg,car,5
val,00063578.jpg,car,7
val,00080555.jpg,car,3
val,00016234.jpg,car,1
val,00044437.jpg,car,4
val,00050185.jpg,motorized_vehicle,2
val,00065901.jpg,car,5
val,00015818.jpg,car,1
val,00101128.jpg,car,1
val,00015571.jpg,car,6
val,00094651.jpg,car,1
val,00079484.jpg,pickup_truck,5
val,00028262.jpg,car,2
val,00088635.jpg,car,4
val,00107911.jpg,car,4
val,00012172.jpg,car,1
val,00058135.jpg,pickup_truck,1
val,00047114.jpg,car,4
val,00073666.jpg,car,1
val,00011026.jpg,car,4
val,00077958.jpg,pickup_truck,5
val,00071121.jpg,car,1
val,00049118.jpg,motorized_vehicle,1
val,00027770.jpg,pickup_truck,2
val,00021186.jpg,articulated_truck,3
val,00037612.jpg,pickup_truck,1
val,00109443.jpg,bus,1
val,00010291.jpg,car,1
val,00066557.jpg,car,6
val,00025459.jpg,car,16
val,00099954.jpg,pickup_truck,1
val,00013234.jpg,car,8
val,00003860.jpg,car,3
val,00062651.jpg,car,3
val,00107875.jpg,car,1
val,00089175.jpg,car,4
val,00001904.jpg,car,2
val,00011615.jpg,motorized_vehicle,2
val,00109382.jpg,car,6
val,00106111.jpg,car,5
val,00026477.jpg,articulated_truck,1
val,00017026.jpg,car,1
val,00040720.jpg,car,6
val,00075342.jpg,car,4
val,00001136.jpg,car,7
val,00045847.jpg,car,1
val,00102455.jpg,single_unit_truck,2
val,00046048.jpg,pickup_truck,1
val,00023325.jpg,pickup_truck,6
val,00049059.jpg,pickup_truck,1
val,00084375.jpg,car,1
val,00061729.jpg,work_van,1
val,00008467.jpg,car,4
val,00080195.jpg,car,1
val,00087789.jpg,single_unit_truck,1
val,00091020.jpg,car,4
val,00019412.jpg,motorcycle,2
val,00094418.jpg,car,3
val,00021149.jpg,car,1
val,00012886.jpg,pickup_truck,1
val,00086519.jpg,car,1
val,00005449.jpg,car,7
val,00099727.jpg,pickup_truck,2
val,00015568.jpg,car,4
val,00027560.jpg,car,3
val,00003300.jpg,car,1
val,00016334.jpg,car,6
val,00058107.jpg,car,7
val,00043350.jpg,pickup_truck,1
val,00028958.jpg,car,5
val,00053444.jpg,car,6
val,00103810.jpg,pickup_truck,6
val,00016467.jpg,pickup_truck,2
val,00002655.jpg,pickup_truck,1
val,00000581.jpg,car,1
val,00091500.jpg,car,2
val,00054464.jpg,car,1
val,00027343.jpg,car,4
val,00083488.jpg,car,3
val,00017023.jpg,motorized_vehicle,1
val,00062428.jpg,car,1
val,00017967.jpg,car,1
val,00074316.jpg,car,4
val,00087181.jpg,car,1
val,00053667.jpg,car,11
val,00010624.jpg,car,9
val,00049729.jpg,pickup_truck,2
val,00074425.jpg,car,11
val,00090891.jpg,car,5
val,00000391.jpg,car,8
val,00030098.jpg,motorized_vehicle,1
val,00037272.jpg,motorized_vehicle,2
val,00055288.jpg,car,1
val,00065193.jpg,pickup_truck,2
val,00107725.jpg,car,1
val,00078358.jpg,car,3
val,00037369.jpg,car,4
val,00062454.jpg,car,6
val,00084385.jpg,pickup_truck,1
val,00043785.jpg,car,2
val,00024897.jpg,car,1
val,00097098.jpg,car,1
val,00082195.jpg,pickup_truck,5
val,00029673.jpg,bus,1
val,00098893.jpg,car,3
val,00091833.jpg,articulated_truck,1
val,00001401.jpg,car,12
val,00015578.jpg,car,1
val,00059950.jpg,car,4
val,00093713.jpg,pickup_truck,1
val,00035270.jpg,motorized_vehicle,5
val,00040282.jpg,pickup_truck,1
val,00063303.jpg,single_unit_truck,2
val,00043054.jpg,car,1
val,00093082.jpg,pickup_truck,6
val,00068597.jpg,car,6
val,00026509.jpg,car,2
val,00032776.jpg,car,1
val,00099283.jpg,car,2
val,00053847.jpg,car,1
val,00082378.jpg,car,2
val,00048557.jpg,car,5
val,00105640.jpg,car,10
val,00002859.jpg,car,4
val,00005712.jpg,pickup_truck,3
val,00102328.jpg,car,1
val,00025845.jpg,pickup_truck,3
val,00058890.jpg,car,13
val,00010315.jpg,motorized_vehicle,3
val,00048571.jpg,car,13
val,00015929.jpg,car,1
val,00051046.jpg,car,3
val,00059690.jpg,pickup_truck,2
val,00053796.jpg,car,1
val,00012214.jpg,bus,1
val,00026320.jpg,pickup_truck,4
val,00026683.jpg,car,3
val,00095720.jpg,car,12
val,00052165.jpg,car,2
val,00003399.jpg,car,8
val,00031910.jpg,car,2
val,00078976.jpg,car,2
val,00041326.jpg,car,6
val,00054106.jpg,car,3
val,00102633.jpg,car,3
val,00046889.jpg,car,8
val,00060327.jpg,car,3
val,00019141.jpg,single_unit_truck,3
val,00009861.jpg,car,1
val,00092287.jpg,car,8
val,00076087.jpg,car,1
val,00086754.jpg,car,3
val,00104507.jpg,pickup_truck,1
val,00086654.jpg,car,7
val,00001766.jpg,car,2
val,00042788.jpg,car,2
val,00075852.jpg,car,5
val,00090786.jpg,motorized_vehicle,3
val,00097245.jpg,non_motorized_vehicle,4
val,00068314.jpg,car,4
val,00107481.jpg,car,1
val,00075865.jpg,bus,2
val,00004277.jpg,car,1
val,00067561.jpg,car,2
val,00013893.jpg,car,5
val,00102810.jpg,pickup_truck,2
val,00032293.jpg,car,4
val,00075508.jpg,car,1
val,00046074.jpg,car,2
val,00028572.jpg,pickup_truck,4
val,00062963.jpg,car,3
val,00009583.jpg,car,2
val,00065533.jpg,car,3
val,00072651.jpg,car,3
val,00038326.jpg,car,1
val,00045595.jpg,car,1
val,00051129.jpg,bus,3
val,00101628.jpg,car,2
val,00008898.jpg,pickup_truck,1
val,00065834.jpg,car,2
val,00012839.jpg,car,7
val,00067923.jpg,car,3
val,00045659.jpg,motorized_vehicle,3
val,00104250.jpg,car,1
val,00098013.jpg,car,2
val,00050578.jpg,car,5
val,00097533.jpg,car,5
val,00001282.jpg,pickup_truck,2
val,00091457.jpg,car,4
val,00006913.jpg,car,1
val,00102831.jpg,pickup_truck,1
val,00042381.jpg,car,1
val,00008797.jpg,car,1
val,00074073.jpg,pickup_truck,1
val,00013259.jpg,car,2
val,00052768.jpg,car,2
val,00059219.jpg,car,2
val,00108436.jpg,pickup_truck,1
val,00071758.jpg,car,2
val,00029630.jpg,car,4
val,00103935.jpg,motorized_vehicle,5
val,00076261.jpg,car,2
val,00045846.jpg,car,1
val,00062869.jpg,car,3
val,00007532.jpg,car,1
val,00099635.jpg,pickup_truck,2
val,00032492.jpg,car,3
val,00040526.jpg,pickup_truck,1
val,00005172.jpg,car,20
val,00055620.jpg,car,14
val,00033969.jpg,car,4
val,00078661.jpg,car,7
val,00093644.jpg,motorized_vehicle,3
val,00087585.jpg,car,1
val,00049889.jpg,car,1
val,00050313.jpg,car,2
val,00075582.jpg,car,2
val,00030566.jpg,motorized_vehicle,2
val,00004740.jpg,car,5
val,00083022.jpg,car,3
val,00032396.jpg,car,5
val,00075211.jpg,work_van,2
val,00005201.jpg,car,4
val,00084785.jpg,car,3
val,00088968.jpg,car,4
val,00032745.jpg,articulated_truck,1
val,00000851.jpg,car,2
val,00109413.jpg,car,1
val,00097323.jpg,pickup_truck,2
val,00066049.jpg,car,3
val,00082492.jpg,car,1
val,00016424.jpg,car,5
val,00022184.jpg,car,1
val,00023030.jpg,single_unit_truck,2
val,00073644.jpg,car,1
val,00019722.jpg,car,4
val,00017300.jpg,pickup_truck,1
val,00099186.jpg,car,5
val,00079653.jpg,car,14
val,00110460.jpg,car,10
val,00047604.jpg,car,1
val,00007700.jpg,car,1
val,00065217.jpg,car,2
val,00061708.jpg,car,1
val,00010697.jpg,car,4
val,00070188.jpg,non_motorized_vehicle,2
val,00039346.jpg,car,8
val,00006798.jpg,motorized_vehicle,3
val,00048329.jpg,pickup_truck,2
val,00070855.jpg,car,2
val,00050155.jpg,car,20
val,00044381.jpg,car,2
val,00049984.jpg,car,2
val,00073846.jpg,pickup_truck,1
val,00105541.jpg,car,3
val,00032662.jpg,car,3
val,00067800.jpg,car,7
val,00086848.jpg,motorized_vehicle,6
val,00106308.jpg,car,3
val,00006495.jpg,car,5
val,00066415.jpg,car,1
val,00052506.jpg,car,6
val,00088259.jpg,bus,1
val,00087964.jpg,car,1
val,00007583.jpg,car,3
val,00052710.jpg,car,2
val,00033355.jpg,articulated_truck,1
val,00060150.jpg,car,3
val,00016550.jpg,car,2
val,00056589.jpg,car,1
val,00053738.jpg,car,2
val,00055391.jpg,pickup_truck,1
val,00042348.jpg,car,2
val,00079472.jpg,car,1
val,00090019.jpg,car,4
val,00018959.jpg,pickup_truck,2
val,00016013.jpg,pickup_truck,1
val,00069272.jpg,car,4
val,00036455.jpg,pickup_truck,1
val,00050106.jpg,car,2
val,00090950.jpg,car,1
val,00107609.jpg,car,8
val,00030065.jpg,car,10
val,00001998.jpg,bus,1
val,00050972.jpg,bus,1
val,00076466.jpg,motorized_vehicle,5
val,00029007.jpg,car,12
val,00015295.jpg,pickup_truck,2
val,00040938.jpg,car,1
val,00055367.jpg,pickup_truck,1
val,00070730.jpg,car,3
val,00085640.jpg,car,8
val,00025761.jpg,car,2
val,00091466.jpg,car,2
val,00039674.jpg,car,2
val,00026949.jpg,car,3
val,00060993.jpg,car,16
val,00097162.jpg,car,21
val,00108125.jpg,car,1
val,00039722.jpg,car,4
val,00100769.jpg,car,2
val,00003007.jpg,pickup_truck,3
val,00005165.jpg,car,1
val,00061059.jpg,car,4
val,00053835.jpg,bus,1
val,00036303.jpg,car,3
val,00060988.jpg,bicycle,1
val,00035695.jpg,car,2
val,00055537.jpg,car,1
val,00060480.jpg,car,2
val,00007128.jpg,motorized_vehicle,1
val,00067632.jpg,bicycle,1
val,00108459.jpg,car,1
val,00059851.jpg,car,5
val,00053386.jpg,pickup_truck,1
val,00003476.jpg,motorized_vehicle,5
val,00087750.jpg,car,1
val,00089871.jpg,work_van,1
val,00080127.jpg,pedestrian,4
val,00101827.jpg,pickup_truck,1
val,00074235.jpg,car,1
val,00060538.jpg,car,1
val,00022224.jpg,car,1
val,00022719.jpg,car,2
val,00079604.jpg,car,2
val,00021255.jpg,car,4
val,00006031.jpg,car,6
val,00061403.jpg,car,4
val,00047763.jpg,car,5
val,00007240.jpg,car,4
val,00006661.jpg,car,2
val,00110357.jpg,car,3
val,00031931.jpg,car,2
val,00054357.jpg,pickup_truck,2
val,00105779.jpg,car,2
val,00107452.jpg,car,4
val,00039014.jpg,car,19
val,00020083.jpg,car,2
val,00038131.jpg,car,2
val,00042734.jpg,car,1
val,00078327.jpg,pickup_truck,1
val,00085150.jpg,car,1
val,00089934.jpg,articulated_truck,2
val,00106092.jpg,car,3
val,00009918.jpg,car,3
val,00050712.jpg,car,1
val,00100306.jpg,pickup_truck,1
val,00048914.jpg,car,2
val,00028084.jpg,motorized_vehicle,3
val,00012455.jpg,car,2
val,00109983.jpg,car,4
val,00098845.jpg,car,1
val,00029556.jpg,car,4
val,00038508.jpg,car,1
val,00099154.jpg,bus,1
val,00108249.jpg,car,2
val,00027881.jpg,car,1
val,00030506.jpg,car,11
val,00099185.jpg,car,1
val,00075462.jpg,motorized_vehicle,1
val,00038025.jpg,car,1
val,00004133.jpg,motorized_vehicle,2
val,00061286.jpg,car,1
val,00042874.jpg,car,3
val,00054582.jpg,car,1
val,00052106.jpg,car,2
val,00071592.jpg,articulated_truck,1
val,00002445.jpg,car,2
val,00071198.jpg,car,4
val,00027292.jpg,car,1
val,00058338.jpg,car,1
val,00065940.jpg,car,2
val,00099784.jpg,car,1
val,00027068.jpg,bus,1
val,00081646.jpg,car,5
val,00013582.jpg,car,2
val,00024306.jpg,pickup_truck,4
val,00108572.jpg,bus,1
val,00107065.jpg,car,2
val,00094867.jpg,pickup_truck,1
test,00068404.jpg,car,14
test,00013093.jpg,car,3
test,00054161.jpg,car,4
test,00054577.jpg,motorized_vehicle,3
test,00057289.jpg,articulated_truck,1
test,00016883.jpg,motorized_vehicle,1
test,00075274.jpg,non_motorized_vehicle,3
test,00040266.jpg,car,3
test,00064383.jpg,car,3
test,00062564.jpg,car,2
test,00103874.jpg,car,2
test,00046951.jpg,motorcycle,2
test,00068397.jpg,car,3
test,00009215.jpg,work_van,2
test,00000320.jpg,articulated_truck,2
test,00078741.jpg,car,1
test,00019341.jpg,car,3
test,00016412.jpg,bus,3
test,00000665.jpg,car,2
test,00031744.jpg,work_van,2
test,00027756.jpg,car,7
test,00025045.jpg,car,2
test,00070606.jpg,pickup_truck,2
test,00034405.jpg,pickup_truck,2
test,00107852.jpg,articulated_truck,1
test,00017438.jpg,car,2
test,00009835.jpg,car,1
test,00090210.jpg,car,3
test,00052677.jpg,car,3
test,00065513.jpg,car,1
test,00040905.jpg,articulated_truck,2
test,00042262.jpg,pickup_truck,2
test,00087004.jpg,car,1
test,00013936.jpg,car,5
test,00083005.jpg,articulated_truck,1
test,00034640.jpg,car,19
test,00016671.jpg,pickup_truck,3
test,00034086.jpg,car,10
test,00017402.jpg,car,3
test,00030469.jpg,car,2
test,00106665.jpg,car,8
test,00079208.jpg,pickup_truck,2
test,00051364.jpg,car,1
test,00038191.jpg,car,1
test,00028387.jpg,car,2
test,00022616.jpg,motorized_vehicle,3
test,00031218.jpg,car,1
test,00019564.jpg,car,2
test,00039934.jpg,pickup_truck,1
test,00081440.jpg,car,5
test,00055788.jpg,motorized_vehicle,4
test,00027168.jpg,motorized_vehicle,1
test,00095525.jpg,car,4
test,00046576.jpg,car,10
test,00047707.jpg,car,9
test,00005361.jpg,car,2
test,00100750.jpg,motorized_vehicle,4
test,00074570.jpg,car,4
test,00030402.jpg,car,2
test,00065040.jpg,car,3
test,00107926.jpg,car,2
test,00059458.jpg,motorized_vehicle,3
test,00006981.jpg,single_unit_truck,2
test,00051898.jpg,car,3
test,00072101.jpg,pickup_truck,1
test,00088783.jpg,car,4
test,00098652.jpg,car,12
test,00071884.jpg,car,3
test,00091868.jpg,car,5
test,00028433.jpg,motorized_vehicle,2
test,00079516.jpg,car,1
test,00002545.jpg,car,5
test,00098182.jpg,car,4
test,00060970.jpg,car,4
test,00037471.jpg,single_unit_truck,1
test,00011080.jpg,car,4
test,00056038.jpg,car,20
test,00055682.jpg,car,6
test,00109537.jpg,car,2
test,00000485.jpg,car,2
test,00062234.jpg,pickup_truck,3
test,00026805.jpg,pickup_truck,1
test,00004047.jpg,car,1
test,00072440.jpg,single_unit_truck,3
test,00093510.jpg,car,9
test,00066963.jpg,pickup_truck,1
test,00010723.jpg,car,4
test,00099434.jpg,car,5
test,00002169.jpg,car,8
test,00095613.jpg,bus,2
test,00068466.jpg,car,3
test,00057665.jpg,car,2
test,00021974.jpg,car,2
test,00109295.jpg,car,2
test,00092175.jpg,car,2
test,00072479.jpg,motorized_vehicle,4
test,00039840.jpg,pickup_truck,1
test,00003258.jpg,car,4
test,00031679.jpg,car,2
test,00045210.jpg,car,4
test,00019238.jpg,car,1
test,00094612.jpg,car,4
test,00088873.jpg,car,11
test,00065171.jpg,car,4
test,00019936.jpg,car,1
test,00003354.jpg,car,1
test,00096546.jpg,car,1
test,00085606.jpg,car,6
test,00041860.jpg,motorized_vehicle,3
test,00102146.jpg,car,2
test,00045014.jpg,work_van,1
test,00091430.jpg,car,11
test,00078629.jpg,car,1
test,00016445.jpg,car,3
test,00013029.jpg,car,11
test,00070110.jpg,car,5
test,00055905.jpg,car,2
test,00049920.jpg,pedestrian,5
test,00093582.jpg,car,9
test,00097602.jpg,non_motorized_vehicle,2
test,00083568.jpg,car,3
test,00081316.jpg,pickup_truck,3
test,00099159.jpg,car,3
test,00024066.jpg,car,9
test,00010722.jpg,car,2
test,00053488.jpg,car,2
test,00011145.jpg,car,10
test,00030091.jpg,car,4
test,00093692.jpg,car,3
test,00098620.jpg,car,1
test,00045294.jpg,car,1
test,00084145.jpg,car,1
test,00059270.jpg,car,1
test,00038255.jpg,car,3
test,00058699.jpg,car,2
test,00094513.jpg,car,4
test,00085445.jpg,motorized_vehicle,1
test,00049092.jpg,car,4
test,00043132.jpg,car,20
test,00098030.jpg,car,6
test,00090792.jpg,car,1
test,00068360.jpg,car,4
test,00035626.jpg,car,3
test,00078428.jpg,car,4
test,00004725.jpg,pickup_truck,2
test,00055718.jpg,bus,1
test,00019145.jpg,car,9
test,00094955.jpg,car,1
test,00073816.jpg,non_motorized_vehicle,2
test,00091101.jpg,car,3
test,00075720.jpg,bus,1
test,00028425.jpg,car,6
test,00068876.jpg,car,3
test,00109686.jpg,car,1
test,00098932.jpg,car,1
test,00000494.jpg,car,3
test,00056737.jpg,car,5
test,00082755.jpg,car,3
test,00005893.jpg,car,4
test,00006754.jpg,car,1
test,00029496.jpg,car,1
test,00009004.jpg,car,3
test,00098992.jpg,car,1
test,00019886.jpg,articulated_truck,1
test,00086919.jpg,car,2
test,00024865.jpg,car,12
test,00051509.jpg,car,2
test,00097702.jpg,motorized_vehicle,2
test,00038574.jpg,car,4
test,00040373.jpg,car,1
test,00054126.jpg,single_unit_truck,2
test,00097984.jpg,car,3
test,00040875.jpg,pickup_truck,1
test,00001788.jpg,bicycle,2
test,00039909.jpg,car,1
test,00081485.jpg,car,3
test,00061219.jpg,car,3
test,00068651.jpg,car,1
test,00068544.jpg,car,2
test,00086602.jpg,car,7
test,00022012.jpg,car,1
test,00110431.jpg,car,2
test,00107667.jpg,car,3
test,00085596.jpg,motorized_vehicle,1
test,00048969.jpg,car,2
test,00084720.jpg,car,1
test,00070234.jpg,work_van,2
test,00001122.jpg,car,1
test,00056026.jpg,car,4
test,00047904.jpg,car,6
test,00033541.jpg,car,1
test,00010565.jpg,car,1
test,00080869.jpg,car,19
test,00045253.jpg,car,4
test,00050393.jpg,car,2
test,00102444.jpg,pickup_truck,1
test,00055231.jpg,car,1
test,00110210.jpg,car,1
test,00080687.jpg,car,3
test,00071775.jpg,car,5
test,00084005.jpg,pickup_truck,4
test,00024902.jpg,car,1
test,00108318.jpg,car,1
test,00060323.jpg,car,7
test,00071401.jpg,pickup_truck,9
test,00106985.jpg,pickup_truck,2
test,00095384.jpg,car,4
test,00054035.jpg,car,4
test,00061471.jpg,articulated_truck,1
test,00093494.jpg,car,11
test,00007721.jpg,car,1
test,00100282.jpg,motorized_vehicle,2
test,00010575.jpg,car,2
test,00048429.jpg,car,2
test,00082516.jpg,car,4
test,00046112.jpg,car,8
test,00106603.jpg,motorized_vehicle,2
test,00102342.jpg,car,14
test,00098062.jpg,pickup_truck,2
test,00041165.jpg,car,6
test,00078466.jpg,car,4
test,00106282.jpg,car,3
test,00076653.jpg,car,3
test,00096099.jpg,car,2
test,00023205.jpg,car,1
test,00000692.jpg,car,2
test,00005762.jpg,car,4
test,00064263.jpg,car,1
test,00092767.jpg,car,2
test,00088672.jpg,car,4
test,00090399.jpg,motorcycle,3
test,00074804.jpg,pickup_truck,1
test,00031063.jpg,pedestrian,2
test,00031112.jpg,car,2
test,00071339.jpg,car,4
test,00056377.jpg,single_unit_truck,3
test,00097407.jpg,car,2
test,00056099.jpg,car,4
test,00094280.jpg,articulated_truck,2
test,00107679.jpg,pickup_truck,1
test,00067662.jpg,car,9
test,00026651.jpg,car,4
test,00051540.jpg,car,1
test,00055403.jpg,work_van,1
test,00038823.jpg,car,6
test,00074902.jpg,pickup_truck,1
test,00042536.jpg,car,3
test,00024113.jpg,motorized_vehicle,3
test,00009931.jpg,car,2
test,00029804.jpg,car,5
test,00024214.jpg,car,1
test,00062777.jpg,car,2
test,00086453.jpg,car,2
test,00000424.jpg,car,3
test,00070696.jpg,car,1
test,00009203.jpg,car,5
test,00067023.jpg,car,4
test,00046427.jpg,car,3
test,00014220.jpg,car,5
test,00038289.jpg,pickup_truck,1
test,00078020.jpg,car,8
test,00042908.jpg,car,7
test,00087993.jpg,car,1
test,00022556.jpg,pickup_truck,1
test,00040377.jpg,car,4
test,00074571.jpg,car,3
test,00064663.jpg,car,3
test,00025881.jpg,car,1
test,00044465.jpg,car,2
test,00043977.jpg,pickup_truck,2
test,00008902.jpg,car,2
test,00103011.jpg,car,6
test,00096923.jpg,pickup_truck,1
test,00026351.jpg,car,5
test,00072036.jpg,car,3
test,00102019.jpg,car,4
test,00034313.jpg,car,2
test,00108354.jpg,car,1
test,00002119.jpg,pickup_truck,6
test,00038919.jpg,motorized_vehicle,4
test,00068986.jpg,articulated_truck,2
test,00083949.jpg,car,1
test,00086290.jpg,car,5
test,00075032.jpg,car,1
test,00009947.jpg,car,3
test,00084395.jpg,car,2
test,00042544.jpg,car,4
test,00064883.jpg,car,3
test,00095404.jpg,pickup_truck,2
test,00024370.jpg,bicycle,2
test,00104281.jpg,car,2
test,00074186.jpg,motorcycle,1
test,00009645.jpg,pickup_truck,1
test,00040648.jpg,articulated_truck,3
test,00064394.jpg,car,19
test,00059802.jpg,car,1
test,00000078.jpg,car,1
test,00095322.jpg,bus,1
test,00003456.jpg,car,1
test,00009893.jpg,car,3
test,00048283.jpg,car,6
test,00021212.jpg,car,2
test,00048715.jpg,pickup_truck,1
test,00054785.jpg,car,1
test,00001757.jpg,car,3
test,00020495.jpg,car,9
test,00002061.jpg,car,6
test,00008619.jpg,car,2
test,00082778.jpg,pickup_truck,2
test,00102471.jpg,pickup_truck,1
test,00020660.jpg,car,17
test,00035640.jpg,car,4
test,00082661.jpg,pickup_truck,2
test,00029023.jpg,pickup_truck,9
test,00067091.jpg,car,1
test,00095128.jpg,pickup_truck,8
test,00086537.jpg,car,6
test,00076521.jpg,car,7
test,00002438.jpg,car,2
test,00086486.jpg,car,6
test,00053060.jpg,car,2
test,00107815.jpg,articulated_truck,2
test,00030748.jpg,car,9
test,00028866.jpg,car,4
test,00066990.jpg,car,4
test,00066815.jpg,pickup_truck,2
test,00068759.jpg,car,3
test,00013960.jpg,car,6
test,00030190.jpg,car,5
test,00003647.jpg,pickup_truck,1
test,00054703.jpg,car,1
test,00028123.jpg,bicycle,2
test,00010424.jpg,car,1
test,00078905.jpg,bus,2
test,00022448.jpg,pickup_truck,1
test,00018875.jpg,car,1
test,00075152.jpg,bus,3
test,00030037.jpg,car,1
test,00041712.jpg,car,2
test,00066407.jpg,car,4
test,00084345.jpg,car,9
test,00049647.jpg,bus,1
test,00106615.jpg,car,2
test,00016277.jpg,car,5
test,00039991.jpg,pickup_truck,5
test,00015934.jpg,pickup_truck,1
test,00043424.jpg,car,2
test,00102164.jpg,car,1
test,00059666.jpg,car,9
test,00046187.jpg,pickup_truck,1
test,00075632.jpg,car,1
test,00094067.jpg,car,1
test,00010859.jpg,car,5
test,00003012.jpg,car,4
test,00106489.jpg,car,6
test,00069617.jpg,pickup_truck,13
test,00017288.jpg,car,2
test,00062544.jpg,car,3
test,00038132.jpg,car,1
test,00067171.jpg,car,3
test,00036459.jpg,car,6
test,00065352.jpg,pickup_truck,1
test,00007985.jpg,car,2
test,00005274.jpg,car,5
test,00034791.jpg,car,4
test,00047297.jpg,articulated_truck,1
test,00000336.jpg,car,4
test,00053053.jpg,car,3
test,00030964.jpg,pickup_truck,1
test,00062945.jpg,car,7
test,00106360.jpg,pickup_truck,1
test,00069070.jpg,car,2
test,00067604.jpg,pickup_truck,1
test,00093461.jpg,car,1
test,00104660.jpg,car,2
test,00025968.jpg,car,2
test,00060624.jpg,car,1
test,00069198.jpg,car,9
test,00080950.jpg,pickup_truck,1
test,00100751.jpg,car,5
test,00082152.jpg,car,2
test,00070204.jpg,pickup_truck,4
test,00108877.jpg,car,1
test,00081157.jpg,pickup_truck,5
test,00003299.jpg,car,2
test,00087773.jpg,pickup_truck,6
test,00094883.jpg,car,6
test,00020981.jpg,pickup_truck,1
test,00029035.jpg,car,1
test,00066534.jpg,car,2
test,00089364.jpg,car,3
test,00016579.jpg,car,1
test,00099288.jpg,car,2
test,00027110.jpg,car,4
test,00038330.jpg,car,9
test,00018718.jpg,pedestrian,12
test,00074959.jpg,car,2
test,00022007.jpg,car,1
test,00092554.jpg,car,11
test,00078543.jpg,car,4
test,00081666.jpg,car,17
test,00082415.jpg,car,2
test,00097117.jpg,single_unit_truck,1
test,00062127.jpg,car,1
test,00069275.jpg,car,6
test,00060222.jpg,car,1
test,00090340.jpg,car,4
test,00004765.jpg,car,2
test,00018070.jpg,bus,1
test,00094353.jpg,bus,1
test,00095700.jpg,motorized_vehicle,1
test,00064741.jpg,car,15
test,00021297.jpg,car,4
test,00106325.jpg,car,8
test,00006553.jpg,pickup_truck,9
test,00032993.jpg,pickup_truck,1
test,00050443.jpg,car,24
test,00068047.jpg,pickup_truck,1
test,00005656.jpg,car,2
test,00060140.jpg,car,5
test,00065731.jpg,car,3
test,00059151.jpg,car,1
test,00104711.jpg,single_unit_truck,2
test,00043027.jpg,car,1
test,00083458.jpg,car,1
test,00061496.jpg,bus,1
test,00073894.jpg,car,1
test,00080815.jpg,bus,3
test,00073736.jpg,work_van,1
test,00074000.jpg,car,12
test,00045869.jpg,pickup_truck,1
test,00096170.jpg,car,2
test,00101195.jpg,car,1
test,00066070.jpg,pickup_truck,1
test,00079394.jpg,car,3
test,00104742.jpg,pickup_truck,1
test,00077952.jpg,car,4
test,00031006.jpg,car,1
test,00034394.jpg,car,2
test,00047490.jpg,car,5
test,00059553.jpg,car,1
test,00051411.jpg,pickup_truck,1
test,00072928.jpg,car,4
test,00038086.jpg,motorized_vehicle,4
test,00058010.jpg,car,1
test,00091638.jpg,car,1
test,00067462.jpg,car,7
test,00036457.jpg,car,7
test,00073775.jpg,pedestrian,5
test,00066752.jpg,bus,1
test,00030994.jpg,car,9
test,00033886.jpg,car,2
test,00005636.jpg,car,3
test,00096947.jpg,bus,1
test,00008409.jpg,car,8
test,00086521.jpg,car,3
test,00046549.jpg,car,1
test,00086083.jpg,car,5
test,00043486.jpg,pickup_truck,1
test,00072645.jpg,car,6
test,00080703.jpg,pickup_truck,1
test,00005607.jpg,car,6
test,00001957.jpg,pickup_truck,7
test,00049781.jpg,work_van,2
test,00108950.jpg,car,6
test,00069783.jpg,car,4
test,00061851.jpg,pickup_truck,2
test,00046431.jpg,single_unit_truck,5
test,00097804.jpg,car,1
test,00013773.jpg,car,7
test,00106716.jpg,car,2
test,00025663.jpg,car,2
test,00064097.jpg,car,3
test,00046363.jpg,motorcycle,3
test,00030675.jpg,work_van,1
test,00032321.jpg,pickup_truck,3
test,00073733.jpg,pickup_truck,2
test,00021459.jpg,car,4
test,00081427.jpg,car,1
test,00046197.jpg,car,2
test,00029545.jpg,car,2
test,00073943.jpg,car,8
test,00050322.jpg,car,1
test,00102691.jpg,car,1
test,00029500.jpg,car,3
test,00074067.jpg,car,1
test,00079081.jpg,car,1
test,00013572.jpg,car,4
test,00018176.jpg,motorized_vehicle,1
test,00065308.jpg,car,4
test,00056215.jpg,articulated_truck,1
test,00095916.jpg,motorized_vehicle,1
test,00061530.jpg,car,1
test,00036270.jpg,car,1
test,00103479.jpg,car,4
test,00106180.jpg,articulated_truck,2
test,00059680.jpg,articulated_truck,1
test,00097808.jpg,articulated_truck,2
test,00022155.jpg,car,8
test,00041254.jpg,car,11
test,00056357.jpg,car,3
test,00057678.jpg,car,6
test,00079342.jpg,car,1
test,00108955.jpg,car,2
test,00095017.jpg,car,2
test,00042012.jpg,motorized_vehicle,2
test,00106804.jpg,car,4
test,00072287.jpg,motorized_vehicle,1
test,00033755.jpg,car,4
test,00030457.jpg,articulated_truck,2
test,00014587.jpg,car,4
test,00077152.jpg,car,4
test,00037754.jpg,car,3
test,00105662.jpg,car,6
test,00006411.jpg,car,5
test,00071638.jpg,car,6
test,00057888.jpg,car,4
test,00029100.jpg,car,1
test,00025208.jpg,car,2
test,00099733.jpg,car,2
test,00006152.jpg,bus,1
test,00102458.jpg,car,2
test,00012722.jpg,car,3
test,00012500.jpg,motorized_vehicle,2
test,00039546.jpg,motorized_vehicle,2
test,00026100.jpg,car,1
test,00004614.jpg,car,3
test,00104441.jpg,car,2
test,00057346.jpg,articulated_truck,1
test,00037916.jpg,car,7
test,00081125.jpg,car,3
test,00088079.jpg,pickup_truck,11
test,00006640.jpg,car,1
test,00071667.jpg,car,3
test,00056588.jpg,car,1
test,00057690.jpg,car,2
test,00018085.jpg,work_van,1
test,00027101.jpg,car,3
test,00082272.jpg,car,1
test,00031781.jpg,car,2
test,00051614.jpg,car,3
test,00078536.jpg,car,6
test,00017228.jpg,pickup_truck,1
test,00038643.jpg,car,10
test,00079887.jpg,car,1
test,00026001.jpg,car,20
test,00066432.jpg,car,2
test,00004396.jpg,pickup_truck,1
test,00064724.jpg,pickup_truck,1
test,00052933.jpg,car,1
test,00023470.jpg,car,2
test,00053058.jpg,car,2
test,00033756.jpg,bus,1
test,00011584.jpg,car,1
test,00011198.jpg,articulated_truck,1
test,00108467.jpg,car,1
test,00093245.jpg,pickup_truck,1
test,00105938.jpg,car,1
test,00017920.jpg,car,1
test,00065726.jpg,car,9
test,00068215.jpg,motorized_vehicle,3
test,00056007.jpg,car,1
test,00076131.jpg,car,2
test,00041495.jpg,car,2
test,00088244.jpg,car,3
test,00095462.jpg,car,1
test,00076624.jpg,car,2
test,00059142.jpg,motorized_vehicle,2
test,00066727.jpg,motorized_vehicle,1
test,00096737.jpg,car,3
test,00023011.jpg,car,1
test,00021982.jpg,articulated_truck,3
test,00101970.jpg,car,3
test,00015975.jpg,car,3
test,00079920.jpg,car,4
test,00005886.jpg,pickup_truck,1
test,00083908.jpg,car,7
test,00021700.jpg,car,6
test,00006893.jpg,motorized_vehicle,2
test,00090728.jpg,car,2
test,00026322.jpg,car,2
test,00093768.jpg,car,3
test,00040960.jpg,car,1
test,00038885.jpg,single_unit_truck,2
test,00101992.jpg,pickup_truck,1
test,00006862.jpg,car,3
test,00078515.jpg,car,1
test,00098010.jpg,car,4
test,00063441.jpg,pickup_truck,1
test,00044312.jpg,car,3
test,00012029.jpg,car,1
test,00063414.jpg,car,4
test,00085825.jpg,car,1
test,00096442.jpg,car,1
test,00004930.jpg,pickup_truck,1
test,00048382.jpg,articulated_truck,1
test,00038067.jpg,work_van,2
test,00053913.jpg,car,4
test,00108484.jpg,car,3
test,00061972.jpg,car,3
test,00100770.jpg,motorized_vehicle,7
test,00079961.jpg,car,3
test,00039275.jpg,car,3
test,00082367.jpg,car,1
test,00065425.jpg,car,2
test,00092638.jpg,car,2
test,00091697.jpg,car,3
test,00044080.jpg,car,3
test,00099575.jpg,car,1
test,00024078.jpg,car,1
test,00002532.jpg,bicycle,2
test,00090385.jpg,articulated_truck,4
test,00077272.jpg,bus,2
test,00100780.jpg,car,3
test,00052250.jpg,car,4
test,00064513.jpg,work_van,2
test,00009343.jpg,pickup_truck,2
test,00086734.jpg,pickup_truck,6
test,00072703.jpg,car,13
test,00067243.jpg,pickup_truck,1
test,00066329.jpg,car,3
test,00096377.jpg,car,1
test,00043449.jpg,car,1
test,00009759.jpg,car,4
test,00095542.jpg,motorcycle,4
test,00077294.jpg,car,3
test,00038917.jpg,work_van,1
test,00100806.jpg,pickup_truck,4
test,00066550.jpg,car,7
test,00092415.jpg,car,2
test,00076155.jpg,car,2
test,00003313.jpg,car,2
test,00033242.jpg,car,2
test,00038499.jpg,car,1
test,00051083.jpg,articulated_truck,1
test,00012146.jpg,car,2
test,00043658.jpg,car,3
test,00024258.jpg,car,5
test,00043824.jpg,car,2
test,00081177.jpg,car,7
test,00110114.jpg,car,1
test,00100583.jpg,car,7
test,00013025.jpg,car,3
test,00053924.jpg,car,4
test,00021681.jpg,work_van,2
test,00095413.jpg,car,4
test,00074802.jpg,car,1
test,00062396.jpg,car,2
test,00084653.jpg,pickup_truck,1
test,00067378.jpg,car,3
test,00070281.jpg,car,1
test,00106027.jpg,car,2
test,00084471.jpg,car,2
test,00094661.jpg,pickup_truck,1
test,00033377.jpg,motorized_vehicle,1
test,00080300.jpg,car,4
test,00097665.jpg,car,1
test,00108058.jpg,car,3
test,00053139.jpg,car,3
test,00020836.jpg,car,3
test,00043108.jpg,car,3
test,00037556.jpg,car,8
test,00107517.jpg,car,2
test,00079883.jpg,car,1
test,00055395.jpg,car,1
test,00010207.jpg,car,4
test,00029421.jpg,car,9
test,00082601.jpg,car,3
test,00099795.jpg,car,1
test,00047103.jpg,car,19
test,00006202.jpg,car,3
test,00056514.jpg,car,9
test,00025553.jpg,car,1
test,00067710.jpg,car,4
test,00029544.jpg,pickup_truck,1
test,00041934.jpg,car,13
test,00057736.jpg,car,3
test,00046828.jpg,car,2
test,00038302.jpg,pickup_truck,1
test,00083194.jpg,work_van,1
test,00101755.jpg,car,3
test,00067322.jpg,car,5
test,00022095.jpg,car,4
test,00098944.jpg,car,1
test,00079797.jpg,pickup_truck,1
test,00071332.jpg,car,3
test,00065807.jpg,car,2
test,00011515.jpg,car,2
test,00073269.jpg,car,4
test,00089007.jpg,pickup_truck,3
test,00039157.jpg,motorized_vehicle,2
test,00083619.jpg,pickup_truck,1
test,00070639.jpg,car,1
test,00047235.jpg,pickup_truck,3
test,00078286.jpg,pickup_truck,2
test,00071422.jpg,pickup_truck,1
test,00061458.jpg,bus,3
test,00075565.jpg,motorized_vehicle,2
test,00087182.jpg,car,1
test,00059533.jpg,car,1
test,00095076.jpg,car,1
test,00105237.jpg,car,2
test,00102354.jpg,car,4
test,00075803.jpg,car,2
test,00101511.jpg,motorized_vehicle,2
test,00110474.jpg,motorized_vehicle,1
test,00048077.jpg,car,1
test,00067258.jpg,pickup_truck,4
test,00084710.jpg,car,4
test,00045728.jpg,motorized_vehicle,2
test,00009985.jpg,car,4
test,00083266.jpg,motorized_vehicle,1
test,00088853.jpg,car,2
test,00063352.jpg,car,2
test,00107973.jpg,car,3
test,00096868.jpg,car,2
test,00096297.jpg,car,3
test,00028458.jpg,car,6
test,00087212.jpg,bus,1
test,00077242.jpg,car,1
test,00061863.jpg,car,9
test,00030698.jpg,pickup_truck,1
test,00106673.jpg,car,2
test,00050259.jpg,car,4
test,00014443.jpg,pickup_truck,2
test,00010660.jpg,car,1
test,00077321.jpg,car,1
test,00023231.jpg,car,6
test,00093690.jpg,car,4
test,00074710.jpg,car,3
test,00017364.jpg,motorized_vehicle,4
test,00021577.jpg,car,14
test,00043419.jpg,motorized_vehicle,1
test,00011507.jpg,car,1
test,00079285.jpg,car,10
test,00030784.jpg,car,3
test,00024961.jpg,pickup_truck,1
test,00105260.jpg,car,3
test,00090345.jpg,pickup_truck,1
test,00025150.jpg,work_van,3
test,00098927.jpg,pickup_truck,1
test,00103077.jpg,car,6
test,00022884.jpg,car,3
test,00028798.jpg,car,9
test,00075259.jpg,car,1
test,00008452.jpg,car,5
test,00104956.jpg,pickup_truck,2
test,00003809.jpg,car,7
test,00045033.jpg,car,4
test,00019200.jpg,car,1
test,00087485.jpg,car,4
test,00066848.jpg,car,2
test,00018309.jpg,pickup_truck,5
test,00020653.jpg,car,4
test,00072869.jpg,car,4
test,00032749.jpg,car,1
test,00068938.jpg,car,1
test,00102937.jpg,car,1
test,00064526.jpg,bus,1
test,00071653.jpg,car,1
test,00045870.jpg,car,3
test,00003130.jpg,car,2
test,00046642.jpg,pickup_truck,4
test,00028656.jpg,car,5
test,00065679.jpg,car,1
test,00022143.jpg,car,2
test,00010692.jpg,car,2
test,00054404.jpg,car,2
test,00074879.jpg,car,2
test,00099966.jpg,car,1
test,00044943.jpg,car,1
test,00027218.jpg,pickup_truck,1
test,00108151.jpg,motorized_vehicle,3
test,00057577.jpg,car,4
test,00093298.jpg,car,5
test,00081288.jpg,car,8
test,00012517.jpg,pickup_truck,2
test,00012047.jpg,car,2
test,00083960.jpg,car,5
test,00015839.jpg,car,1
test,00056264.jpg,motorized_vehicle,3
test,00106905.jpg,car,8
test,00082278.jpg,car,2
test,00005311.jpg,car,1
test,00072395.jpg,car,2
test,00058447.jpg,motorized_vehicle,2
test,00103639.jpg,car,1
test,00075696.jpg,motorized_vehicle,2
test,00068599.jpg,car,3
test,00037218.jpg,car,2
test,00103894.jpg,car,2
test,00023982.jpg,pedestrian,2
test,00068538.jpg,car,2
test,00003949.jpg,car,6
test,00099535.jpg,car,4
test,00053783.jpg,car,2
test,00046695.jpg,car,6
test,00003866.jpg,car,1
test,00004262.jpg,car,1
test,00018581.jpg,car,1
test,00064713.jpg,car,3
test,00028506.jpg,pickup_truck,1
test,00071279.jpg,car,8
test,00102516.jpg,pickup_truck,1
test,00005110.jpg,articulated_truck,2
test,00109772.jpg,pickup_truck,1
test,00030041.jpg,pickup_truck,1
test,00003789.jpg,car,5
test,00098820.jpg,single_unit_truck,1
test,00033197.jpg,articulated_truck,4
test,00058355.jpg,car,16
test,00017156.jpg,car,3
test,00069998.jpg,car,8
test,00045485.jpg,pickup_truck,4
test,00015420.jpg,pickup_truck,2
test,00007641.jpg,car,2
test,00100482.jpg,car,2
test,00070760.jpg,bus,1
test,00031572.jpg,pickup_truck,6
test,00061980.jpg,car,3
test,00001928.jpg,car,1
test,00078835.jpg,pickup_truck,2
test,00022734.jpg,car,3
test,00080806.jpg,car,2
test,00092696.jpg,car,2
test,00055129.jpg,car,2
test,00038582.jpg,motorized_vehicle,2
test,00085989.jpg,pickup_truck,1
test,00106935.jpg,car,7
test,00098996.jpg,motorized_vehicle,1
test,00066578.jpg,car,1
test,00014549.jpg,car,17
test,00092811.jpg,single_unit_truck,2
test,00015970.jpg,car,1
test,00027781.jpg,bus,1
test,00056225.jpg,car,2
test,00103102.jpg,pickup_truck,1
test,00000518.jpg,car,3
test,00100989.jpg,car,1
test,00000939.jpg,motorized_vehicle,2
test,00074308.jpg,car,9
test,00003395.jpg,car,9
test,00072218.jpg,car,2
test,00094884.jpg,car,3
test,00107664.jpg,car,2
test,00076822.jpg,car,2
test,00033087.jpg,car,18
test,00069464.jpg,car,6
test,00089807.jpg,car,6
test,00062254.jpg,car,3
test,00055280.jpg,pickup_truck,1
test,00093958.jpg,car,4
test,00105381.jpg,car,1
test,00029483.jpg,car,5
test,00079917.jpg,motorized_vehicle,6
test,00059925.jpg,car,1
test,00072369.jpg,car,8
test,00020113.jpg,motorized_vehicle,8
test,00022847.jpg,car,5
test,00077607.jpg,car,2
test,00006467.jpg,car,1
test,00062038.jpg,bus,1
test,00017345.jpg,motorcycle,1
test,00097916.jpg,car,3
test,00099852.jpg,pickup_truck,2
test,00077636.jpg,car,6
test,00026169.jpg,pickup_truck,1
test,00075561.jpg,pickup_truck,1
test,00057100.jpg,car,1
test,00024388.jpg,work_van,1
test,00007251.jpg,car,4
test,00074757.jpg,pickup_truck,3
test,00079902.jpg,car,4
test,00031315.jpg,single_unit_truck,4
test,00077200.jpg,bus,2
test,00094046.jpg,car,3
test,00105051.jpg,car,7
test,00052767.jpg,car,4
test,00061026.jpg,pickup_truck,2
test,00019940.jpg,car,2
test,00091909.jpg,car,3
test,00070342.jpg,pickup_truck,2
test,00093930.jpg,car,1
test,00051231.jpg,car,4
test,00041097.jpg,car,6
test,00072447.jpg,car,6
test,00094706.jpg,car,8
test,00033506.jpg,articulated_truck,4
test,00085818.jpg,car,2
test,00094745.jpg,car,3
test,00079762.jpg,car,2
test,00037910.jpg,car,1
test,00104157.jpg,articulated_truck,2
test,00102389.jpg,car,5
test,00090075.jpg,car,2
test,00017741.jpg,car,1
test,00040492.jpg,car,2
test,00067538.jpg,car,2
test,00021673.jpg,bus,2
test,00047379.jpg,car,3
test,00080705.jpg,car,6
test,00105065.jpg,car,1
test,00071954.jpg,pickup_truck,23
test,00021275.jpg,bus,1
test,00097971.jpg,car,1
test,00041333.jpg,car,3
test,00045064.jpg,car,1
test,00047756.jpg,car,2
test,00068091.jpg,car,1
test,00074733.jpg,car,1
test,00082270.jpg,motorized_vehicle,2
test,00063155.jpg,car,1
test,00004035.jpg,car,7
test,00048055.jpg,work_van,2
test,00036199.jpg,car,1
test,00052738.jpg,car,14
test,00038764.jpg,car,2
test,00107742.jpg,car,2
test,00001255.jpg,car,1
test,00077918.jpg,car,9
test,00097797.jpg,car,2
test,00099924.jpg,motorized_vehicle,2
test,00083512.jpg,pickup_truck,7
test,00020095.jpg,bus,1
test,00054771.jpg,pickup_truck,2
test,00018838.jpg,car,3
test,00017713.jpg,car,1
test,00006812.jpg,car,1
test,00009772.jpg,car,8
test,00025214.jpg,car,1
test,00025228.jpg,pickup_truck,2
test,00088515.jpg,car,9
test,00001416.jpg,car,2
test,00024981.jpg,pickup_truck,4
test,00070316.jpg,car,1
test,00009493.jpg,car,1
test,00049532.jpg,motorized_vehicle,2
test,00103728.jpg,car,3
test,00013153.jpg,bicycle,5
test,00086886.jpg,car,2
test,00012377.jpg,car,1
test,00072156.jpg,car,4
test,00017049.jpg,car,1
test,00038036.jpg,car,9
test,00066579.jpg,car,4
test,00023170.jpg,pickup_truck,4
test,00095231.jpg,car,4
test,00076790.jpg,car,1
test,00086297.jpg,car,2
test,00036853.jpg,car,3
test,00070763.jpg,motorized_vehicle,2
test,00007010.jpg,car,2
test,00029249.jpg,car,11
test,00041071.jpg,bus,1
test,00077196.jpg,motorized_vehicle,2
test,00005084.jpg,car,2
test,00096440.jpg,car,1
test,00063034.jpg,pickup_truck,1
test,00023121.jpg,car,2
test,00053798.jpg,car,3
test,00086706.jpg,car,1
test,00039916.jpg,car,1
test,00032050.jpg,pedestrian,3
test,00041180.jpg,pickup_truck,1
test,00108078.jpg,car,1
test,00005409.jpg,car,2
test,00082178.jpg,pickup_truck,3
test,00008719.jpg,car,12
test,00077164.jpg,car,1
test,00022200.jpg,car,1
test,00022015.jpg,bus,2
test,00036001.jpg,car,15
test,00041902.jpg,car,4
test,00031187.jpg,car,2
test,00090276.jpg,pickup_truck,8
test,00073646.jpg,car,3
test,00042443.jpg,pickup_truck,2
test,00080960.jpg,car,5
test,00008849.jpg,articulated_truck,3
test,00018681.jpg,pickup_truck,6
test,00022795.jpg,car,3
test,00003453.jpg,car,2
test,00010307.jpg,car,1
test,00090296.jpg,articulated_truck,1
test,00067959.jpg,car,1
test,00009568.jpg,car,4
test,00025303.jpg,pickup_truck,3
test,00050482.jpg,pickup_truck,3
test,00087456.jpg,car,1
test,00017398.jpg,motorized_vehicle,6
test,00019005.jpg,bus,2
test,00080040.jpg,car,1
test,00021379.jpg,car,3
test,00068875.jpg,motorcycle,1
test,00025335.jpg,car,16
test,00082044.jpg,car,1
test,00016504.jpg,car,4
test,00101101.jpg,car,2
test,00102099.jpg,car,1
test,00054749.jpg,motorcycle,2
test,00047446.jpg,car,3
test,00037161.jpg,pickup_truck,3
test,00094287.jpg,car,2
test,00060838.jpg,car,4
test,00054532.jpg,motorcycle,1
test,00072550.jpg,pickup_truck,4
test,00019318.jpg,car,1
test,00020778.jpg,pickup_truck,6
test,00065986.jpg,car,3
test,00080653.jpg,car,7
test,00069258.jpg,articulated_truck,2
test,00045119.jpg,car,2
test,00037440.jpg,pickup_truck,1
test,00012043.jpg,car,2
test,00028107.jpg,bus,8
test,00083518.jpg,pedestrian,3
test,00031647.jpg,car,5
test,00050207.jpg,articulated_truck,2
test,00041185.jpg,car,1
test,00001362.jpg,pickup_truck,2
test,00072135.jpg,car,4
test,00031034.jpg,car,1
test,00028259.jpg,bus,3
test,00071590.jpg,car,1
test,00001260.jpg,work_van,2
test,00028382.jpg,pickup_truck,5
test,00043022.jpg,car,2
test,00018131.jpg,car,3
test,00011851.jpg,pickup_truck,2
test,00029011.jpg,car,1
test,00090259.jpg,car,4
test,00004028.jpg,car,1
test,00011131.jpg,pickup_truck,3
test,00011222.jpg,car,1
test,00046688.jpg,car,6
test,00032652.jpg,car,8
test,00057648.jpg,bus,1
test,00001622.jpg,car,1
test,00075116.jpg,car,2
test,00097219.jpg,work_van,3
test,00053219.jpg,car,2
test,00061568.jpg,pickup_truck,1
test,00044538.jpg,motorized_vehicle,2
test,00088808.jpg,car,17
test,00016677.jpg,motorcycle,1
test,00083060.jpg,car,7
test,00066586.jpg,car,7
test,00082962.jpg,car,9
test,00067658.jpg,motorized_vehicle,3
test,00038845.jpg,car,13
test,00109793.jpg,pickup_truck,1
test,00080392.jpg,car,1
test,00011769.jpg,car,5
test,00061175.jpg,car,1
test,00000346.jpg,car,6
test,00043856.jpg,pedestrian,3
test,00054793.jpg,bicycle,5
test,00031175.jpg,car,3
test,00070794.jpg,work_van,1
test,00047788.jpg,car,1
test,00082881.jpg,pickup_truck,2
test,00060561.jpg,car,2
test,00076119.jpg,work_van,1
test,00026512.jpg,work_van,7
test,00089465.jpg,car,2
test,00018578.jpg,car,1
test,00010967.jpg,car,1
test,00108066.jpg,car,5
test,00046640.jpg,bus,3
test,00095701.jpg,car,1
test,00026553.jpg,car,2
test,00022951.jpg,car,1
test,00085286.jpg,car,6
test,00085170.jpg,car,1
test,00056833.jpg,car,5
test,00082756.jpg,car,1
test,00024765.jpg,car,3
test,00100295.jpg,car,3
test,00106421.jpg,bus,1
test,00019728.jpg,articulated_truck,1
test,00089520.jpg,pickup_truck,5
test,00109228.jpg,car,5
test,00017738.jpg,car,3
test,00038128.jpg,car,2
test,00051679.jpg,car,4
test,00007742.jpg,car,3
test,00033313.jpg,car,5
test,00057962.jpg,car,2
test,00081947.jpg,pickup_truck,2
test,00019754.jpg,car,13
test,00004118.jpg,car,2
test,00094017.jpg,car,2
test,00109638.jpg,car,1
test,00105648.jpg,car,5
test,00077101.jpg,car,4
test,00003261.jpg,car,1
test,00025574.jpg,car,7
test,00043374.jpg,car,1
test,00059618.jpg,car,1
test,00053827.jpg,car,1
test,00069245.jpg,car,5
test,00057593.jpg,car,2
test,00021716.jpg,car,2
test,00042829.jpg,car,1
test,00051474.jpg,car,6
test,00054651.jpg,car,2
test,00015902.jpg,car,8
test,00015528.jpg,car,5
test,00034226.jpg,car,2
test,00072473.jpg,car,5
test,00083359.jpg,car,1
test,00063209.jpg,car,1
test,00110519.jpg,car,1
test,00075142.jpg,car,5
test,00092688.jpg,car,7
test,00091414.jpg,car,4
test,00009095.jpg,car,2
test,00079430.jpg,car,1
test,00075793.jpg,car,1
test,00027347.jpg,non_motorized_vehicle,3
test,00105704.jpg,car,7
test,00000004.jpg,bus,1
test,00077325.jpg,pedestrian,3
test,00013537.jpg,car,1
test,00003341.jpg,car,7
test,00073112.jpg,car,3
test,00046487.jpg,car,6
test,00063011.jpg,pickup_truck,6
test,00024199.jpg,car,1
test,00027573.jpg,bus,1
test,00064022.jpg,car,7
test,00090412.jpg,car,2
test,00000235.jpg,car,1
test,00032451.jpg,car,1
test,00008922.jpg,car,5
test,00081001.jpg,car,5
test,00067250.jpg,bus,1
test,00006668.jpg,car,2
test,00029320.jpg,car,3
test,00102039.jpg,bicycle,1
test,00098710.jpg,car,3
test,00023826.jpg,pickup_truck,1
test,00106098.jpg,car,5
test,00074508.jpg,car,3
test,00062120.jpg,car,2
test,00094643.jpg,car,6
test,00059620.jpg,work_van,2
test,00086674.jpg,pickup_truck,5
test,00045356.jpg,car,6
test,00061111.jpg,car,2
test,00076575.jpg,car,2
test,00009039.jpg,car,4
test,00021461.jpg,motorcycle,2
test,00088451.jpg,car,4
test,00108263.jpg,car,1
test,00031552.jpg,car,6
test,00042017.jpg,car,4
test,00001776.jpg,car,4
test,00094432.jpg,car,4
test,00039125.jpg,car,10
test,00068187.jpg,car,3
test,00096627.jpg,car,1
test,00041290.jpg,car,1
test,00082524.jpg,car,4
test,00087866.jpg,car,1
test,00060029.jpg,car,10
test,00062972.jpg,car,6
test,00032703.jpg,car,3
test,00066108.jpg,car,3
test,00050660.jpg,car,2
test,00084979.jpg,articulated_truck,1
test,00068712.jpg,car,5
test,00081380.jpg,single_unit_truck,2
test,00003436.jpg,car,6
test,00097189.jpg,car,7
test,00005467.jpg,bus,2
test,00100386.jpg,pickup_truck,2
test,00034015.jpg,car,1
test,00029677.jpg,pickup_truck,2
test,00001639.jpg,motorized_vehicle,1
test,00087683.jpg,car,2
test,00037680.jpg,car,2
test,00009793.jpg,single_unit_truck,3
test,00046234.jpg,motorized_vehicle,2
test,00047833.jpg,car,3
test,00015831.jpg,bus,1
test,00050132.jpg,car,1
test,00002012.jpg,car,4
test,00099173.jpg,pickup_truck,2
test,00049267.jpg,articulated_truck,4
test,00080668.jpg,single_unit_truck,2
test,00044818.jpg,car,2
test,00026847.jpg,single_unit_truck,1
test,00074812.jpg,bus,1
test,00040833.jpg,car,2
test,00011455.jpg,car,1
test,00077193.jpg,bus,2
test,00089915.jpg,car,1
test,00040051.jpg,pickup_truck,1
test,00010904.jpg,pickup_truck,1
test,00107388.jpg,pickup_truck,3
test,00058326.jpg,single_unit_truck,2
test,00101902.jpg,articulated_truck,4
test,00053696.jpg,car,4
test,00046126.jpg,car,5
test,00107634.jpg,car,3
test,00012121.jpg,work_van,1
test,00023822.jpg,car,13
test,00101512.jpg,car,3
test,00065526.jpg,car,2
test,00048728.jpg,bicycle,2
test,00052119.jpg,car,1
test,00084409.jpg,car,2
test,00045617.jpg,car,4
test,00038657.jpg,pickup_truck,2
test,00021081.jpg,car,3
test,00083093.jpg,car,4
test,00023379.jpg,car,1
test,00094858.jpg,car,1
test,00069320.jpg,car,1
test,00058466.jpg,pickup_truck,2
test,00068423.jpg,car,18
test,00090500.jpg,car,8
test,00078929.jpg,car,3
test,00072040.jpg,pickup_truck,8
test,00036793.jpg,car,2
test,00053034.jpg,motorized_vehicle,2
test,00066868.jpg,car,2
test,00041330.jpg,car,1
test,00074846.jpg,articulated_truck,1
test,00106203.jpg,car,1
test,00075636.jpg,car,5
test,00106444.jpg,car,2
test,00020920.jpg,pickup_truck,2
test,00092986.jpg,car,4
test,00102009.jpg,pickup_truck,1
test,00096788.jpg,car,7
test,00037383.jpg,car,3
test,00091326.jpg,car,6
test,00043276.jpg,car,5
test,00087856.jpg,car,8
test,00047033.jpg,pickup_truck,2
test,00015216.jpg,pickup_truck,1
test,00085894.jpg,car,8
test,00035010.jpg,articulated_truck,3
test,00098193.jpg,articulated_truck,1
test,00041815.jpg,car,5
test,00065224.jpg,pickup_truck,3
test,00089130.jpg,car,5
test,00038703.jpg,pickup_truck,4
test,00066276.jpg,car,8
test,00087975.jpg,bus,1
test,00025143.jpg,pickup_truck,5
test,00029937.jpg,motorized_vehicle,2
test,00071210.jpg,car,5
test,00025428.jpg,car,2
test,00025371.jpg,pedestrian,3
test,00049581.jpg,car,3
test,00033461.jpg,motorized_vehicle,2
test,00065058.jpg,bus,1
test,00024121.jpg,car,2
test,00019436.jpg,articulated_truck,4
test,00013708.jpg,car,2
test,00067375.jpg,motorized_vehicle,2
test,00106782.jpg,car,14
test,00066581.jpg,car,4
test,00050564.jpg,car,7
test,00016617.jpg,car,1
test,00018542.jpg,car,3
test,00015261.jpg,pickup_truck,3
test,00008225.jpg,pickup_truck,1
test,00034596.jpg,car,3
test,00099936.jpg,pickup_truck,7
test,00016746.jpg,pickup_truck,1
test,00012508.jpg,pickup_truck,1
test,00030162.jpg,car,3
test,00052298.jpg,bus,2
test,00107896.jpg,car,1
test,00053781.jpg,car,4
test,00091340.jpg,car,1
test,00088761.jpg,car,3
test,00083622.jpg,car,1
test,00080749.jpg,car,4
test,00104300.jpg,car,2
test,00060967.jpg,car,2
test,00053435.jpg,car,3
test,00057250.jpg,car,2
test,00108732.jpg,bus,1
test,00019595.jpg,car,3
test,00087917.jpg,car,3
test,00034306.jpg,pickup_truck,6
test,00096796.jpg,bus,2
test,00033175.jpg,pickup_truck,2
test,00009599.jpg,car,1
test,00045683.jpg,car,4
test,00024308.jpg,car,8
test,00035146.jpg,pickup_truck,1
test,00101580.jpg,pickup_truck,1
test,00103509.jpg,car,1
test,00026080.jpg,pickup_truck,1
test,00060383.jpg,motorized_vehicle,3
test,00075826.jpg,car,4
test,00006166.jpg,car,5
test,00068169.jpg,pickup_truck,1
test,00086822.jpg,car,5
test,00021855.jpg,pickup_truck,1
test,00061855.jpg,car,4
test,00028670.jpg,motorized_vehicle,3
test,00086707.jpg,car,3
test,00003096.jpg,car,2
test,00098553.jpg,car,2
test,00092221.jpg,pickup_truck,1
test,00063043.jpg,car,1
test,00095640.jpg,car,5
test,00005094.jpg,motorized_vehicle,3
test,00058271.jpg,car,7
test,00101348.jpg,car,6
test,00080130.jpg,car,2
test,00033745.jpg,car,3
test,00033080.jpg,car,6
test,00076675.jpg,bus,2
test,00073178.jpg,car,4
test,00045089.jpg,car,1
test,00039820.jpg,car,1
test,00055708.jpg,pickup_truck,2
test,00082244.jpg,car,2
test,00061522.jpg,car,6
test,00074128.jpg,pedestrian,3
test,00074417.jpg,car,1
test,00074818.jpg,car,3
test,00095917.jpg,bus,1
test,00078581.jpg,car,16
test,00054714.jpg,car,1
test,00088514.jpg,car,1
test,00039254.jpg,car,3
test,00031164.jpg,car,5
test,00053866.jpg,car,4
test,00054285.jpg,car,2
test,00017219.jpg,car,1
test,00013443.jpg,car,17
test,00055360.jpg,car,2
test,00069600.jpg,car,3
test,00057700.jpg,car,1
test,00014042.jpg,car,2
test,00092405.jpg,car,1
test,00084986.jpg,pickup_truck,1
test,00033409.jpg,car,1
test,00024885.jpg,car,16
test,00068621.jpg,car,1
test,00098303.jpg,car,4
test,00024475.jpg,pickup_truck,1
test,00081395.jpg,car,2
test,00018817.jpg,car,6
test,00062701.jpg,car,6
test,00057399.jpg,motorized_vehicle,2
test,00090286.jpg,car,5
test,00012305.jpg,car,3
test,00066832.jpg,pickup_truck,2
test,00090141.jpg,car,2
test,00025212.jpg,car,3
test,00030158.jpg,pickup_truck,1
test,00039342.jpg,motorized_vehicle,1
test,00038690.jpg,car,3
test,00079318.jpg,car,3
test,00065380.jpg,car,5
test,00022823.jpg,car,1
test,00058257.jpg,car,1
test,00094667.jpg,pickup_truck,1
test,00106464.jpg,car,3
test,00073684.jpg,car,1
test,00034615.jpg,car,2
test,00083105.jpg,car,2
test,00092890.jpg,articulated_truck,2
test,00029683.jpg,car,2
test,00090435.jpg,car,13
test,00062181.jpg,pickup_truck,7
test,00038168.jpg,car,1
test,00075762.jpg,car,1
test,00042169.jpg,pedestrian,4
test,00023538.jpg,car,2
test,00065398.jpg,articulated_truck,1
test,00021370.jpg,car,6
test,00009779.jpg,car,1
test,00071276.jpg,car,1
test,00041028.jpg,car,2
test,00037098.jpg,pickup_truck,4
test,00008881.jpg,non_motorized_vehicle,3
test,00088484.jpg,car,1
test,00002883.jpg,car,2
test,00014535.jpg,car,1
test,00033019.jpg,pedestrian,3
test,00054762.jpg,car,1
test,00034211.jpg,car,3
test,00103554.jpg,pickup_truck,1
test,00018126.jpg,pedestrian,3
test,00030050.jpg,pickup_truck,2
test,00088149.jpg,car,1
test,00006639.jpg,car,3
test,00093145.jpg,car,2
test,00088291.jpg,bicycle,2
test,00056393.jpg,car,2
test,00050274.jpg,car,1
test,00006146.jpg,car,17
test,00089384.jpg,car,3
test,00002742.jpg,car,2
test,00039823.jpg,car,2
test,00071768.jpg,pickup_truck,2
test,00045076.jpg,car,6
test,00064742.jpg,car,15
test,00109456.jpg,pickup_truck,1
test,00091763.jpg,car,7
test,00090716.jpg,motorized_vehicle,2
test,00107184.jpg,car,3
test,00038310.jpg,car,2
test,00073670.jpg,car,3
test,00042506.jpg,car,4
test,00063314.jpg,pickup_truck,4
test,00048192.jpg,car,3
test,00068550.jpg,pickup_truck,1
test,00044013.jpg,pickup_truck,1
test,00071485.jpg,car,2
test,00005557.jpg,car,2
test,00097213.jpg,car,2
test,00081015.jpg,pickup_truck,4
test,00016140.jpg,car,7
test,00091070.jpg,car,1
test,00039739.jpg,pickup_truck,2
test,00037482.jpg,car,8
test,00107981.jpg,car,3
test,00029045.jpg,non_motorized_vehicle,2
test,00084783.jpg,car,1
test,00023295.jpg,motorized_vehicle,1
test,00008811.jpg,articulated_truck,4
test,00104919.jpg,car,2
test,00008017.jpg,car,2
test,00099771.jpg,pickup_truck,2
test,00010860.jpg,motorized_vehicle,6
test,00006330.jpg,pickup_truck,6
test,00048013.jpg,pickup_truck,1
test,00060692.jpg,car,1
test,00027064.jpg,car,1
test,00072099.jpg,pickup_truck,2
test,00038635.jpg,car,2
test,00062535.jpg,bicycle,2
test,00053117.jpg,single_unit_truck,3
test,00096904.jpg,pickup_truck,1
test,00106451.jpg,car,7
test,00104118.jpg,car,9
test,00088040.jpg,car,3
test,00045129.jpg,car,4
test,00028419.jpg,car,1
test,00017006.jpg,car,4
test,00092659.jpg,car,2
test,00024463.jpg,car,5
test,00046481.jpg,car,1
test,00049441.jpg,work_van,4
test,00094952.jpg,car,2
test,00080521.jpg,motorized_vehicle,3
test,00010013.jpg,car,3
test,00052906.jpg,car,4
test,00064024.jpg,car,1
test,00024383.jpg,car,6
test,00074100.jpg,car,6
test,00072023.jpg,car,3
test,00096927.jpg,bus,1
test,00047381.jpg,car,3
test,00013745.jpg,motorized_vehicle,1
test,00077810.jpg,car,3
test,00088035.jpg,car,1
test,00058503.jpg,car,4
test,00091902.jpg,motorized_vehicle,4
test,00052000.jpg,car,8
test,00040270.jpg,car,2
test,00014156.jpg,car,4
test,00008106.jpg,car,2
test,00075516.jpg,car,1
test,00069601.jpg,car,1
test,00055649.jpg,car,1
test,00003239.jpg,car,1
test,00096478.jpg,articulated_truck,1
test,00026129.jpg,pickup_truck,1
test,00021082.jpg,car,3
test,00039282.jpg,car,7
test,00009551.jpg,car,5
test,00061602.jpg,work_van,1
test,00004098.jpg,car,1
test,00051944.jpg,car,3
test,00099572.jpg,car,2
test,00097061.jpg,work_van,2
test,00053250.jpg,car,1
test,00040345.jpg,car,18
test,00007019.jpg,car,5
test,00016864.jpg,car,3
test,00058451.jpg,car,1
test,00006158.jpg,car,1
test,00072030.jpg,car,1
test,00070751.jpg,car,7
test,00036168.jpg,motorized_vehicle,2
test,00063532.jpg,pickup_truck,1
test,00016679.jpg,car,1
test,00058199.jpg,motorized_vehicle,2
test,00026788.jpg,car,5
test,00059793.jpg,car,3
test,00030036.jpg,work_van,2
test,00106699.jpg,car,1
test,00104762.jpg,car,1
test,00076676.jpg,car,3
test,00000555.jpg,pickup_truck,1
test,00039487.jpg,car,3
test,00038867.jpg,car,1
test,00006149.jpg,car,1
test,00093167.jpg,car,1
test,00020624.jpg,car,6
test,00016693.jpg,car,4
test,00108398.jpg,car,8
test,00106569.jpg,bus,1
test,00092942.jpg,car,5
test,00001133.jpg,car,3
test,00018844.jpg,motorized_vehicle,1
test,00065570.jpg,car,4
test,00041519.jpg,car,22
test,00048079.jpg,car,1
test,00085671.jpg,car,1
test,00010670.jpg,car,1
test,00059446.jpg,car,2
test,00106063.jpg,work_van,4
test,00047067.jpg,pickup_truck,1
test,00098091.jpg,car,6
test,00009080.jpg,car,2
test,00096455.jpg,car,7
test,00092715.jpg,car,1
test,00082674.jpg,car,5
test,00054624.jpg,motorized_vehicle,2
test,00007503.jpg,car,4
test,00060734.jpg,bus,2
test,00108105.jpg,pickup_truck,1
test,00095661.jpg,car,4
test,00042966.jpg,car,2
test,00092876.jpg,car,10
test,00060180.jpg,car,3
test,00040281.jpg,car,6
test,00098858.jpg,car,3
test,00042025.jpg,car,5
test,00021871.jpg,car,6
test,00012345.jpg,car,1
test,00084885.jpg,bus,1
test,00103056.jpg,car,1
test,00077273.jpg,car,4
test,00063126.jpg,car,2
test,00066268.jpg,pedestrian,3
test,00018432.jpg,car,1
test,00106920.jpg,car,3
test,00070755.jpg,pickup_truck,1
test,00089696.jpg,car,4
test,00011174.jpg,car,7
test,00028038.jpg,articulated_truck,2
test,00069759.jpg,car,1
test,00067284.jpg,car,3
test,00028713.jpg,car,1
test,00020982.jpg,car,12
test,00026534.jpg,pickup_truck,1
test,00040269.jpg,car,2
test,00070607.jpg,car,4
test,00017005.jpg,work_van,1
test,00032074.jpg,car,5
test,00008087.jpg,car,3
test,00047172.jpg,car,3
test,00009857.jpg,articulated_truck,3
test,00056585.jpg,car,2
test,00060986.jpg,articulated_truck,1
test,00047920.jpg,car,9
test,00067085.jpg,car,4
test,00036141.jpg,motorized_vehicle,3
test,00097449.jpg,car,6
test,00085449.jpg,car,1
test,00034700.jpg,pickup_truck,4
test,00032977.jpg,pickup_truck,1
test,00024972.jpg,car,3
test,00002551.jpg,car,3
test,00095213.jpg,car,1
test,00097049.jpg,car,1
test,00043850.jpg,car,1
test,00063213.jpg,car,3
test,00039305.jpg,motorized_vehicle,4
test,00055157.jpg,pickup_truck,1
test,00053751.jpg,pickup_truck,1
test,00018796.jpg,car,4
test,00025164.jpg,car,1
test,00077927.jpg,bus,2
test,00022253.jpg,pickup_truck,5
test,00044805.jpg,car,2
test,00043664.jpg,car,3
test,00099951.jpg,car,4
test,00060021.jpg,car,4
test,00103120.jpg,car,7
test,00030985.jpg,car,9
test,00001061.jpg,bus,1
test,00026183.jpg,car,2
test,00039255.jpg,motorized_vehicle,1
test,00108669.jpg,car,4
test,00070153.jpg,car,1
test,00052219.jpg,car,3
test,00009169.jpg,work_van,3
test,00006419.jpg,pickup_truck,1
test,00080775.jpg,car,4
test,00072605.jpg,pickup_truck,2
test,00020755.jpg,pickup_truck,1
test,00062740.jpg,car,3
test,00027848.jpg,car,2
test,00021064.jpg,car,2
test,00051266.jpg,car,5
test,00041601.jpg,car,1
test,00018380.jpg,car,1
test,00011394.jpg,car,1
test,00055431.jpg,car,6
test,00049770.jpg,motorized_vehicle,2
test,00021036.jpg,car,4
test,00108490.jpg,car,2
test,00047766.jpg,car,3
test,00015618.jpg,car,4
test,00062866.jpg,car,2
test,00029837.jpg,motorized_vehicle,1
test,00050537.jpg,bus,2
test,00033717.jpg,car,21
test,00009162.jpg,car,3
test,00105637.jpg,work_van,1
test,00062506.jpg,car,1
test,00075938.jpg,car,5
test,00058512.jpg,motorized_vehicle,1
test,00094402.jpg,car,5
test,00061699.jpg,pickup_truck,2
test,00059744.jpg,pickup_truck,5
test,00063638.jpg,pickup_truck,3
test,00049113.jpg,pickup_truck,2
test,00022336.jpg,car,1
test,00078737.jpg,car,4
test,00037551.jpg,car,4
test,00090540.jpg,car,2
test,00063953.jpg,pickup_truck,1
test,00053073.jpg,car,2
test,00072636.jpg,pickup_truck,1
test,00092494.jpg,car,15
test,00033708.jpg,car,1
test,00096422.jpg,car,1
test,00019176.jpg,car,3
test,00034709.jpg,car,1
test,00020295.jpg,car,1
test,00050568.jpg,car,4
test,00071783.jpg,car,2
test,00003432.jpg,car,2
