dataset_id,split,image_id,file_name,source_relative_path,view_relative_path,width,height,ordinary_object_count,has_public_label,class_ids_present
acdc_snow_official_v1,train,1262,snow/train/GOPR0122/GOPR0122_frame_000161_rgb_anon.png,snow/train/GOPR0122/GOPR0122_frame_000161_rgb_anon.png,images/train/GOPR0122/GOPR0122_frame_000161_rgb_anon.png,1920,1080,11,True,0;2;3;5
acdc_snow_official_v1,train,1267,snow/train/GOPR0122/GOPR0122_frame_000176_rgb_anon.png,snow/train/GOPR0122/GOPR0122_frame_000176_rgb_anon.png,images/train/GOPR0122/GOPR0122_frame_000176_rgb_anon.png,1920,1080,3,True,0;3
acdc_snow_official_v1,train,1268,snow/train/GOPR0122/GOPR0122_frame_000185_rgb_anon.png,snow/train/GOPR0122/GOPR0122_frame_000185_rgb_anon.png,images/train/GOPR0122/GOPR0122_frame_000185_rgb_anon.png,1920,1080,19,True,0;2;3
acdc_snow_official_v1,train,1270,snow/train/GOPR0122/GOPR0122_frame_000192_rgb_anon.png,snow/train/GOPR0122/GOPR0122_frame_000192_rgb_anon.png,images/train/GOPR0122/GOPR0122_frame_000192_rgb_anon.png,1920,1080,7,True,2;3;7
acdc_snow_official_v1,train,1274,snow/train/GOPR0122/GOPR0122_frame_000198_rgb_anon.png,snow/train/GOPR0122/GOPR0122_frame_000198_rgb_anon.png,images/train/GOPR0122/GOPR0122_frame_000198_rgb_anon.png,1920,1080,9,True,0;2
acdc_snow_official_v1,train,1263,snow/train/GOPR0122/GOPR0122_frame_000205_rgb_anon.png,snow/train/GOPR0122/GOPR0122_frame_000205_rgb_anon.png,images/train/GOPR0122/GOPR0122_frame_000205_rgb_anon.png,1920,1080,7,True,0;2;3
acdc_snow_official_v1,train,1260,snow/train/GOPR0122/GOPR0122_frame_000212_rgb_anon.png,snow/train/GOPR0122/GOPR0122_frame_000212_rgb_anon.png,images/train/GOPR0122/GOPR0122_frame_000212_rgb_anon.png,1920,1080,5,True,0;2;6
acdc_snow_official_v1,train,1271,snow/train/GOPR0122/GOPR0122_frame_000221_rgb_anon.png,snow/train/GOPR0122/GOPR0122_frame_000221_rgb_anon.png,images/train/GOPR0122/GOPR0122_frame_000221_rgb_anon.png,1920,1080,12,True,0;2;5
acdc_snow_official_v1,train,1273,snow/train/GOPR0122/GOPR0122_frame_000227_rgb_anon.png,snow/train/GOPR0122/GOPR0122_frame_000227_rgb_anon.png,images/train/GOPR0122/GOPR0122_frame_000227_rgb_anon.png,1920,1080,8,True,2;5
acdc_snow_official_v1,train,1261,snow/train/GOPR0122/GOPR0122_frame_000234_rgb_anon.png,snow/train/GOPR0122/GOPR0122_frame_000234_rgb_anon.png,images/train/GOPR0122/GOPR0122_frame_000234_rgb_anon.png,1920,1080,11,True,0;2
acdc_snow_official_v1,train,1269,snow/train/GOPR0122/GOPR0122_frame_000248_rgb_anon.png,snow/train/GOPR0122/GOPR0122_frame_000248_rgb_anon.png,images/train/GOPR0122/GOPR0122_frame_000248_rgb_anon.png,1920,1080,7,True,2
acdc_snow_official_v1,train,1264,snow/train/GOPR0122/GOPR0122_frame_000265_rgb_anon.png,snow/train/GOPR0122/GOPR0122_frame_000265_rgb_anon.png,images/train/GOPR0122/GOPR0122_frame_000265_rgb_anon.png,1920,1080,8,True,0;2;3
acdc_snow_official_v1,train,1265,snow/train/GOPR0122/GOPR0122_frame_000275_rgb_anon.png,snow/train/GOPR0122/GOPR0122_frame_000275_rgb_anon.png,images/train/GOPR0122/GOPR0122_frame_000275_rgb_anon.png,1920,1080,16,True,0;2
acdc_snow_official_v1,train,1272,snow/train/GOPR0122/GOPR0122_frame_000287_rgb_anon.png,snow/train/GOPR0122/GOPR0122_frame_000287_rgb_anon.png,images/train/GOPR0122/GOPR0122_frame_000287_rgb_anon.png,1920,1080,1,True,2
acdc_snow_official_v1,train,1266,snow/train/GOPR0122/GOPR0122_frame_000294_rgb_anon.png,snow/train/GOPR0122/GOPR0122_frame_000294_rgb_anon.png,images/train/GOPR0122/GOPR0122_frame_000294_rgb_anon.png,1920,1080,13,True,2;3
acdc_snow_official_v1,train,1395,snow/train/GOPR0604/GOPR0604_frame_000496_rgb_anon.png,snow/train/GOPR0604/GOPR0604_frame_000496_rgb_anon.png,images/train/GOPR0604/GOPR0604_frame_000496_rgb_anon.png,1920,1080,15,True,0;2;3
acdc_snow_official_v1,train,1390,snow/train/GOPR0604/GOPR0604_frame_000504_rgb_anon.png,snow/train/GOPR0604/GOPR0604_frame_000504_rgb_anon.png,images/train/GOPR0604/GOPR0604_frame_000504_rgb_anon.png,1920,1080,21,True,0;2;3;6
acdc_snow_official_v1,train,1404,snow/train/GOPR0604/GOPR0604_frame_000515_rgb_anon.png,snow/train/GOPR0604/GOPR0604_frame_000515_rgb_anon.png,images/train/GOPR0604/GOPR0604_frame_000515_rgb_anon.png,1920,1080,7,True,2;3
acdc_snow_official_v1,train,1399,snow/train/GOPR0604/GOPR0604_frame_000521_rgb_anon.png,snow/train/GOPR0604/GOPR0604_frame_000521_rgb_anon.png,images/train/GOPR0604/GOPR0604_frame_000521_rgb_anon.png,1920,1080,3,True,0;2
acdc_snow_official_v1,train,1416,snow/train/GOPR0604/GOPR0604_frame_000527_rgb_anon.png,snow/train/GOPR0604/GOPR0604_frame_000527_rgb_anon.png,images/train/GOPR0604/GOPR0604_frame_000527_rgb_anon.png,1920,1080,8,True,0;2;3
acdc_snow_official_v1,train,1412,snow/train/GOPR0604/GOPR0604_frame_000543_rgb_anon.png,snow/train/GOPR0604/GOPR0604_frame_000543_rgb_anon.png,images/train/GOPR0604/GOPR0604_frame_000543_rgb_anon.png,1920,1080,1,True,2
acdc_snow_official_v1,train,1406,snow/train/GOPR0604/GOPR0604_frame_000558_rgb_anon.png,snow/train/GOPR0604/GOPR0604_frame_000558_rgb_anon.png,images/train/GOPR0604/GOPR0604_frame_000558_rgb_anon.png,1920,1080,4,True,0;2;3
acdc_snow_official_v1,train,1396,snow/train/GOPR0604/GOPR0604_frame_000563_rgb_anon.png,snow/train/GOPR0604/GOPR0604_frame_000563_rgb_anon.png,images/train/GOPR0604/GOPR0604_frame_000563_rgb_anon.png,1920,1080,7,True,0;2;3
acdc_snow_official_v1,train,1411,snow/train/GOPR0604/GOPR0604_frame_000568_rgb_anon.png,snow/train/GOPR0604/GOPR0604_frame_000568_rgb_anon.png,images/train/GOPR0604/GOPR0604_frame_000568_rgb_anon.png,1920,1080,6,True,2
acdc_snow_official_v1,train,1387,snow/train/GOPR0604/GOPR0604_frame_000573_rgb_anon.png,snow/train/GOPR0604/GOPR0604_frame_000573_rgb_anon.png,images/train/GOPR0604/GOPR0604_frame_000573_rgb_anon.png,1920,1080,9,True,0;2;7
acdc_snow_official_v1,train,1410,snow/train/GOPR0604/GOPR0604_frame_000578_rgb_anon.png,snow/train/GOPR0604/GOPR0604_frame_000578_rgb_anon.png,images/train/GOPR0604/GOPR0604_frame_000578_rgb_anon.png,1920,1080,13,True,2;7
acdc_snow_official_v1,train,1400,snow/train/GOPR0604/GOPR0604_frame_000584_rgb_anon.png,snow/train/GOPR0604/GOPR0604_frame_000584_rgb_anon.png,images/train/GOPR0604/GOPR0604_frame_000584_rgb_anon.png,1920,1080,5,True,2
acdc_snow_official_v1,train,1409,snow/train/GOPR0604/GOPR0604_frame_000593_rgb_anon.png,snow/train/GOPR0604/GOPR0604_frame_000593_rgb_anon.png,images/train/GOPR0604/GOPR0604_frame_000593_rgb_anon.png,1920,1080,9,True,2;6
acdc_snow_official_v1,train,1398,snow/train/GOPR0604/GOPR0604_frame_000599_rgb_anon.png,snow/train/GOPR0604/GOPR0604_frame_000599_rgb_anon.png,images/train/GOPR0604/GOPR0604_frame_000599_rgb_anon.png,1920,1080,4,True,2;4
acdc_snow_official_v1,train,1407,snow/train/GOPR0604/GOPR0604_frame_000609_rgb_anon.png,snow/train/GOPR0604/GOPR0604_frame_000609_rgb_anon.png,images/train/GOPR0604/GOPR0604_frame_000609_rgb_anon.png,1920,1080,4,True,2;3
acdc_snow_official_v1,train,1414,snow/train/GOPR0604/GOPR0604_frame_000614_rgb_anon.png,snow/train/GOPR0604/GOPR0604_frame_000614_rgb_anon.png,images/train/GOPR0604/GOPR0604_frame_000614_rgb_anon.png,1920,1080,6,True,2;3
acdc_snow_official_v1,train,1388,snow/train/GOPR0604/GOPR0604_frame_000619_rgb_anon.png,snow/train/GOPR0604/GOPR0604_frame_000619_rgb_anon.png,images/train/GOPR0604/GOPR0604_frame_000619_rgb_anon.png,1920,1080,5,True,2
acdc_snow_official_v1,train,1401,snow/train/GOPR0604/GOPR0604_frame_000625_rgb_anon.png,snow/train/GOPR0604/GOPR0604_frame_000625_rgb_anon.png,images/train/GOPR0604/GOPR0604_frame_000625_rgb_anon.png,1920,1080,5,True,2;3
acdc_snow_official_v1,train,1403,snow/train/GOPR0604/GOPR0604_frame_000632_rgb_anon.png,snow/train/GOPR0604/GOPR0604_frame_000632_rgb_anon.png,images/train/GOPR0604/GOPR0604_frame_000632_rgb_anon.png,1920,1080,2,True,2;5
acdc_snow_official_v1,train,1394,snow/train/GOPR0604/GOPR0604_frame_000652_rgb_anon.png,snow/train/GOPR0604/GOPR0604_frame_000652_rgb_anon.png,images/train/GOPR0604/GOPR0604_frame_000652_rgb_anon.png,1920,1080,3,True,2;3;5
acdc_snow_official_v1,train,1397,snow/train/GOPR0604/GOPR0604_frame_000672_rgb_anon.png,snow/train/GOPR0604/GOPR0604_frame_000672_rgb_anon.png,images/train/GOPR0604/GOPR0604_frame_000672_rgb_anon.png,1920,1080,9,True,0;2;4
acdc_snow_official_v1,train,1408,snow/train/GOPR0604/GOPR0604_frame_000681_rgb_anon.png,snow/train/GOPR0604/GOPR0604_frame_000681_rgb_anon.png,images/train/GOPR0604/GOPR0604_frame_000681_rgb_anon.png,1920,1080,5,True,0;4;7
acdc_snow_official_v1,train,1402,snow/train/GOPR0604/GOPR0604_frame_000693_rgb_anon.png,snow/train/GOPR0604/GOPR0604_frame_000693_rgb_anon.png,images/train/GOPR0604/GOPR0604_frame_000693_rgb_anon.png,1920,1080,1,True,0
acdc_snow_official_v1,train,1392,snow/train/GOPR0604/GOPR0604_frame_000699_rgb_anon.png,snow/train/GOPR0604/GOPR0604_frame_000699_rgb_anon.png,images/train/GOPR0604/GOPR0604_frame_000699_rgb_anon.png,1920,1080,3,True,2
acdc_snow_official_v1,train,1391,snow/train/GOPR0604/GOPR0604_frame_000704_rgb_anon.png,snow/train/GOPR0604/GOPR0604_frame_000704_rgb_anon.png,images/train/GOPR0604/GOPR0604_frame_000704_rgb_anon.png,1920,1080,2,True,2
acdc_snow_official_v1,train,1413,snow/train/GOPR0604/GOPR0604_frame_000709_rgb_anon.png,snow/train/GOPR0604/GOPR0604_frame_000709_rgb_anon.png,images/train/GOPR0604/GOPR0604_frame_000709_rgb_anon.png,1920,1080,5,True,1;2;4;5;7
acdc_snow_official_v1,train,1393,snow/train/GOPR0604/GOPR0604_frame_000714_rgb_anon.png,snow/train/GOPR0604/GOPR0604_frame_000714_rgb_anon.png,images/train/GOPR0604/GOPR0604_frame_000714_rgb_anon.png,1920,1080,7,True,0;1;3;4;7
acdc_snow_official_v1,train,1389,snow/train/GOPR0604/GOPR0604_frame_000720_rgb_anon.png,snow/train/GOPR0604/GOPR0604_frame_000720_rgb_anon.png,images/train/GOPR0604/GOPR0604_frame_000720_rgb_anon.png,1920,1080,12,True,0;2;3;4;5
acdc_snow_official_v1,train,1417,snow/train/GOPR0604/GOPR0604_frame_000740_rgb_anon.png,snow/train/GOPR0604/GOPR0604_frame_000740_rgb_anon.png,images/train/GOPR0604/GOPR0604_frame_000740_rgb_anon.png,1920,1080,19,True,0;1;2;3;4;5;7
acdc_snow_official_v1,train,1405,snow/train/GOPR0604/GOPR0604_frame_000758_rgb_anon.png,snow/train/GOPR0604/GOPR0604_frame_000758_rgb_anon.png,images/train/GOPR0604/GOPR0604_frame_000758_rgb_anon.png,1920,1080,9,True,0;1;2;3;4;7
acdc_snow_official_v1,train,1415,snow/train/GOPR0604/GOPR0604_frame_000768_rgb_anon.png,snow/train/GOPR0604/GOPR0604_frame_000768_rgb_anon.png,images/train/GOPR0604/GOPR0604_frame_000768_rgb_anon.png,1920,1080,4,True,2;3;4
acdc_snow_official_v1,train,1323,snow/train/GOPR0606/GOPR0606_frame_000479_rgb_anon.png,snow/train/GOPR0606/GOPR0606_frame_000479_rgb_anon.png,images/train/GOPR0606/GOPR0606_frame_000479_rgb_anon.png,1920,1080,3,True,2
acdc_snow_official_v1,train,1310,snow/train/GOPR0606/GOPR0606_frame_000489_rgb_anon.png,snow/train/GOPR0606/GOPR0606_frame_000489_rgb_anon.png,images/train/GOPR0606/GOPR0606_frame_000489_rgb_anon.png,1920,1080,4,True,0;2
acdc_snow_official_v1,train,1320,snow/train/GOPR0606/GOPR0606_frame_000494_rgb_anon.png,snow/train/GOPR0606/GOPR0606_frame_000494_rgb_anon.png,images/train/GOPR0606/GOPR0606_frame_000494_rgb_anon.png,1920,1080,5,True,0;2
acdc_snow_official_v1,train,1294,snow/train/GOPR0606/GOPR0606_frame_000503_rgb_anon.png,snow/train/GOPR0606/GOPR0606_frame_000503_rgb_anon.png,images/train/GOPR0606/GOPR0606_frame_000503_rgb_anon.png,1920,1080,5,True,2
acdc_snow_official_v1,train,1288,snow/train/GOPR0606/GOPR0606_frame_000508_rgb_anon.png,snow/train/GOPR0606/GOPR0606_frame_000508_rgb_anon.png,images/train/GOPR0606/GOPR0606_frame_000508_rgb_anon.png,1920,1080,3,True,2
acdc_snow_official_v1,train,1275,snow/train/GOPR0606/GOPR0606_frame_000513_rgb_anon.png,snow/train/GOPR0606/GOPR0606_frame_000513_rgb_anon.png,images/train/GOPR0606/GOPR0606_frame_000513_rgb_anon.png,1920,1080,7,True,0;1;2;3;7
acdc_snow_official_v1,train,1295,snow/train/GOPR0606/GOPR0606_frame_000520_rgb_anon.png,snow/train/GOPR0606/GOPR0606_frame_000520_rgb_anon.png,images/train/GOPR0606/GOPR0606_frame_000520_rgb_anon.png,1920,1080,4,True,0;2;3
acdc_snow_official_v1,train,1282,snow/train/GOPR0606/GOPR0606_frame_000525_rgb_anon.png,snow/train/GOPR0606/GOPR0606_frame_000525_rgb_anon.png,images/train/GOPR0606/GOPR0606_frame_000525_rgb_anon.png,1920,1080,7,True,2
acdc_snow_official_v1,train,1289,snow/train/GOPR0606/GOPR0606_frame_000530_rgb_anon.png,snow/train/GOPR0606/GOPR0606_frame_000530_rgb_anon.png,images/train/GOPR0606/GOPR0606_frame_000530_rgb_anon.png,1920,1080,7,True,2
acdc_snow_official_v1,train,1281,snow/train/GOPR0606/GOPR0606_frame_000540_rgb_anon.png,snow/train/GOPR0606/GOPR0606_frame_000540_rgb_anon.png,images/train/GOPR0606/GOPR0606_frame_000540_rgb_anon.png,1920,1080,4,True,0;2
acdc_snow_official_v1,train,1284,snow/train/GOPR0606/GOPR0606_frame_000545_rgb_anon.png,snow/train/GOPR0606/GOPR0606_frame_000545_rgb_anon.png,images/train/GOPR0606/GOPR0606_frame_000545_rgb_anon.png,1920,1080,5,True,2
acdc_snow_official_v1,train,1304,snow/train/GOPR0606/GOPR0606_frame_000550_rgb_anon.png,snow/train/GOPR0606/GOPR0606_frame_000550_rgb_anon.png,images/train/GOPR0606/GOPR0606_frame_000550_rgb_anon.png,1920,1080,4,True,2;4
acdc_snow_official_v1,train,1277,snow/train/GOPR0606/GOPR0606_frame_000555_rgb_anon.png,snow/train/GOPR0606/GOPR0606_frame_000555_rgb_anon.png,images/train/GOPR0606/GOPR0606_frame_000555_rgb_anon.png,1920,1080,4,True,0;2;4
acdc_snow_official_v1,train,1325,snow/train/GOPR0606/GOPR0606_frame_000560_rgb_anon.png,snow/train/GOPR0606/GOPR0606_frame_000560_rgb_anon.png,images/train/GOPR0606/GOPR0606_frame_000560_rgb_anon.png,1920,1080,4,True,0;2
acdc_snow_official_v1,train,1317,snow/train/GOPR0606/GOPR0606_frame_000593_rgb_anon.png,snow/train/GOPR0606/GOPR0606_frame_000593_rgb_anon.png,images/train/GOPR0606/GOPR0606_frame_000593_rgb_anon.png,1920,1080,6,True,0;1;2;7
acdc_snow_official_v1,train,1280,snow/train/GOPR0606/GOPR0606_frame_000603_rgb_anon.png,snow/train/GOPR0606/GOPR0606_frame_000603_rgb_anon.png,images/train/GOPR0606/GOPR0606_frame_000603_rgb_anon.png,1920,1080,5,True,2
acdc_snow_official_v1,train,1291,snow/train/GOPR0606/GOPR0606_frame_000618_rgb_anon.png,snow/train/GOPR0606/GOPR0606_frame_000618_rgb_anon.png,images/train/GOPR0606/GOPR0606_frame_000618_rgb_anon.png,1920,1080,9,True,1;2;7
acdc_snow_official_v1,train,1306,snow/train/GOPR0606/GOPR0606_frame_000626_rgb_anon.png,snow/train/GOPR0606/GOPR0606_frame_000626_rgb_anon.png,images/train/GOPR0606/GOPR0606_frame_000626_rgb_anon.png,1920,1080,8,True,0;1;2;7
acdc_snow_official_v1,train,1287,snow/train/GOPR0606/GOPR0606_frame_000661_rgb_anon.png,snow/train/GOPR0606/GOPR0606_frame_000661_rgb_anon.png,images/train/GOPR0606/GOPR0606_frame_000661_rgb_anon.png,1920,1080,3,True,2
acdc_snow_official_v1,train,1309,snow/train/GOPR0606/GOPR0606_frame_000666_rgb_anon.png,snow/train/GOPR0606/GOPR0606_frame_000666_rgb_anon.png,images/train/GOPR0606/GOPR0606_frame_000666_rgb_anon.png,1920,1080,4,True,2
acdc_snow_official_v1,train,1296,snow/train/GOPR0606/GOPR0606_frame_000677_rgb_anon.png,snow/train/GOPR0606/GOPR0606_frame_000677_rgb_anon.png,images/train/GOPR0606/GOPR0606_frame_000677_rgb_anon.png,1920,1080,8,True,0;2;4
acdc_snow_official_v1,train,1278,snow/train/GOPR0606/GOPR0606_frame_000683_rgb_anon.png,snow/train/GOPR0606/GOPR0606_frame_000683_rgb_anon.png,images/train/GOPR0606/GOPR0606_frame_000683_rgb_anon.png,1920,1080,11,True,0;1;2;7
acdc_snow_official_v1,train,1303,snow/train/GOPR0606/GOPR0606_frame_000723_rgb_anon.png,snow/train/GOPR0606/GOPR0606_frame_000723_rgb_anon.png,images/train/GOPR0606/GOPR0606_frame_000723_rgb_anon.png,1920,1080,11,True,0;2;4;5
acdc_snow_official_v1,train,1307,snow/train/GOPR0606/GOPR0606_frame_000741_rgb_anon.png,snow/train/GOPR0606/GOPR0606_frame_000741_rgb_anon.png,images/train/GOPR0606/GOPR0606_frame_000741_rgb_anon.png,1920,1080,2,True,2;4
acdc_snow_official_v1,train,1279,snow/train/GOPR0606/GOPR0606_frame_000750_rgb_anon.png,snow/train/GOPR0606/GOPR0606_frame_000750_rgb_anon.png,images/train/GOPR0606/GOPR0606_frame_000750_rgb_anon.png,1920,1080,8,True,0;2;6
acdc_snow_official_v1,train,1308,snow/train/GOPR0606/GOPR0606_frame_000784_rgb_anon.png,snow/train/GOPR0606/GOPR0606_frame_000784_rgb_anon.png,images/train/GOPR0606/GOPR0606_frame_000784_rgb_anon.png,1920,1080,5,True,2
acdc_snow_official_v1,train,1322,snow/train/GOPR0606/GOPR0606_frame_000799_rgb_anon.png,snow/train/GOPR0606/GOPR0606_frame_000799_rgb_anon.png,images/train/GOPR0606/GOPR0606_frame_000799_rgb_anon.png,1920,1080,3,True,2;3;5
acdc_snow_official_v1,train,1311,snow/train/GOPR0606/GOPR0606_frame_000804_rgb_anon.png,snow/train/GOPR0606/GOPR0606_frame_000804_rgb_anon.png,images/train/GOPR0606/GOPR0606_frame_000804_rgb_anon.png,1920,1080,3,True,2;3
acdc_snow_official_v1,train,1300,snow/train/GOPR0606/GOPR0606_frame_000809_rgb_anon.png,snow/train/GOPR0606/GOPR0606_frame_000809_rgb_anon.png,images/train/GOPR0606/GOPR0606_frame_000809_rgb_anon.png,1920,1080,5,True,0;2;3
acdc_snow_official_v1,train,1305,snow/train/GOPR0606/GOPR0606_frame_000814_rgb_anon.png,snow/train/GOPR0606/GOPR0606_frame_000814_rgb_anon.png,images/train/GOPR0606/GOPR0606_frame_000814_rgb_anon.png,1920,1080,4,True,2;3
acdc_snow_official_v1,train,1313,snow/train/GOPR0606/GOPR0606_frame_000822_rgb_anon.png,snow/train/GOPR0606/GOPR0606_frame_000822_rgb_anon.png,images/train/GOPR0606/GOPR0606_frame_000822_rgb_anon.png,1920,1080,4,True,0;2;3
acdc_snow_official_v1,train,1302,snow/train/GOPR0606/GOPR0606_frame_000836_rgb_anon.png,snow/train/GOPR0606/GOPR0606_frame_000836_rgb_anon.png,images/train/GOPR0606/GOPR0606_frame_000836_rgb_anon.png,1920,1080,13,True,0;2;3;7
acdc_snow_official_v1,train,1283,snow/train/GOPR0606/GOPR0606_frame_000845_rgb_anon.png,snow/train/GOPR0606/GOPR0606_frame_000845_rgb_anon.png,images/train/GOPR0606/GOPR0606_frame_000845_rgb_anon.png,1920,1080,5,True,0;2;3
acdc_snow_official_v1,train,1315,snow/train/GOPR0606/GOPR0606_frame_000878_rgb_anon.png,snow/train/GOPR0606/GOPR0606_frame_000878_rgb_anon.png,images/train/GOPR0606/GOPR0606_frame_000878_rgb_anon.png,1920,1080,12,True,0;2;3
acdc_snow_official_v1,train,1314,snow/train/GOPR0606/GOPR0606_frame_000885_rgb_anon.png,snow/train/GOPR0606/GOPR0606_frame_000885_rgb_anon.png,images/train/GOPR0606/GOPR0606_frame_000885_rgb_anon.png,1920,1080,10,True,0;2;3
acdc_snow_official_v1,train,1316,snow/train/GOPR0606/GOPR0606_frame_000893_rgb_anon.png,snow/train/GOPR0606/GOPR0606_frame_000893_rgb_anon.png,images/train/GOPR0606/GOPR0606_frame_000893_rgb_anon.png,1920,1080,6,True,2;3
acdc_snow_official_v1,train,1319,snow/train/GOPR0606/GOPR0606_frame_000899_rgb_anon.png,snow/train/GOPR0606/GOPR0606_frame_000899_rgb_anon.png,images/train/GOPR0606/GOPR0606_frame_000899_rgb_anon.png,1920,1080,7,True,2;3
acdc_snow_official_v1,train,1321,snow/train/GOPR0606/GOPR0606_frame_000909_rgb_anon.png,snow/train/GOPR0606/GOPR0606_frame_000909_rgb_anon.png,images/train/GOPR0606/GOPR0606_frame_000909_rgb_anon.png,1920,1080,2,True,0;3
acdc_snow_official_v1,train,1276,snow/train/GOPR0606/GOPR0606_frame_000919_rgb_anon.png,snow/train/GOPR0606/GOPR0606_frame_000919_rgb_anon.png,images/train/GOPR0606/GOPR0606_frame_000919_rgb_anon.png,1920,1080,1,True,3
acdc_snow_official_v1,train,1318,snow/train/GOPR0606/GOPR0606_frame_000929_rgb_anon.png,snow/train/GOPR0606/GOPR0606_frame_000929_rgb_anon.png,images/train/GOPR0606/GOPR0606_frame_000929_rgb_anon.png,1920,1080,6,True,0;2;3;6
acdc_snow_official_v1,train,1290,snow/train/GOPR0606/GOPR0606_frame_000934_rgb_anon.png,snow/train/GOPR0606/GOPR0606_frame_000934_rgb_anon.png,images/train/GOPR0606/GOPR0606_frame_000934_rgb_anon.png,1920,1080,12,True,0;2;3;5
acdc_snow_official_v1,train,1301,snow/train/GOPR0606/GOPR0606_frame_000945_rgb_anon.png,snow/train/GOPR0606/GOPR0606_frame_000945_rgb_anon.png,images/train/GOPR0606/GOPR0606_frame_000945_rgb_anon.png,1920,1080,5,True,0;2;3
acdc_snow_official_v1,train,1285,snow/train/GOPR0606/GOPR0606_frame_000965_rgb_anon.png,snow/train/GOPR0606/GOPR0606_frame_000965_rgb_anon.png,images/train/GOPR0606/GOPR0606_frame_000965_rgb_anon.png,1920,1080,6,True,0;2
acdc_snow_official_v1,train,1298,snow/train/GOPR0606/GOPR0606_frame_000988_rgb_anon.png,snow/train/GOPR0606/GOPR0606_frame_000988_rgb_anon.png,images/train/GOPR0606/GOPR0606_frame_000988_rgb_anon.png,1920,1080,15,True,0;2;3
acdc_snow_official_v1,train,1312,snow/train/GOPR0606/GOPR0606_frame_000994_rgb_anon.png,snow/train/GOPR0606/GOPR0606_frame_000994_rgb_anon.png,images/train/GOPR0606/GOPR0606_frame_000994_rgb_anon.png,1920,1080,1,True,2
acdc_snow_official_v1,train,1292,snow/train/GOPR0606/GOPR0606_frame_001004_rgb_anon.png,snow/train/GOPR0606/GOPR0606_frame_001004_rgb_anon.png,images/train/GOPR0606/GOPR0606_frame_001004_rgb_anon.png,1920,1080,6,True,0;2
acdc_snow_official_v1,train,1297,snow/train/GOPR0606/GOPR0606_frame_001009_rgb_anon.png,snow/train/GOPR0606/GOPR0606_frame_001009_rgb_anon.png,images/train/GOPR0606/GOPR0606_frame_001009_rgb_anon.png,1920,1080,6,True,0;2
acdc_snow_official_v1,train,1293,snow/train/GOPR0606/GOPR0606_frame_001019_rgb_anon.png,snow/train/GOPR0606/GOPR0606_frame_001019_rgb_anon.png,images/train/GOPR0606/GOPR0606_frame_001019_rgb_anon.png,1920,1080,8,True,2;3;7
acdc_snow_official_v1,train,1286,snow/train/GOPR0606/GOPR0606_frame_001024_rgb_anon.png,snow/train/GOPR0606/GOPR0606_frame_001024_rgb_anon.png,images/train/GOPR0606/GOPR0606_frame_001024_rgb_anon.png,1920,1080,5,True,0;2;5;7
acdc_snow_official_v1,train,1299,snow/train/GOPR0606/GOPR0606_frame_001034_rgb_anon.png,snow/train/GOPR0606/GOPR0606_frame_001034_rgb_anon.png,images/train/GOPR0606/GOPR0606_frame_001034_rgb_anon.png,1920,1080,2,True,2;5
acdc_snow_official_v1,train,1324,snow/train/GOPR0606/GOPR0606_frame_001040_rgb_anon.png,snow/train/GOPR0606/GOPR0606_frame_001040_rgb_anon.png,images/train/GOPR0606/GOPR0606_frame_001040_rgb_anon.png,1920,1080,6,True,2;5
acdc_snow_official_v1,train,1537,snow/train/GOPR0607/GOPR0607_frame_000038_rgb_anon.png,snow/train/GOPR0607/GOPR0607_frame_000038_rgb_anon.png,images/train/GOPR0607/GOPR0607_frame_000038_rgb_anon.png,1920,1080,6,True,0;2;6;7
acdc_snow_official_v1,train,1555,snow/train/GOPR0607/GOPR0607_frame_000058_rgb_anon.png,snow/train/GOPR0607/GOPR0607_frame_000058_rgb_anon.png,images/train/GOPR0607/GOPR0607_frame_000058_rgb_anon.png,1920,1080,8,True,0;2
acdc_snow_official_v1,train,1556,snow/train/GOPR0607/GOPR0607_frame_000078_rgb_anon.png,snow/train/GOPR0607/GOPR0607_frame_000078_rgb_anon.png,images/train/GOPR0607/GOPR0607_frame_000078_rgb_anon.png,1920,1080,18,True,0;2;5
acdc_snow_official_v1,train,1518,snow/train/GOPR0607/GOPR0607_frame_000098_rgb_anon.png,snow/train/GOPR0607/GOPR0607_frame_000098_rgb_anon.png,images/train/GOPR0607/GOPR0607_frame_000098_rgb_anon.png,1920,1080,18,True,0;1;2;5;7
acdc_snow_official_v1,train,1528,snow/train/GOPR0607/GOPR0607_frame_000118_rgb_anon.png,snow/train/GOPR0607/GOPR0607_frame_000118_rgb_anon.png,images/train/GOPR0607/GOPR0607_frame_000118_rgb_anon.png,1920,1080,14,True,0;2
acdc_snow_official_v1,train,1544,snow/train/GOPR0607/GOPR0607_frame_000130_rgb_anon.png,snow/train/GOPR0607/GOPR0607_frame_000130_rgb_anon.png,images/train/GOPR0607/GOPR0607_frame_000130_rgb_anon.png,1920,1080,8,True,0;2;7
acdc_snow_official_v1,train,1513,snow/train/GOPR0607/GOPR0607_frame_000139_rgb_anon.png,snow/train/GOPR0607/GOPR0607_frame_000139_rgb_anon.png,images/train/GOPR0607/GOPR0607_frame_000139_rgb_anon.png,1920,1080,10,True,0;2
acdc_snow_official_v1,train,1552,snow/train/GOPR0607/GOPR0607_frame_000159_rgb_anon.png,snow/train/GOPR0607/GOPR0607_frame_000159_rgb_anon.png,images/train/GOPR0607/GOPR0607_frame_000159_rgb_anon.png,1920,1080,7,True,0;1;2
acdc_snow_official_v1,train,1507,snow/train/GOPR0607/GOPR0607_frame_000166_rgb_anon.png,snow/train/GOPR0607/GOPR0607_frame_000166_rgb_anon.png,images/train/GOPR0607/GOPR0607_frame_000166_rgb_anon.png,1920,1080,3,True,1;2
acdc_snow_official_v1,train,1557,snow/train/GOPR0607/GOPR0607_frame_000172_rgb_anon.png,snow/train/GOPR0607/GOPR0607_frame_000172_rgb_anon.png,images/train/GOPR0607/GOPR0607_frame_000172_rgb_anon.png,1920,1080,6,True,0;2
acdc_snow_official_v1,train,1533,snow/train/GOPR0607/GOPR0607_frame_000177_rgb_anon.png,snow/train/GOPR0607/GOPR0607_frame_000177_rgb_anon.png,images/train/GOPR0607/GOPR0607_frame_000177_rgb_anon.png,1920,1080,4,True,0;2
acdc_snow_official_v1,train,1510,snow/train/GOPR0607/GOPR0607_frame_000181_rgb_anon.png,snow/train/GOPR0607/GOPR0607_frame_000181_rgb_anon.png,images/train/GOPR0607/GOPR0607_frame_000181_rgb_anon.png,1920,1080,2,True,2
acdc_snow_official_v1,train,1531,snow/train/GOPR0607/GOPR0607_frame_000185_rgb_anon.png,snow/train/GOPR0607/GOPR0607_frame_000185_rgb_anon.png,images/train/GOPR0607/GOPR0607_frame_000185_rgb_anon.png,1920,1080,4,True,0;2
acdc_snow_official_v1,train,1541,snow/train/GOPR0607/GOPR0607_frame_000190_rgb_anon.png,snow/train/GOPR0607/GOPR0607_frame_000190_rgb_anon.png,images/train/GOPR0607/GOPR0607_frame_000190_rgb_anon.png,1920,1080,8,True,0;2
acdc_snow_official_v1,train,1508,snow/train/GOPR0607/GOPR0607_frame_000195_rgb_anon.png,snow/train/GOPR0607/GOPR0607_frame_000195_rgb_anon.png,images/train/GOPR0607/GOPR0607_frame_000195_rgb_anon.png,1920,1080,5,True,0;2
acdc_snow_official_v1,train,1535,snow/train/GOPR0607/GOPR0607_frame_000207_rgb_anon.png,snow/train/GOPR0607/GOPR0607_frame_000207_rgb_anon.png,images/train/GOPR0607/GOPR0607_frame_000207_rgb_anon.png,1920,1080,5,True,0;2
acdc_snow_official_v1,train,1559,snow/train/GOPR0607/GOPR0607_frame_000213_rgb_anon.png,snow/train/GOPR0607/GOPR0607_frame_000213_rgb_anon.png,images/train/GOPR0607/GOPR0607_frame_000213_rgb_anon.png,1920,1080,6,True,0;2;5
acdc_snow_official_v1,train,1547,snow/train/GOPR0607/GOPR0607_frame_000226_rgb_anon.png,snow/train/GOPR0607/GOPR0607_frame_000226_rgb_anon.png,images/train/GOPR0607/GOPR0607_frame_000226_rgb_anon.png,1920,1080,6,True,0;2;3
acdc_snow_official_v1,train,1505,snow/train/GOPR0607/GOPR0607_frame_000246_rgb_anon.png,snow/train/GOPR0607/GOPR0607_frame_000246_rgb_anon.png,images/train/GOPR0607/GOPR0607_frame_000246_rgb_anon.png,1920,1080,8,True,0;2;3
acdc_snow_official_v1,train,1527,snow/train/GOPR0607/GOPR0607_frame_000266_rgb_anon.png,snow/train/GOPR0607/GOPR0607_frame_000266_rgb_anon.png,images/train/GOPR0607/GOPR0607_frame_000266_rgb_anon.png,1920,1080,6,True,0;2
acdc_snow_official_v1,train,1517,snow/train/GOPR0607/GOPR0607_frame_000286_rgb_anon.png,snow/train/GOPR0607/GOPR0607_frame_000286_rgb_anon.png,images/train/GOPR0607/GOPR0607_frame_000286_rgb_anon.png,1920,1080,8,True,0;2;4;7
acdc_snow_official_v1,train,1525,snow/train/GOPR0607/GOPR0607_frame_000295_rgb_anon.png,snow/train/GOPR0607/GOPR0607_frame_000295_rgb_anon.png,images/train/GOPR0607/GOPR0607_frame_000295_rgb_anon.png,1920,1080,6,True,2;3
acdc_snow_official_v1,train,1512,snow/train/GOPR0607/GOPR0607_frame_000302_rgb_anon.png,snow/train/GOPR0607/GOPR0607_frame_000302_rgb_anon.png,images/train/GOPR0607/GOPR0607_frame_000302_rgb_anon.png,1920,1080,7,True,2;6
acdc_snow_official_v1,train,1564,snow/train/GOPR0607/GOPR0607_frame_000527_rgb_anon.png,snow/train/GOPR0607/GOPR0607_frame_000527_rgb_anon.png,images/train/GOPR0607/GOPR0607_frame_000527_rgb_anon.png,1920,1080,5,True,2;5
acdc_snow_official_v1,train,1523,snow/train/GOPR0607/GOPR0607_frame_000533_rgb_anon.png,snow/train/GOPR0607/GOPR0607_frame_000533_rgb_anon.png,images/train/GOPR0607/GOPR0607_frame_000533_rgb_anon.png,1920,1080,5,True,0;2;3;6
acdc_snow_official_v1,train,1506,snow/train/GOPR0607/GOPR0607_frame_000558_rgb_anon.png,snow/train/GOPR0607/GOPR0607_frame_000558_rgb_anon.png,images/train/GOPR0607/GOPR0607_frame_000558_rgb_anon.png,1920,1080,3,True,2
acdc_snow_official_v1,train,1548,snow/train/GOPR0607/GOPR0607_frame_000572_rgb_anon.png,snow/train/GOPR0607/GOPR0607_frame_000572_rgb_anon.png,images/train/GOPR0607/GOPR0607_frame_000572_rgb_anon.png,1920,1080,3,True,2
acdc_snow_official_v1,train,1546,snow/train/GOPR0607/GOPR0607_frame_000580_rgb_anon.png,snow/train/GOPR0607/GOPR0607_frame_000580_rgb_anon.png,images/train/GOPR0607/GOPR0607_frame_000580_rgb_anon.png,1920,1080,5,True,0;2
acdc_snow_official_v1,train,1511,snow/train/GOPR0607/GOPR0607_frame_000600_rgb_anon.png,snow/train/GOPR0607/GOPR0607_frame_000600_rgb_anon.png,images/train/GOPR0607/GOPR0607_frame_000600_rgb_anon.png,1920,1080,3,True,0;2;5
acdc_snow_official_v1,train,1521,snow/train/GOPR0607/GOPR0607_frame_000620_rgb_anon.png,snow/train/GOPR0607/GOPR0607_frame_000620_rgb_anon.png,images/train/GOPR0607/GOPR0607_frame_000620_rgb_anon.png,1920,1080,8,True,0;2;4
acdc_snow_official_v1,train,1516,snow/train/GOPR0607/GOPR0607_frame_000640_rgb_anon.png,snow/train/GOPR0607/GOPR0607_frame_000640_rgb_anon.png,images/train/GOPR0607/GOPR0607_frame_000640_rgb_anon.png,1920,1080,10,True,2
acdc_snow_official_v1,train,1534,snow/train/GOPR0607/GOPR0607_frame_000660_rgb_anon.png,snow/train/GOPR0607/GOPR0607_frame_000660_rgb_anon.png,images/train/GOPR0607/GOPR0607_frame_000660_rgb_anon.png,1920,1080,5,True,2;4;5
acdc_snow_official_v1,train,1514,snow/train/GOPR0607/GOPR0607_frame_000666_rgb_anon.png,snow/train/GOPR0607/GOPR0607_frame_000666_rgb_anon.png,images/train/GOPR0607/GOPR0607_frame_000666_rgb_anon.png,1920,1080,7,True,1;2;3;4
acdc_snow_official_v1,train,1509,snow/train/GOPR0607/GOPR0607_frame_000671_rgb_anon.png,snow/train/GOPR0607/GOPR0607_frame_000671_rgb_anon.png,images/train/GOPR0607/GOPR0607_frame_000671_rgb_anon.png,1920,1080,15,True,0;1;2;3;5;7
acdc_snow_official_v1,train,1543,snow/train/GOPR0607/GOPR0607_frame_000689_rgb_anon.png,snow/train/GOPR0607/GOPR0607_frame_000689_rgb_anon.png,images/train/GOPR0607/GOPR0607_frame_000689_rgb_anon.png,1920,1080,6,True,1;2;3
acdc_snow_official_v1,train,1554,snow/train/GOPR0607/GOPR0607_frame_000699_rgb_anon.png,snow/train/GOPR0607/GOPR0607_frame_000699_rgb_anon.png,images/train/GOPR0607/GOPR0607_frame_000699_rgb_anon.png,1920,1080,5,True,1;2;7
acdc_snow_official_v1,train,1536,snow/train/GOPR0607/GOPR0607_frame_000717_rgb_anon.png,snow/train/GOPR0607/GOPR0607_frame_000717_rgb_anon.png,images/train/GOPR0607/GOPR0607_frame_000717_rgb_anon.png,1920,1080,9,True,1;2;5;7
acdc_snow_official_v1,train,1553,snow/train/GOPR0607/GOPR0607_frame_000723_rgb_anon.png,snow/train/GOPR0607/GOPR0607_frame_000723_rgb_anon.png,images/train/GOPR0607/GOPR0607_frame_000723_rgb_anon.png,1920,1080,10,True,2;5
acdc_snow_official_v1,train,1538,snow/train/GOPR0607/GOPR0607_frame_000729_rgb_anon.png,snow/train/GOPR0607/GOPR0607_frame_000729_rgb_anon.png,images/train/GOPR0607/GOPR0607_frame_000729_rgb_anon.png,1920,1080,5,True,0;2
acdc_snow_official_v1,train,1562,snow/train/GOPR0607/GOPR0607_frame_000734_rgb_anon.png,snow/train/GOPR0607/GOPR0607_frame_000734_rgb_anon.png,images/train/GOPR0607/GOPR0607_frame_000734_rgb_anon.png,1920,1080,4,True,0;2
acdc_snow_official_v1,train,1519,snow/train/GOPR0607/GOPR0607_frame_000739_rgb_anon.png,snow/train/GOPR0607/GOPR0607_frame_000739_rgb_anon.png,images/train/GOPR0607/GOPR0607_frame_000739_rgb_anon.png,1920,1080,4,True,0;2
acdc_snow_official_v1,train,1515,snow/train/GOPR0607/GOPR0607_frame_000755_rgb_anon.png,snow/train/GOPR0607/GOPR0607_frame_000755_rgb_anon.png,images/train/GOPR0607/GOPR0607_frame_000755_rgb_anon.png,1920,1080,6,True,0;1;2;7
acdc_snow_official_v1,train,1532,snow/train/GOPR0607/GOPR0607_frame_000761_rgb_anon.png,snow/train/GOPR0607/GOPR0607_frame_000761_rgb_anon.png,images/train/GOPR0607/GOPR0607_frame_000761_rgb_anon.png,1920,1080,4,True,2;7
acdc_snow_official_v1,train,1522,snow/train/GOPR0607/GOPR0607_frame_000766_rgb_anon.png,snow/train/GOPR0607/GOPR0607_frame_000766_rgb_anon.png,images/train/GOPR0607/GOPR0607_frame_000766_rgb_anon.png,1920,1080,3,True,2;7
acdc_snow_official_v1,train,1529,snow/train/GOPR0607/GOPR0607_frame_000771_rgb_anon.png,snow/train/GOPR0607/GOPR0607_frame_000771_rgb_anon.png,images/train/GOPR0607/GOPR0607_frame_000771_rgb_anon.png,1920,1080,4,True,2
acdc_snow_official_v1,train,1563,snow/train/GOPR0607/GOPR0607_frame_000776_rgb_anon.png,snow/train/GOPR0607/GOPR0607_frame_000776_rgb_anon.png,images/train/GOPR0607/GOPR0607_frame_000776_rgb_anon.png,1920,1080,6,True,2;3
acdc_snow_official_v1,train,1549,snow/train/GOPR0607/GOPR0607_frame_000796_rgb_anon.png,snow/train/GOPR0607/GOPR0607_frame_000796_rgb_anon.png,images/train/GOPR0607/GOPR0607_frame_000796_rgb_anon.png,1920,1080,4,True,2
acdc_snow_official_v1,train,1526,snow/train/GOPR0607/GOPR0607_frame_000812_rgb_anon.png,snow/train/GOPR0607/GOPR0607_frame_000812_rgb_anon.png,images/train/GOPR0607/GOPR0607_frame_000812_rgb_anon.png,1920,1080,2,True,2
acdc_snow_official_v1,train,1566,snow/train/GOPR0607/GOPR0607_frame_000819_rgb_anon.png,snow/train/GOPR0607/GOPR0607_frame_000819_rgb_anon.png,images/train/GOPR0607/GOPR0607_frame_000819_rgb_anon.png,1920,1080,6,True,1;2;3
acdc_snow_official_v1,train,1520,snow/train/GOPR0607/GOPR0607_frame_000824_rgb_anon.png,snow/train/GOPR0607/GOPR0607_frame_000824_rgb_anon.png,images/train/GOPR0607/GOPR0607_frame_000824_rgb_anon.png,1920,1080,2,True,2
acdc_snow_official_v1,train,1530,snow/train/GOPR0607/GOPR0607_frame_000834_rgb_anon.png,snow/train/GOPR0607/GOPR0607_frame_000834_rgb_anon.png,images/train/GOPR0607/GOPR0607_frame_000834_rgb_anon.png,1920,1080,5,True,1;2;6
acdc_snow_official_v1,train,1551,snow/train/GOPR0607/GOPR0607_frame_000844_rgb_anon.png,snow/train/GOPR0607/GOPR0607_frame_000844_rgb_anon.png,images/train/GOPR0607/GOPR0607_frame_000844_rgb_anon.png,1920,1080,15,True,1;2;6;7
acdc_snow_official_v1,train,1504,snow/train/GOPR0607/GOPR0607_frame_000850_rgb_anon.png,snow/train/GOPR0607/GOPR0607_frame_000850_rgb_anon.png,images/train/GOPR0607/GOPR0607_frame_000850_rgb_anon.png,1920,1080,7,True,1;2;7
acdc_snow_official_v1,train,1550,snow/train/GOPR0607/GOPR0607_frame_000873_rgb_anon.png,snow/train/GOPR0607/GOPR0607_frame_000873_rgb_anon.png,images/train/GOPR0607/GOPR0607_frame_000873_rgb_anon.png,1920,1080,4,True,0;2;3
acdc_snow_official_v1,train,1545,snow/train/GOPR0607/GOPR0607_frame_000880_rgb_anon.png,snow/train/GOPR0607/GOPR0607_frame_000880_rgb_anon.png,images/train/GOPR0607/GOPR0607_frame_000880_rgb_anon.png,1920,1080,5,True,2;3
acdc_snow_official_v1,train,1560,snow/train/GOPR0607/GOPR0607_frame_000887_rgb_anon.png,snow/train/GOPR0607/GOPR0607_frame_000887_rgb_anon.png,images/train/GOPR0607/GOPR0607_frame_000887_rgb_anon.png,1920,1080,6,True,2;3
acdc_snow_official_v1,train,1540,snow/train/GOPR0607/GOPR0607_frame_000893_rgb_anon.png,snow/train/GOPR0607/GOPR0607_frame_000893_rgb_anon.png,images/train/GOPR0607/GOPR0607_frame_000893_rgb_anon.png,1920,1080,5,True,0;2
acdc_snow_official_v1,train,1561,snow/train/GOPR0607/GOPR0607_frame_000920_rgb_anon.png,snow/train/GOPR0607/GOPR0607_frame_000920_rgb_anon.png,images/train/GOPR0607/GOPR0607_frame_000920_rgb_anon.png,1920,1080,6,True,0;2;3
acdc_snow_official_v1,train,1558,snow/train/GOPR0607/GOPR0607_frame_000960_rgb_anon.png,snow/train/GOPR0607/GOPR0607_frame_000960_rgb_anon.png,images/train/GOPR0607/GOPR0607_frame_000960_rgb_anon.png,1920,1080,7,True,0;2;3;4
acdc_snow_official_v1,train,1565,snow/train/GOPR0607/GOPR0607_frame_000988_rgb_anon.png,snow/train/GOPR0607/GOPR0607_frame_000988_rgb_anon.png,images/train/GOPR0607/GOPR0607_frame_000988_rgb_anon.png,1920,1080,15,True,0;2;7
acdc_snow_official_v1,train,1524,snow/train/GOPR0607/GOPR0607_frame_000995_rgb_anon.png,snow/train/GOPR0607/GOPR0607_frame_000995_rgb_anon.png,images/train/GOPR0607/GOPR0607_frame_000995_rgb_anon.png,1920,1080,12,True,0;2
acdc_snow_official_v1,train,1539,snow/train/GOPR0607/GOPR0607_frame_001007_rgb_anon.png,snow/train/GOPR0607/GOPR0607_frame_001007_rgb_anon.png,images/train/GOPR0607/GOPR0607_frame_001007_rgb_anon.png,1920,1080,16,True,0;2;3;6
acdc_snow_official_v1,train,1542,snow/train/GOPR0607/GOPR0607_frame_001045_rgb_anon.png,snow/train/GOPR0607/GOPR0607_frame_001045_rgb_anon.png,images/train/GOPR0607/GOPR0607_frame_001045_rgb_anon.png,1920,1080,5,True,0;2;5
acdc_snow_official_v1,train,1575,snow/train/GP010122/GP010122_frame_000387_rgb_anon.png,snow/train/GP010122/GP010122_frame_000387_rgb_anon.png,images/train/GP010122/GP010122_frame_000387_rgb_anon.png,1920,1080,12,True,0;2
acdc_snow_official_v1,train,1572,snow/train/GP010122/GP010122_frame_000393_rgb_anon.png,snow/train/GP010122/GP010122_frame_000393_rgb_anon.png,images/train/GP010122/GP010122_frame_000393_rgb_anon.png,1920,1080,8,True,0;2
acdc_snow_official_v1,train,1574,snow/train/GP010122/GP010122_frame_000399_rgb_anon.png,snow/train/GP010122/GP010122_frame_000399_rgb_anon.png,images/train/GP010122/GP010122_frame_000399_rgb_anon.png,1920,1080,9,True,0;2;3
acdc_snow_official_v1,train,1589,snow/train/GP010122/GP010122_frame_000405_rgb_anon.png,snow/train/GP010122/GP010122_frame_000405_rgb_anon.png,images/train/GP010122/GP010122_frame_000405_rgb_anon.png,1920,1080,4,True,0;2;3
acdc_snow_official_v1,train,1573,snow/train/GP010122/GP010122_frame_000411_rgb_anon.png,snow/train/GP010122/GP010122_frame_000411_rgb_anon.png,images/train/GP010122/GP010122_frame_000411_rgb_anon.png,1920,1080,2,True,0;2
acdc_snow_official_v1,train,1594,snow/train/GP010122/GP010122_frame_000416_rgb_anon.png,snow/train/GP010122/GP010122_frame_000416_rgb_anon.png,images/train/GP010122/GP010122_frame_000416_rgb_anon.png,1920,1080,2,True,2
acdc_snow_official_v1,train,1582,snow/train/GP010122/GP010122_frame_000421_rgb_anon.png,snow/train/GP010122/GP010122_frame_000421_rgb_anon.png,images/train/GP010122/GP010122_frame_000421_rgb_anon.png,1920,1080,6,True,0;2
acdc_snow_official_v1,train,1592,snow/train/GP010122/GP010122_frame_000427_rgb_anon.png,snow/train/GP010122/GP010122_frame_000427_rgb_anon.png,images/train/GP010122/GP010122_frame_000427_rgb_anon.png,1920,1080,10,True,0;1;2;6
acdc_snow_official_v1,train,1591,snow/train/GP010122/GP010122_frame_000433_rgb_anon.png,snow/train/GP010122/GP010122_frame_000433_rgb_anon.png,images/train/GP010122/GP010122_frame_000433_rgb_anon.png,1920,1080,5,True,0;2;3
acdc_snow_official_v1,train,1593,snow/train/GP010122/GP010122_frame_000453_rgb_anon.png,snow/train/GP010122/GP010122_frame_000453_rgb_anon.png,images/train/GP010122/GP010122_frame_000453_rgb_anon.png,1920,1080,8,True,0;2;3
acdc_snow_official_v1,train,1588,snow/train/GP010122/GP010122_frame_000473_rgb_anon.png,snow/train/GP010122/GP010122_frame_000473_rgb_anon.png,images/train/GP010122/GP010122_frame_000473_rgb_anon.png,1920,1080,6,True,2;4
acdc_snow_official_v1,train,1581,snow/train/GP010122/GP010122_frame_000883_rgb_anon.png,snow/train/GP010122/GP010122_frame_000883_rgb_anon.png,images/train/GP010122/GP010122_frame_000883_rgb_anon.png,1920,1080,8,True,0;2
acdc_snow_official_v1,train,1580,snow/train/GP010122/GP010122_frame_000890_rgb_anon.png,snow/train/GP010122/GP010122_frame_000890_rgb_anon.png,images/train/GP010122/GP010122_frame_000890_rgb_anon.png,1920,1080,3,True,0;2
acdc_snow_official_v1,train,1597,snow/train/GP010122/GP010122_frame_000896_rgb_anon.png,snow/train/GP010122/GP010122_frame_000896_rgb_anon.png,images/train/GP010122/GP010122_frame_000896_rgb_anon.png,1920,1080,2,True,2;3
acdc_snow_official_v1,train,1583,snow/train/GP010122/GP010122_frame_000901_rgb_anon.png,snow/train/GP010122/GP010122_frame_000901_rgb_anon.png,images/train/GP010122/GP010122_frame_000901_rgb_anon.png,1920,1080,4,True,0;2;3
acdc_snow_official_v1,train,1576,snow/train/GP010122/GP010122_frame_000906_rgb_anon.png,snow/train/GP010122/GP010122_frame_000906_rgb_anon.png,images/train/GP010122/GP010122_frame_000906_rgb_anon.png,1920,1080,4,True,2
acdc_snow_official_v1,train,1577,snow/train/GP010122/GP010122_frame_000911_rgb_anon.png,snow/train/GP010122/GP010122_frame_000911_rgb_anon.png,images/train/GP010122/GP010122_frame_000911_rgb_anon.png,1920,1080,5,True,2
acdc_snow_official_v1,train,1579,snow/train/GP010122/GP010122_frame_000916_rgb_anon.png,snow/train/GP010122/GP010122_frame_000916_rgb_anon.png,images/train/GP010122/GP010122_frame_000916_rgb_anon.png,1920,1080,5,True,1;2;4;7
acdc_snow_official_v1,train,1584,snow/train/GP010122/GP010122_frame_000922_rgb_anon.png,snow/train/GP010122/GP010122_frame_000922_rgb_anon.png,images/train/GP010122/GP010122_frame_000922_rgb_anon.png,1920,1080,5,True,0;2;4
acdc_snow_official_v1,train,1585,snow/train/GP010122/GP010122_frame_000942_rgb_anon.png,snow/train/GP010122/GP010122_frame_000942_rgb_anon.png,images/train/GP010122/GP010122_frame_000942_rgb_anon.png,1920,1080,4,True,2;3;5
acdc_snow_official_v1,train,1578,snow/train/GP010122/GP010122_frame_000957_rgb_anon.png,snow/train/GP010122/GP010122_frame_000957_rgb_anon.png,images/train/GP010122/GP010122_frame_000957_rgb_anon.png,1920,1080,3,True,2
acdc_snow_official_v1,train,1599,snow/train/GP010122/GP010122_frame_000967_rgb_anon.png,snow/train/GP010122/GP010122_frame_000967_rgb_anon.png,images/train/GP010122/GP010122_frame_000967_rgb_anon.png,1920,1080,4,True,0;2
acdc_snow_official_v1,train,1590,snow/train/GP010122/GP010122_frame_000987_rgb_anon.png,snow/train/GP010122/GP010122_frame_000987_rgb_anon.png,images/train/GP010122/GP010122_frame_000987_rgb_anon.png,1920,1080,3,True,3;4
acdc_snow_official_v1,train,1595,snow/train/GP010122/GP010122_frame_001007_rgb_anon.png,snow/train/GP010122/GP010122_frame_001007_rgb_anon.png,images/train/GP010122/GP010122_frame_001007_rgb_anon.png,1920,1080,5,True,2;5
acdc_snow_official_v1,train,1596,snow/train/GP010122/GP010122_frame_001021_rgb_anon.png,snow/train/GP010122/GP010122_frame_001021_rgb_anon.png,images/train/GP010122/GP010122_frame_001021_rgb_anon.png,1920,1080,5,True,0;2
acdc_snow_official_v1,train,1587,snow/train/GP010122/GP010122_frame_001029_rgb_anon.png,snow/train/GP010122/GP010122_frame_001029_rgb_anon.png,images/train/GP010122/GP010122_frame_001029_rgb_anon.png,1920,1080,4,True,2
acdc_snow_official_v1,train,1598,snow/train/GP010122/GP010122_frame_001041_rgb_anon.png,snow/train/GP010122/GP010122_frame_001041_rgb_anon.png,images/train/GP010122/GP010122_frame_001041_rgb_anon.png,1920,1080,3,True,2
acdc_snow_official_v1,train,1586,snow/train/GP010122/GP010122_frame_001049_rgb_anon.png,snow/train/GP010122/GP010122_frame_001049_rgb_anon.png,images/train/GP010122/GP010122_frame_001049_rgb_anon.png,1920,1080,7,True,2;5
acdc_snow_official_v1,train,1252,snow/train/GP010607/GP010607_frame_000080_rgb_anon.png,snow/train/GP010607/GP010607_frame_000080_rgb_anon.png,images/train/GP010607/GP010607_frame_000080_rgb_anon.png,1920,1080,7,True,2
acdc_snow_official_v1,train,1202,snow/train/GP010607/GP010607_frame_000106_rgb_anon.png,snow/train/GP010607/GP010607_frame_000106_rgb_anon.png,images/train/GP010607/GP010607_frame_000106_rgb_anon.png,1920,1080,2,True,2
acdc_snow_official_v1,train,1219,snow/train/GP010607/GP010607_frame_000112_rgb_anon.png,snow/train/GP010607/GP010607_frame_000112_rgb_anon.png,images/train/GP010607/GP010607_frame_000112_rgb_anon.png,1920,1080,3,True,2
acdc_snow_official_v1,train,1223,snow/train/GP010607/GP010607_frame_000118_rgb_anon.png,snow/train/GP010607/GP010607_frame_000118_rgb_anon.png,images/train/GP010607/GP010607_frame_000118_rgb_anon.png,1920,1080,6,True,2;3
acdc_snow_official_v1,train,1225,snow/train/GP010607/GP010607_frame_000123_rgb_anon.png,snow/train/GP010607/GP010607_frame_000123_rgb_anon.png,images/train/GP010607/GP010607_frame_000123_rgb_anon.png,1920,1080,7,True,2;3
acdc_snow_official_v1,train,1243,snow/train/GP010607/GP010607_frame_000129_rgb_anon.png,snow/train/GP010607/GP010607_frame_000129_rgb_anon.png,images/train/GP010607/GP010607_frame_000129_rgb_anon.png,1920,1080,8,True,0;2
acdc_snow_official_v1,train,1259,snow/train/GP010607/GP010607_frame_000138_rgb_anon.png,snow/train/GP010607/GP010607_frame_000138_rgb_anon.png,images/train/GP010607/GP010607_frame_000138_rgb_anon.png,1920,1080,3,True,2
acdc_snow_official_v1,train,1245,snow/train/GP010607/GP010607_frame_000144_rgb_anon.png,snow/train/GP010607/GP010607_frame_000144_rgb_anon.png,images/train/GP010607/GP010607_frame_000144_rgb_anon.png,1920,1080,3,True,2;3
acdc_snow_official_v1,train,1222,snow/train/GP010607/GP010607_frame_000175_rgb_anon.png,snow/train/GP010607/GP010607_frame_000175_rgb_anon.png,images/train/GP010607/GP010607_frame_000175_rgb_anon.png,1920,1080,7,True,2;3
acdc_snow_official_v1,train,1212,snow/train/GP010607/GP010607_frame_000181_rgb_anon.png,snow/train/GP010607/GP010607_frame_000181_rgb_anon.png,images/train/GP010607/GP010607_frame_000181_rgb_anon.png,1920,1080,12,True,2;3
acdc_snow_official_v1,train,1227,snow/train/GP010607/GP010607_frame_000187_rgb_anon.png,snow/train/GP010607/GP010607_frame_000187_rgb_anon.png,images/train/GP010607/GP010607_frame_000187_rgb_anon.png,1920,1080,3,True,2;3
acdc_snow_official_v1,train,1226,snow/train/GP010607/GP010607_frame_000207_rgb_anon.png,snow/train/GP010607/GP010607_frame_000207_rgb_anon.png,images/train/GP010607/GP010607_frame_000207_rgb_anon.png,1920,1080,4,True,0;2;3
acdc_snow_official_v1,train,1214,snow/train/GP010607/GP010607_frame_000227_rgb_anon.png,snow/train/GP010607/GP010607_frame_000227_rgb_anon.png,images/train/GP010607/GP010607_frame_000227_rgb_anon.png,1920,1080,5,True,2;3
acdc_snow_official_v1,train,1213,snow/train/GP010607/GP010607_frame_000247_rgb_anon.png,snow/train/GP010607/GP010607_frame_000247_rgb_anon.png,images/train/GP010607/GP010607_frame_000247_rgb_anon.png,1920,1080,16,True,0;2;3;4
acdc_snow_official_v1,train,1253,snow/train/GP010607/GP010607_frame_000267_rgb_anon.png,snow/train/GP010607/GP010607_frame_000267_rgb_anon.png,images/train/GP010607/GP010607_frame_000267_rgb_anon.png,1920,1080,19,True,0;2;3
acdc_snow_official_v1,train,1257,snow/train/GP010607/GP010607_frame_000304_rgb_anon.png,snow/train/GP010607/GP010607_frame_000304_rgb_anon.png,images/train/GP010607/GP010607_frame_000304_rgb_anon.png,1920,1080,9,True,0;2;4
acdc_snow_official_v1,train,1246,snow/train/GP010607/GP010607_frame_000324_rgb_anon.png,snow/train/GP010607/GP010607_frame_000324_rgb_anon.png,images/train/GP010607/GP010607_frame_000324_rgb_anon.png,1920,1080,9,True,0;2;4
acdc_snow_official_v1,train,1217,snow/train/GP010607/GP010607_frame_000344_rgb_anon.png,snow/train/GP010607/GP010607_frame_000344_rgb_anon.png,images/train/GP010607/GP010607_frame_000344_rgb_anon.png,1920,1080,17,True,0;2;4;5
acdc_snow_official_v1,train,1216,snow/train/GP010607/GP010607_frame_000355_rgb_anon.png,snow/train/GP010607/GP010607_frame_000355_rgb_anon.png,images/train/GP010607/GP010607_frame_000355_rgb_anon.png,1920,1080,5,True,0;4;5
acdc_snow_official_v1,train,1221,snow/train/GP010607/GP010607_frame_000375_rgb_anon.png,snow/train/GP010607/GP010607_frame_000375_rgb_anon.png,images/train/GP010607/GP010607_frame_000375_rgb_anon.png,1920,1080,9,True,2
acdc_snow_official_v1,train,1224,snow/train/GP010607/GP010607_frame_000382_rgb_anon.png,snow/train/GP010607/GP010607_frame_000382_rgb_anon.png,images/train/GP010607/GP010607_frame_000382_rgb_anon.png,1920,1080,9,True,2;4
acdc_snow_official_v1,train,1204,snow/train/GP010607/GP010607_frame_000457_rgb_anon.png,snow/train/GP010607/GP010607_frame_000457_rgb_anon.png,images/train/GP010607/GP010607_frame_000457_rgb_anon.png,1920,1080,8,True,0;2
acdc_snow_official_v1,train,1209,snow/train/GP010607/GP010607_frame_000487_rgb_anon.png,snow/train/GP010607/GP010607_frame_000487_rgb_anon.png,images/train/GP010607/GP010607_frame_000487_rgb_anon.png,1920,1080,15,True,5;7
acdc_snow_official_v1,train,1215,snow/train/GP010607/GP010607_frame_000497_rgb_anon.png,snow/train/GP010607/GP010607_frame_000497_rgb_anon.png,images/train/GP010607/GP010607_frame_000497_rgb_anon.png,1920,1080,10,True,2
acdc_snow_official_v1,train,1207,snow/train/GP010607/GP010607_frame_000517_rgb_anon.png,snow/train/GP010607/GP010607_frame_000517_rgb_anon.png,images/train/GP010607/GP010607_frame_000517_rgb_anon.png,1920,1080,10,True,0;2;3
acdc_snow_official_v1,train,1228,snow/train/GP010607/GP010607_frame_000537_rgb_anon.png,snow/train/GP010607/GP010607_frame_000537_rgb_anon.png,images/train/GP010607/GP010607_frame_000537_rgb_anon.png,1920,1080,5,True,0;2;3
acdc_snow_official_v1,train,1235,snow/train/GP010607/GP010607_frame_000576_rgb_anon.png,snow/train/GP010607/GP010607_frame_000576_rgb_anon.png,images/train/GP010607/GP010607_frame_000576_rgb_anon.png,1920,1080,10,True,2;3
acdc_snow_official_v1,train,1229,snow/train/GP010607/GP010607_frame_000588_rgb_anon.png,snow/train/GP010607/GP010607_frame_000588_rgb_anon.png,images/train/GP010607/GP010607_frame_000588_rgb_anon.png,1920,1080,14,True,0;2;4
acdc_snow_official_v1,train,1248,snow/train/GP010607/GP010607_frame_000595_rgb_anon.png,snow/train/GP010607/GP010607_frame_000595_rgb_anon.png,images/train/GP010607/GP010607_frame_000595_rgb_anon.png,1920,1080,9,True,0;2
acdc_snow_official_v1,train,1211,snow/train/GP010607/GP010607_frame_000633_rgb_anon.png,snow/train/GP010607/GP010607_frame_000633_rgb_anon.png,images/train/GP010607/GP010607_frame_000633_rgb_anon.png,1920,1080,6,True,2;3
acdc_snow_official_v1,train,1238,snow/train/GP010607/GP010607_frame_000639_rgb_anon.png,snow/train/GP010607/GP010607_frame_000639_rgb_anon.png,images/train/GP010607/GP010607_frame_000639_rgb_anon.png,1920,1080,13,True,0;2
acdc_snow_official_v1,train,1249,snow/train/GP010607/GP010607_frame_000645_rgb_anon.png,snow/train/GP010607/GP010607_frame_000645_rgb_anon.png,images/train/GP010607/GP010607_frame_000645_rgb_anon.png,1920,1080,7,True,0;2
acdc_snow_official_v1,train,1239,snow/train/GP010607/GP010607_frame_000665_rgb_anon.png,snow/train/GP010607/GP010607_frame_000665_rgb_anon.png,images/train/GP010607/GP010607_frame_000665_rgb_anon.png,1920,1080,6,True,0;2;3
acdc_snow_official_v1,train,1231,snow/train/GP010607/GP010607_frame_000685_rgb_anon.png,snow/train/GP010607/GP010607_frame_000685_rgb_anon.png,images/train/GP010607/GP010607_frame_000685_rgb_anon.png,1920,1080,8,True,0;2
acdc_snow_official_v1,train,1242,snow/train/GP010607/GP010607_frame_000691_rgb_anon.png,snow/train/GP010607/GP010607_frame_000691_rgb_anon.png,images/train/GP010607/GP010607_frame_000691_rgb_anon.png,1920,1080,3,True,0;2
acdc_snow_official_v1,train,1241,snow/train/GP010607/GP010607_frame_000702_rgb_anon.png,snow/train/GP010607/GP010607_frame_000702_rgb_anon.png,images/train/GP010607/GP010607_frame_000702_rgb_anon.png,1920,1080,3,True,2
acdc_snow_official_v1,train,1234,snow/train/GP010607/GP010607_frame_000710_rgb_anon.png,snow/train/GP010607/GP010607_frame_000710_rgb_anon.png,images/train/GP010607/GP010607_frame_000710_rgb_anon.png,1920,1080,4,True,2;3
acdc_snow_official_v1,train,1247,snow/train/GP010607/GP010607_frame_000718_rgb_anon.png,snow/train/GP010607/GP010607_frame_000718_rgb_anon.png,images/train/GP010607/GP010607_frame_000718_rgb_anon.png,1920,1080,4,True,2;3
acdc_snow_official_v1,train,1205,snow/train/GP010607/GP010607_frame_000734_rgb_anon.png,snow/train/GP010607/GP010607_frame_000734_rgb_anon.png,images/train/GP010607/GP010607_frame_000734_rgb_anon.png,1920,1080,6,True,2;3
acdc_snow_official_v1,train,1200,snow/train/GP010607/GP010607_frame_000740_rgb_anon.png,snow/train/GP010607/GP010607_frame_000740_rgb_anon.png,images/train/GP010607/GP010607_frame_000740_rgb_anon.png,1920,1080,1,True,3
acdc_snow_official_v1,train,1201,snow/train/GP010607/GP010607_frame_000745_rgb_anon.png,snow/train/GP010607/GP010607_frame_000745_rgb_anon.png,images/train/GP010607/GP010607_frame_000745_rgb_anon.png,1920,1080,3,True,0;2
acdc_snow_official_v1,train,1250,snow/train/GP010607/GP010607_frame_000755_rgb_anon.png,snow/train/GP010607/GP010607_frame_000755_rgb_anon.png,images/train/GP010607/GP010607_frame_000755_rgb_anon.png,1920,1080,4,True,0;2
acdc_snow_official_v1,train,1210,snow/train/GP010607/GP010607_frame_000760_rgb_anon.png,snow/train/GP010607/GP010607_frame_000760_rgb_anon.png,images/train/GP010607/GP010607_frame_000760_rgb_anon.png,1920,1080,7,True,0;2;3;4;6;7
acdc_snow_official_v1,train,1251,snow/train/GP010607/GP010607_frame_000764_rgb_anon.png,snow/train/GP010607/GP010607_frame_000764_rgb_anon.png,images/train/GP010607/GP010607_frame_000764_rgb_anon.png,1920,1080,7,True,2
acdc_snow_official_v1,train,1218,snow/train/GP010607/GP010607_frame_000768_rgb_anon.png,snow/train/GP010607/GP010607_frame_000768_rgb_anon.png,images/train/GP010607/GP010607_frame_000768_rgb_anon.png,1920,1080,4,True,0;2
acdc_snow_official_v1,train,1203,snow/train/GP010607/GP010607_frame_000773_rgb_anon.png,snow/train/GP010607/GP010607_frame_000773_rgb_anon.png,images/train/GP010607/GP010607_frame_000773_rgb_anon.png,1920,1080,3,True,0;2
acdc_snow_official_v1,train,1256,snow/train/GP010607/GP010607_frame_000788_rgb_anon.png,snow/train/GP010607/GP010607_frame_000788_rgb_anon.png,images/train/GP010607/GP010607_frame_000788_rgb_anon.png,1920,1080,6,True,2;3
acdc_snow_official_v1,train,1236,snow/train/GP010607/GP010607_frame_000794_rgb_anon.png,snow/train/GP010607/GP010607_frame_000794_rgb_anon.png,images/train/GP010607/GP010607_frame_000794_rgb_anon.png,1920,1080,0,True,
acdc_snow_official_v1,train,1255,snow/train/GP010607/GP010607_frame_000799_rgb_anon.png,snow/train/GP010607/GP010607_frame_000799_rgb_anon.png,images/train/GP010607/GP010607_frame_000799_rgb_anon.png,1920,1080,0,True,
acdc_snow_official_v1,train,1232,snow/train/GP010607/GP010607_frame_000814_rgb_anon.png,snow/train/GP010607/GP010607_frame_000814_rgb_anon.png,images/train/GP010607/GP010607_frame_000814_rgb_anon.png,1920,1080,3,True,2
acdc_snow_official_v1,train,1208,snow/train/GP010607/GP010607_frame_000819_rgb_anon.png,snow/train/GP010607/GP010607_frame_000819_rgb_anon.png,images/train/GP010607/GP010607_frame_000819_rgb_anon.png,1920,1080,3,True,0;2
acdc_snow_official_v1,train,1220,snow/train/GP010607/GP010607_frame_000824_rgb_anon.png,snow/train/GP010607/GP010607_frame_000824_rgb_anon.png,images/train/GP010607/GP010607_frame_000824_rgb_anon.png,1920,1080,3,True,2
acdc_snow_official_v1,train,1254,snow/train/GP010607/GP010607_frame_000829_rgb_anon.png,snow/train/GP010607/GP010607_frame_000829_rgb_anon.png,images/train/GP010607/GP010607_frame_000829_rgb_anon.png,1920,1080,4,True,2;6
acdc_snow_official_v1,train,1244,snow/train/GP010607/GP010607_frame_000834_rgb_anon.png,snow/train/GP010607/GP010607_frame_000834_rgb_anon.png,images/train/GP010607/GP010607_frame_000834_rgb_anon.png,1920,1080,7,True,2
acdc_snow_official_v1,train,1230,snow/train/GP010607/GP010607_frame_000839_rgb_anon.png,snow/train/GP010607/GP010607_frame_000839_rgb_anon.png,images/train/GP010607/GP010607_frame_000839_rgb_anon.png,1920,1080,5,True,2
acdc_snow_official_v1,train,1258,snow/train/GP010607/GP010607_frame_000844_rgb_anon.png,snow/train/GP010607/GP010607_frame_000844_rgb_anon.png,images/train/GP010607/GP010607_frame_000844_rgb_anon.png,1920,1080,2,True,2
acdc_snow_official_v1,train,1206,snow/train/GP010607/GP010607_frame_000849_rgb_anon.png,snow/train/GP010607/GP010607_frame_000849_rgb_anon.png,images/train/GP010607/GP010607_frame_000849_rgb_anon.png,1920,1080,1,True,2
acdc_snow_official_v1,train,1240,snow/train/GP010607/GP010607_frame_000854_rgb_anon.png,snow/train/GP010607/GP010607_frame_000854_rgb_anon.png,images/train/GP010607/GP010607_frame_000854_rgb_anon.png,1920,1080,5,True,2;3
acdc_snow_official_v1,train,1233,snow/train/GP010607/GP010607_frame_000862_rgb_anon.png,snow/train/GP010607/GP010607_frame_000862_rgb_anon.png,images/train/GP010607/GP010607_frame_000862_rgb_anon.png,1920,1080,4,True,2;3
acdc_snow_official_v1,train,1237,snow/train/GP010607/GP010607_frame_000867_rgb_anon.png,snow/train/GP010607/GP010607_frame_000867_rgb_anon.png,images/train/GP010607/GP010607_frame_000867_rgb_anon.png,1920,1080,3,True,2;7
acdc_snow_official_v1,train,1569,snow/train/GP020606/GP020606_frame_000470_rgb_anon.png,snow/train/GP020606/GP020606_frame_000470_rgb_anon.png,images/train/GP020606/GP020606_frame_000470_rgb_anon.png,1920,1080,3,True,0;2;5
acdc_snow_official_v1,train,1567,snow/train/GP020606/GP020606_frame_000487_rgb_anon.png,snow/train/GP020606/GP020606_frame_000487_rgb_anon.png,images/train/GP020606/GP020606_frame_000487_rgb_anon.png,1920,1080,4,True,0;2;4
acdc_snow_official_v1,train,1568,snow/train/GP020606/GP020606_frame_000503_rgb_anon.png,snow/train/GP020606/GP020606_frame_000503_rgb_anon.png,images/train/GP020606/GP020606_frame_000503_rgb_anon.png,1920,1080,7,True,0;2
acdc_snow_official_v1,train,1570,snow/train/GP020606/GP020606_frame_000508_rgb_anon.png,snow/train/GP020606/GP020606_frame_000508_rgb_anon.png,images/train/GP020606/GP020606_frame_000508_rgb_anon.png,1920,1080,10,True,0;2
acdc_snow_official_v1,train,1571,snow/train/GP020606/GP020606_frame_000513_rgb_anon.png,snow/train/GP020606/GP020606_frame_000513_rgb_anon.png,images/train/GP020606/GP020606_frame_000513_rgb_anon.png,1920,1080,3,True,0;2
acdc_snow_official_v1,train,1381,snow/train/GP030176/GP030176_frame_000745_rgb_anon.png,snow/train/GP030176/GP030176_frame_000745_rgb_anon.png,images/train/GP030176/GP030176_frame_000745_rgb_anon.png,1920,1080,5,True,0;2
acdc_snow_official_v1,train,1378,snow/train/GP030176/GP030176_frame_000766_rgb_anon.png,snow/train/GP030176/GP030176_frame_000766_rgb_anon.png,images/train/GP030176/GP030176_frame_000766_rgb_anon.png,1920,1080,4,True,2
acdc_snow_official_v1,train,1377,snow/train/GP030176/GP030176_frame_000775_rgb_anon.png,snow/train/GP030176/GP030176_frame_000775_rgb_anon.png,images/train/GP030176/GP030176_frame_000775_rgb_anon.png,1920,1080,6,True,0;2;3
acdc_snow_official_v1,train,1380,snow/train/GP030176/GP030176_frame_000795_rgb_anon.png,snow/train/GP030176/GP030176_frame_000795_rgb_anon.png,images/train/GP030176/GP030176_frame_000795_rgb_anon.png,1920,1080,3,True,2;5
acdc_snow_official_v1,train,1384,snow/train/GP030176/GP030176_frame_000815_rgb_anon.png,snow/train/GP030176/GP030176_frame_000815_rgb_anon.png,images/train/GP030176/GP030176_frame_000815_rgb_anon.png,1920,1080,11,True,0;2;5
acdc_snow_official_v1,train,1379,snow/train/GP030176/GP030176_frame_000835_rgb_anon.png,snow/train/GP030176/GP030176_frame_000835_rgb_anon.png,images/train/GP030176/GP030176_frame_000835_rgb_anon.png,1920,1080,5,True,1;2;7
acdc_snow_official_v1,train,1382,snow/train/GP030176/GP030176_frame_000875_rgb_anon.png,snow/train/GP030176/GP030176_frame_000875_rgb_anon.png,images/train/GP030176/GP030176_frame_000875_rgb_anon.png,1920,1080,5,True,0;2;5
acdc_snow_official_v1,train,1376,snow/train/GP030176/GP030176_frame_000895_rgb_anon.png,snow/train/GP030176/GP030176_frame_000895_rgb_anon.png,images/train/GP030176/GP030176_frame_000895_rgb_anon.png,1920,1080,9,True,0;2
acdc_snow_official_v1,train,1383,snow/train/GP030176/GP030176_frame_000915_rgb_anon.png,snow/train/GP030176/GP030176_frame_000915_rgb_anon.png,images/train/GP030176/GP030176_frame_000915_rgb_anon.png,1920,1080,8,True,0;2
acdc_snow_official_v1,train,1385,snow/train/GP030176/GP030176_frame_001034_rgb_anon.png,snow/train/GP030176/GP030176_frame_001034_rgb_anon.png,images/train/GP030176/GP030176_frame_001034_rgb_anon.png,1920,1080,11,True,0;2;3
acdc_snow_official_v1,train,1375,snow/train/GP030176/GP030176_frame_001041_rgb_anon.png,snow/train/GP030176/GP030176_frame_001041_rgb_anon.png,images/train/GP030176/GP030176_frame_001041_rgb_anon.png,1920,1080,10,True,0;2;3
acdc_snow_official_v1,train,1386,snow/train/GP030176/GP030176_frame_001047_rgb_anon.png,snow/train/GP030176/GP030176_frame_001047_rgb_anon.png,images/train/GP030176/GP030176_frame_001047_rgb_anon.png,1920,1080,11,True,0;2;7
acdc_snow_official_v1,train,1501,snow/train/GP040176/GP040176_frame_000001_rgb_anon.png,snow/train/GP040176/GP040176_frame_000001_rgb_anon.png,images/train/GP040176/GP040176_frame_000001_rgb_anon.png,1920,1080,8,True,0;2;7
acdc_snow_official_v1,train,1489,snow/train/GP040176/GP040176_frame_000024_rgb_anon.png,snow/train/GP040176/GP040176_frame_000024_rgb_anon.png,images/train/GP040176/GP040176_frame_000024_rgb_anon.png,1920,1080,7,True,0;2;5;7
acdc_snow_official_v1,train,1486,snow/train/GP040176/GP040176_frame_000032_rgb_anon.png,snow/train/GP040176/GP040176_frame_000032_rgb_anon.png,images/train/GP040176/GP040176_frame_000032_rgb_anon.png,1920,1080,5,True,0;2
acdc_snow_official_v1,train,1422,snow/train/GP040176/GP040176_frame_000044_rgb_anon.png,snow/train/GP040176/GP040176_frame_000044_rgb_anon.png,images/train/GP040176/GP040176_frame_000044_rgb_anon.png,1920,1080,5,True,2
acdc_snow_official_v1,train,1482,snow/train/GP040176/GP040176_frame_000049_rgb_anon.png,snow/train/GP040176/GP040176_frame_000049_rgb_anon.png,images/train/GP040176/GP040176_frame_000049_rgb_anon.png,1920,1080,6,True,0;2;5;7
acdc_snow_official_v1,train,1441,snow/train/GP040176/GP040176_frame_000054_rgb_anon.png,snow/train/GP040176/GP040176_frame_000054_rgb_anon.png,images/train/GP040176/GP040176_frame_000054_rgb_anon.png,1920,1080,7,True,1;2;5;6
acdc_snow_official_v1,train,1449,snow/train/GP040176/GP040176_frame_000060_rgb_anon.png,snow/train/GP040176/GP040176_frame_000060_rgb_anon.png,images/train/GP040176/GP040176_frame_000060_rgb_anon.png,1920,1080,2,True,2
acdc_snow_official_v1,train,1477,snow/train/GP040176/GP040176_frame_000067_rgb_anon.png,snow/train/GP040176/GP040176_frame_000067_rgb_anon.png,images/train/GP040176/GP040176_frame_000067_rgb_anon.png,1920,1080,9,True,0;2
acdc_snow_official_v1,train,1450,snow/train/GP040176/GP040176_frame_000080_rgb_anon.png,snow/train/GP040176/GP040176_frame_000080_rgb_anon.png,images/train/GP040176/GP040176_frame_000080_rgb_anon.png,1920,1080,5,True,0;2
acdc_snow_official_v1,train,1427,snow/train/GP040176/GP040176_frame_000088_rgb_anon.png,snow/train/GP040176/GP040176_frame_000088_rgb_anon.png,images/train/GP040176/GP040176_frame_000088_rgb_anon.png,1920,1080,6,True,2
acdc_snow_official_v1,train,1426,snow/train/GP040176/GP040176_frame_000100_rgb_anon.png,snow/train/GP040176/GP040176_frame_000100_rgb_anon.png,images/train/GP040176/GP040176_frame_000100_rgb_anon.png,1920,1080,6,True,2
acdc_snow_official_v1,train,1421,snow/train/GP040176/GP040176_frame_000110_rgb_anon.png,snow/train/GP040176/GP040176_frame_000110_rgb_anon.png,images/train/GP040176/GP040176_frame_000110_rgb_anon.png,1920,1080,3,True,0;2
acdc_snow_official_v1,train,1454,snow/train/GP040176/GP040176_frame_000130_rgb_anon.png,snow/train/GP040176/GP040176_frame_000130_rgb_anon.png,images/train/GP040176/GP040176_frame_000130_rgb_anon.png,1920,1080,4,True,0;2
acdc_snow_official_v1,train,1487,snow/train/GP040176/GP040176_frame_000141_rgb_anon.png,snow/train/GP040176/GP040176_frame_000141_rgb_anon.png,images/train/GP040176/GP040176_frame_000141_rgb_anon.png,1920,1080,7,True,0;2
acdc_snow_official_v1,train,1475,snow/train/GP040176/GP040176_frame_000152_rgb_anon.png,snow/train/GP040176/GP040176_frame_000152_rgb_anon.png,images/train/GP040176/GP040176_frame_000152_rgb_anon.png,1920,1080,7,True,2;3;6
acdc_snow_official_v1,train,1446,snow/train/GP040176/GP040176_frame_000158_rgb_anon.png,snow/train/GP040176/GP040176_frame_000158_rgb_anon.png,images/train/GP040176/GP040176_frame_000158_rgb_anon.png,1920,1080,2,True,2
acdc_snow_official_v1,train,1448,snow/train/GP040176/GP040176_frame_000163_rgb_anon.png,snow/train/GP040176/GP040176_frame_000163_rgb_anon.png,images/train/GP040176/GP040176_frame_000163_rgb_anon.png,1920,1080,2,True,2
acdc_snow_official_v1,train,1496,snow/train/GP040176/GP040176_frame_000169_rgb_anon.png,snow/train/GP040176/GP040176_frame_000169_rgb_anon.png,images/train/GP040176/GP040176_frame_000169_rgb_anon.png,1920,1080,5,True,2
acdc_snow_official_v1,train,1493,snow/train/GP040176/GP040176_frame_000181_rgb_anon.png,snow/train/GP040176/GP040176_frame_000181_rgb_anon.png,images/train/GP040176/GP040176_frame_000181_rgb_anon.png,1920,1080,6,True,0;2
acdc_snow_official_v1,train,1434,snow/train/GP040176/GP040176_frame_000188_rgb_anon.png,snow/train/GP040176/GP040176_frame_000188_rgb_anon.png,images/train/GP040176/GP040176_frame_000188_rgb_anon.png,1920,1080,3,True,0;2
acdc_snow_official_v1,train,1466,snow/train/GP040176/GP040176_frame_000208_rgb_anon.png,snow/train/GP040176/GP040176_frame_000208_rgb_anon.png,images/train/GP040176/GP040176_frame_000208_rgb_anon.png,1920,1080,6,True,0;2
acdc_snow_official_v1,train,1494,snow/train/GP040176/GP040176_frame_000228_rgb_anon.png,snow/train/GP040176/GP040176_frame_000228_rgb_anon.png,images/train/GP040176/GP040176_frame_000228_rgb_anon.png,1920,1080,9,True,0;2
acdc_snow_official_v1,train,1456,snow/train/GP040176/GP040176_frame_000248_rgb_anon.png,snow/train/GP040176/GP040176_frame_000248_rgb_anon.png,images/train/GP040176/GP040176_frame_000248_rgb_anon.png,1920,1080,11,True,0;2
acdc_snow_official_v1,train,1483,snow/train/GP040176/GP040176_frame_000268_rgb_anon.png,snow/train/GP040176/GP040176_frame_000268_rgb_anon.png,images/train/GP040176/GP040176_frame_000268_rgb_anon.png,1920,1080,9,True,0;2
acdc_snow_official_v1,train,1465,snow/train/GP040176/GP040176_frame_000288_rgb_anon.png,snow/train/GP040176/GP040176_frame_000288_rgb_anon.png,images/train/GP040176/GP040176_frame_000288_rgb_anon.png,1920,1080,5,True,2
acdc_snow_official_v1,train,1424,snow/train/GP040176/GP040176_frame_000308_rgb_anon.png,snow/train/GP040176/GP040176_frame_000308_rgb_anon.png,images/train/GP040176/GP040176_frame_000308_rgb_anon.png,1920,1080,4,True,2
acdc_snow_official_v1,train,1432,snow/train/GP040176/GP040176_frame_000328_rgb_anon.png,snow/train/GP040176/GP040176_frame_000328_rgb_anon.png,images/train/GP040176/GP040176_frame_000328_rgb_anon.png,1920,1080,4,True,2
acdc_snow_official_v1,train,1433,snow/train/GP040176/GP040176_frame_000368_rgb_anon.png,snow/train/GP040176/GP040176_frame_000368_rgb_anon.png,images/train/GP040176/GP040176_frame_000368_rgb_anon.png,1920,1080,8,True,0;2;4
acdc_snow_official_v1,train,1499,snow/train/GP040176/GP040176_frame_000388_rgb_anon.png,snow/train/GP040176/GP040176_frame_000388_rgb_anon.png,images/train/GP040176/GP040176_frame_000388_rgb_anon.png,1920,1080,7,True,0;2
acdc_snow_official_v1,train,1472,snow/train/GP040176/GP040176_frame_000408_rgb_anon.png,snow/train/GP040176/GP040176_frame_000408_rgb_anon.png,images/train/GP040176/GP040176_frame_000408_rgb_anon.png,1920,1080,14,True,0;2
acdc_snow_official_v1,train,1435,snow/train/GP040176/GP040176_frame_000428_rgb_anon.png,snow/train/GP040176/GP040176_frame_000428_rgb_anon.png,images/train/GP040176/GP040176_frame_000428_rgb_anon.png,1920,1080,13,True,2;3;6
acdc_snow_official_v1,train,1420,snow/train/GP040176/GP040176_frame_000448_rgb_anon.png,snow/train/GP040176/GP040176_frame_000448_rgb_anon.png,images/train/GP040176/GP040176_frame_000448_rgb_anon.png,1920,1080,8,True,0;2;6
acdc_snow_official_v1,train,1463,snow/train/GP040176/GP040176_frame_000464_rgb_anon.png,snow/train/GP040176/GP040176_frame_000464_rgb_anon.png,images/train/GP040176/GP040176_frame_000464_rgb_anon.png,1920,1080,13,True,0;1;2;7
acdc_snow_official_v1,train,1467,snow/train/GP040176/GP040176_frame_000484_rgb_anon.png,snow/train/GP040176/GP040176_frame_000484_rgb_anon.png,images/train/GP040176/GP040176_frame_000484_rgb_anon.png,1920,1080,8,True,0;2
acdc_snow_official_v1,train,1459,snow/train/GP040176/GP040176_frame_000515_rgb_anon.png,snow/train/GP040176/GP040176_frame_000515_rgb_anon.png,images/train/GP040176/GP040176_frame_000515_rgb_anon.png,1920,1080,4,True,2;7
acdc_snow_official_v1,train,1460,snow/train/GP040176/GP040176_frame_000523_rgb_anon.png,snow/train/GP040176/GP040176_frame_000523_rgb_anon.png,images/train/GP040176/GP040176_frame_000523_rgb_anon.png,1920,1080,11,True,0;2
acdc_snow_official_v1,train,1445,snow/train/GP040176/GP040176_frame_000529_rgb_anon.png,snow/train/GP040176/GP040176_frame_000529_rgb_anon.png,images/train/GP040176/GP040176_frame_000529_rgb_anon.png,1920,1080,3,True,2;6
acdc_snow_official_v1,train,1476,snow/train/GP040176/GP040176_frame_000534_rgb_anon.png,snow/train/GP040176/GP040176_frame_000534_rgb_anon.png,images/train/GP040176/GP040176_frame_000534_rgb_anon.png,1920,1080,12,True,2;6
acdc_snow_official_v1,train,1474,snow/train/GP040176/GP040176_frame_000538_rgb_anon.png,snow/train/GP040176/GP040176_frame_000538_rgb_anon.png,images/train/GP040176/GP040176_frame_000538_rgb_anon.png,1920,1080,7,True,0;2;5;6
acdc_snow_official_v1,train,1485,snow/train/GP040176/GP040176_frame_000542_rgb_anon.png,snow/train/GP040176/GP040176_frame_000542_rgb_anon.png,images/train/GP040176/GP040176_frame_000542_rgb_anon.png,1920,1080,3,True,0;2;5
acdc_snow_official_v1,train,1490,snow/train/GP040176/GP040176_frame_000546_rgb_anon.png,snow/train/GP040176/GP040176_frame_000546_rgb_anon.png,images/train/GP040176/GP040176_frame_000546_rgb_anon.png,1920,1080,3,True,0;2;5
acdc_snow_official_v1,train,1458,snow/train/GP040176/GP040176_frame_000566_rgb_anon.png,snow/train/GP040176/GP040176_frame_000566_rgb_anon.png,images/train/GP040176/GP040176_frame_000566_rgb_anon.png,1920,1080,6,True,0;2
acdc_snow_official_v1,train,1502,snow/train/GP040176/GP040176_frame_000580_rgb_anon.png,snow/train/GP040176/GP040176_frame_000580_rgb_anon.png,images/train/GP040176/GP040176_frame_000580_rgb_anon.png,1920,1080,7,True,0;2;5
acdc_snow_official_v1,train,1481,snow/train/GP040176/GP040176_frame_000589_rgb_anon.png,snow/train/GP040176/GP040176_frame_000589_rgb_anon.png,images/train/GP040176/GP040176_frame_000589_rgb_anon.png,1920,1080,6,True,0;2;3;7
acdc_snow_official_v1,train,1419,snow/train/GP040176/GP040176_frame_000609_rgb_anon.png,snow/train/GP040176/GP040176_frame_000609_rgb_anon.png,images/train/GP040176/GP040176_frame_000609_rgb_anon.png,1920,1080,11,True,0;1;2;3;4;7
acdc_snow_official_v1,train,1491,snow/train/GP040176/GP040176_frame_000629_rgb_anon.png,snow/train/GP040176/GP040176_frame_000629_rgb_anon.png,images/train/GP040176/GP040176_frame_000629_rgb_anon.png,1920,1080,10,True,0;2;3;4
acdc_snow_official_v1,train,1470,snow/train/GP040176/GP040176_frame_000649_rgb_anon.png,snow/train/GP040176/GP040176_frame_000649_rgb_anon.png,images/train/GP040176/GP040176_frame_000649_rgb_anon.png,1920,1080,3,True,0;2;4
acdc_snow_official_v1,train,1488,snow/train/GP040176/GP040176_frame_000669_rgb_anon.png,snow/train/GP040176/GP040176_frame_000669_rgb_anon.png,images/train/GP040176/GP040176_frame_000669_rgb_anon.png,1920,1080,6,True,0;2;4
acdc_snow_official_v1,train,1478,snow/train/GP040176/GP040176_frame_000689_rgb_anon.png,snow/train/GP040176/GP040176_frame_000689_rgb_anon.png,images/train/GP040176/GP040176_frame_000689_rgb_anon.png,1920,1080,2,True,0;4
acdc_snow_official_v1,train,1438,snow/train/GP040176/GP040176_frame_000696_rgb_anon.png,snow/train/GP040176/GP040176_frame_000696_rgb_anon.png,images/train/GP040176/GP040176_frame_000696_rgb_anon.png,1920,1080,5,True,0;4;5
acdc_snow_official_v1,train,1447,snow/train/GP040176/GP040176_frame_000701_rgb_anon.png,snow/train/GP040176/GP040176_frame_000701_rgb_anon.png,images/train/GP040176/GP040176_frame_000701_rgb_anon.png,1920,1080,14,True,0;2;7
acdc_snow_official_v1,train,1495,snow/train/GP040176/GP040176_frame_000707_rgb_anon.png,snow/train/GP040176/GP040176_frame_000707_rgb_anon.png,images/train/GP040176/GP040176_frame_000707_rgb_anon.png,1920,1080,6,True,2;7
acdc_snow_official_v1,train,1457,snow/train/GP040176/GP040176_frame_000714_rgb_anon.png,snow/train/GP040176/GP040176_frame_000714_rgb_anon.png,images/train/GP040176/GP040176_frame_000714_rgb_anon.png,1920,1080,7,True,2
acdc_snow_official_v1,train,1452,snow/train/GP040176/GP040176_frame_000734_rgb_anon.png,snow/train/GP040176/GP040176_frame_000734_rgb_anon.png,images/train/GP040176/GP040176_frame_000734_rgb_anon.png,1920,1080,5,True,2;3
acdc_snow_official_v1,train,1418,snow/train/GP040176/GP040176_frame_000754_rgb_anon.png,snow/train/GP040176/GP040176_frame_000754_rgb_anon.png,images/train/GP040176/GP040176_frame_000754_rgb_anon.png,1920,1080,8,True,1;2;7
acdc_snow_official_v1,train,1443,snow/train/GP040176/GP040176_frame_000765_rgb_anon.png,snow/train/GP040176/GP040176_frame_000765_rgb_anon.png,images/train/GP040176/GP040176_frame_000765_rgb_anon.png,1920,1080,15,True,0;1;2;7
acdc_snow_official_v1,train,1461,snow/train/GP040176/GP040176_frame_000775_rgb_anon.png,snow/train/GP040176/GP040176_frame_000775_rgb_anon.png,images/train/GP040176/GP040176_frame_000775_rgb_anon.png,1920,1080,14,True,0;2;5
acdc_snow_official_v1,train,1464,snow/train/GP040176/GP040176_frame_000782_rgb_anon.png,snow/train/GP040176/GP040176_frame_000782_rgb_anon.png,images/train/GP040176/GP040176_frame_000782_rgb_anon.png,1920,1080,4,True,0;5
acdc_snow_official_v1,train,1473,snow/train/GP040176/GP040176_frame_000789_rgb_anon.png,snow/train/GP040176/GP040176_frame_000789_rgb_anon.png,images/train/GP040176/GP040176_frame_000789_rgb_anon.png,1920,1080,4,True,0;2
acdc_snow_official_v1,train,1471,snow/train/GP040176/GP040176_frame_000795_rgb_anon.png,snow/train/GP040176/GP040176_frame_000795_rgb_anon.png,images/train/GP040176/GP040176_frame_000795_rgb_anon.png,1920,1080,8,True,0;2
acdc_snow_official_v1,train,1468,snow/train/GP040176/GP040176_frame_000801_rgb_anon.png,snow/train/GP040176/GP040176_frame_000801_rgb_anon.png,images/train/GP040176/GP040176_frame_000801_rgb_anon.png,1920,1080,10,True,0;2;6;7
acdc_snow_official_v1,train,1480,snow/train/GP040176/GP040176_frame_000813_rgb_anon.png,snow/train/GP040176/GP040176_frame_000813_rgb_anon.png,images/train/GP040176/GP040176_frame_000813_rgb_anon.png,1920,1080,12,True,0;2;7
acdc_snow_official_v1,train,1451,snow/train/GP040176/GP040176_frame_000820_rgb_anon.png,snow/train/GP040176/GP040176_frame_000820_rgb_anon.png,images/train/GP040176/GP040176_frame_000820_rgb_anon.png,1920,1080,11,True,0;2;7
acdc_snow_official_v1,train,1453,snow/train/GP040176/GP040176_frame_000826_rgb_anon.png,snow/train/GP040176/GP040176_frame_000826_rgb_anon.png,images/train/GP040176/GP040176_frame_000826_rgb_anon.png,1920,1080,8,True,0;2;3;7
acdc_snow_official_v1,train,1431,snow/train/GP040176/GP040176_frame_000832_rgb_anon.png,snow/train/GP040176/GP040176_frame_000832_rgb_anon.png,images/train/GP040176/GP040176_frame_000832_rgb_anon.png,1920,1080,4,True,0;2;7
acdc_snow_official_v1,train,1469,snow/train/GP040176/GP040176_frame_000839_rgb_anon.png,snow/train/GP040176/GP040176_frame_000839_rgb_anon.png,images/train/GP040176/GP040176_frame_000839_rgb_anon.png,1920,1080,7,True,0;2;7
acdc_snow_official_v1,train,1455,snow/train/GP040176/GP040176_frame_000847_rgb_anon.png,snow/train/GP040176/GP040176_frame_000847_rgb_anon.png,images/train/GP040176/GP040176_frame_000847_rgb_anon.png,1920,1080,15,True,0;2;5;6;7
acdc_snow_official_v1,train,1439,snow/train/GP040176/GP040176_frame_000867_rgb_anon.png,snow/train/GP040176/GP040176_frame_000867_rgb_anon.png,images/train/GP040176/GP040176_frame_000867_rgb_anon.png,1920,1080,11,True,0;2;5;6;7
acdc_snow_official_v1,train,1462,snow/train/GP040176/GP040176_frame_000887_rgb_anon.png,snow/train/GP040176/GP040176_frame_000887_rgb_anon.png,images/train/GP040176/GP040176_frame_000887_rgb_anon.png,1920,1080,6,True,0;2;7
acdc_snow_official_v1,train,1437,snow/train/GP040176/GP040176_frame_000894_rgb_anon.png,snow/train/GP040176/GP040176_frame_000894_rgb_anon.png,images/train/GP040176/GP040176_frame_000894_rgb_anon.png,1920,1080,4,True,2
acdc_snow_official_v1,train,1428,snow/train/GP040176/GP040176_frame_000900_rgb_anon.png,snow/train/GP040176/GP040176_frame_000900_rgb_anon.png,images/train/GP040176/GP040176_frame_000900_rgb_anon.png,1920,1080,8,True,1;2;7
acdc_snow_official_v1,train,1423,snow/train/GP040176/GP040176_frame_000906_rgb_anon.png,snow/train/GP040176/GP040176_frame_000906_rgb_anon.png,images/train/GP040176/GP040176_frame_000906_rgb_anon.png,1920,1080,4,True,2
acdc_snow_official_v1,train,1444,snow/train/GP040176/GP040176_frame_000912_rgb_anon.png,snow/train/GP040176/GP040176_frame_000912_rgb_anon.png,images/train/GP040176/GP040176_frame_000912_rgb_anon.png,1920,1080,5,True,0;1;2;7
acdc_snow_official_v1,train,1500,snow/train/GP040176/GP040176_frame_000918_rgb_anon.png,snow/train/GP040176/GP040176_frame_000918_rgb_anon.png,images/train/GP040176/GP040176_frame_000918_rgb_anon.png,1920,1080,6,True,2;3
acdc_snow_official_v1,train,1497,snow/train/GP040176/GP040176_frame_000923_rgb_anon.png,snow/train/GP040176/GP040176_frame_000923_rgb_anon.png,images/train/GP040176/GP040176_frame_000923_rgb_anon.png,1920,1080,9,True,2
acdc_snow_official_v1,train,1484,snow/train/GP040176/GP040176_frame_000928_rgb_anon.png,snow/train/GP040176/GP040176_frame_000928_rgb_anon.png,images/train/GP040176/GP040176_frame_000928_rgb_anon.png,1920,1080,12,True,0;2
acdc_snow_official_v1,train,1429,snow/train/GP040176/GP040176_frame_000948_rgb_anon.png,snow/train/GP040176/GP040176_frame_000948_rgb_anon.png,images/train/GP040176/GP040176_frame_000948_rgb_anon.png,1920,1080,9,True,0;2
acdc_snow_official_v1,train,1503,snow/train/GP040176/GP040176_frame_000968_rgb_anon.png,snow/train/GP040176/GP040176_frame_000968_rgb_anon.png,images/train/GP040176/GP040176_frame_000968_rgb_anon.png,1920,1080,5,True,0;1;2;7
acdc_snow_official_v1,train,1425,snow/train/GP040176/GP040176_frame_000974_rgb_anon.png,snow/train/GP040176/GP040176_frame_000974_rgb_anon.png,images/train/GP040176/GP040176_frame_000974_rgb_anon.png,1920,1080,6,True,0;2;7
acdc_snow_official_v1,train,1430,snow/train/GP040176/GP040176_frame_000984_rgb_anon.png,snow/train/GP040176/GP040176_frame_000984_rgb_anon.png,images/train/GP040176/GP040176_frame_000984_rgb_anon.png,1920,1080,7,True,0;2;7
acdc_snow_official_v1,train,1440,snow/train/GP040176/GP040176_frame_000989_rgb_anon.png,snow/train/GP040176/GP040176_frame_000989_rgb_anon.png,images/train/GP040176/GP040176_frame_000989_rgb_anon.png,1920,1080,8,True,2
acdc_snow_official_v1,train,1479,snow/train/GP040176/GP040176_frame_000994_rgb_anon.png,snow/train/GP040176/GP040176_frame_000994_rgb_anon.png,images/train/GP040176/GP040176_frame_000994_rgb_anon.png,1920,1080,18,True,0;2;7
acdc_snow_official_v1,train,1492,snow/train/GP040176/GP040176_frame_001014_rgb_anon.png,snow/train/GP040176/GP040176_frame_001014_rgb_anon.png,images/train/GP040176/GP040176_frame_001014_rgb_anon.png,1920,1080,11,True,2
acdc_snow_official_v1,train,1442,snow/train/GP040176/GP040176_frame_001034_rgb_anon.png,snow/train/GP040176/GP040176_frame_001034_rgb_anon.png,images/train/GP040176/GP040176_frame_001034_rgb_anon.png,1920,1080,9,True,0;2
acdc_snow_official_v1,train,1436,snow/train/GP040176/GP040176_frame_001042_rgb_anon.png,snow/train/GP040176/GP040176_frame_001042_rgb_anon.png,images/train/GP040176/GP040176_frame_001042_rgb_anon.png,1920,1080,8,True,0;2
acdc_snow_official_v1,train,1498,snow/train/GP040176/GP040176_frame_001049_rgb_anon.png,snow/train/GP040176/GP040176_frame_001049_rgb_anon.png,images/train/GP040176/GP040176_frame_001049_rgb_anon.png,1920,1080,9,True,0;2
acdc_snow_official_v1,train,1336,snow/train/GP050176/GP050176_frame_000001_rgb_anon.png,snow/train/GP050176/GP050176_frame_000001_rgb_anon.png,images/train/GP050176/GP050176_frame_000001_rgb_anon.png,1920,1080,8,True,0;2;4
acdc_snow_official_v1,train,1374,snow/train/GP050176/GP050176_frame_000021_rgb_anon.png,snow/train/GP050176/GP050176_frame_000021_rgb_anon.png,images/train/GP050176/GP050176_frame_000021_rgb_anon.png,1920,1080,10,True,0;2
acdc_snow_official_v1,train,1353,snow/train/GP050176/GP050176_frame_000041_rgb_anon.png,snow/train/GP050176/GP050176_frame_000041_rgb_anon.png,images/train/GP050176/GP050176_frame_000041_rgb_anon.png,1920,1080,2,True,0;5
acdc_snow_official_v1,train,1349,snow/train/GP050176/GP050176_frame_000047_rgb_anon.png,snow/train/GP050176/GP050176_frame_000047_rgb_anon.png,images/train/GP050176/GP050176_frame_000047_rgb_anon.png,1920,1080,2,True,0;2
acdc_snow_official_v1,train,1347,snow/train/GP050176/GP050176_frame_000054_rgb_anon.png,snow/train/GP050176/GP050176_frame_000054_rgb_anon.png,images/train/GP050176/GP050176_frame_000054_rgb_anon.png,1920,1080,10,True,0;2
acdc_snow_official_v1,train,1343,snow/train/GP050176/GP050176_frame_000068_rgb_anon.png,snow/train/GP050176/GP050176_frame_000068_rgb_anon.png,images/train/GP050176/GP050176_frame_000068_rgb_anon.png,1920,1080,12,True,0;2
acdc_snow_official_v1,train,1352,snow/train/GP050176/GP050176_frame_000088_rgb_anon.png,snow/train/GP050176/GP050176_frame_000088_rgb_anon.png,images/train/GP050176/GP050176_frame_000088_rgb_anon.png,1920,1080,12,True,0;2
acdc_snow_official_v1,train,1342,snow/train/GP050176/GP050176_frame_000128_rgb_anon.png,snow/train/GP050176/GP050176_frame_000128_rgb_anon.png,images/train/GP050176/GP050176_frame_000128_rgb_anon.png,1920,1080,14,True,0;2
acdc_snow_official_v1,train,1329,snow/train/GP050176/GP050176_frame_000168_rgb_anon.png,snow/train/GP050176/GP050176_frame_000168_rgb_anon.png,images/train/GP050176/GP050176_frame_000168_rgb_anon.png,1920,1080,8,True,0;2;3
acdc_snow_official_v1,train,1354,snow/train/GP050176/GP050176_frame_000188_rgb_anon.png,snow/train/GP050176/GP050176_frame_000188_rgb_anon.png,images/train/GP050176/GP050176_frame_000188_rgb_anon.png,1920,1080,7,True,0;2
acdc_snow_official_v1,train,1326,snow/train/GP050176/GP050176_frame_000228_rgb_anon.png,snow/train/GP050176/GP050176_frame_000228_rgb_anon.png,images/train/GP050176/GP050176_frame_000228_rgb_anon.png,1920,1080,8,True,2
acdc_snow_official_v1,train,1330,snow/train/GP050176/GP050176_frame_000248_rgb_anon.png,snow/train/GP050176/GP050176_frame_000248_rgb_anon.png,images/train/GP050176/GP050176_frame_000248_rgb_anon.png,1920,1080,12,True,0;2
acdc_snow_official_v1,train,1364,snow/train/GP050176/GP050176_frame_000268_rgb_anon.png,snow/train/GP050176/GP050176_frame_000268_rgb_anon.png,images/train/GP050176/GP050176_frame_000268_rgb_anon.png,1920,1080,19,True,0;2;4;7
acdc_snow_official_v1,train,1360,snow/train/GP050176/GP050176_frame_000308_rgb_anon.png,snow/train/GP050176/GP050176_frame_000308_rgb_anon.png,images/train/GP050176/GP050176_frame_000308_rgb_anon.png,1920,1080,7,True,0;2
acdc_snow_official_v1,train,1341,snow/train/GP050176/GP050176_frame_000342_rgb_anon.png,snow/train/GP050176/GP050176_frame_000342_rgb_anon.png,images/train/GP050176/GP050176_frame_000342_rgb_anon.png,1920,1080,6,True,0;2
acdc_snow_official_v1,train,1355,snow/train/GP050176/GP050176_frame_000362_rgb_anon.png,snow/train/GP050176/GP050176_frame_000362_rgb_anon.png,images/train/GP050176/GP050176_frame_000362_rgb_anon.png,1920,1080,2,True,2
acdc_snow_official_v1,train,1365,snow/train/GP050176/GP050176_frame_000382_rgb_anon.png,snow/train/GP050176/GP050176_frame_000382_rgb_anon.png,images/train/GP050176/GP050176_frame_000382_rgb_anon.png,1920,1080,6,True,2
acdc_snow_official_v1,train,1372,snow/train/GP050176/GP050176_frame_000431_rgb_anon.png,snow/train/GP050176/GP050176_frame_000431_rgb_anon.png,images/train/GP050176/GP050176_frame_000431_rgb_anon.png,1920,1080,3,True,0;2
acdc_snow_official_v1,train,1345,snow/train/GP050176/GP050176_frame_000440_rgb_anon.png,snow/train/GP050176/GP050176_frame_000440_rgb_anon.png,images/train/GP050176/GP050176_frame_000440_rgb_anon.png,1920,1080,12,True,0;2;4
acdc_snow_official_v1,train,1334,snow/train/GP050176/GP050176_frame_000452_rgb_anon.png,snow/train/GP050176/GP050176_frame_000452_rgb_anon.png,images/train/GP050176/GP050176_frame_000452_rgb_anon.png,1920,1080,2,True,2
acdc_snow_official_v1,train,1328,snow/train/GP050176/GP050176_frame_000458_rgb_anon.png,snow/train/GP050176/GP050176_frame_000458_rgb_anon.png,images/train/GP050176/GP050176_frame_000458_rgb_anon.png,1920,1080,5,True,0;2
acdc_snow_official_v1,train,1370,snow/train/GP050176/GP050176_frame_000469_rgb_anon.png,snow/train/GP050176/GP050176_frame_000469_rgb_anon.png,images/train/GP050176/GP050176_frame_000469_rgb_anon.png,1920,1080,13,True,2
acdc_snow_official_v1,train,1361,snow/train/GP050176/GP050176_frame_000489_rgb_anon.png,snow/train/GP050176/GP050176_frame_000489_rgb_anon.png,images/train/GP050176/GP050176_frame_000489_rgb_anon.png,1920,1080,8,True,2;3
acdc_snow_official_v1,train,1337,snow/train/GP050176/GP050176_frame_000589_rgb_anon.png,snow/train/GP050176/GP050176_frame_000589_rgb_anon.png,images/train/GP050176/GP050176_frame_000589_rgb_anon.png,1920,1080,5,True,0;2
acdc_snow_official_v1,train,1351,snow/train/GP050176/GP050176_frame_000609_rgb_anon.png,snow/train/GP050176/GP050176_frame_000609_rgb_anon.png,images/train/GP050176/GP050176_frame_000609_rgb_anon.png,1920,1080,3,True,0;2
acdc_snow_official_v1,train,1346,snow/train/GP050176/GP050176_frame_000629_rgb_anon.png,snow/train/GP050176/GP050176_frame_000629_rgb_anon.png,images/train/GP050176/GP050176_frame_000629_rgb_anon.png,1920,1080,7,True,0;2
acdc_snow_official_v1,train,1340,snow/train/GP050176/GP050176_frame_000649_rgb_anon.png,snow/train/GP050176/GP050176_frame_000649_rgb_anon.png,images/train/GP050176/GP050176_frame_000649_rgb_anon.png,1920,1080,11,True,0;2
acdc_snow_official_v1,train,1359,snow/train/GP050176/GP050176_frame_000669_rgb_anon.png,snow/train/GP050176/GP050176_frame_000669_rgb_anon.png,images/train/GP050176/GP050176_frame_000669_rgb_anon.png,1920,1080,12,True,0;2
acdc_snow_official_v1,train,1327,snow/train/GP050176/GP050176_frame_000683_rgb_anon.png,snow/train/GP050176/GP050176_frame_000683_rgb_anon.png,images/train/GP050176/GP050176_frame_000683_rgb_anon.png,1920,1080,8,True,0;2;5
acdc_snow_official_v1,train,1348,snow/train/GP050176/GP050176_frame_000703_rgb_anon.png,snow/train/GP050176/GP050176_frame_000703_rgb_anon.png,images/train/GP050176/GP050176_frame_000703_rgb_anon.png,1920,1080,6,True,0;2;6
acdc_snow_official_v1,train,1332,snow/train/GP050176/GP050176_frame_000723_rgb_anon.png,snow/train/GP050176/GP050176_frame_000723_rgb_anon.png,images/train/GP050176/GP050176_frame_000723_rgb_anon.png,1920,1080,9,True,0;2;6
acdc_snow_official_v1,train,1366,snow/train/GP050176/GP050176_frame_000743_rgb_anon.png,snow/train/GP050176/GP050176_frame_000743_rgb_anon.png,images/train/GP050176/GP050176_frame_000743_rgb_anon.png,1920,1080,10,True,0;2;5
acdc_snow_official_v1,train,1363,snow/train/GP050176/GP050176_frame_000763_rgb_anon.png,snow/train/GP050176/GP050176_frame_000763_rgb_anon.png,images/train/GP050176/GP050176_frame_000763_rgb_anon.png,1920,1080,11,True,0;2;6;7
acdc_snow_official_v1,train,1371,snow/train/GP050176/GP050176_frame_000779_rgb_anon.png,snow/train/GP050176/GP050176_frame_000779_rgb_anon.png,images/train/GP050176/GP050176_frame_000779_rgb_anon.png,1920,1080,7,True,0;2
acdc_snow_official_v1,train,1362,snow/train/GP050176/GP050176_frame_000788_rgb_anon.png,snow/train/GP050176/GP050176_frame_000788_rgb_anon.png,images/train/GP050176/GP050176_frame_000788_rgb_anon.png,1920,1080,14,True,0;2
acdc_snow_official_v1,train,1344,snow/train/GP050176/GP050176_frame_000794_rgb_anon.png,snow/train/GP050176/GP050176_frame_000794_rgb_anon.png,images/train/GP050176/GP050176_frame_000794_rgb_anon.png,1920,1080,10,True,2
acdc_snow_official_v1,train,1367,snow/train/GP050176/GP050176_frame_000800_rgb_anon.png,snow/train/GP050176/GP050176_frame_000800_rgb_anon.png,images/train/GP050176/GP050176_frame_000800_rgb_anon.png,1920,1080,10,True,2
acdc_snow_official_v1,train,1339,snow/train/GP050176/GP050176_frame_000807_rgb_anon.png,snow/train/GP050176/GP050176_frame_000807_rgb_anon.png,images/train/GP050176/GP050176_frame_000807_rgb_anon.png,1920,1080,9,True,0;2
acdc_snow_official_v1,train,1369,snow/train/GP050176/GP050176_frame_000813_rgb_anon.png,snow/train/GP050176/GP050176_frame_000813_rgb_anon.png,images/train/GP050176/GP050176_frame_000813_rgb_anon.png,1920,1080,8,True,0;2
acdc_snow_official_v1,train,1368,snow/train/GP050176/GP050176_frame_000833_rgb_anon.png,snow/train/GP050176/GP050176_frame_000833_rgb_anon.png,images/train/GP050176/GP050176_frame_000833_rgb_anon.png,1920,1080,8,True,0;2
acdc_snow_official_v1,train,1357,snow/train/GP050176/GP050176_frame_000853_rgb_anon.png,snow/train/GP050176/GP050176_frame_000853_rgb_anon.png,images/train/GP050176/GP050176_frame_000853_rgb_anon.png,1920,1080,8,True,0;1;2;7
acdc_snow_official_v1,train,1338,snow/train/GP050176/GP050176_frame_000873_rgb_anon.png,snow/train/GP050176/GP050176_frame_000873_rgb_anon.png,images/train/GP050176/GP050176_frame_000873_rgb_anon.png,1920,1080,6,True,0;2
acdc_snow_official_v1,train,1358,snow/train/GP050176/GP050176_frame_000885_rgb_anon.png,snow/train/GP050176/GP050176_frame_000885_rgb_anon.png,images/train/GP050176/GP050176_frame_000885_rgb_anon.png,1920,1080,9,True,2
acdc_snow_official_v1,train,1356,snow/train/GP050176/GP050176_frame_000891_rgb_anon.png,snow/train/GP050176/GP050176_frame_000891_rgb_anon.png,images/train/GP050176/GP050176_frame_000891_rgb_anon.png,1920,1080,8,True,0;2;4
acdc_snow_official_v1,train,1350,snow/train/GP050176/GP050176_frame_000897_rgb_anon.png,snow/train/GP050176/GP050176_frame_000897_rgb_anon.png,images/train/GP050176/GP050176_frame_000897_rgb_anon.png,1920,1080,6,True,2;4
acdc_snow_official_v1,train,1331,snow/train/GP050176/GP050176_frame_000902_rgb_anon.png,snow/train/GP050176/GP050176_frame_000902_rgb_anon.png,images/train/GP050176/GP050176_frame_000902_rgb_anon.png,1920,1080,8,True,0;2
acdc_snow_official_v1,train,1333,snow/train/GP050176/GP050176_frame_000932_rgb_anon.png,snow/train/GP050176/GP050176_frame_000932_rgb_anon.png,images/train/GP050176/GP050176_frame_000932_rgb_anon.png,1920,1080,7,True,2
acdc_snow_official_v1,train,1335,snow/train/GP050176/GP050176_frame_000952_rgb_anon.png,snow/train/GP050176/GP050176_frame_000952_rgb_anon.png,images/train/GP050176/GP050176_frame_000952_rgb_anon.png,1920,1080,5,True,2
acdc_snow_official_v1,train,1373,snow/train/GP050176/GP050176_frame_000972_rgb_anon.png,snow/train/GP050176/GP050176_frame_000972_rgb_anon.png,images/train/GP050176/GP050176_frame_000972_rgb_anon.png,1920,1080,4,True,2
acdc_snow_official_v1,val,344,snow/val/GOPR0122/GOPR0122_frame_000001_rgb_anon.png,snow/val/GOPR0122/GOPR0122_frame_000001_rgb_anon.png,images/val/GOPR0122/GOPR0122_frame_000001_rgb_anon.png,1920,1080,3,True,0;6
acdc_snow_official_v1,val,335,snow/val/GOPR0122/GOPR0122_frame_000018_rgb_anon.png,snow/val/GOPR0122/GOPR0122_frame_000018_rgb_anon.png,images/val/GOPR0122/GOPR0122_frame_000018_rgb_anon.png,1920,1080,6,True,0;2
acdc_snow_official_v1,val,349,snow/val/GOPR0122/GOPR0122_frame_000028_rgb_anon.png,snow/val/GOPR0122/GOPR0122_frame_000028_rgb_anon.png,images/val/GOPR0122/GOPR0122_frame_000028_rgb_anon.png,1920,1080,16,True,0;2;7
acdc_snow_official_v1,val,342,snow/val/GOPR0122/GOPR0122_frame_000040_rgb_anon.png,snow/val/GOPR0122/GOPR0122_frame_000040_rgb_anon.png,images/val/GOPR0122/GOPR0122_frame_000040_rgb_anon.png,1920,1080,8,True,0;2
acdc_snow_official_v1,val,318,snow/val/GOPR0122/GOPR0122_frame_000049_rgb_anon.png,snow/val/GOPR0122/GOPR0122_frame_000049_rgb_anon.png,images/val/GOPR0122/GOPR0122_frame_000049_rgb_anon.png,1920,1080,6,True,0;2
acdc_snow_official_v1,val,340,snow/val/GOPR0122/GOPR0122_frame_000057_rgb_anon.png,snow/val/GOPR0122/GOPR0122_frame_000057_rgb_anon.png,images/val/GOPR0122/GOPR0122_frame_000057_rgb_anon.png,1920,1080,7,True,0;2
acdc_snow_official_v1,val,341,snow/val/GOPR0122/GOPR0122_frame_000064_rgb_anon.png,snow/val/GOPR0122/GOPR0122_frame_000064_rgb_anon.png,images/val/GOPR0122/GOPR0122_frame_000064_rgb_anon.png,1920,1080,6,True,0;2
acdc_snow_official_v1,val,324,snow/val/GOPR0122/GOPR0122_frame_000070_rgb_anon.png,snow/val/GOPR0122/GOPR0122_frame_000070_rgb_anon.png,images/val/GOPR0122/GOPR0122_frame_000070_rgb_anon.png,1920,1080,6,True,0;2
acdc_snow_official_v1,val,322,snow/val/GOPR0122/GOPR0122_frame_000077_rgb_anon.png,snow/val/GOPR0122/GOPR0122_frame_000077_rgb_anon.png,images/val/GOPR0122/GOPR0122_frame_000077_rgb_anon.png,1920,1080,10,True,0;2
acdc_snow_official_v1,val,347,snow/val/GOPR0122/GOPR0122_frame_000085_rgb_anon.png,snow/val/GOPR0122/GOPR0122_frame_000085_rgb_anon.png,images/val/GOPR0122/GOPR0122_frame_000085_rgb_anon.png,1920,1080,5,True,0;2
acdc_snow_official_v1,val,350,snow/val/GOPR0122/GOPR0122_frame_000092_rgb_anon.png,snow/val/GOPR0122/GOPR0122_frame_000092_rgb_anon.png,images/val/GOPR0122/GOPR0122_frame_000092_rgb_anon.png,1920,1080,7,True,0;2
acdc_snow_official_v1,val,338,snow/val/GOPR0122/GOPR0122_frame_000099_rgb_anon.png,snow/val/GOPR0122/GOPR0122_frame_000099_rgb_anon.png,images/val/GOPR0122/GOPR0122_frame_000099_rgb_anon.png,1920,1080,15,True,0;2;7
acdc_snow_official_v1,val,327,snow/val/GOPR0122/GOPR0122_frame_000106_rgb_anon.png,snow/val/GOPR0122/GOPR0122_frame_000106_rgb_anon.png,images/val/GOPR0122/GOPR0122_frame_000106_rgb_anon.png,1920,1080,13,True,0;2
acdc_snow_official_v1,val,348,snow/val/GOPR0122/GOPR0122_frame_000113_rgb_anon.png,snow/val/GOPR0122/GOPR0122_frame_000113_rgb_anon.png,images/val/GOPR0122/GOPR0122_frame_000113_rgb_anon.png,1920,1080,14,True,0;2;4
acdc_snow_official_v1,val,337,snow/val/GOPR0122/GOPR0122_frame_000121_rgb_anon.png,snow/val/GOPR0122/GOPR0122_frame_000121_rgb_anon.png,images/val/GOPR0122/GOPR0122_frame_000121_rgb_anon.png,1920,1080,15,True,0;2;4
acdc_snow_official_v1,val,345,snow/val/GOPR0122/GOPR0122_frame_000306_rgb_anon.png,snow/val/GOPR0122/GOPR0122_frame_000306_rgb_anon.png,images/val/GOPR0122/GOPR0122_frame_000306_rgb_anon.png,1920,1080,13,True,2;3;7
acdc_snow_official_v1,val,334,snow/val/GOPR0122/GOPR0122_frame_000312_rgb_anon.png,snow/val/GOPR0122/GOPR0122_frame_000312_rgb_anon.png,images/val/GOPR0122/GOPR0122_frame_000312_rgb_anon.png,1920,1080,5,True,2
acdc_snow_official_v1,val,320,snow/val/GOPR0122/GOPR0122_frame_000317_rgb_anon.png,snow/val/GOPR0122/GOPR0122_frame_000317_rgb_anon.png,images/val/GOPR0122/GOPR0122_frame_000317_rgb_anon.png,1920,1080,8,True,2;3;6
acdc_snow_official_v1,val,332,snow/val/GOPR0122/GOPR0122_frame_000322_rgb_anon.png,snow/val/GOPR0122/GOPR0122_frame_000322_rgb_anon.png,images/val/GOPR0122/GOPR0122_frame_000322_rgb_anon.png,1920,1080,6,True,2;3;6
acdc_snow_official_v1,val,339,snow/val/GOPR0122/GOPR0122_frame_000327_rgb_anon.png,snow/val/GOPR0122/GOPR0122_frame_000327_rgb_anon.png,images/val/GOPR0122/GOPR0122_frame_000327_rgb_anon.png,1920,1080,0,True,
acdc_snow_official_v1,val,321,snow/val/GOPR0122/GOPR0122_frame_000332_rgb_anon.png,snow/val/GOPR0122/GOPR0122_frame_000332_rgb_anon.png,images/val/GOPR0122/GOPR0122_frame_000332_rgb_anon.png,1920,1080,5,True,0;2
acdc_snow_official_v1,val,346,snow/val/GOPR0122/GOPR0122_frame_000337_rgb_anon.png,snow/val/GOPR0122/GOPR0122_frame_000337_rgb_anon.png,images/val/GOPR0122/GOPR0122_frame_000337_rgb_anon.png,1920,1080,15,True,0;2
acdc_snow_official_v1,val,329,snow/val/GOPR0122/GOPR0122_frame_000344_rgb_anon.png,snow/val/GOPR0122/GOPR0122_frame_000344_rgb_anon.png,images/val/GOPR0122/GOPR0122_frame_000344_rgb_anon.png,1920,1080,11,True,0;2
acdc_snow_official_v1,val,343,snow/val/GOPR0122/GOPR0122_frame_000352_rgb_anon.png,snow/val/GOPR0122/GOPR0122_frame_000352_rgb_anon.png,images/val/GOPR0122/GOPR0122_frame_000352_rgb_anon.png,1920,1080,7,True,2;6
acdc_snow_official_v1,val,319,snow/val/GOPR0122/GOPR0122_frame_000358_rgb_anon.png,snow/val/GOPR0122/GOPR0122_frame_000358_rgb_anon.png,images/val/GOPR0122/GOPR0122_frame_000358_rgb_anon.png,1920,1080,7,True,2
acdc_snow_official_v1,val,323,snow/val/GOPR0122/GOPR0122_frame_000364_rgb_anon.png,snow/val/GOPR0122/GOPR0122_frame_000364_rgb_anon.png,images/val/GOPR0122/GOPR0122_frame_000364_rgb_anon.png,1920,1080,9,True,2
acdc_snow_official_v1,val,330,snow/val/GOPR0122/GOPR0122_frame_000370_rgb_anon.png,snow/val/GOPR0122/GOPR0122_frame_000370_rgb_anon.png,images/val/GOPR0122/GOPR0122_frame_000370_rgb_anon.png,1920,1080,10,True,0;2
acdc_snow_official_v1,val,333,snow/val/GOPR0122/GOPR0122_frame_000376_rgb_anon.png,snow/val/GOPR0122/GOPR0122_frame_000376_rgb_anon.png,images/val/GOPR0122/GOPR0122_frame_000376_rgb_anon.png,1920,1080,4,True,2;6
acdc_snow_official_v1,val,328,snow/val/GOPR0122/GOPR0122_frame_000406_rgb_anon.png,snow/val/GOPR0122/GOPR0122_frame_000406_rgb_anon.png,images/val/GOPR0122/GOPR0122_frame_000406_rgb_anon.png,1920,1080,13,True,0;2;7
acdc_snow_official_v1,val,331,snow/val/GOPR0122/GOPR0122_frame_000413_rgb_anon.png,snow/val/GOPR0122/GOPR0122_frame_000413_rgb_anon.png,images/val/GOPR0122/GOPR0122_frame_000413_rgb_anon.png,1920,1080,9,True,2;6
acdc_snow_official_v1,val,336,snow/val/GOPR0122/GOPR0122_frame_000419_rgb_anon.png,snow/val/GOPR0122/GOPR0122_frame_000419_rgb_anon.png,images/val/GOPR0122/GOPR0122_frame_000419_rgb_anon.png,1920,1080,10,True,2;3;5;6
acdc_snow_official_v1,val,326,snow/val/GOPR0122/GOPR0122_frame_000425_rgb_anon.png,snow/val/GOPR0122/GOPR0122_frame_000425_rgb_anon.png,images/val/GOPR0122/GOPR0122_frame_000425_rgb_anon.png,1920,1080,5,True,2;3;5
acdc_snow_official_v1,val,325,snow/val/GOPR0122/GOPR0122_frame_000431_rgb_anon.png,snow/val/GOPR0122/GOPR0122_frame_000431_rgb_anon.png,images/val/GOPR0122/GOPR0122_frame_000431_rgb_anon.png,1920,1080,12,True,2;3;5
acdc_snow_official_v1,val,401,snow/val/GOPR0604/GOPR0604_frame_000278_rgb_anon.png,snow/val/GOPR0604/GOPR0604_frame_000278_rgb_anon.png,images/val/GOPR0604/GOPR0604_frame_000278_rgb_anon.png,1920,1080,8,True,0;2
acdc_snow_official_v1,val,390,snow/val/GOPR0604/GOPR0604_frame_000284_rgb_anon.png,snow/val/GOPR0604/GOPR0604_frame_000284_rgb_anon.png,images/val/GOPR0604/GOPR0604_frame_000284_rgb_anon.png,1920,1080,14,True,2;6
acdc_snow_official_v1,val,391,snow/val/GOPR0604/GOPR0604_frame_000290_rgb_anon.png,snow/val/GOPR0604/GOPR0604_frame_000290_rgb_anon.png,images/val/GOPR0604/GOPR0604_frame_000290_rgb_anon.png,1920,1080,4,True,2
acdc_snow_official_v1,val,402,snow/val/GOPR0604/GOPR0604_frame_000300_rgb_anon.png,snow/val/GOPR0604/GOPR0604_frame_000300_rgb_anon.png,images/val/GOPR0604/GOPR0604_frame_000300_rgb_anon.png,1920,1080,5,True,2;3
acdc_snow_official_v1,val,397,snow/val/GOPR0604/GOPR0604_frame_000305_rgb_anon.png,snow/val/GOPR0604/GOPR0604_frame_000305_rgb_anon.png,images/val/GOPR0604/GOPR0604_frame_000305_rgb_anon.png,1920,1080,10,True,0;2;3
acdc_snow_official_v1,val,399,snow/val/GOPR0604/GOPR0604_frame_000310_rgb_anon.png,snow/val/GOPR0604/GOPR0604_frame_000310_rgb_anon.png,images/val/GOPR0604/GOPR0604_frame_000310_rgb_anon.png,1920,1080,7,True,0;2;3
acdc_snow_official_v1,val,393,snow/val/GOPR0604/GOPR0604_frame_000316_rgb_anon.png,snow/val/GOPR0604/GOPR0604_frame_000316_rgb_anon.png,images/val/GOPR0604/GOPR0604_frame_000316_rgb_anon.png,1920,1080,7,True,0;2
acdc_snow_official_v1,val,388,snow/val/GOPR0604/GOPR0604_frame_000322_rgb_anon.png,snow/val/GOPR0604/GOPR0604_frame_000322_rgb_anon.png,images/val/GOPR0604/GOPR0604_frame_000322_rgb_anon.png,1920,1080,4,True,0;2
acdc_snow_official_v1,val,392,snow/val/GOPR0604/GOPR0604_frame_000327_rgb_anon.png,snow/val/GOPR0604/GOPR0604_frame_000327_rgb_anon.png,images/val/GOPR0604/GOPR0604_frame_000327_rgb_anon.png,1920,1080,6,True,2
acdc_snow_official_v1,val,389,snow/val/GOPR0604/GOPR0604_frame_000332_rgb_anon.png,snow/val/GOPR0604/GOPR0604_frame_000332_rgb_anon.png,images/val/GOPR0604/GOPR0604_frame_000332_rgb_anon.png,1920,1080,10,True,0;2
acdc_snow_official_v1,val,386,snow/val/GOPR0604/GOPR0604_frame_000337_rgb_anon.png,snow/val/GOPR0604/GOPR0604_frame_000337_rgb_anon.png,images/val/GOPR0604/GOPR0604_frame_000337_rgb_anon.png,1920,1080,12,True,2;3
acdc_snow_official_v1,val,385,snow/val/GOPR0604/GOPR0604_frame_000373_rgb_anon.png,snow/val/GOPR0604/GOPR0604_frame_000373_rgb_anon.png,images/val/GOPR0604/GOPR0604_frame_000373_rgb_anon.png,1920,1080,12,True,2;3;4
acdc_snow_official_v1,val,398,snow/val/GOPR0604/GOPR0604_frame_000393_rgb_anon.png,snow/val/GOPR0604/GOPR0604_frame_000393_rgb_anon.png,images/val/GOPR0604/GOPR0604_frame_000393_rgb_anon.png,1920,1080,11,True,2;3;4
acdc_snow_official_v1,val,395,snow/val/GOPR0604/GOPR0604_frame_000413_rgb_anon.png,snow/val/GOPR0604/GOPR0604_frame_000413_rgb_anon.png,images/val/GOPR0604/GOPR0604_frame_000413_rgb_anon.png,1920,1080,12,True,2;4
acdc_snow_official_v1,val,383,snow/val/GOPR0604/GOPR0604_frame_000433_rgb_anon.png,snow/val/GOPR0604/GOPR0604_frame_000433_rgb_anon.png,images/val/GOPR0604/GOPR0604_frame_000433_rgb_anon.png,1920,1080,12,True,0;2;3;4
acdc_snow_official_v1,val,384,snow/val/GOPR0604/GOPR0604_frame_000439_rgb_anon.png,snow/val/GOPR0604/GOPR0604_frame_000439_rgb_anon.png,images/val/GOPR0604/GOPR0604_frame_000439_rgb_anon.png,1920,1080,8,True,0;1;2;3;7
acdc_snow_official_v1,val,380,snow/val/GOPR0604/GOPR0604_frame_000445_rgb_anon.png,snow/val/GOPR0604/GOPR0604_frame_000445_rgb_anon.png,images/val/GOPR0604/GOPR0604_frame_000445_rgb_anon.png,1920,1080,2,True,2
acdc_snow_official_v1,val,400,snow/val/GOPR0604/GOPR0604_frame_000455_rgb_anon.png,snow/val/GOPR0604/GOPR0604_frame_000455_rgb_anon.png,images/val/GOPR0604/GOPR0604_frame_000455_rgb_anon.png,1920,1080,3,True,0;2
acdc_snow_official_v1,val,387,snow/val/GOPR0604/GOPR0604_frame_000460_rgb_anon.png,snow/val/GOPR0604/GOPR0604_frame_000460_rgb_anon.png,images/val/GOPR0604/GOPR0604_frame_000460_rgb_anon.png,1920,1080,5,True,2
acdc_snow_official_v1,val,381,snow/val/GOPR0604/GOPR0604_frame_000465_rgb_anon.png,snow/val/GOPR0604/GOPR0604_frame_000465_rgb_anon.png,images/val/GOPR0604/GOPR0604_frame_000465_rgb_anon.png,1920,1080,6,True,2
acdc_snow_official_v1,val,396,snow/val/GOPR0604/GOPR0604_frame_000470_rgb_anon.png,snow/val/GOPR0604/GOPR0604_frame_000470_rgb_anon.png,images/val/GOPR0604/GOPR0604_frame_000470_rgb_anon.png,1920,1080,6,True,0;2;3
acdc_snow_official_v1,val,382,snow/val/GOPR0604/GOPR0604_frame_000478_rgb_anon.png,snow/val/GOPR0604/GOPR0604_frame_000478_rgb_anon.png,images/val/GOPR0604/GOPR0604_frame_000478_rgb_anon.png,1920,1080,5,True,0;2;3;6
acdc_snow_official_v1,val,394,snow/val/GOPR0604/GOPR0604_frame_000488_rgb_anon.png,snow/val/GOPR0604/GOPR0604_frame_000488_rgb_anon.png,images/val/GOPR0604/GOPR0604_frame_000488_rgb_anon.png,1920,1080,13,True,0;2;3
acdc_snow_official_v1,val,307,snow/val/GOPR0605/GOPR0605_frame_000161_rgb_anon.png,snow/val/GOPR0605/GOPR0605_frame_000161_rgb_anon.png,images/val/GOPR0605/GOPR0605_frame_000161_rgb_anon.png,1920,1080,3,True,2;3;5
acdc_snow_official_v1,val,308,snow/val/GOPR0605/GOPR0605_frame_000181_rgb_anon.png,snow/val/GOPR0605/GOPR0605_frame_000181_rgb_anon.png,images/val/GOPR0605/GOPR0605_frame_000181_rgb_anon.png,1920,1080,11,True,0;2;3;5
acdc_snow_official_v1,val,306,snow/val/GOPR0605/GOPR0605_frame_000299_rgb_anon.png,snow/val/GOPR0605/GOPR0605_frame_000299_rgb_anon.png,images/val/GOPR0605/GOPR0605_frame_000299_rgb_anon.png,1920,1080,7,True,0;2
acdc_snow_official_v1,val,356,snow/val/GOPR0606/GOPR0606_frame_000110_rgb_anon.png,snow/val/GOPR0606/GOPR0606_frame_000110_rgb_anon.png,images/val/GOPR0606/GOPR0606_frame_000110_rgb_anon.png,1920,1080,3,True,0;2
acdc_snow_official_v1,val,357,snow/val/GOPR0606/GOPR0606_frame_000162_rgb_anon.png,snow/val/GOPR0606/GOPR0606_frame_000162_rgb_anon.png,images/val/GOPR0606/GOPR0606_frame_000162_rgb_anon.png,1920,1080,7,True,0;2
acdc_snow_official_v1,val,360,snow/val/GOPR0606/GOPR0606_frame_000182_rgb_anon.png,snow/val/GOPR0606/GOPR0606_frame_000182_rgb_anon.png,images/val/GOPR0606/GOPR0606_frame_000182_rgb_anon.png,1920,1080,5,True,0;2
acdc_snow_official_v1,val,367,snow/val/GOPR0606/GOPR0606_frame_000196_rgb_anon.png,snow/val/GOPR0606/GOPR0606_frame_000196_rgb_anon.png,images/val/GOPR0606/GOPR0606_frame_000196_rgb_anon.png,1920,1080,4,True,0;2
acdc_snow_official_v1,val,358,snow/val/GOPR0606/GOPR0606_frame_000202_rgb_anon.png,snow/val/GOPR0606/GOPR0606_frame_000202_rgb_anon.png,images/val/GOPR0606/GOPR0606_frame_000202_rgb_anon.png,1920,1080,1,True,0
acdc_snow_official_v1,val,365,snow/val/GOPR0606/GOPR0606_frame_000213_rgb_anon.png,snow/val/GOPR0606/GOPR0606_frame_000213_rgb_anon.png,images/val/GOPR0606/GOPR0606_frame_000213_rgb_anon.png,1920,1080,14,True,0;1;2;3;7
acdc_snow_official_v1,val,364,snow/val/GOPR0606/GOPR0606_frame_000220_rgb_anon.png,snow/val/GOPR0606/GOPR0606_frame_000220_rgb_anon.png,images/val/GOPR0606/GOPR0606_frame_000220_rgb_anon.png,1920,1080,6,True,0;2;3
acdc_snow_official_v1,val,363,snow/val/GOPR0606/GOPR0606_frame_000229_rgb_anon.png,snow/val/GOPR0606/GOPR0606_frame_000229_rgb_anon.png,images/val/GOPR0606/GOPR0606_frame_000229_rgb_anon.png,1920,1080,8,True,0;2
acdc_snow_official_v1,val,369,snow/val/GOPR0606/GOPR0606_frame_000238_rgb_anon.png,snow/val/GOPR0606/GOPR0606_frame_000238_rgb_anon.png,images/val/GOPR0606/GOPR0606_frame_000238_rgb_anon.png,1920,1080,9,True,0;2;3
acdc_snow_official_v1,val,361,snow/val/GOPR0606/GOPR0606_frame_000258_rgb_anon.png,snow/val/GOPR0606/GOPR0606_frame_000258_rgb_anon.png,images/val/GOPR0606/GOPR0606_frame_000258_rgb_anon.png,1920,1080,13,True,0;2;3
acdc_snow_official_v1,val,366,snow/val/GOPR0606/GOPR0606_frame_000352_rgb_anon.png,snow/val/GOPR0606/GOPR0606_frame_000352_rgb_anon.png,images/val/GOPR0606/GOPR0606_frame_000352_rgb_anon.png,1920,1080,10,True,2;4
acdc_snow_official_v1,val,362,snow/val/GOPR0606/GOPR0606_frame_000357_rgb_anon.png,snow/val/GOPR0606/GOPR0606_frame_000357_rgb_anon.png,images/val/GOPR0606/GOPR0606_frame_000357_rgb_anon.png,1920,1080,9,True,2;4
acdc_snow_official_v1,val,359,snow/val/GOPR0606/GOPR0606_frame_000377_rgb_anon.png,snow/val/GOPR0606/GOPR0606_frame_000377_rgb_anon.png,images/val/GOPR0606/GOPR0606_frame_000377_rgb_anon.png,1920,1080,5,True,2;4
acdc_snow_official_v1,val,368,snow/val/GOPR0606/GOPR0606_frame_000397_rgb_anon.png,snow/val/GOPR0606/GOPR0606_frame_000397_rgb_anon.png,images/val/GOPR0606/GOPR0606_frame_000397_rgb_anon.png,1920,1080,9,True,2;4
acdc_snow_official_v1,val,403,snow/val/GOPR0607/GOPR0607_frame_000360_rgb_anon.png,snow/val/GOPR0607/GOPR0607_frame_000360_rgb_anon.png,images/val/GOPR0607/GOPR0607_frame_000360_rgb_anon.png,1920,1080,4,True,2
acdc_snow_official_v1,val,405,snow/val/GOPR0607/GOPR0607_frame_000410_rgb_anon.png,snow/val/GOPR0607/GOPR0607_frame_000410_rgb_anon.png,images/val/GOPR0607/GOPR0607_frame_000410_rgb_anon.png,1920,1080,3,True,2;3
acdc_snow_official_v1,val,404,snow/val/GOPR0607/GOPR0607_frame_000474_rgb_anon.png,snow/val/GOPR0607/GOPR0607_frame_000474_rgb_anon.png,images/val/GOPR0607/GOPR0607_frame_000474_rgb_anon.png,1920,1080,7,True,2;6
acdc_snow_official_v1,val,315,snow/val/GP010607/GP010607_frame_000921_rgb_anon.png,snow/val/GP010607/GP010607_frame_000921_rgb_anon.png,images/val/GP010607/GP010607_frame_000921_rgb_anon.png,1920,1080,9,True,2;6
acdc_snow_official_v1,val,311,snow/val/GP010607/GP010607_frame_000926_rgb_anon.png,snow/val/GP010607/GP010607_frame_000926_rgb_anon.png,images/val/GP010607/GP010607_frame_000926_rgb_anon.png,1920,1080,11,True,0;2;3
acdc_snow_official_v1,val,313,snow/val/GP010607/GP010607_frame_000931_rgb_anon.png,snow/val/GP010607/GP010607_frame_000931_rgb_anon.png,images/val/GP010607/GP010607_frame_000931_rgb_anon.png,1920,1080,6,True,2
acdc_snow_official_v1,val,309,snow/val/GP010607/GP010607_frame_000936_rgb_anon.png,snow/val/GP010607/GP010607_frame_000936_rgb_anon.png,images/val/GP010607/GP010607_frame_000936_rgb_anon.png,1920,1080,6,True,2;3
acdc_snow_official_v1,val,314,snow/val/GP010607/GP010607_frame_000950_rgb_anon.png,snow/val/GP010607/GP010607_frame_000950_rgb_anon.png,images/val/GP010607/GP010607_frame_000950_rgb_anon.png,1920,1080,12,True,0;2;3
acdc_snow_official_v1,val,312,snow/val/GP010607/GP010607_frame_000954_rgb_anon.png,snow/val/GP010607/GP010607_frame_000954_rgb_anon.png,images/val/GP010607/GP010607_frame_000954_rgb_anon.png,1920,1080,10,True,0;2;3
acdc_snow_official_v1,val,310,snow/val/GP010607/GP010607_frame_000958_rgb_anon.png,snow/val/GP010607/GP010607_frame_000958_rgb_anon.png,images/val/GP010607/GP010607_frame_000958_rgb_anon.png,1920,1080,8,True,2;3
acdc_snow_official_v1,val,317,snow/val/GP010607/GP010607_frame_000968_rgb_anon.png,snow/val/GP010607/GP010607_frame_000968_rgb_anon.png,images/val/GP010607/GP010607_frame_000968_rgb_anon.png,1920,1080,13,True,2;3;6
acdc_snow_official_v1,val,316,snow/val/GP010607/GP010607_frame_000995_rgb_anon.png,snow/val/GP010607/GP010607_frame_000995_rgb_anon.png,images/val/GP010607/GP010607_frame_000995_rgb_anon.png,1920,1080,11,True,0;2;3
acdc_snow_official_v1,val,353,snow/val/GP020607/GP020607_frame_000001_rgb_anon.png,snow/val/GP020607/GP020607_frame_000001_rgb_anon.png,images/val/GP020607/GP020607_frame_000001_rgb_anon.png,1920,1080,4,True,2;3
acdc_snow_official_v1,val,355,snow/val/GP020607/GP020607_frame_000149_rgb_anon.png,snow/val/GP020607/GP020607_frame_000149_rgb_anon.png,images/val/GP020607/GP020607_frame_000149_rgb_anon.png,1920,1080,6,True,0;2
acdc_snow_official_v1,val,352,snow/val/GP020607/GP020607_frame_000162_rgb_anon.png,snow/val/GP020607/GP020607_frame_000162_rgb_anon.png,images/val/GP020607/GP020607_frame_000162_rgb_anon.png,1920,1080,16,True,0;2
acdc_snow_official_v1,val,354,snow/val/GP020607/GP020607_frame_000201_rgb_anon.png,snow/val/GP020607/GP020607_frame_000201_rgb_anon.png,images/val/GP020607/GP020607_frame_000201_rgb_anon.png,1920,1080,1,True,2
acdc_snow_official_v1,val,351,snow/val/GP020607/GP020607_frame_000226_rgb_anon.png,snow/val/GP020607/GP020607_frame_000226_rgb_anon.png,images/val/GP020607/GP020607_frame_000226_rgb_anon.png,1920,1080,5,True,0;2
acdc_snow_official_v1,val,375,snow/val/GP030176/GP030176_frame_000529_rgb_anon.png,snow/val/GP030176/GP030176_frame_000529_rgb_anon.png,images/val/GP030176/GP030176_frame_000529_rgb_anon.png,1920,1080,6,True,0;2
acdc_snow_official_v1,val,376,snow/val/GP030176/GP030176_frame_000549_rgb_anon.png,snow/val/GP030176/GP030176_frame_000549_rgb_anon.png,images/val/GP030176/GP030176_frame_000549_rgb_anon.png,1920,1080,11,True,0;2
acdc_snow_official_v1,val,373,snow/val/GP030176/GP030176_frame_000569_rgb_anon.png,snow/val/GP030176/GP030176_frame_000569_rgb_anon.png,images/val/GP030176/GP030176_frame_000569_rgb_anon.png,1920,1080,9,True,0;2
acdc_snow_official_v1,val,378,snow/val/GP030176/GP030176_frame_000589_rgb_anon.png,snow/val/GP030176/GP030176_frame_000589_rgb_anon.png,images/val/GP030176/GP030176_frame_000589_rgb_anon.png,1920,1080,3,True,2;5
acdc_snow_official_v1,val,372,snow/val/GP030176/GP030176_frame_000609_rgb_anon.png,snow/val/GP030176/GP030176_frame_000609_rgb_anon.png,images/val/GP030176/GP030176_frame_000609_rgb_anon.png,1920,1080,16,True,0;2
acdc_snow_official_v1,val,377,snow/val/GP030176/GP030176_frame_000629_rgb_anon.png,snow/val/GP030176/GP030176_frame_000629_rgb_anon.png,images/val/GP030176/GP030176_frame_000629_rgb_anon.png,1920,1080,4,True,2;3;5
acdc_snow_official_v1,val,371,snow/val/GP030176/GP030176_frame_000649_rgb_anon.png,snow/val/GP030176/GP030176_frame_000649_rgb_anon.png,images/val/GP030176/GP030176_frame_000649_rgb_anon.png,1920,1080,11,True,0;2
acdc_snow_official_v1,val,374,snow/val/GP030176/GP030176_frame_000706_rgb_anon.png,snow/val/GP030176/GP030176_frame_000706_rgb_anon.png,images/val/GP030176/GP030176_frame_000706_rgb_anon.png,1920,1080,9,True,0;2;5
acdc_snow_official_v1,val,379,snow/val/GP030176/GP030176_frame_000721_rgb_anon.png,snow/val/GP030176/GP030176_frame_000721_rgb_anon.png,images/val/GP030176/GP030176_frame_000721_rgb_anon.png,1920,1080,8,True,0;2;5
acdc_snow_official_v1,val,370,snow/val/GP030176/GP030176_frame_000736_rgb_anon.png,snow/val/GP030176/GP030176_frame_000736_rgb_anon.png,images/val/GP030176/GP030176_frame_000736_rgb_anon.png,1920,1080,17,True,0;2;5
acdc_snow_official_v1,test,1692,snow/test/GOPR0122/GOPR0122_frame_000651_rgb_anon.png,snow/test/GOPR0122/GOPR0122_frame_000651_rgb_anon.png,images/test/GOPR0122/GOPR0122_frame_000651_rgb_anon.png,1920,1080,0,False,
acdc_snow_official_v1,test,1713,snow/test/GOPR0122/GOPR0122_frame_000671_rgb_anon.png,snow/test/GOPR0122/GOPR0122_frame_000671_rgb_anon.png,images/test/GOPR0122/GOPR0122_frame_000671_rgb_anon.png,1920,1080,0,False,
acdc_snow_official_v1,test,1698,snow/test/GOPR0122/GOPR0122_frame_000689_rgb_anon.png,snow/test/GOPR0122/GOPR0122_frame_000689_rgb_anon.png,images/test/GOPR0122/GOPR0122_frame_000689_rgb_anon.png,1920,1080,0,False,
acdc_snow_official_v1,test,1722,snow/test/GOPR0122/GOPR0122_frame_000709_rgb_anon.png,snow/test/GOPR0122/GOPR0122_frame_000709_rgb_anon.png,images/test/GOPR0122/GOPR0122_frame_000709_rgb_anon.png,1920,1080,0,False,
acdc_snow_official_v1,test,1712,snow/test/GOPR0122/GOPR0122_frame_000714_rgb_anon.png,snow/test/GOPR0122/GOPR0122_frame_000714_rgb_anon.png,images/test/GOPR0122/GOPR0122_frame_000714_rgb_anon.png,1920,1080,0,False,
acdc_snow_official_v1,test,1696,snow/test/GOPR0122/GOPR0122_frame_000719_rgb_anon.png,snow/test/GOPR0122/GOPR0122_frame_000719_rgb_anon.png,images/test/GOPR0122/GOPR0122_frame_000719_rgb_anon.png,1920,1080,0,False,
acdc_snow_official_v1,test,1731,snow/test/GOPR0122/GOPR0122_frame_000724_rgb_anon.png,snow/test/GOPR0122/GOPR0122_frame_000724_rgb_anon.png,images/test/GOPR0122/GOPR0122_frame_000724_rgb_anon.png,1920,1080,0,False,
acdc_snow_official_v1,test,1714,snow/test/GOPR0122/GOPR0122_frame_000729_rgb_anon.png,snow/test/GOPR0122/GOPR0122_frame_000729_rgb_anon.png,images/test/GOPR0122/GOPR0122_frame_000729_rgb_anon.png,1920,1080,0,False,
acdc_snow_official_v1,test,1728,snow/test/GOPR0122/GOPR0122_frame_000734_rgb_anon.png,snow/test/GOPR0122/GOPR0122_frame_000734_rgb_anon.png,images/test/GOPR0122/GOPR0122_frame_000734_rgb_anon.png,1920,1080,0,False,
acdc_snow_official_v1,test,1729,snow/test/GOPR0122/GOPR0122_frame_000740_rgb_anon.png,snow/test/GOPR0122/GOPR0122_frame_000740_rgb_anon.png,images/test/GOPR0122/GOPR0122_frame_000740_rgb_anon.png,1920,1080,0,False,
acdc_snow_official_v1,test,1732,snow/test/GOPR0122/GOPR0122_frame_000748_rgb_anon.png,snow/test/GOPR0122/GOPR0122_frame_000748_rgb_anon.png,images/test/GOPR0122/GOPR0122_frame_000748_rgb_anon.png,1920,1080,0,False,
acdc_snow_official_v1,test,1710,snow/test/GOPR0122/GOPR0122_frame_000768_rgb_anon.png,snow/test/GOPR0122/GOPR0122_frame_000768_rgb_anon.png,images/test/GOPR0122/GOPR0122_frame_000768_rgb_anon.png,1920,1080,0,False,
acdc_snow_official_v1,test,1719,snow/test/GOPR0122/GOPR0122_frame_000787_rgb_anon.png,snow/test/GOPR0122/GOPR0122_frame_000787_rgb_anon.png,images/test/GOPR0122/GOPR0122_frame_000787_rgb_anon.png,1920,1080,0,False,
acdc_snow_official_v1,test,1691,snow/test/GOPR0122/GOPR0122_frame_000794_rgb_anon.png,snow/test/GOPR0122/GOPR0122_frame_000794_rgb_anon.png,images/test/GOPR0122/GOPR0122_frame_000794_rgb_anon.png,1920,1080,0,False,
acdc_snow_official_v1,test,1716,snow/test/GOPR0122/GOPR0122_frame_000800_rgb_anon.png,snow/test/GOPR0122/GOPR0122_frame_000800_rgb_anon.png,images/test/GOPR0122/GOPR0122_frame_000800_rgb_anon.png,1920,1080,0,False,
acdc_snow_official_v1,test,1695,snow/test/GOPR0122/GOPR0122_frame_000806_rgb_anon.png,snow/test/GOPR0122/GOPR0122_frame_000806_rgb_anon.png,images/test/GOPR0122/GOPR0122_frame_000806_rgb_anon.png,1920,1080,0,False,
acdc_snow_official_v1,test,1717,snow/test/GOPR0122/GOPR0122_frame_000812_rgb_anon.png,snow/test/GOPR0122/GOPR0122_frame_000812_rgb_anon.png,images/test/GOPR0122/GOPR0122_frame_000812_rgb_anon.png,1920,1080,0,False,
acdc_snow_official_v1,test,1694,snow/test/GOPR0122/GOPR0122_frame_000818_rgb_anon.png,snow/test/GOPR0122/GOPR0122_frame_000818_rgb_anon.png,images/test/GOPR0122/GOPR0122_frame_000818_rgb_anon.png,1920,1080,0,False,
acdc_snow_official_v1,test,1688,snow/test/GOPR0122/GOPR0122_frame_000838_rgb_anon.png,snow/test/GOPR0122/GOPR0122_frame_000838_rgb_anon.png,images/test/GOPR0122/GOPR0122_frame_000838_rgb_anon.png,1920,1080,0,False,
acdc_snow_official_v1,test,1720,snow/test/GOPR0122/GOPR0122_frame_000845_rgb_anon.png,snow/test/GOPR0122/GOPR0122_frame_000845_rgb_anon.png,images/test/GOPR0122/GOPR0122_frame_000845_rgb_anon.png,1920,1080,0,False,
acdc_snow_official_v1,test,1705,snow/test/GOPR0122/GOPR0122_frame_000855_rgb_anon.png,snow/test/GOPR0122/GOPR0122_frame_000855_rgb_anon.png,images/test/GOPR0122/GOPR0122_frame_000855_rgb_anon.png,1920,1080,0,False,
acdc_snow_official_v1,test,1701,snow/test/GOPR0122/GOPR0122_frame_000862_rgb_anon.png,snow/test/GOPR0122/GOPR0122_frame_000862_rgb_anon.png,images/test/GOPR0122/GOPR0122_frame_000862_rgb_anon.png,1920,1080,0,False,
acdc_snow_official_v1,test,1726,snow/test/GOPR0122/GOPR0122_frame_000874_rgb_anon.png,snow/test/GOPR0122/GOPR0122_frame_000874_rgb_anon.png,images/test/GOPR0122/GOPR0122_frame_000874_rgb_anon.png,1920,1080,0,False,
acdc_snow_official_v1,test,1690,snow/test/GOPR0122/GOPR0122_frame_000879_rgb_anon.png,snow/test/GOPR0122/GOPR0122_frame_000879_rgb_anon.png,images/test/GOPR0122/GOPR0122_frame_000879_rgb_anon.png,1920,1080,0,False,
acdc_snow_official_v1,test,1708,snow/test/GOPR0122/GOPR0122_frame_000884_rgb_anon.png,snow/test/GOPR0122/GOPR0122_frame_000884_rgb_anon.png,images/test/GOPR0122/GOPR0122_frame_000884_rgb_anon.png,1920,1080,0,False,
acdc_snow_official_v1,test,1724,snow/test/GOPR0122/GOPR0122_frame_000889_rgb_anon.png,snow/test/GOPR0122/GOPR0122_frame_000889_rgb_anon.png,images/test/GOPR0122/GOPR0122_frame_000889_rgb_anon.png,1920,1080,0,False,
acdc_snow_official_v1,test,1689,snow/test/GOPR0122/GOPR0122_frame_000895_rgb_anon.png,snow/test/GOPR0122/GOPR0122_frame_000895_rgb_anon.png,images/test/GOPR0122/GOPR0122_frame_000895_rgb_anon.png,1920,1080,0,False,
acdc_snow_official_v1,test,1709,snow/test/GOPR0122/GOPR0122_frame_000903_rgb_anon.png,snow/test/GOPR0122/GOPR0122_frame_000903_rgb_anon.png,images/test/GOPR0122/GOPR0122_frame_000903_rgb_anon.png,1920,1080,0,False,
acdc_snow_official_v1,test,1700,snow/test/GOPR0122/GOPR0122_frame_000909_rgb_anon.png,snow/test/GOPR0122/GOPR0122_frame_000909_rgb_anon.png,images/test/GOPR0122/GOPR0122_frame_000909_rgb_anon.png,1920,1080,0,False,
acdc_snow_official_v1,test,1711,snow/test/GOPR0122/GOPR0122_frame_000914_rgb_anon.png,snow/test/GOPR0122/GOPR0122_frame_000914_rgb_anon.png,images/test/GOPR0122/GOPR0122_frame_000914_rgb_anon.png,1920,1080,0,False,
acdc_snow_official_v1,test,1721,snow/test/GOPR0122/GOPR0122_frame_000919_rgb_anon.png,snow/test/GOPR0122/GOPR0122_frame_000919_rgb_anon.png,images/test/GOPR0122/GOPR0122_frame_000919_rgb_anon.png,1920,1080,0,False,
acdc_snow_official_v1,test,1733,snow/test/GOPR0122/GOPR0122_frame_000924_rgb_anon.png,snow/test/GOPR0122/GOPR0122_frame_000924_rgb_anon.png,images/test/GOPR0122/GOPR0122_frame_000924_rgb_anon.png,1920,1080,0,False,
acdc_snow_official_v1,test,1718,snow/test/GOPR0122/GOPR0122_frame_000930_rgb_anon.png,snow/test/GOPR0122/GOPR0122_frame_000930_rgb_anon.png,images/test/GOPR0122/GOPR0122_frame_000930_rgb_anon.png,1920,1080,0,False,
acdc_snow_official_v1,test,1702,snow/test/GOPR0122/GOPR0122_frame_000936_rgb_anon.png,snow/test/GOPR0122/GOPR0122_frame_000936_rgb_anon.png,images/test/GOPR0122/GOPR0122_frame_000936_rgb_anon.png,1920,1080,0,False,
acdc_snow_official_v1,test,1704,snow/test/GOPR0122/GOPR0122_frame_000942_rgb_anon.png,snow/test/GOPR0122/GOPR0122_frame_000942_rgb_anon.png,images/test/GOPR0122/GOPR0122_frame_000942_rgb_anon.png,1920,1080,0,False,
acdc_snow_official_v1,test,1703,snow/test/GOPR0122/GOPR0122_frame_000964_rgb_anon.png,snow/test/GOPR0122/GOPR0122_frame_000964_rgb_anon.png,images/test/GOPR0122/GOPR0122_frame_000964_rgb_anon.png,1920,1080,0,False,
acdc_snow_official_v1,test,1715,snow/test/GOPR0122/GOPR0122_frame_000969_rgb_anon.png,snow/test/GOPR0122/GOPR0122_frame_000969_rgb_anon.png,images/test/GOPR0122/GOPR0122_frame_000969_rgb_anon.png,1920,1080,0,False,
acdc_snow_official_v1,test,1707,snow/test/GOPR0122/GOPR0122_frame_000974_rgb_anon.png,snow/test/GOPR0122/GOPR0122_frame_000974_rgb_anon.png,images/test/GOPR0122/GOPR0122_frame_000974_rgb_anon.png,1920,1080,0,False,
acdc_snow_official_v1,test,1687,snow/test/GOPR0122/GOPR0122_frame_000979_rgb_anon.png,snow/test/GOPR0122/GOPR0122_frame_000979_rgb_anon.png,images/test/GOPR0122/GOPR0122_frame_000979_rgb_anon.png,1920,1080,0,False,
acdc_snow_official_v1,test,1730,snow/test/GOPR0122/GOPR0122_frame_000985_rgb_anon.png,snow/test/GOPR0122/GOPR0122_frame_000985_rgb_anon.png,images/test/GOPR0122/GOPR0122_frame_000985_rgb_anon.png,1920,1080,0,False,
acdc_snow_official_v1,test,1693,snow/test/GOPR0122/GOPR0122_frame_000997_rgb_anon.png,snow/test/GOPR0122/GOPR0122_frame_000997_rgb_anon.png,images/test/GOPR0122/GOPR0122_frame_000997_rgb_anon.png,1920,1080,0,False,
acdc_snow_official_v1,test,1699,snow/test/GOPR0122/GOPR0122_frame_001007_rgb_anon.png,snow/test/GOPR0122/GOPR0122_frame_001007_rgb_anon.png,images/test/GOPR0122/GOPR0122_frame_001007_rgb_anon.png,1920,1080,0,False,
acdc_snow_official_v1,test,1727,snow/test/GOPR0122/GOPR0122_frame_001013_rgb_anon.png,snow/test/GOPR0122/GOPR0122_frame_001013_rgb_anon.png,images/test/GOPR0122/GOPR0122_frame_001013_rgb_anon.png,1920,1080,0,False,
acdc_snow_official_v1,test,1723,snow/test/GOPR0122/GOPR0122_frame_001020_rgb_anon.png,snow/test/GOPR0122/GOPR0122_frame_001020_rgb_anon.png,images/test/GOPR0122/GOPR0122_frame_001020_rgb_anon.png,1920,1080,0,False,
acdc_snow_official_v1,test,1725,snow/test/GOPR0122/GOPR0122_frame_001026_rgb_anon.png,snow/test/GOPR0122/GOPR0122_frame_001026_rgb_anon.png,images/test/GOPR0122/GOPR0122_frame_001026_rgb_anon.png,1920,1080,0,False,
acdc_snow_official_v1,test,1706,snow/test/GOPR0122/GOPR0122_frame_001034_rgb_anon.png,snow/test/GOPR0122/GOPR0122_frame_001034_rgb_anon.png,images/test/GOPR0122/GOPR0122_frame_001034_rgb_anon.png,1920,1080,0,False,
acdc_snow_official_v1,test,1697,snow/test/GOPR0122/GOPR0122_frame_001054_rgb_anon.png,snow/test/GOPR0122/GOPR0122_frame_001054_rgb_anon.png,images/test/GOPR0122/GOPR0122_frame_001054_rgb_anon.png,1920,1080,0,False,
acdc_snow_official_v1,test,1919,snow/test/GOPR0176/GOPR0176_frame_000394_rgb_anon.png,snow/test/GOPR0176/GOPR0176_frame_000394_rgb_anon.png,images/test/GOPR0176/GOPR0176_frame_000394_rgb_anon.png,1920,1080,0,False,
acdc_snow_official_v1,test,1922,snow/test/GOPR0176/GOPR0176_frame_000403_rgb_anon.png,snow/test/GOPR0176/GOPR0176_frame_000403_rgb_anon.png,images/test/GOPR0176/GOPR0176_frame_000403_rgb_anon.png,1920,1080,0,False,
acdc_snow_official_v1,test,1925,snow/test/GOPR0176/GOPR0176_frame_000423_rgb_anon.png,snow/test/GOPR0176/GOPR0176_frame_000423_rgb_anon.png,images/test/GOPR0176/GOPR0176_frame_000423_rgb_anon.png,1920,1080,0,False,
acdc_snow_official_v1,test,1929,snow/test/GOPR0176/GOPR0176_frame_000433_rgb_anon.png,snow/test/GOPR0176/GOPR0176_frame_000433_rgb_anon.png,images/test/GOPR0176/GOPR0176_frame_000433_rgb_anon.png,1920,1080,0,False,
acdc_snow_official_v1,test,1923,snow/test/GOPR0176/GOPR0176_frame_000446_rgb_anon.png,snow/test/GOPR0176/GOPR0176_frame_000446_rgb_anon.png,images/test/GOPR0176/GOPR0176_frame_000446_rgb_anon.png,1920,1080,0,False,
acdc_snow_official_v1,test,1936,snow/test/GOPR0176/GOPR0176_frame_000452_rgb_anon.png,snow/test/GOPR0176/GOPR0176_frame_000452_rgb_anon.png,images/test/GOPR0176/GOPR0176_frame_000452_rgb_anon.png,1920,1080,0,False,
acdc_snow_official_v1,test,1926,snow/test/GOPR0176/GOPR0176_frame_000472_rgb_anon.png,snow/test/GOPR0176/GOPR0176_frame_000472_rgb_anon.png,images/test/GOPR0176/GOPR0176_frame_000472_rgb_anon.png,1920,1080,0,False,
acdc_snow_official_v1,test,1935,snow/test/GOPR0176/GOPR0176_frame_000492_rgb_anon.png,snow/test/GOPR0176/GOPR0176_frame_000492_rgb_anon.png,images/test/GOPR0176/GOPR0176_frame_000492_rgb_anon.png,1920,1080,0,False,
acdc_snow_official_v1,test,1931,snow/test/GOPR0176/GOPR0176_frame_000536_rgb_anon.png,snow/test/GOPR0176/GOPR0176_frame_000536_rgb_anon.png,images/test/GOPR0176/GOPR0176_frame_000536_rgb_anon.png,1920,1080,0,False,
acdc_snow_official_v1,test,1930,snow/test/GOPR0176/GOPR0176_frame_000544_rgb_anon.png,snow/test/GOPR0176/GOPR0176_frame_000544_rgb_anon.png,images/test/GOPR0176/GOPR0176_frame_000544_rgb_anon.png,1920,1080,0,False,
acdc_snow_official_v1,test,1940,snow/test/GOPR0176/GOPR0176_frame_000552_rgb_anon.png,snow/test/GOPR0176/GOPR0176_frame_000552_rgb_anon.png,images/test/GOPR0176/GOPR0176_frame_000552_rgb_anon.png,1920,1080,0,False,
acdc_snow_official_v1,test,1917,snow/test/GOPR0176/GOPR0176_frame_000559_rgb_anon.png,snow/test/GOPR0176/GOPR0176_frame_000559_rgb_anon.png,images/test/GOPR0176/GOPR0176_frame_000559_rgb_anon.png,1920,1080,0,False,
acdc_snow_official_v1,test,1932,snow/test/GOPR0176/GOPR0176_frame_000569_rgb_anon.png,snow/test/GOPR0176/GOPR0176_frame_000569_rgb_anon.png,images/test/GOPR0176/GOPR0176_frame_000569_rgb_anon.png,1920,1080,0,False,
acdc_snow_official_v1,test,1934,snow/test/GOPR0176/GOPR0176_frame_000582_rgb_anon.png,snow/test/GOPR0176/GOPR0176_frame_000582_rgb_anon.png,images/test/GOPR0176/GOPR0176_frame_000582_rgb_anon.png,1920,1080,0,False,
acdc_snow_official_v1,test,1927,snow/test/GOPR0176/GOPR0176_frame_000593_rgb_anon.png,snow/test/GOPR0176/GOPR0176_frame_000593_rgb_anon.png,images/test/GOPR0176/GOPR0176_frame_000593_rgb_anon.png,1920,1080,0,False,
acdc_snow_official_v1,test,1921,snow/test/GOPR0176/GOPR0176_frame_000613_rgb_anon.png,snow/test/GOPR0176/GOPR0176_frame_000613_rgb_anon.png,images/test/GOPR0176/GOPR0176_frame_000613_rgb_anon.png,1920,1080,0,False,
acdc_snow_official_v1,test,1938,snow/test/GOPR0176/GOPR0176_frame_000633_rgb_anon.png,snow/test/GOPR0176/GOPR0176_frame_000633_rgb_anon.png,images/test/GOPR0176/GOPR0176_frame_000633_rgb_anon.png,1920,1080,0,False,
acdc_snow_official_v1,test,1933,snow/test/GOPR0176/GOPR0176_frame_000673_rgb_anon.png,snow/test/GOPR0176/GOPR0176_frame_000673_rgb_anon.png,images/test/GOPR0176/GOPR0176_frame_000673_rgb_anon.png,1920,1080,0,False,
acdc_snow_official_v1,test,1916,snow/test/GOPR0176/GOPR0176_frame_000682_rgb_anon.png,snow/test/GOPR0176/GOPR0176_frame_000682_rgb_anon.png,images/test/GOPR0176/GOPR0176_frame_000682_rgb_anon.png,1920,1080,0,False,
acdc_snow_official_v1,test,1937,snow/test/GOPR0176/GOPR0176_frame_000736_rgb_anon.png,snow/test/GOPR0176/GOPR0176_frame_000736_rgb_anon.png,images/test/GOPR0176/GOPR0176_frame_000736_rgb_anon.png,1920,1080,0,False,
acdc_snow_official_v1,test,1915,snow/test/GOPR0176/GOPR0176_frame_000776_rgb_anon.png,snow/test/GOPR0176/GOPR0176_frame_000776_rgb_anon.png,images/test/GOPR0176/GOPR0176_frame_000776_rgb_anon.png,1920,1080,0,False,
acdc_snow_official_v1,test,1928,snow/test/GOPR0176/GOPR0176_frame_000796_rgb_anon.png,snow/test/GOPR0176/GOPR0176_frame_000796_rgb_anon.png,images/test/GOPR0176/GOPR0176_frame_000796_rgb_anon.png,1920,1080,0,False,
acdc_snow_official_v1,test,1924,snow/test/GOPR0176/GOPR0176_frame_000809_rgb_anon.png,snow/test/GOPR0176/GOPR0176_frame_000809_rgb_anon.png,images/test/GOPR0176/GOPR0176_frame_000809_rgb_anon.png,1920,1080,0,False,
acdc_snow_official_v1,test,1939,snow/test/GOPR0176/GOPR0176_frame_000816_rgb_anon.png,snow/test/GOPR0176/GOPR0176_frame_000816_rgb_anon.png,images/test/GOPR0176/GOPR0176_frame_000816_rgb_anon.png,1920,1080,0,False,
acdc_snow_official_v1,test,1918,snow/test/GOPR0176/GOPR0176_frame_000824_rgb_anon.png,snow/test/GOPR0176/GOPR0176_frame_000824_rgb_anon.png,images/test/GOPR0176/GOPR0176_frame_000824_rgb_anon.png,1920,1080,0,False,
acdc_snow_official_v1,test,1920,snow/test/GOPR0176/GOPR0176_frame_000884_rgb_anon.png,snow/test/GOPR0176/GOPR0176_frame_000884_rgb_anon.png,images/test/GOPR0176/GOPR0176_frame_000884_rgb_anon.png,1920,1080,0,False,
acdc_snow_official_v1,test,1540,snow/test/GOPR0494/GOPR0494_frame_000020_rgb_anon.png,snow/test/GOPR0494/GOPR0494_frame_000020_rgb_anon.png,images/test/GOPR0494/GOPR0494_frame_000020_rgb_anon.png,1920,1080,0,False,
acdc_snow_official_v1,test,1546,snow/test/GOPR0494/GOPR0494_frame_000029_rgb_anon.png,snow/test/GOPR0494/GOPR0494_frame_000029_rgb_anon.png,images/test/GOPR0494/GOPR0494_frame_000029_rgb_anon.png,1920,1080,0,False,
acdc_snow_official_v1,test,1520,snow/test/GOPR0494/GOPR0494_frame_000037_rgb_anon.png,snow/test/GOPR0494/GOPR0494_frame_000037_rgb_anon.png,images/test/GOPR0494/GOPR0494_frame_000037_rgb_anon.png,1920,1080,0,False,
acdc_snow_official_v1,test,1513,snow/test/GOPR0494/GOPR0494_frame_000051_rgb_anon.png,snow/test/GOPR0494/GOPR0494_frame_000051_rgb_anon.png,images/test/GOPR0494/GOPR0494_frame_000051_rgb_anon.png,1920,1080,0,False,
acdc_snow_official_v1,test,1510,snow/test/GOPR0494/GOPR0494_frame_000091_rgb_anon.png,snow/test/GOPR0494/GOPR0494_frame_000091_rgb_anon.png,images/test/GOPR0494/GOPR0494_frame_000091_rgb_anon.png,1920,1080,0,False,
acdc_snow_official_v1,test,1538,snow/test/GOPR0494/GOPR0494_frame_000134_rgb_anon.png,snow/test/GOPR0494/GOPR0494_frame_000134_rgb_anon.png,images/test/GOPR0494/GOPR0494_frame_000134_rgb_anon.png,1920,1080,0,False,
acdc_snow_official_v1,test,1512,snow/test/GOPR0494/GOPR0494_frame_000162_rgb_anon.png,snow/test/GOPR0494/GOPR0494_frame_000162_rgb_anon.png,images/test/GOPR0494/GOPR0494_frame_000162_rgb_anon.png,1920,1080,0,False,
acdc_snow_official_v1,test,1528,snow/test/GOPR0494/GOPR0494_frame_000169_rgb_anon.png,snow/test/GOPR0494/GOPR0494_frame_000169_rgb_anon.png,images/test/GOPR0494/GOPR0494_frame_000169_rgb_anon.png,1920,1080,0,False,
acdc_snow_official_v1,test,1539,snow/test/GOPR0494/GOPR0494_frame_000176_rgb_anon.png,snow/test/GOPR0494/GOPR0494_frame_000176_rgb_anon.png,images/test/GOPR0494/GOPR0494_frame_000176_rgb_anon.png,1920,1080,0,False,
acdc_snow_official_v1,test,1533,snow/test/GOPR0494/GOPR0494_frame_000185_rgb_anon.png,snow/test/GOPR0494/GOPR0494_frame_000185_rgb_anon.png,images/test/GOPR0494/GOPR0494_frame_000185_rgb_anon.png,1920,1080,0,False,
acdc_snow_official_v1,test,1525,snow/test/GOPR0494/GOPR0494_frame_000191_rgb_anon.png,snow/test/GOPR0494/GOPR0494_frame_000191_rgb_anon.png,images/test/GOPR0494/GOPR0494_frame_000191_rgb_anon.png,1920,1080,0,False,
acdc_snow_official_v1,test,1556,snow/test/GOPR0494/GOPR0494_frame_000202_rgb_anon.png,snow/test/GOPR0494/GOPR0494_frame_000202_rgb_anon.png,images/test/GOPR0494/GOPR0494_frame_000202_rgb_anon.png,1920,1080,0,False,
acdc_snow_official_v1,test,1527,snow/test/GOPR0494/GOPR0494_frame_000245_rgb_anon.png,snow/test/GOPR0494/GOPR0494_frame_000245_rgb_anon.png,images/test/GOPR0494/GOPR0494_frame_000245_rgb_anon.png,1920,1080,0,False,
acdc_snow_official_v1,test,1507,snow/test/GOPR0494/GOPR0494_frame_000264_rgb_anon.png,snow/test/GOPR0494/GOPR0494_frame_000264_rgb_anon.png,images/test/GOPR0494/GOPR0494_frame_000264_rgb_anon.png,1920,1080,0,False,
acdc_snow_official_v1,test,1550,snow/test/GOPR0494/GOPR0494_frame_000284_rgb_anon.png,snow/test/GOPR0494/GOPR0494_frame_000284_rgb_anon.png,images/test/GOPR0494/GOPR0494_frame_000284_rgb_anon.png,1920,1080,0,False,
acdc_snow_official_v1,test,1516,snow/test/GOPR0494/GOPR0494_frame_000295_rgb_anon.png,snow/test/GOPR0494/GOPR0494_frame_000295_rgb_anon.png,images/test/GOPR0494/GOPR0494_frame_000295_rgb_anon.png,1920,1080,0,False,
acdc_snow_official_v1,test,1504,snow/test/GOPR0494/GOPR0494_frame_000301_rgb_anon.png,snow/test/GOPR0494/GOPR0494_frame_000301_rgb_anon.png,images/test/GOPR0494/GOPR0494_frame_000301_rgb_anon.png,1920,1080,0,False,
acdc_snow_official_v1,test,1555,snow/test/GOPR0494/GOPR0494_frame_000306_rgb_anon.png,snow/test/GOPR0494/GOPR0494_frame_000306_rgb_anon.png,images/test/GOPR0494/GOPR0494_frame_000306_rgb_anon.png,1920,1080,0,False,
acdc_snow_official_v1,test,1537,snow/test/GOPR0494/GOPR0494_frame_000311_rgb_anon.png,snow/test/GOPR0494/GOPR0494_frame_000311_rgb_anon.png,images/test/GOPR0494/GOPR0494_frame_000311_rgb_anon.png,1920,1080,0,False,
acdc_snow_official_v1,test,1506,snow/test/GOPR0494/GOPR0494_frame_000326_rgb_anon.png,snow/test/GOPR0494/GOPR0494_frame_000326_rgb_anon.png,images/test/GOPR0494/GOPR0494_frame_000326_rgb_anon.png,1920,1080,0,False,
acdc_snow_official_v1,test,1545,snow/test/GOPR0494/GOPR0494_frame_000346_rgb_anon.png,snow/test/GOPR0494/GOPR0494_frame_000346_rgb_anon.png,images/test/GOPR0494/GOPR0494_frame_000346_rgb_anon.png,1920,1080,0,False,
acdc_snow_official_v1,test,1503,snow/test/GOPR0494/GOPR0494_frame_000381_rgb_anon.png,snow/test/GOPR0494/GOPR0494_frame_000381_rgb_anon.png,images/test/GOPR0494/GOPR0494_frame_000381_rgb_anon.png,1920,1080,0,False,
acdc_snow_official_v1,test,1531,snow/test/GOPR0494/GOPR0494_frame_000408_rgb_anon.png,snow/test/GOPR0494/GOPR0494_frame_000408_rgb_anon.png,images/test/GOPR0494/GOPR0494_frame_000408_rgb_anon.png,1920,1080,0,False,
acdc_snow_official_v1,test,1509,snow/test/GOPR0494/GOPR0494_frame_000428_rgb_anon.png,snow/test/GOPR0494/GOPR0494_frame_000428_rgb_anon.png,images/test/GOPR0494/GOPR0494_frame_000428_rgb_anon.png,1920,1080,0,False,
acdc_snow_official_v1,test,1535,snow/test/GOPR0494/GOPR0494_frame_000475_rgb_anon.png,snow/test/GOPR0494/GOPR0494_frame_000475_rgb_anon.png,images/test/GOPR0494/GOPR0494_frame_000475_rgb_anon.png,1920,1080,0,False,
acdc_snow_official_v1,test,1515,snow/test/GOPR0494/GOPR0494_frame_000484_rgb_anon.png,snow/test/GOPR0494/GOPR0494_frame_000484_rgb_anon.png,images/test/GOPR0494/GOPR0494_frame_000484_rgb_anon.png,1920,1080,0,False,
acdc_snow_official_v1,test,1505,snow/test/GOPR0494/GOPR0494_frame_000491_rgb_anon.png,snow/test/GOPR0494/GOPR0494_frame_000491_rgb_anon.png,images/test/GOPR0494/GOPR0494_frame_000491_rgb_anon.png,1920,1080,0,False,
acdc_snow_official_v1,test,1526,snow/test/GOPR0494/GOPR0494_frame_000499_rgb_anon.png,snow/test/GOPR0494/GOPR0494_frame_000499_rgb_anon.png,images/test/GOPR0494/GOPR0494_frame_000499_rgb_anon.png,1920,1080,0,False,
acdc_snow_official_v1,test,1542,snow/test/GOPR0494/GOPR0494_frame_000519_rgb_anon.png,snow/test/GOPR0494/GOPR0494_frame_000519_rgb_anon.png,images/test/GOPR0494/GOPR0494_frame_000519_rgb_anon.png,1920,1080,0,False,
acdc_snow_official_v1,test,1548,snow/test/GOPR0494/GOPR0494_frame_000535_rgb_anon.png,snow/test/GOPR0494/GOPR0494_frame_000535_rgb_anon.png,images/test/GOPR0494/GOPR0494_frame_000535_rgb_anon.png,1920,1080,0,False,
acdc_snow_official_v1,test,1518,snow/test/GOPR0494/GOPR0494_frame_000546_rgb_anon.png,snow/test/GOPR0494/GOPR0494_frame_000546_rgb_anon.png,images/test/GOPR0494/GOPR0494_frame_000546_rgb_anon.png,1920,1080,0,False,
acdc_snow_official_v1,test,1541,snow/test/GOPR0494/GOPR0494_frame_000635_rgb_anon.png,snow/test/GOPR0494/GOPR0494_frame_000635_rgb_anon.png,images/test/GOPR0494/GOPR0494_frame_000635_rgb_anon.png,1920,1080,0,False,
acdc_snow_official_v1,test,1549,snow/test/GOPR0494/GOPR0494_frame_000642_rgb_anon.png,snow/test/GOPR0494/GOPR0494_frame_000642_rgb_anon.png,images/test/GOPR0494/GOPR0494_frame_000642_rgb_anon.png,1920,1080,0,False,
acdc_snow_official_v1,test,1508,snow/test/GOPR0494/GOPR0494_frame_000662_rgb_anon.png,snow/test/GOPR0494/GOPR0494_frame_000662_rgb_anon.png,images/test/GOPR0494/GOPR0494_frame_000662_rgb_anon.png,1920,1080,0,False,
acdc_snow_official_v1,test,1547,snow/test/GOPR0494/GOPR0494_frame_000681_rgb_anon.png,snow/test/GOPR0494/GOPR0494_frame_000681_rgb_anon.png,images/test/GOPR0494/GOPR0494_frame_000681_rgb_anon.png,1920,1080,0,False,
acdc_snow_official_v1,test,1551,snow/test/GOPR0494/GOPR0494_frame_000697_rgb_anon.png,snow/test/GOPR0494/GOPR0494_frame_000697_rgb_anon.png,images/test/GOPR0494/GOPR0494_frame_000697_rgb_anon.png,1920,1080,0,False,
acdc_snow_official_v1,test,1554,snow/test/GOPR0494/GOPR0494_frame_000710_rgb_anon.png,snow/test/GOPR0494/GOPR0494_frame_000710_rgb_anon.png,images/test/GOPR0494/GOPR0494_frame_000710_rgb_anon.png,1920,1080,0,False,
acdc_snow_official_v1,test,1553,snow/test/GOPR0494/GOPR0494_frame_000715_rgb_anon.png,snow/test/GOPR0494/GOPR0494_frame_000715_rgb_anon.png,images/test/GOPR0494/GOPR0494_frame_000715_rgb_anon.png,1920,1080,0,False,
acdc_snow_official_v1,test,1544,snow/test/GOPR0494/GOPR0494_frame_000767_rgb_anon.png,snow/test/GOPR0494/GOPR0494_frame_000767_rgb_anon.png,images/test/GOPR0494/GOPR0494_frame_000767_rgb_anon.png,1920,1080,0,False,
acdc_snow_official_v1,test,1543,snow/test/GOPR0494/GOPR0494_frame_000777_rgb_anon.png,snow/test/GOPR0494/GOPR0494_frame_000777_rgb_anon.png,images/test/GOPR0494/GOPR0494_frame_000777_rgb_anon.png,1920,1080,0,False,
acdc_snow_official_v1,test,1502,snow/test/GOPR0494/GOPR0494_frame_000786_rgb_anon.png,snow/test/GOPR0494/GOPR0494_frame_000786_rgb_anon.png,images/test/GOPR0494/GOPR0494_frame_000786_rgb_anon.png,1920,1080,0,False,
acdc_snow_official_v1,test,1521,snow/test/GOPR0494/GOPR0494_frame_000818_rgb_anon.png,snow/test/GOPR0494/GOPR0494_frame_000818_rgb_anon.png,images/test/GOPR0494/GOPR0494_frame_000818_rgb_anon.png,1920,1080,0,False,
acdc_snow_official_v1,test,1514,snow/test/GOPR0494/GOPR0494_frame_000829_rgb_anon.png,snow/test/GOPR0494/GOPR0494_frame_000829_rgb_anon.png,images/test/GOPR0494/GOPR0494_frame_000829_rgb_anon.png,1920,1080,0,False,
acdc_snow_official_v1,test,1530,snow/test/GOPR0494/GOPR0494_frame_000836_rgb_anon.png,snow/test/GOPR0494/GOPR0494_frame_000836_rgb_anon.png,images/test/GOPR0494/GOPR0494_frame_000836_rgb_anon.png,1920,1080,0,False,
acdc_snow_official_v1,test,1534,snow/test/GOPR0494/GOPR0494_frame_000842_rgb_anon.png,snow/test/GOPR0494/GOPR0494_frame_000842_rgb_anon.png,images/test/GOPR0494/GOPR0494_frame_000842_rgb_anon.png,1920,1080,0,False,
acdc_snow_official_v1,test,1522,snow/test/GOPR0494/GOPR0494_frame_000882_rgb_anon.png,snow/test/GOPR0494/GOPR0494_frame_000882_rgb_anon.png,images/test/GOPR0494/GOPR0494_frame_000882_rgb_anon.png,1920,1080,0,False,
acdc_snow_official_v1,test,1532,snow/test/GOPR0494/GOPR0494_frame_000922_rgb_anon.png,snow/test/GOPR0494/GOPR0494_frame_000922_rgb_anon.png,images/test/GOPR0494/GOPR0494_frame_000922_rgb_anon.png,1920,1080,0,False,
acdc_snow_official_v1,test,1529,snow/test/GOPR0494/GOPR0494_frame_000937_rgb_anon.png,snow/test/GOPR0494/GOPR0494_frame_000937_rgb_anon.png,images/test/GOPR0494/GOPR0494_frame_000937_rgb_anon.png,1920,1080,0,False,
acdc_snow_official_v1,test,1500,snow/test/GOPR0494/GOPR0494_frame_000957_rgb_anon.png,snow/test/GOPR0494/GOPR0494_frame_000957_rgb_anon.png,images/test/GOPR0494/GOPR0494_frame_000957_rgb_anon.png,1920,1080,0,False,
acdc_snow_official_v1,test,1552,snow/test/GOPR0494/GOPR0494_frame_000970_rgb_anon.png,snow/test/GOPR0494/GOPR0494_frame_000970_rgb_anon.png,images/test/GOPR0494/GOPR0494_frame_000970_rgb_anon.png,1920,1080,0,False,
acdc_snow_official_v1,test,1524,snow/test/GOPR0494/GOPR0494_frame_000976_rgb_anon.png,snow/test/GOPR0494/GOPR0494_frame_000976_rgb_anon.png,images/test/GOPR0494/GOPR0494_frame_000976_rgb_anon.png,1920,1080,0,False,
acdc_snow_official_v1,test,1511,snow/test/GOPR0494/GOPR0494_frame_000982_rgb_anon.png,snow/test/GOPR0494/GOPR0494_frame_000982_rgb_anon.png,images/test/GOPR0494/GOPR0494_frame_000982_rgb_anon.png,1920,1080,0,False,
acdc_snow_official_v1,test,1519,snow/test/GOPR0494/GOPR0494_frame_001032_rgb_anon.png,snow/test/GOPR0494/GOPR0494_frame_001032_rgb_anon.png,images/test/GOPR0494/GOPR0494_frame_001032_rgb_anon.png,1920,1080,0,False,
acdc_snow_official_v1,test,1501,snow/test/GOPR0494/GOPR0494_frame_001040_rgb_anon.png,snow/test/GOPR0494/GOPR0494_frame_001040_rgb_anon.png,images/test/GOPR0494/GOPR0494_frame_001040_rgb_anon.png,1920,1080,0,False,
acdc_snow_official_v1,test,1536,snow/test/GOPR0494/GOPR0494_frame_001045_rgb_anon.png,snow/test/GOPR0494/GOPR0494_frame_001045_rgb_anon.png,images/test/GOPR0494/GOPR0494_frame_001045_rgb_anon.png,1920,1080,0,False,
acdc_snow_official_v1,test,1523,snow/test/GOPR0494/GOPR0494_frame_001050_rgb_anon.png,snow/test/GOPR0494/GOPR0494_frame_001050_rgb_anon.png,images/test/GOPR0494/GOPR0494_frame_001050_rgb_anon.png,1920,1080,0,False,
acdc_snow_official_v1,test,1517,snow/test/GOPR0494/GOPR0494_frame_001056_rgb_anon.png,snow/test/GOPR0494/GOPR0494_frame_001056_rgb_anon.png,images/test/GOPR0494/GOPR0494_frame_001056_rgb_anon.png,1920,1080,0,False,
acdc_snow_official_v1,test,1749,snow/test/GOPR0496/GOPR0496_frame_000663_rgb_anon.png,snow/test/GOPR0496/GOPR0496_frame_000663_rgb_anon.png,images/test/GOPR0496/GOPR0496_frame_000663_rgb_anon.png,1920,1080,0,False,
acdc_snow_official_v1,test,1740,snow/test/GOPR0496/GOPR0496_frame_000667_rgb_anon.png,snow/test/GOPR0496/GOPR0496_frame_000667_rgb_anon.png,images/test/GOPR0496/GOPR0496_frame_000667_rgb_anon.png,1920,1080,0,False,
acdc_snow_official_v1,test,1734,snow/test/GOPR0496/GOPR0496_frame_000674_rgb_anon.png,snow/test/GOPR0496/GOPR0496_frame_000674_rgb_anon.png,images/test/GOPR0496/GOPR0496_frame_000674_rgb_anon.png,1920,1080,0,False,
acdc_snow_official_v1,test,1745,snow/test/GOPR0496/GOPR0496_frame_000694_rgb_anon.png,snow/test/GOPR0496/GOPR0496_frame_000694_rgb_anon.png,images/test/GOPR0496/GOPR0496_frame_000694_rgb_anon.png,1920,1080,0,False,
acdc_snow_official_v1,test,1742,snow/test/GOPR0496/GOPR0496_frame_000714_rgb_anon.png,snow/test/GOPR0496/GOPR0496_frame_000714_rgb_anon.png,images/test/GOPR0496/GOPR0496_frame_000714_rgb_anon.png,1920,1080,0,False,
acdc_snow_official_v1,test,1736,snow/test/GOPR0496/GOPR0496_frame_000734_rgb_anon.png,snow/test/GOPR0496/GOPR0496_frame_000734_rgb_anon.png,images/test/GOPR0496/GOPR0496_frame_000734_rgb_anon.png,1920,1080,0,False,
acdc_snow_official_v1,test,1738,snow/test/GOPR0496/GOPR0496_frame_000754_rgb_anon.png,snow/test/GOPR0496/GOPR0496_frame_000754_rgb_anon.png,images/test/GOPR0496/GOPR0496_frame_000754_rgb_anon.png,1920,1080,0,False,
acdc_snow_official_v1,test,1741,snow/test/GOPR0496/GOPR0496_frame_000771_rgb_anon.png,snow/test/GOPR0496/GOPR0496_frame_000771_rgb_anon.png,images/test/GOPR0496/GOPR0496_frame_000771_rgb_anon.png,1920,1080,0,False,
acdc_snow_official_v1,test,1743,snow/test/GOPR0496/GOPR0496_frame_000778_rgb_anon.png,snow/test/GOPR0496/GOPR0496_frame_000778_rgb_anon.png,images/test/GOPR0496/GOPR0496_frame_000778_rgb_anon.png,1920,1080,0,False,
acdc_snow_official_v1,test,1750,snow/test/GOPR0496/GOPR0496_frame_000890_rgb_anon.png,snow/test/GOPR0496/GOPR0496_frame_000890_rgb_anon.png,images/test/GOPR0496/GOPR0496_frame_000890_rgb_anon.png,1920,1080,0,False,
acdc_snow_official_v1,test,1735,snow/test/GOPR0496/GOPR0496_frame_000910_rgb_anon.png,snow/test/GOPR0496/GOPR0496_frame_000910_rgb_anon.png,images/test/GOPR0496/GOPR0496_frame_000910_rgb_anon.png,1920,1080,0,False,
acdc_snow_official_v1,test,1747,snow/test/GOPR0496/GOPR0496_frame_000936_rgb_anon.png,snow/test/GOPR0496/GOPR0496_frame_000936_rgb_anon.png,images/test/GOPR0496/GOPR0496_frame_000936_rgb_anon.png,1920,1080,0,False,
acdc_snow_official_v1,test,1746,snow/test/GOPR0496/GOPR0496_frame_000941_rgb_anon.png,snow/test/GOPR0496/GOPR0496_frame_000941_rgb_anon.png,images/test/GOPR0496/GOPR0496_frame_000941_rgb_anon.png,1920,1080,0,False,
acdc_snow_official_v1,test,1737,snow/test/GOPR0496/GOPR0496_frame_000947_rgb_anon.png,snow/test/GOPR0496/GOPR0496_frame_000947_rgb_anon.png,images/test/GOPR0496/GOPR0496_frame_000947_rgb_anon.png,1920,1080,0,False,
acdc_snow_official_v1,test,1739,snow/test/GOPR0496/GOPR0496_frame_000954_rgb_anon.png,snow/test/GOPR0496/GOPR0496_frame_000954_rgb_anon.png,images/test/GOPR0496/GOPR0496_frame_000954_rgb_anon.png,1920,1080,0,False,
acdc_snow_official_v1,test,1744,snow/test/GOPR0496/GOPR0496_frame_001025_rgb_anon.png,snow/test/GOPR0496/GOPR0496_frame_001025_rgb_anon.png,images/test/GOPR0496/GOPR0496_frame_001025_rgb_anon.png,1920,1080,0,False,
acdc_snow_official_v1,test,1748,snow/test/GOPR0496/GOPR0496_frame_001033_rgb_anon.png,snow/test/GOPR0496/GOPR0496_frame_001033_rgb_anon.png,images/test/GOPR0496/GOPR0496_frame_001033_rgb_anon.png,1920,1080,0,False,
acdc_snow_official_v1,test,1974,snow/test/GP010122/GP010122_frame_000001_rgb_anon.png,snow/test/GP010122/GP010122_frame_000001_rgb_anon.png,images/test/GP010122/GP010122_frame_000001_rgb_anon.png,1920,1080,0,False,
acdc_snow_official_v1,test,1981,snow/test/GP010122/GP010122_frame_000024_rgb_anon.png,snow/test/GP010122/GP010122_frame_000024_rgb_anon.png,images/test/GP010122/GP010122_frame_000024_rgb_anon.png,1920,1080,0,False,
acdc_snow_official_v1,test,1971,snow/test/GP010122/GP010122_frame_000029_rgb_anon.png,snow/test/GP010122/GP010122_frame_000029_rgb_anon.png,images/test/GP010122/GP010122_frame_000029_rgb_anon.png,1920,1080,0,False,
acdc_snow_official_v1,test,1999,snow/test/GP010122/GP010122_frame_000034_rgb_anon.png,snow/test/GP010122/GP010122_frame_000034_rgb_anon.png,images/test/GP010122/GP010122_frame_000034_rgb_anon.png,1920,1080,0,False,
acdc_snow_official_v1,test,1998,snow/test/GP010122/GP010122_frame_000039_rgb_anon.png,snow/test/GP010122/GP010122_frame_000039_rgb_anon.png,images/test/GP010122/GP010122_frame_000039_rgb_anon.png,1920,1080,0,False,
acdc_snow_official_v1,test,1993,snow/test/GP010122/GP010122_frame_000046_rgb_anon.png,snow/test/GP010122/GP010122_frame_000046_rgb_anon.png,images/test/GP010122/GP010122_frame_000046_rgb_anon.png,1920,1080,0,False,
acdc_snow_official_v1,test,1996,snow/test/GP010122/GP010122_frame_000062_rgb_anon.png,snow/test/GP010122/GP010122_frame_000062_rgb_anon.png,images/test/GP010122/GP010122_frame_000062_rgb_anon.png,1920,1080,0,False,
acdc_snow_official_v1,test,1988,snow/test/GP010122/GP010122_frame_000069_rgb_anon.png,snow/test/GP010122/GP010122_frame_000069_rgb_anon.png,images/test/GP010122/GP010122_frame_000069_rgb_anon.png,1920,1080,0,False,
acdc_snow_official_v1,test,1990,snow/test/GP010122/GP010122_frame_000085_rgb_anon.png,snow/test/GP010122/GP010122_frame_000085_rgb_anon.png,images/test/GP010122/GP010122_frame_000085_rgb_anon.png,1920,1080,0,False,
acdc_snow_official_v1,test,1975,snow/test/GP010122/GP010122_frame_000091_rgb_anon.png,snow/test/GP010122/GP010122_frame_000091_rgb_anon.png,images/test/GP010122/GP010122_frame_000091_rgb_anon.png,1920,1080,0,False,
acdc_snow_official_v1,test,1994,snow/test/GP010122/GP010122_frame_000096_rgb_anon.png,snow/test/GP010122/GP010122_frame_000096_rgb_anon.png,images/test/GP010122/GP010122_frame_000096_rgb_anon.png,1920,1080,0,False,
acdc_snow_official_v1,test,1982,snow/test/GP010122/GP010122_frame_000106_rgb_anon.png,snow/test/GP010122/GP010122_frame_000106_rgb_anon.png,images/test/GP010122/GP010122_frame_000106_rgb_anon.png,1920,1080,0,False,
acdc_snow_official_v1,test,1987,snow/test/GP010122/GP010122_frame_000111_rgb_anon.png,snow/test/GP010122/GP010122_frame_000111_rgb_anon.png,images/test/GP010122/GP010122_frame_000111_rgb_anon.png,1920,1080,0,False,
acdc_snow_official_v1,test,1979,snow/test/GP010122/GP010122_frame_000116_rgb_anon.png,snow/test/GP010122/GP010122_frame_000116_rgb_anon.png,images/test/GP010122/GP010122_frame_000116_rgb_anon.png,1920,1080,0,False,
acdc_snow_official_v1,test,1985,snow/test/GP010122/GP010122_frame_000121_rgb_anon.png,snow/test/GP010122/GP010122_frame_000121_rgb_anon.png,images/test/GP010122/GP010122_frame_000121_rgb_anon.png,1920,1080,0,False,
acdc_snow_official_v1,test,1977,snow/test/GP010122/GP010122_frame_000126_rgb_anon.png,snow/test/GP010122/GP010122_frame_000126_rgb_anon.png,images/test/GP010122/GP010122_frame_000126_rgb_anon.png,1920,1080,0,False,
acdc_snow_official_v1,test,1986,snow/test/GP010122/GP010122_frame_000131_rgb_anon.png,snow/test/GP010122/GP010122_frame_000131_rgb_anon.png,images/test/GP010122/GP010122_frame_000131_rgb_anon.png,1920,1080,0,False,
acdc_snow_official_v1,test,1991,snow/test/GP010122/GP010122_frame_000136_rgb_anon.png,snow/test/GP010122/GP010122_frame_000136_rgb_anon.png,images/test/GP010122/GP010122_frame_000136_rgb_anon.png,1920,1080,0,False,
acdc_snow_official_v1,test,1978,snow/test/GP010122/GP010122_frame_000141_rgb_anon.png,snow/test/GP010122/GP010122_frame_000141_rgb_anon.png,images/test/GP010122/GP010122_frame_000141_rgb_anon.png,1920,1080,0,False,
acdc_snow_official_v1,test,1976,snow/test/GP010122/GP010122_frame_000147_rgb_anon.png,snow/test/GP010122/GP010122_frame_000147_rgb_anon.png,images/test/GP010122/GP010122_frame_000147_rgb_anon.png,1920,1080,0,False,
acdc_snow_official_v1,test,1992,snow/test/GP010122/GP010122_frame_000158_rgb_anon.png,snow/test/GP010122/GP010122_frame_000158_rgb_anon.png,images/test/GP010122/GP010122_frame_000158_rgb_anon.png,1920,1080,0,False,
acdc_snow_official_v1,test,1980,snow/test/GP010122/GP010122_frame_000163_rgb_anon.png,snow/test/GP010122/GP010122_frame_000163_rgb_anon.png,images/test/GP010122/GP010122_frame_000163_rgb_anon.png,1920,1080,0,False,
acdc_snow_official_v1,test,1983,snow/test/GP010122/GP010122_frame_000168_rgb_anon.png,snow/test/GP010122/GP010122_frame_000168_rgb_anon.png,images/test/GP010122/GP010122_frame_000168_rgb_anon.png,1920,1080,0,False,
acdc_snow_official_v1,test,1995,snow/test/GP010122/GP010122_frame_000173_rgb_anon.png,snow/test/GP010122/GP010122_frame_000173_rgb_anon.png,images/test/GP010122/GP010122_frame_000173_rgb_anon.png,1920,1080,0,False,
acdc_snow_official_v1,test,1973,snow/test/GP010122/GP010122_frame_000198_rgb_anon.png,snow/test/GP010122/GP010122_frame_000198_rgb_anon.png,images/test/GP010122/GP010122_frame_000198_rgb_anon.png,1920,1080,0,False,
acdc_snow_official_v1,test,1989,snow/test/GP010122/GP010122_frame_000206_rgb_anon.png,snow/test/GP010122/GP010122_frame_000206_rgb_anon.png,images/test/GP010122/GP010122_frame_000206_rgb_anon.png,1920,1080,0,False,
acdc_snow_official_v1,test,1997,snow/test/GP010122/GP010122_frame_000212_rgb_anon.png,snow/test/GP010122/GP010122_frame_000212_rgb_anon.png,images/test/GP010122/GP010122_frame_000212_rgb_anon.png,1920,1080,0,False,
acdc_snow_official_v1,test,1984,snow/test/GP010122/GP010122_frame_000217_rgb_anon.png,snow/test/GP010122/GP010122_frame_000217_rgb_anon.png,images/test/GP010122/GP010122_frame_000217_rgb_anon.png,1920,1080,0,False,
acdc_snow_official_v1,test,1972,snow/test/GP010122/GP010122_frame_000223_rgb_anon.png,snow/test/GP010122/GP010122_frame_000223_rgb_anon.png,images/test/GP010122/GP010122_frame_000223_rgb_anon.png,1920,1080,0,False,
acdc_snow_official_v1,test,1805,snow/test/GP010176/GP010176_frame_000001_rgb_anon.png,snow/test/GP010176/GP010176_frame_000001_rgb_anon.png,images/test/GP010176/GP010176_frame_000001_rgb_anon.png,1920,1080,0,False,
acdc_snow_official_v1,test,1868,snow/test/GP010176/GP010176_frame_000033_rgb_anon.png,snow/test/GP010176/GP010176_frame_000033_rgb_anon.png,images/test/GP010176/GP010176_frame_000033_rgb_anon.png,1920,1080,0,False,
acdc_snow_official_v1,test,1825,snow/test/GP010176/GP010176_frame_000040_rgb_anon.png,snow/test/GP010176/GP010176_frame_000040_rgb_anon.png,images/test/GP010176/GP010176_frame_000040_rgb_anon.png,1920,1080,0,False,
acdc_snow_official_v1,test,1850,snow/test/GP010176/GP010176_frame_000046_rgb_anon.png,snow/test/GP010176/GP010176_frame_000046_rgb_anon.png,images/test/GP010176/GP010176_frame_000046_rgb_anon.png,1920,1080,0,False,
acdc_snow_official_v1,test,1833,snow/test/GP010176/GP010176_frame_000060_rgb_anon.png,snow/test/GP010176/GP010176_frame_000060_rgb_anon.png,images/test/GP010176/GP010176_frame_000060_rgb_anon.png,1920,1080,0,False,
acdc_snow_official_v1,test,1849,snow/test/GP010176/GP010176_frame_000066_rgb_anon.png,snow/test/GP010176/GP010176_frame_000066_rgb_anon.png,images/test/GP010176/GP010176_frame_000066_rgb_anon.png,1920,1080,0,False,
acdc_snow_official_v1,test,1797,snow/test/GP010176/GP010176_frame_000086_rgb_anon.png,snow/test/GP010176/GP010176_frame_000086_rgb_anon.png,images/test/GP010176/GP010176_frame_000086_rgb_anon.png,1920,1080,0,False,
acdc_snow_official_v1,test,1816,snow/test/GP010176/GP010176_frame_000106_rgb_anon.png,snow/test/GP010176/GP010176_frame_000106_rgb_anon.png,images/test/GP010176/GP010176_frame_000106_rgb_anon.png,1920,1080,0,False,
acdc_snow_official_v1,test,1826,snow/test/GP010176/GP010176_frame_000112_rgb_anon.png,snow/test/GP010176/GP010176_frame_000112_rgb_anon.png,images/test/GP010176/GP010176_frame_000112_rgb_anon.png,1920,1080,0,False,
acdc_snow_official_v1,test,1862,snow/test/GP010176/GP010176_frame_000118_rgb_anon.png,snow/test/GP010176/GP010176_frame_000118_rgb_anon.png,images/test/GP010176/GP010176_frame_000118_rgb_anon.png,1920,1080,0,False,
acdc_snow_official_v1,test,1874,snow/test/GP010176/GP010176_frame_000123_rgb_anon.png,snow/test/GP010176/GP010176_frame_000123_rgb_anon.png,images/test/GP010176/GP010176_frame_000123_rgb_anon.png,1920,1080,0,False,
acdc_snow_official_v1,test,1858,snow/test/GP010176/GP010176_frame_000128_rgb_anon.png,snow/test/GP010176/GP010176_frame_000128_rgb_anon.png,images/test/GP010176/GP010176_frame_000128_rgb_anon.png,1920,1080,0,False,
acdc_snow_official_v1,test,1847,snow/test/GP010176/GP010176_frame_000133_rgb_anon.png,snow/test/GP010176/GP010176_frame_000133_rgb_anon.png,images/test/GP010176/GP010176_frame_000133_rgb_anon.png,1920,1080,0,False,
acdc_snow_official_v1,test,1848,snow/test/GP010176/GP010176_frame_000137_rgb_anon.png,snow/test/GP010176/GP010176_frame_000137_rgb_anon.png,images/test/GP010176/GP010176_frame_000137_rgb_anon.png,1920,1080,0,False,
acdc_snow_official_v1,test,1844,snow/test/GP010176/GP010176_frame_000142_rgb_anon.png,snow/test/GP010176/GP010176_frame_000142_rgb_anon.png,images/test/GP010176/GP010176_frame_000142_rgb_anon.png,1920,1080,0,False,
acdc_snow_official_v1,test,1835,snow/test/GP010176/GP010176_frame_000147_rgb_anon.png,snow/test/GP010176/GP010176_frame_000147_rgb_anon.png,images/test/GP010176/GP010176_frame_000147_rgb_anon.png,1920,1080,0,False,
acdc_snow_official_v1,test,1819,snow/test/GP010176/GP010176_frame_000158_rgb_anon.png,snow/test/GP010176/GP010176_frame_000158_rgb_anon.png,images/test/GP010176/GP010176_frame_000158_rgb_anon.png,1920,1080,0,False,
acdc_snow_official_v1,test,1855,snow/test/GP010176/GP010176_frame_000170_rgb_anon.png,snow/test/GP010176/GP010176_frame_000170_rgb_anon.png,images/test/GP010176/GP010176_frame_000170_rgb_anon.png,1920,1080,0,False,
acdc_snow_official_v1,test,1853,snow/test/GP010176/GP010176_frame_000176_rgb_anon.png,snow/test/GP010176/GP010176_frame_000176_rgb_anon.png,images/test/GP010176/GP010176_frame_000176_rgb_anon.png,1920,1080,0,False,
acdc_snow_official_v1,test,1815,snow/test/GP010176/GP010176_frame_000185_rgb_anon.png,snow/test/GP010176/GP010176_frame_000185_rgb_anon.png,images/test/GP010176/GP010176_frame_000185_rgb_anon.png,1920,1080,0,False,
acdc_snow_official_v1,test,1865,snow/test/GP010176/GP010176_frame_000231_rgb_anon.png,snow/test/GP010176/GP010176_frame_000231_rgb_anon.png,images/test/GP010176/GP010176_frame_000231_rgb_anon.png,1920,1080,0,False,
acdc_snow_official_v1,test,1832,snow/test/GP010176/GP010176_frame_000236_rgb_anon.png,snow/test/GP010176/GP010176_frame_000236_rgb_anon.png,images/test/GP010176/GP010176_frame_000236_rgb_anon.png,1920,1080,0,False,
acdc_snow_official_v1,test,1827,snow/test/GP010176/GP010176_frame_000240_rgb_anon.png,snow/test/GP010176/GP010176_frame_000240_rgb_anon.png,images/test/GP010176/GP010176_frame_000240_rgb_anon.png,1920,1080,0,False,
acdc_snow_official_v1,test,1861,snow/test/GP010176/GP010176_frame_000244_rgb_anon.png,snow/test/GP010176/GP010176_frame_000244_rgb_anon.png,images/test/GP010176/GP010176_frame_000244_rgb_anon.png,1920,1080,0,False,
acdc_snow_official_v1,test,1828,snow/test/GP010176/GP010176_frame_000248_rgb_anon.png,snow/test/GP010176/GP010176_frame_000248_rgb_anon.png,images/test/GP010176/GP010176_frame_000248_rgb_anon.png,1920,1080,0,False,
acdc_snow_official_v1,test,1821,snow/test/GP010176/GP010176_frame_000252_rgb_anon.png,snow/test/GP010176/GP010176_frame_000252_rgb_anon.png,images/test/GP010176/GP010176_frame_000252_rgb_anon.png,1920,1080,0,False,
acdc_snow_official_v1,test,1838,snow/test/GP010176/GP010176_frame_000256_rgb_anon.png,snow/test/GP010176/GP010176_frame_000256_rgb_anon.png,images/test/GP010176/GP010176_frame_000256_rgb_anon.png,1920,1080,0,False,
acdc_snow_official_v1,test,1823,snow/test/GP010176/GP010176_frame_000260_rgb_anon.png,snow/test/GP010176/GP010176_frame_000260_rgb_anon.png,images/test/GP010176/GP010176_frame_000260_rgb_anon.png,1920,1080,0,False,
acdc_snow_official_v1,test,1843,snow/test/GP010176/GP010176_frame_000264_rgb_anon.png,snow/test/GP010176/GP010176_frame_000264_rgb_anon.png,images/test/GP010176/GP010176_frame_000264_rgb_anon.png,1920,1080,0,False,
acdc_snow_official_v1,test,1856,snow/test/GP010176/GP010176_frame_000268_rgb_anon.png,snow/test/GP010176/GP010176_frame_000268_rgb_anon.png,images/test/GP010176/GP010176_frame_000268_rgb_anon.png,1920,1080,0,False,
acdc_snow_official_v1,test,1859,snow/test/GP010176/GP010176_frame_000272_rgb_anon.png,snow/test/GP010176/GP010176_frame_000272_rgb_anon.png,images/test/GP010176/GP010176_frame_000272_rgb_anon.png,1920,1080,0,False,
acdc_snow_official_v1,test,1801,snow/test/GP010176/GP010176_frame_000276_rgb_anon.png,snow/test/GP010176/GP010176_frame_000276_rgb_anon.png,images/test/GP010176/GP010176_frame_000276_rgb_anon.png,1920,1080,0,False,
acdc_snow_official_v1,test,1822,snow/test/GP010176/GP010176_frame_000280_rgb_anon.png,snow/test/GP010176/GP010176_frame_000280_rgb_anon.png,images/test/GP010176/GP010176_frame_000280_rgb_anon.png,1920,1080,0,False,
acdc_snow_official_v1,test,1872,snow/test/GP010176/GP010176_frame_000285_rgb_anon.png,snow/test/GP010176/GP010176_frame_000285_rgb_anon.png,images/test/GP010176/GP010176_frame_000285_rgb_anon.png,1920,1080,0,False,
acdc_snow_official_v1,test,1813,snow/test/GP010176/GP010176_frame_000334_rgb_anon.png,snow/test/GP010176/GP010176_frame_000334_rgb_anon.png,images/test/GP010176/GP010176_frame_000334_rgb_anon.png,1920,1080,0,False,
acdc_snow_official_v1,test,1804,snow/test/GP010176/GP010176_frame_000338_rgb_anon.png,snow/test/GP010176/GP010176_frame_000338_rgb_anon.png,images/test/GP010176/GP010176_frame_000338_rgb_anon.png,1920,1080,0,False,
acdc_snow_official_v1,test,1794,snow/test/GP010176/GP010176_frame_000342_rgb_anon.png,snow/test/GP010176/GP010176_frame_000342_rgb_anon.png,images/test/GP010176/GP010176_frame_000342_rgb_anon.png,1920,1080,0,False,
acdc_snow_official_v1,test,1808,snow/test/GP010176/GP010176_frame_000347_rgb_anon.png,snow/test/GP010176/GP010176_frame_000347_rgb_anon.png,images/test/GP010176/GP010176_frame_000347_rgb_anon.png,1920,1080,0,False,
acdc_snow_official_v1,test,1836,snow/test/GP010176/GP010176_frame_000351_rgb_anon.png,snow/test/GP010176/GP010176_frame_000351_rgb_anon.png,images/test/GP010176/GP010176_frame_000351_rgb_anon.png,1920,1080,0,False,
acdc_snow_official_v1,test,1795,snow/test/GP010176/GP010176_frame_000355_rgb_anon.png,snow/test/GP010176/GP010176_frame_000355_rgb_anon.png,images/test/GP010176/GP010176_frame_000355_rgb_anon.png,1920,1080,0,False,
acdc_snow_official_v1,test,1831,snow/test/GP010176/GP010176_frame_000359_rgb_anon.png,snow/test/GP010176/GP010176_frame_000359_rgb_anon.png,images/test/GP010176/GP010176_frame_000359_rgb_anon.png,1920,1080,0,False,
acdc_snow_official_v1,test,1812,snow/test/GP010176/GP010176_frame_000363_rgb_anon.png,snow/test/GP010176/GP010176_frame_000363_rgb_anon.png,images/test/GP010176/GP010176_frame_000363_rgb_anon.png,1920,1080,0,False,
acdc_snow_official_v1,test,1800,snow/test/GP010176/GP010176_frame_000367_rgb_anon.png,snow/test/GP010176/GP010176_frame_000367_rgb_anon.png,images/test/GP010176/GP010176_frame_000367_rgb_anon.png,1920,1080,0,False,
acdc_snow_official_v1,test,1829,snow/test/GP010176/GP010176_frame_000375_rgb_anon.png,snow/test/GP010176/GP010176_frame_000375_rgb_anon.png,images/test/GP010176/GP010176_frame_000375_rgb_anon.png,1920,1080,0,False,
acdc_snow_official_v1,test,1845,snow/test/GP010176/GP010176_frame_000379_rgb_anon.png,snow/test/GP010176/GP010176_frame_000379_rgb_anon.png,images/test/GP010176/GP010176_frame_000379_rgb_anon.png,1920,1080,0,False,
acdc_snow_official_v1,test,1830,snow/test/GP010176/GP010176_frame_000383_rgb_anon.png,snow/test/GP010176/GP010176_frame_000383_rgb_anon.png,images/test/GP010176/GP010176_frame_000383_rgb_anon.png,1920,1080,0,False,
acdc_snow_official_v1,test,1852,snow/test/GP010176/GP010176_frame_000388_rgb_anon.png,snow/test/GP010176/GP010176_frame_000388_rgb_anon.png,images/test/GP010176/GP010176_frame_000388_rgb_anon.png,1920,1080,0,False,
acdc_snow_official_v1,test,1811,snow/test/GP010176/GP010176_frame_000393_rgb_anon.png,snow/test/GP010176/GP010176_frame_000393_rgb_anon.png,images/test/GP010176/GP010176_frame_000393_rgb_anon.png,1920,1080,0,False,
acdc_snow_official_v1,test,1851,snow/test/GP010176/GP010176_frame_000398_rgb_anon.png,snow/test/GP010176/GP010176_frame_000398_rgb_anon.png,images/test/GP010176/GP010176_frame_000398_rgb_anon.png,1920,1080,0,False,
acdc_snow_official_v1,test,1857,snow/test/GP010176/GP010176_frame_000402_rgb_anon.png,snow/test/GP010176/GP010176_frame_000402_rgb_anon.png,images/test/GP010176/GP010176_frame_000402_rgb_anon.png,1920,1080,0,False,
acdc_snow_official_v1,test,1873,snow/test/GP010176/GP010176_frame_000406_rgb_anon.png,snow/test/GP010176/GP010176_frame_000406_rgb_anon.png,images/test/GP010176/GP010176_frame_000406_rgb_anon.png,1920,1080,0,False,
acdc_snow_official_v1,test,1817,snow/test/GP010176/GP010176_frame_000410_rgb_anon.png,snow/test/GP010176/GP010176_frame_000410_rgb_anon.png,images/test/GP010176/GP010176_frame_000410_rgb_anon.png,1920,1080,0,False,
acdc_snow_official_v1,test,1810,snow/test/GP010176/GP010176_frame_000414_rgb_anon.png,snow/test/GP010176/GP010176_frame_000414_rgb_anon.png,images/test/GP010176/GP010176_frame_000414_rgb_anon.png,1920,1080,0,False,
acdc_snow_official_v1,test,1814,snow/test/GP010176/GP010176_frame_000418_rgb_anon.png,snow/test/GP010176/GP010176_frame_000418_rgb_anon.png,images/test/GP010176/GP010176_frame_000418_rgb_anon.png,1920,1080,0,False,
acdc_snow_official_v1,test,1799,snow/test/GP010176/GP010176_frame_000422_rgb_anon.png,snow/test/GP010176/GP010176_frame_000422_rgb_anon.png,images/test/GP010176/GP010176_frame_000422_rgb_anon.png,1920,1080,0,False,
acdc_snow_official_v1,test,1798,snow/test/GP010176/GP010176_frame_000430_rgb_anon.png,snow/test/GP010176/GP010176_frame_000430_rgb_anon.png,images/test/GP010176/GP010176_frame_000430_rgb_anon.png,1920,1080,0,False,
acdc_snow_official_v1,test,1834,snow/test/GP010176/GP010176_frame_000434_rgb_anon.png,snow/test/GP010176/GP010176_frame_000434_rgb_anon.png,images/test/GP010176/GP010176_frame_000434_rgb_anon.png,1920,1080,0,False,
acdc_snow_official_v1,test,1824,snow/test/GP010176/GP010176_frame_000438_rgb_anon.png,snow/test/GP010176/GP010176_frame_000438_rgb_anon.png,images/test/GP010176/GP010176_frame_000438_rgb_anon.png,1920,1080,0,False,
acdc_snow_official_v1,test,1806,snow/test/GP010176/GP010176_frame_000442_rgb_anon.png,snow/test/GP010176/GP010176_frame_000442_rgb_anon.png,images/test/GP010176/GP010176_frame_000442_rgb_anon.png,1920,1080,0,False,
acdc_snow_official_v1,test,1842,snow/test/GP010176/GP010176_frame_000447_rgb_anon.png,snow/test/GP010176/GP010176_frame_000447_rgb_anon.png,images/test/GP010176/GP010176_frame_000447_rgb_anon.png,1920,1080,0,False,
acdc_snow_official_v1,test,1864,snow/test/GP010176/GP010176_frame_000453_rgb_anon.png,snow/test/GP010176/GP010176_frame_000453_rgb_anon.png,images/test/GP010176/GP010176_frame_000453_rgb_anon.png,1920,1080,0,False,
acdc_snow_official_v1,test,1840,snow/test/GP010176/GP010176_frame_000473_rgb_anon.png,snow/test/GP010176/GP010176_frame_000473_rgb_anon.png,images/test/GP010176/GP010176_frame_000473_rgb_anon.png,1920,1080,0,False,
acdc_snow_official_v1,test,1854,snow/test/GP010176/GP010176_frame_000513_rgb_anon.png,snow/test/GP010176/GP010176_frame_000513_rgb_anon.png,images/test/GP010176/GP010176_frame_000513_rgb_anon.png,1920,1080,0,False,
acdc_snow_official_v1,test,1818,snow/test/GP010176/GP010176_frame_000533_rgb_anon.png,snow/test/GP010176/GP010176_frame_000533_rgb_anon.png,images/test/GP010176/GP010176_frame_000533_rgb_anon.png,1920,1080,0,False,
acdc_snow_official_v1,test,1867,snow/test/GP010176/GP010176_frame_000544_rgb_anon.png,snow/test/GP010176/GP010176_frame_000544_rgb_anon.png,images/test/GP010176/GP010176_frame_000544_rgb_anon.png,1920,1080,0,False,
acdc_snow_official_v1,test,1803,snow/test/GP010176/GP010176_frame_000551_rgb_anon.png,snow/test/GP010176/GP010176_frame_000551_rgb_anon.png,images/test/GP010176/GP010176_frame_000551_rgb_anon.png,1920,1080,0,False,
acdc_snow_official_v1,test,1875,snow/test/GP010176/GP010176_frame_000557_rgb_anon.png,snow/test/GP010176/GP010176_frame_000557_rgb_anon.png,images/test/GP010176/GP010176_frame_000557_rgb_anon.png,1920,1080,0,False,
acdc_snow_official_v1,test,1841,snow/test/GP010176/GP010176_frame_000643_rgb_anon.png,snow/test/GP010176/GP010176_frame_000643_rgb_anon.png,images/test/GP010176/GP010176_frame_000643_rgb_anon.png,1920,1080,0,False,
acdc_snow_official_v1,test,1846,snow/test/GP010176/GP010176_frame_000654_rgb_anon.png,snow/test/GP010176/GP010176_frame_000654_rgb_anon.png,images/test/GP010176/GP010176_frame_000654_rgb_anon.png,1920,1080,0,False,
acdc_snow_official_v1,test,1839,snow/test/GP010176/GP010176_frame_000669_rgb_anon.png,snow/test/GP010176/GP010176_frame_000669_rgb_anon.png,images/test/GP010176/GP010176_frame_000669_rgb_anon.png,1920,1080,0,False,
acdc_snow_official_v1,test,1837,snow/test/GP010176/GP010176_frame_000683_rgb_anon.png,snow/test/GP010176/GP010176_frame_000683_rgb_anon.png,images/test/GP010176/GP010176_frame_000683_rgb_anon.png,1920,1080,0,False,
acdc_snow_official_v1,test,1793,snow/test/GP010176/GP010176_frame_000698_rgb_anon.png,snow/test/GP010176/GP010176_frame_000698_rgb_anon.png,images/test/GP010176/GP010176_frame_000698_rgb_anon.png,1920,1080,0,False,
acdc_snow_official_v1,test,1809,snow/test/GP010176/GP010176_frame_000704_rgb_anon.png,snow/test/GP010176/GP010176_frame_000704_rgb_anon.png,images/test/GP010176/GP010176_frame_000704_rgb_anon.png,1920,1080,0,False,
acdc_snow_official_v1,test,1863,snow/test/GP010176/GP010176_frame_000790_rgb_anon.png,snow/test/GP010176/GP010176_frame_000790_rgb_anon.png,images/test/GP010176/GP010176_frame_000790_rgb_anon.png,1920,1080,0,False,
acdc_snow_official_v1,test,1866,snow/test/GP010176/GP010176_frame_000810_rgb_anon.png,snow/test/GP010176/GP010176_frame_000810_rgb_anon.png,images/test/GP010176/GP010176_frame_000810_rgb_anon.png,1920,1080,0,False,
acdc_snow_official_v1,test,1807,snow/test/GP010176/GP010176_frame_000827_rgb_anon.png,snow/test/GP010176/GP010176_frame_000827_rgb_anon.png,images/test/GP010176/GP010176_frame_000827_rgb_anon.png,1920,1080,0,False,
acdc_snow_official_v1,test,1802,snow/test/GP010176/GP010176_frame_000847_rgb_anon.png,snow/test/GP010176/GP010176_frame_000847_rgb_anon.png,images/test/GP010176/GP010176_frame_000847_rgb_anon.png,1920,1080,0,False,
acdc_snow_official_v1,test,1870,snow/test/GP010176/GP010176_frame_000867_rgb_anon.png,snow/test/GP010176/GP010176_frame_000867_rgb_anon.png,images/test/GP010176/GP010176_frame_000867_rgb_anon.png,1920,1080,0,False,
acdc_snow_official_v1,test,1820,snow/test/GP010176/GP010176_frame_000922_rgb_anon.png,snow/test/GP010176/GP010176_frame_000922_rgb_anon.png,images/test/GP010176/GP010176_frame_000922_rgb_anon.png,1920,1080,0,False,
acdc_snow_official_v1,test,1869,snow/test/GP010176/GP010176_frame_000982_rgb_anon.png,snow/test/GP010176/GP010176_frame_000982_rgb_anon.png,images/test/GP010176/GP010176_frame_000982_rgb_anon.png,1920,1080,0,False,
acdc_snow_official_v1,test,1796,snow/test/GP010176/GP010176_frame_000997_rgb_anon.png,snow/test/GP010176/GP010176_frame_000997_rgb_anon.png,images/test/GP010176/GP010176_frame_000997_rgb_anon.png,1920,1080,0,False,
acdc_snow_official_v1,test,1871,snow/test/GP010176/GP010176_frame_001037_rgb_anon.png,snow/test/GP010176/GP010176_frame_001037_rgb_anon.png,images/test/GP010176/GP010176_frame_001037_rgb_anon.png,1920,1080,0,False,
acdc_snow_official_v1,test,1860,snow/test/GP010176/GP010176_frame_001057_rgb_anon.png,snow/test/GP010176/GP010176_frame_001057_rgb_anon.png,images/test/GP010176/GP010176_frame_001057_rgb_anon.png,1920,1080,0,False,
acdc_snow_official_v1,test,1907,snow/test/GP010494/GP010494_frame_000001_rgb_anon.png,snow/test/GP010494/GP010494_frame_000001_rgb_anon.png,images/test/GP010494/GP010494_frame_000001_rgb_anon.png,1920,1080,0,False,
acdc_snow_official_v1,test,1900,snow/test/GP010494/GP010494_frame_000008_rgb_anon.png,snow/test/GP010494/GP010494_frame_000008_rgb_anon.png,images/test/GP010494/GP010494_frame_000008_rgb_anon.png,1920,1080,0,False,
acdc_snow_official_v1,test,1909,snow/test/GP010494/GP010494_frame_000025_rgb_anon.png,snow/test/GP010494/GP010494_frame_000025_rgb_anon.png,images/test/GP010494/GP010494_frame_000025_rgb_anon.png,1920,1080,0,False,
acdc_snow_official_v1,test,1908,snow/test/GP010494/GP010494_frame_000031_rgb_anon.png,snow/test/GP010494/GP010494_frame_000031_rgb_anon.png,images/test/GP010494/GP010494_frame_000031_rgb_anon.png,1920,1080,0,False,
acdc_snow_official_v1,test,1904,snow/test/GP010494/GP010494_frame_000064_rgb_anon.png,snow/test/GP010494/GP010494_frame_000064_rgb_anon.png,images/test/GP010494/GP010494_frame_000064_rgb_anon.png,1920,1080,0,False,
acdc_snow_official_v1,test,1912,snow/test/GP010494/GP010494_frame_000084_rgb_anon.png,snow/test/GP010494/GP010494_frame_000084_rgb_anon.png,images/test/GP010494/GP010494_frame_000084_rgb_anon.png,1920,1080,0,False,
acdc_snow_official_v1,test,1899,snow/test/GP010494/GP010494_frame_000115_rgb_anon.png,snow/test/GP010494/GP010494_frame_000115_rgb_anon.png,images/test/GP010494/GP010494_frame_000115_rgb_anon.png,1920,1080,0,False,
acdc_snow_official_v1,test,1911,snow/test/GP010494/GP010494_frame_000121_rgb_anon.png,snow/test/GP010494/GP010494_frame_000121_rgb_anon.png,images/test/GP010494/GP010494_frame_000121_rgb_anon.png,1920,1080,0,False,
acdc_snow_official_v1,test,1914,snow/test/GP010494/GP010494_frame_000126_rgb_anon.png,snow/test/GP010494/GP010494_frame_000126_rgb_anon.png,images/test/GP010494/GP010494_frame_000126_rgb_anon.png,1920,1080,0,False,
acdc_snow_official_v1,test,1901,snow/test/GP010494/GP010494_frame_000132_rgb_anon.png,snow/test/GP010494/GP010494_frame_000132_rgb_anon.png,images/test/GP010494/GP010494_frame_000132_rgb_anon.png,1920,1080,0,False,
acdc_snow_official_v1,test,1906,snow/test/GP010494/GP010494_frame_000141_rgb_anon.png,snow/test/GP010494/GP010494_frame_000141_rgb_anon.png,images/test/GP010494/GP010494_frame_000141_rgb_anon.png,1920,1080,0,False,
acdc_snow_official_v1,test,1913,snow/test/GP010494/GP010494_frame_000157_rgb_anon.png,snow/test/GP010494/GP010494_frame_000157_rgb_anon.png,images/test/GP010494/GP010494_frame_000157_rgb_anon.png,1920,1080,0,False,
acdc_snow_official_v1,test,1910,snow/test/GP010494/GP010494_frame_000177_rgb_anon.png,snow/test/GP010494/GP010494_frame_000177_rgb_anon.png,images/test/GP010494/GP010494_frame_000177_rgb_anon.png,1920,1080,0,False,
acdc_snow_official_v1,test,1902,snow/test/GP010494/GP010494_frame_000217_rgb_anon.png,snow/test/GP010494/GP010494_frame_000217_rgb_anon.png,images/test/GP010494/GP010494_frame_000217_rgb_anon.png,1920,1080,0,False,
acdc_snow_official_v1,test,1905,snow/test/GP010494/GP010494_frame_000222_rgb_anon.png,snow/test/GP010494/GP010494_frame_000222_rgb_anon.png,images/test/GP010494/GP010494_frame_000222_rgb_anon.png,1920,1080,0,False,
acdc_snow_official_v1,test,1903,snow/test/GP010494/GP010494_frame_000242_rgb_anon.png,snow/test/GP010494/GP010494_frame_000242_rgb_anon.png,images/test/GP010494/GP010494_frame_000242_rgb_anon.png,1920,1080,0,False,
acdc_snow_official_v1,test,1777,snow/test/GP010496/GP010496_frame_000001_rgb_anon.png,snow/test/GP010496/GP010496_frame_000001_rgb_anon.png,images/test/GP010496/GP010496_frame_000001_rgb_anon.png,1920,1080,0,False,
acdc_snow_official_v1,test,1761,snow/test/GP010496/GP010496_frame_000010_rgb_anon.png,snow/test/GP010496/GP010496_frame_000010_rgb_anon.png,images/test/GP010496/GP010496_frame_000010_rgb_anon.png,1920,1080,0,False,
acdc_snow_official_v1,test,1787,snow/test/GP010496/GP010496_frame_000030_rgb_anon.png,snow/test/GP010496/GP010496_frame_000030_rgb_anon.png,images/test/GP010496/GP010496_frame_000030_rgb_anon.png,1920,1080,0,False,
acdc_snow_official_v1,test,1790,snow/test/GP010496/GP010496_frame_000056_rgb_anon.png,snow/test/GP010496/GP010496_frame_000056_rgb_anon.png,images/test/GP010496/GP010496_frame_000056_rgb_anon.png,1920,1080,0,False,
acdc_snow_official_v1,test,1766,snow/test/GP010496/GP010496_frame_000095_rgb_anon.png,snow/test/GP010496/GP010496_frame_000095_rgb_anon.png,images/test/GP010496/GP010496_frame_000095_rgb_anon.png,1920,1080,0,False,
acdc_snow_official_v1,test,1762,snow/test/GP010496/GP010496_frame_000107_rgb_anon.png,snow/test/GP010496/GP010496_frame_000107_rgb_anon.png,images/test/GP010496/GP010496_frame_000107_rgb_anon.png,1920,1080,0,False,
acdc_snow_official_v1,test,1769,snow/test/GP010496/GP010496_frame_000126_rgb_anon.png,snow/test/GP010496/GP010496_frame_000126_rgb_anon.png,images/test/GP010496/GP010496_frame_000126_rgb_anon.png,1920,1080,0,False,
acdc_snow_official_v1,test,1781,snow/test/GP010496/GP010496_frame_000132_rgb_anon.png,snow/test/GP010496/GP010496_frame_000132_rgb_anon.png,images/test/GP010496/GP010496_frame_000132_rgb_anon.png,1920,1080,0,False,
acdc_snow_official_v1,test,1767,snow/test/GP010496/GP010496_frame_000139_rgb_anon.png,snow/test/GP010496/GP010496_frame_000139_rgb_anon.png,images/test/GP010496/GP010496_frame_000139_rgb_anon.png,1920,1080,0,False,
acdc_snow_official_v1,test,1774,snow/test/GP010496/GP010496_frame_000152_rgb_anon.png,snow/test/GP010496/GP010496_frame_000152_rgb_anon.png,images/test/GP010496/GP010496_frame_000152_rgb_anon.png,1920,1080,0,False,
acdc_snow_official_v1,test,1782,snow/test/GP010496/GP010496_frame_000158_rgb_anon.png,snow/test/GP010496/GP010496_frame_000158_rgb_anon.png,images/test/GP010496/GP010496_frame_000158_rgb_anon.png,1920,1080,0,False,
acdc_snow_official_v1,test,1757,snow/test/GP010496/GP010496_frame_000165_rgb_anon.png,snow/test/GP010496/GP010496_frame_000165_rgb_anon.png,images/test/GP010496/GP010496_frame_000165_rgb_anon.png,1920,1080,0,False,
acdc_snow_official_v1,test,1786,snow/test/GP010496/GP010496_frame_000173_rgb_anon.png,snow/test/GP010496/GP010496_frame_000173_rgb_anon.png,images/test/GP010496/GP010496_frame_000173_rgb_anon.png,1920,1080,0,False,
acdc_snow_official_v1,test,1791,snow/test/GP010496/GP010496_frame_000179_rgb_anon.png,snow/test/GP010496/GP010496_frame_000179_rgb_anon.png,images/test/GP010496/GP010496_frame_000179_rgb_anon.png,1920,1080,0,False,
acdc_snow_official_v1,test,1765,snow/test/GP010496/GP010496_frame_000187_rgb_anon.png,snow/test/GP010496/GP010496_frame_000187_rgb_anon.png,images/test/GP010496/GP010496_frame_000187_rgb_anon.png,1920,1080,0,False,
acdc_snow_official_v1,test,1784,snow/test/GP010496/GP010496_frame_000193_rgb_anon.png,snow/test/GP010496/GP010496_frame_000193_rgb_anon.png,images/test/GP010496/GP010496_frame_000193_rgb_anon.png,1920,1080,0,False,
acdc_snow_official_v1,test,1759,snow/test/GP010496/GP010496_frame_000198_rgb_anon.png,snow/test/GP010496/GP010496_frame_000198_rgb_anon.png,images/test/GP010496/GP010496_frame_000198_rgb_anon.png,1920,1080,0,False,
acdc_snow_official_v1,test,1755,snow/test/GP010496/GP010496_frame_000510_rgb_anon.png,snow/test/GP010496/GP010496_frame_000510_rgb_anon.png,images/test/GP010496/GP010496_frame_000510_rgb_anon.png,1920,1080,0,False,
acdc_snow_official_v1,test,1780,snow/test/GP010496/GP010496_frame_000517_rgb_anon.png,snow/test/GP010496/GP010496_frame_000517_rgb_anon.png,images/test/GP010496/GP010496_frame_000517_rgb_anon.png,1920,1080,0,False,
acdc_snow_official_v1,test,1753,snow/test/GP010496/GP010496_frame_000525_rgb_anon.png,snow/test/GP010496/GP010496_frame_000525_rgb_anon.png,images/test/GP010496/GP010496_frame_000525_rgb_anon.png,1920,1080,0,False,
acdc_snow_official_v1,test,1756,snow/test/GP010496/GP010496_frame_000530_rgb_anon.png,snow/test/GP010496/GP010496_frame_000530_rgb_anon.png,images/test/GP010496/GP010496_frame_000530_rgb_anon.png,1920,1080,0,False,
acdc_snow_official_v1,test,1775,snow/test/GP010496/GP010496_frame_000547_rgb_anon.png,snow/test/GP010496/GP010496_frame_000547_rgb_anon.png,images/test/GP010496/GP010496_frame_000547_rgb_anon.png,1920,1080,0,False,
acdc_snow_official_v1,test,1754,snow/test/GP010496/GP010496_frame_000567_rgb_anon.png,snow/test/GP010496/GP010496_frame_000567_rgb_anon.png,images/test/GP010496/GP010496_frame_000567_rgb_anon.png,1920,1080,0,False,
acdc_snow_official_v1,test,1776,snow/test/GP010496/GP010496_frame_000612_rgb_anon.png,snow/test/GP010496/GP010496_frame_000612_rgb_anon.png,images/test/GP010496/GP010496_frame_000612_rgb_anon.png,1920,1080,0,False,
acdc_snow_official_v1,test,1768,snow/test/GP010496/GP010496_frame_000641_rgb_anon.png,snow/test/GP010496/GP010496_frame_000641_rgb_anon.png,images/test/GP010496/GP010496_frame_000641_rgb_anon.png,1920,1080,0,False,
acdc_snow_official_v1,test,1789,snow/test/GP010496/GP010496_frame_000661_rgb_anon.png,snow/test/GP010496/GP010496_frame_000661_rgb_anon.png,images/test/GP010496/GP010496_frame_000661_rgb_anon.png,1920,1080,0,False,
acdc_snow_official_v1,test,1788,snow/test/GP010496/GP010496_frame_000667_rgb_anon.png,snow/test/GP010496/GP010496_frame_000667_rgb_anon.png,images/test/GP010496/GP010496_frame_000667_rgb_anon.png,1920,1080,0,False,
acdc_snow_official_v1,test,1760,snow/test/GP010496/GP010496_frame_000673_rgb_anon.png,snow/test/GP010496/GP010496_frame_000673_rgb_anon.png,images/test/GP010496/GP010496_frame_000673_rgb_anon.png,1920,1080,0,False,
acdc_snow_official_v1,test,1770,snow/test/GP010496/GP010496_frame_000681_rgb_anon.png,snow/test/GP010496/GP010496_frame_000681_rgb_anon.png,images/test/GP010496/GP010496_frame_000681_rgb_anon.png,1920,1080,0,False,
acdc_snow_official_v1,test,1778,snow/test/GP010496/GP010496_frame_000701_rgb_anon.png,snow/test/GP010496/GP010496_frame_000701_rgb_anon.png,images/test/GP010496/GP010496_frame_000701_rgb_anon.png,1920,1080,0,False,
acdc_snow_official_v1,test,1752,snow/test/GP010496/GP010496_frame_000721_rgb_anon.png,snow/test/GP010496/GP010496_frame_000721_rgb_anon.png,images/test/GP010496/GP010496_frame_000721_rgb_anon.png,1920,1080,0,False,
acdc_snow_official_v1,test,1771,snow/test/GP010496/GP010496_frame_000737_rgb_anon.png,snow/test/GP010496/GP010496_frame_000737_rgb_anon.png,images/test/GP010496/GP010496_frame_000737_rgb_anon.png,1920,1080,0,False,
acdc_snow_official_v1,test,1763,snow/test/GP010496/GP010496_frame_000757_rgb_anon.png,snow/test/GP010496/GP010496_frame_000757_rgb_anon.png,images/test/GP010496/GP010496_frame_000757_rgb_anon.png,1920,1080,0,False,
acdc_snow_official_v1,test,1785,snow/test/GP010496/GP010496_frame_000797_rgb_anon.png,snow/test/GP010496/GP010496_frame_000797_rgb_anon.png,images/test/GP010496/GP010496_frame_000797_rgb_anon.png,1920,1080,0,False,
acdc_snow_official_v1,test,1772,snow/test/GP010496/GP010496_frame_000805_rgb_anon.png,snow/test/GP010496/GP010496_frame_000805_rgb_anon.png,images/test/GP010496/GP010496_frame_000805_rgb_anon.png,1920,1080,0,False,
acdc_snow_official_v1,test,1783,snow/test/GP010496/GP010496_frame_000811_rgb_anon.png,snow/test/GP010496/GP010496_frame_000811_rgb_anon.png,images/test/GP010496/GP010496_frame_000811_rgb_anon.png,1920,1080,0,False,
acdc_snow_official_v1,test,1758,snow/test/GP010496/GP010496_frame_000823_rgb_anon.png,snow/test/GP010496/GP010496_frame_000823_rgb_anon.png,images/test/GP010496/GP010496_frame_000823_rgb_anon.png,1920,1080,0,False,
acdc_snow_official_v1,test,1751,snow/test/GP010496/GP010496_frame_000837_rgb_anon.png,snow/test/GP010496/GP010496_frame_000837_rgb_anon.png,images/test/GP010496/GP010496_frame_000837_rgb_anon.png,1920,1080,0,False,
acdc_snow_official_v1,test,1773,snow/test/GP010496/GP010496_frame_000851_rgb_anon.png,snow/test/GP010496/GP010496_frame_000851_rgb_anon.png,images/test/GP010496/GP010496_frame_000851_rgb_anon.png,1920,1080,0,False,
acdc_snow_official_v1,test,1779,snow/test/GP010496/GP010496_frame_000858_rgb_anon.png,snow/test/GP010496/GP010496_frame_000858_rgb_anon.png,images/test/GP010496/GP010496_frame_000858_rgb_anon.png,1920,1080,0,False,
acdc_snow_official_v1,test,1764,snow/test/GP010496/GP010496_frame_000868_rgb_anon.png,snow/test/GP010496/GP010496_frame_000868_rgb_anon.png,images/test/GP010496/GP010496_frame_000868_rgb_anon.png,1920,1080,0,False,
acdc_snow_official_v1,test,1792,snow/test/GP010496/GP010496_frame_000883_rgb_anon.png,snow/test/GP010496/GP010496_frame_000883_rgb_anon.png,images/test/GP010496/GP010496_frame_000883_rgb_anon.png,1920,1080,0,False,
acdc_snow_official_v1,test,1668,snow/test/GP010606/GP010606_frame_000001_rgb_anon.png,snow/test/GP010606/GP010606_frame_000001_rgb_anon.png,images/test/GP010606/GP010606_frame_000001_rgb_anon.png,1920,1080,0,False,
acdc_snow_official_v1,test,1639,snow/test/GP010606/GP010606_frame_000014_rgb_anon.png,snow/test/GP010606/GP010606_frame_000014_rgb_anon.png,images/test/GP010606/GP010606_frame_000014_rgb_anon.png,1920,1080,0,False,
acdc_snow_official_v1,test,1637,snow/test/GP010606/GP010606_frame_000021_rgb_anon.png,snow/test/GP010606/GP010606_frame_000021_rgb_anon.png,images/test/GP010606/GP010606_frame_000021_rgb_anon.png,1920,1080,0,False,
acdc_snow_official_v1,test,1653,snow/test/GP010606/GP010606_frame_000027_rgb_anon.png,snow/test/GP010606/GP010606_frame_000027_rgb_anon.png,images/test/GP010606/GP010606_frame_000027_rgb_anon.png,1920,1080,0,False,
acdc_snow_official_v1,test,1683,snow/test/GP010606/GP010606_frame_000032_rgb_anon.png,snow/test/GP010606/GP010606_frame_000032_rgb_anon.png,images/test/GP010606/GP010606_frame_000032_rgb_anon.png,1920,1080,0,False,
acdc_snow_official_v1,test,1649,snow/test/GP010606/GP010606_frame_000052_rgb_anon.png,snow/test/GP010606/GP010606_frame_000052_rgb_anon.png,images/test/GP010606/GP010606_frame_000052_rgb_anon.png,1920,1080,0,False,
acdc_snow_official_v1,test,1629,snow/test/GP010606/GP010606_frame_000072_rgb_anon.png,snow/test/GP010606/GP010606_frame_000072_rgb_anon.png,images/test/GP010606/GP010606_frame_000072_rgb_anon.png,1920,1080,0,False,
acdc_snow_official_v1,test,1622,snow/test/GP010606/GP010606_frame_000087_rgb_anon.png,snow/test/GP010606/GP010606_frame_000087_rgb_anon.png,images/test/GP010606/GP010606_frame_000087_rgb_anon.png,1920,1080,0,False,
acdc_snow_official_v1,test,1680,snow/test/GP010606/GP010606_frame_000107_rgb_anon.png,snow/test/GP010606/GP010606_frame_000107_rgb_anon.png,images/test/GP010606/GP010606_frame_000107_rgb_anon.png,1920,1080,0,False,
acdc_snow_official_v1,test,1666,snow/test/GP010606/GP010606_frame_000127_rgb_anon.png,snow/test/GP010606/GP010606_frame_000127_rgb_anon.png,images/test/GP010606/GP010606_frame_000127_rgb_anon.png,1920,1080,0,False,
acdc_snow_official_v1,test,1659,snow/test/GP010606/GP010606_frame_000138_rgb_anon.png,snow/test/GP010606/GP010606_frame_000138_rgb_anon.png,images/test/GP010606/GP010606_frame_000138_rgb_anon.png,1920,1080,0,False,
acdc_snow_official_v1,test,1633,snow/test/GP010606/GP010606_frame_000145_rgb_anon.png,snow/test/GP010606/GP010606_frame_000145_rgb_anon.png,images/test/GP010606/GP010606_frame_000145_rgb_anon.png,1920,1080,0,False,
acdc_snow_official_v1,test,1669,snow/test/GP010606/GP010606_frame_000165_rgb_anon.png,snow/test/GP010606/GP010606_frame_000165_rgb_anon.png,images/test/GP010606/GP010606_frame_000165_rgb_anon.png,1920,1080,0,False,
acdc_snow_official_v1,test,1678,snow/test/GP010606/GP010606_frame_000185_rgb_anon.png,snow/test/GP010606/GP010606_frame_000185_rgb_anon.png,images/test/GP010606/GP010606_frame_000185_rgb_anon.png,1920,1080,0,False,
acdc_snow_official_v1,test,1627,snow/test/GP010606/GP010606_frame_000199_rgb_anon.png,snow/test/GP010606/GP010606_frame_000199_rgb_anon.png,images/test/GP010606/GP010606_frame_000199_rgb_anon.png,1920,1080,0,False,
acdc_snow_official_v1,test,1677,snow/test/GP010606/GP010606_frame_000207_rgb_anon.png,snow/test/GP010606/GP010606_frame_000207_rgb_anon.png,images/test/GP010606/GP010606_frame_000207_rgb_anon.png,1920,1080,0,False,
acdc_snow_official_v1,test,1644,snow/test/GP010606/GP010606_frame_000219_rgb_anon.png,snow/test/GP010606/GP010606_frame_000219_rgb_anon.png,images/test/GP010606/GP010606_frame_000219_rgb_anon.png,1920,1080,0,False,
acdc_snow_official_v1,test,1628,snow/test/GP010606/GP010606_frame_000244_rgb_anon.png,snow/test/GP010606/GP010606_frame_000244_rgb_anon.png,images/test/GP010606/GP010606_frame_000244_rgb_anon.png,1920,1080,0,False,
acdc_snow_official_v1,test,1671,snow/test/GP010606/GP010606_frame_000339_rgb_anon.png,snow/test/GP010606/GP010606_frame_000339_rgb_anon.png,images/test/GP010606/GP010606_frame_000339_rgb_anon.png,1920,1080,0,False,
acdc_snow_official_v1,test,1631,snow/test/GP010606/GP010606_frame_000355_rgb_anon.png,snow/test/GP010606/GP010606_frame_000355_rgb_anon.png,images/test/GP010606/GP010606_frame_000355_rgb_anon.png,1920,1080,0,False,
acdc_snow_official_v1,test,1681,snow/test/GP010606/GP010606_frame_000364_rgb_anon.png,snow/test/GP010606/GP010606_frame_000364_rgb_anon.png,images/test/GP010606/GP010606_frame_000364_rgb_anon.png,1920,1080,0,False,
acdc_snow_official_v1,test,1641,snow/test/GP010606/GP010606_frame_000370_rgb_anon.png,snow/test/GP010606/GP010606_frame_000370_rgb_anon.png,images/test/GP010606/GP010606_frame_000370_rgb_anon.png,1920,1080,0,False,
acdc_snow_official_v1,test,1658,snow/test/GP010606/GP010606_frame_000375_rgb_anon.png,snow/test/GP010606/GP010606_frame_000375_rgb_anon.png,images/test/GP010606/GP010606_frame_000375_rgb_anon.png,1920,1080,0,False,
acdc_snow_official_v1,test,1673,snow/test/GP010606/GP010606_frame_000380_rgb_anon.png,snow/test/GP010606/GP010606_frame_000380_rgb_anon.png,images/test/GP010606/GP010606_frame_000380_rgb_anon.png,1920,1080,0,False,
acdc_snow_official_v1,test,1684,snow/test/GP010606/GP010606_frame_000385_rgb_anon.png,snow/test/GP010606/GP010606_frame_000385_rgb_anon.png,images/test/GP010606/GP010606_frame_000385_rgb_anon.png,1920,1080,0,False,
acdc_snow_official_v1,test,1625,snow/test/GP010606/GP010606_frame_000412_rgb_anon.png,snow/test/GP010606/GP010606_frame_000412_rgb_anon.png,images/test/GP010606/GP010606_frame_000412_rgb_anon.png,1920,1080,0,False,
acdc_snow_official_v1,test,1657,snow/test/GP010606/GP010606_frame_000452_rgb_anon.png,snow/test/GP010606/GP010606_frame_000452_rgb_anon.png,images/test/GP010606/GP010606_frame_000452_rgb_anon.png,1920,1080,0,False,
acdc_snow_official_v1,test,1682,snow/test/GP010606/GP010606_frame_000472_rgb_anon.png,snow/test/GP010606/GP010606_frame_000472_rgb_anon.png,images/test/GP010606/GP010606_frame_000472_rgb_anon.png,1920,1080,0,False,
acdc_snow_official_v1,test,1636,snow/test/GP010606/GP010606_frame_000492_rgb_anon.png,snow/test/GP010606/GP010606_frame_000492_rgb_anon.png,images/test/GP010606/GP010606_frame_000492_rgb_anon.png,1920,1080,0,False,
acdc_snow_official_v1,test,1660,snow/test/GP010606/GP010606_frame_000532_rgb_anon.png,snow/test/GP010606/GP010606_frame_000532_rgb_anon.png,images/test/GP010606/GP010606_frame_000532_rgb_anon.png,1920,1080,0,False,
acdc_snow_official_v1,test,1655,snow/test/GP010606/GP010606_frame_000572_rgb_anon.png,snow/test/GP010606/GP010606_frame_000572_rgb_anon.png,images/test/GP010606/GP010606_frame_000572_rgb_anon.png,1920,1080,0,False,
acdc_snow_official_v1,test,1670,snow/test/GP010606/GP010606_frame_000589_rgb_anon.png,snow/test/GP010606/GP010606_frame_000589_rgb_anon.png,images/test/GP010606/GP010606_frame_000589_rgb_anon.png,1920,1080,0,False,
acdc_snow_official_v1,test,1634,snow/test/GP010606/GP010606_frame_000595_rgb_anon.png,snow/test/GP010606/GP010606_frame_000595_rgb_anon.png,images/test/GP010606/GP010606_frame_000595_rgb_anon.png,1920,1080,0,False,
acdc_snow_official_v1,test,1661,snow/test/GP010606/GP010606_frame_000605_rgb_anon.png,snow/test/GP010606/GP010606_frame_000605_rgb_anon.png,images/test/GP010606/GP010606_frame_000605_rgb_anon.png,1920,1080,0,False,
acdc_snow_official_v1,test,1667,snow/test/GP010606/GP010606_frame_000665_rgb_anon.png,snow/test/GP010606/GP010606_frame_000665_rgb_anon.png,images/test/GP010606/GP010606_frame_000665_rgb_anon.png,1920,1080,0,False,
acdc_snow_official_v1,test,1642,snow/test/GP010606/GP010606_frame_000685_rgb_anon.png,snow/test/GP010606/GP010606_frame_000685_rgb_anon.png,images/test/GP010606/GP010606_frame_000685_rgb_anon.png,1920,1080,0,False,
acdc_snow_official_v1,test,1676,snow/test/GP010606/GP010606_frame_000705_rgb_anon.png,snow/test/GP010606/GP010606_frame_000705_rgb_anon.png,images/test/GP010606/GP010606_frame_000705_rgb_anon.png,1920,1080,0,False,
acdc_snow_official_v1,test,1650,snow/test/GP010606/GP010606_frame_000725_rgb_anon.png,snow/test/GP010606/GP010606_frame_000725_rgb_anon.png,images/test/GP010606/GP010606_frame_000725_rgb_anon.png,1920,1080,0,False,
acdc_snow_official_v1,test,1626,snow/test/GP010606/GP010606_frame_000745_rgb_anon.png,snow/test/GP010606/GP010606_frame_000745_rgb_anon.png,images/test/GP010606/GP010606_frame_000745_rgb_anon.png,1920,1080,0,False,
acdc_snow_official_v1,test,1651,snow/test/GP010606/GP010606_frame_000776_rgb_anon.png,snow/test/GP010606/GP010606_frame_000776_rgb_anon.png,images/test/GP010606/GP010606_frame_000776_rgb_anon.png,1920,1080,0,False,
acdc_snow_official_v1,test,1654,snow/test/GP010606/GP010606_frame_000787_rgb_anon.png,snow/test/GP010606/GP010606_frame_000787_rgb_anon.png,images/test/GP010606/GP010606_frame_000787_rgb_anon.png,1920,1080,0,False,
acdc_snow_official_v1,test,1645,snow/test/GP010606/GP010606_frame_000804_rgb_anon.png,snow/test/GP010606/GP010606_frame_000804_rgb_anon.png,images/test/GP010606/GP010606_frame_000804_rgb_anon.png,1920,1080,0,False,
acdc_snow_official_v1,test,1674,snow/test/GP010606/GP010606_frame_000811_rgb_anon.png,snow/test/GP010606/GP010606_frame_000811_rgb_anon.png,images/test/GP010606/GP010606_frame_000811_rgb_anon.png,1920,1080,0,False,
acdc_snow_official_v1,test,1640,snow/test/GP010606/GP010606_frame_000824_rgb_anon.png,snow/test/GP010606/GP010606_frame_000824_rgb_anon.png,images/test/GP010606/GP010606_frame_000824_rgb_anon.png,1920,1080,0,False,
acdc_snow_official_v1,test,1647,snow/test/GP010606/GP010606_frame_000844_rgb_anon.png,snow/test/GP010606/GP010606_frame_000844_rgb_anon.png,images/test/GP010606/GP010606_frame_000844_rgb_anon.png,1920,1080,0,False,
acdc_snow_official_v1,test,1662,snow/test/GP010606/GP010606_frame_000853_rgb_anon.png,snow/test/GP010606/GP010606_frame_000853_rgb_anon.png,images/test/GP010606/GP010606_frame_000853_rgb_anon.png,1920,1080,0,False,
acdc_snow_official_v1,test,1679,snow/test/GP010606/GP010606_frame_000859_rgb_anon.png,snow/test/GP010606/GP010606_frame_000859_rgb_anon.png,images/test/GP010606/GP010606_frame_000859_rgb_anon.png,1920,1080,0,False,
acdc_snow_official_v1,test,1646,snow/test/GP010606/GP010606_frame_000865_rgb_anon.png,snow/test/GP010606/GP010606_frame_000865_rgb_anon.png,images/test/GP010606/GP010606_frame_000865_rgb_anon.png,1920,1080,0,False,
acdc_snow_official_v1,test,1635,snow/test/GP010606/GP010606_frame_000871_rgb_anon.png,snow/test/GP010606/GP010606_frame_000871_rgb_anon.png,images/test/GP010606/GP010606_frame_000871_rgb_anon.png,1920,1080,0,False,
acdc_snow_official_v1,test,1665,snow/test/GP010606/GP010606_frame_000884_rgb_anon.png,snow/test/GP010606/GP010606_frame_000884_rgb_anon.png,images/test/GP010606/GP010606_frame_000884_rgb_anon.png,1920,1080,0,False,
acdc_snow_official_v1,test,1632,snow/test/GP010606/GP010606_frame_000893_rgb_anon.png,snow/test/GP010606/GP010606_frame_000893_rgb_anon.png,images/test/GP010606/GP010606_frame_000893_rgb_anon.png,1920,1080,0,False,
acdc_snow_official_v1,test,1652,snow/test/GP010606/GP010606_frame_000912_rgb_anon.png,snow/test/GP010606/GP010606_frame_000912_rgb_anon.png,images/test/GP010606/GP010606_frame_000912_rgb_anon.png,1920,1080,0,False,
acdc_snow_official_v1,test,1638,snow/test/GP010606/GP010606_frame_000920_rgb_anon.png,snow/test/GP010606/GP010606_frame_000920_rgb_anon.png,images/test/GP010606/GP010606_frame_000920_rgb_anon.png,1920,1080,0,False,
acdc_snow_official_v1,test,1648,snow/test/GP010606/GP010606_frame_000927_rgb_anon.png,snow/test/GP010606/GP010606_frame_000927_rgb_anon.png,images/test/GP010606/GP010606_frame_000927_rgb_anon.png,1920,1080,0,False,
acdc_snow_official_v1,test,1685,snow/test/GP010606/GP010606_frame_000933_rgb_anon.png,snow/test/GP010606/GP010606_frame_000933_rgb_anon.png,images/test/GP010606/GP010606_frame_000933_rgb_anon.png,1920,1080,0,False,
acdc_snow_official_v1,test,1630,snow/test/GP010606/GP010606_frame_000938_rgb_anon.png,snow/test/GP010606/GP010606_frame_000938_rgb_anon.png,images/test/GP010606/GP010606_frame_000938_rgb_anon.png,1920,1080,0,False,
acdc_snow_official_v1,test,1672,snow/test/GP010606/GP010606_frame_000943_rgb_anon.png,snow/test/GP010606/GP010606_frame_000943_rgb_anon.png,images/test/GP010606/GP010606_frame_000943_rgb_anon.png,1920,1080,0,False,
acdc_snow_official_v1,test,1623,snow/test/GP010606/GP010606_frame_000950_rgb_anon.png,snow/test/GP010606/GP010606_frame_000950_rgb_anon.png,images/test/GP010606/GP010606_frame_000950_rgb_anon.png,1920,1080,0,False,
acdc_snow_official_v1,test,1624,snow/test/GP010606/GP010606_frame_000959_rgb_anon.png,snow/test/GP010606/GP010606_frame_000959_rgb_anon.png,images/test/GP010606/GP010606_frame_000959_rgb_anon.png,1920,1080,0,False,
acdc_snow_official_v1,test,1643,snow/test/GP010606/GP010606_frame_000966_rgb_anon.png,snow/test/GP010606/GP010606_frame_000966_rgb_anon.png,images/test/GP010606/GP010606_frame_000966_rgb_anon.png,1920,1080,0,False,
acdc_snow_official_v1,test,1656,snow/test/GP010606/GP010606_frame_000974_rgb_anon.png,snow/test/GP010606/GP010606_frame_000974_rgb_anon.png,images/test/GP010606/GP010606_frame_000974_rgb_anon.png,1920,1080,0,False,
acdc_snow_official_v1,test,1663,snow/test/GP010606/GP010606_frame_000994_rgb_anon.png,snow/test/GP010606/GP010606_frame_000994_rgb_anon.png,images/test/GP010606/GP010606_frame_000994_rgb_anon.png,1920,1080,0,False,
acdc_snow_official_v1,test,1664,snow/test/GP010606/GP010606_frame_001014_rgb_anon.png,snow/test/GP010606/GP010606_frame_001014_rgb_anon.png,images/test/GP010606/GP010606_frame_001014_rgb_anon.png,1920,1080,0,False,
acdc_snow_official_v1,test,1686,snow/test/GP010606/GP010606_frame_001034_rgb_anon.png,snow/test/GP010606/GP010606_frame_001034_rgb_anon.png,images/test/GP010606/GP010606_frame_001034_rgb_anon.png,1920,1080,0,False,
acdc_snow_official_v1,test,1675,snow/test/GP010606/GP010606_frame_001054_rgb_anon.png,snow/test/GP010606/GP010606_frame_001054_rgb_anon.png,images/test/GP010606/GP010606_frame_001054_rgb_anon.png,1920,1080,0,False,
acdc_snow_official_v1,test,1585,snow/test/GP020176/GP020176_frame_000001_rgb_anon.png,snow/test/GP020176/GP020176_frame_000001_rgb_anon.png,images/test/GP020176/GP020176_frame_000001_rgb_anon.png,1920,1080,0,False,
acdc_snow_official_v1,test,1618,snow/test/GP020176/GP020176_frame_000021_rgb_anon.png,snow/test/GP020176/GP020176_frame_000021_rgb_anon.png,images/test/GP020176/GP020176_frame_000021_rgb_anon.png,1920,1080,0,False,
acdc_snow_official_v1,test,1599,snow/test/GP020176/GP020176_frame_000041_rgb_anon.png,snow/test/GP020176/GP020176_frame_000041_rgb_anon.png,images/test/GP020176/GP020176_frame_000041_rgb_anon.png,1920,1080,0,False,
acdc_snow_official_v1,test,1570,snow/test/GP020176/GP020176_frame_000052_rgb_anon.png,snow/test/GP020176/GP020176_frame_000052_rgb_anon.png,images/test/GP020176/GP020176_frame_000052_rgb_anon.png,1920,1080,0,False,
acdc_snow_official_v1,test,1562,snow/test/GP020176/GP020176_frame_000057_rgb_anon.png,snow/test/GP020176/GP020176_frame_000057_rgb_anon.png,images/test/GP020176/GP020176_frame_000057_rgb_anon.png,1920,1080,0,False,
acdc_snow_official_v1,test,1617,snow/test/GP020176/GP020176_frame_000062_rgb_anon.png,snow/test/GP020176/GP020176_frame_000062_rgb_anon.png,images/test/GP020176/GP020176_frame_000062_rgb_anon.png,1920,1080,0,False,
acdc_snow_official_v1,test,1613,snow/test/GP020176/GP020176_frame_000068_rgb_anon.png,snow/test/GP020176/GP020176_frame_000068_rgb_anon.png,images/test/GP020176/GP020176_frame_000068_rgb_anon.png,1920,1080,0,False,
acdc_snow_official_v1,test,1574,snow/test/GP020176/GP020176_frame_000088_rgb_anon.png,snow/test/GP020176/GP020176_frame_000088_rgb_anon.png,images/test/GP020176/GP020176_frame_000088_rgb_anon.png,1920,1080,0,False,
acdc_snow_official_v1,test,1568,snow/test/GP020176/GP020176_frame_000108_rgb_anon.png,snow/test/GP020176/GP020176_frame_000108_rgb_anon.png,images/test/GP020176/GP020176_frame_000108_rgb_anon.png,1920,1080,0,False,
acdc_snow_official_v1,test,1572,snow/test/GP020176/GP020176_frame_000114_rgb_anon.png,snow/test/GP020176/GP020176_frame_000114_rgb_anon.png,images/test/GP020176/GP020176_frame_000114_rgb_anon.png,1920,1080,0,False,
acdc_snow_official_v1,test,1603,snow/test/GP020176/GP020176_frame_000119_rgb_anon.png,snow/test/GP020176/GP020176_frame_000119_rgb_anon.png,images/test/GP020176/GP020176_frame_000119_rgb_anon.png,1920,1080,0,False,
acdc_snow_official_v1,test,1600,snow/test/GP020176/GP020176_frame_000124_rgb_anon.png,snow/test/GP020176/GP020176_frame_000124_rgb_anon.png,images/test/GP020176/GP020176_frame_000124_rgb_anon.png,1920,1080,0,False,
acdc_snow_official_v1,test,1605,snow/test/GP020176/GP020176_frame_000130_rgb_anon.png,snow/test/GP020176/GP020176_frame_000130_rgb_anon.png,images/test/GP020176/GP020176_frame_000130_rgb_anon.png,1920,1080,0,False,
acdc_snow_official_v1,test,1560,snow/test/GP020176/GP020176_frame_000150_rgb_anon.png,snow/test/GP020176/GP020176_frame_000150_rgb_anon.png,images/test/GP020176/GP020176_frame_000150_rgb_anon.png,1920,1080,0,False,
acdc_snow_official_v1,test,1596,snow/test/GP020176/GP020176_frame_000190_rgb_anon.png,snow/test/GP020176/GP020176_frame_000190_rgb_anon.png,images/test/GP020176/GP020176_frame_000190_rgb_anon.png,1920,1080,0,False,
acdc_snow_official_v1,test,1616,snow/test/GP020176/GP020176_frame_000210_rgb_anon.png,snow/test/GP020176/GP020176_frame_000210_rgb_anon.png,images/test/GP020176/GP020176_frame_000210_rgb_anon.png,1920,1080,0,False,
acdc_snow_official_v1,test,1602,snow/test/GP020176/GP020176_frame_000217_rgb_anon.png,snow/test/GP020176/GP020176_frame_000217_rgb_anon.png,images/test/GP020176/GP020176_frame_000217_rgb_anon.png,1920,1080,0,False,
acdc_snow_official_v1,test,1567,snow/test/GP020176/GP020176_frame_000222_rgb_anon.png,snow/test/GP020176/GP020176_frame_000222_rgb_anon.png,images/test/GP020176/GP020176_frame_000222_rgb_anon.png,1920,1080,0,False,
acdc_snow_official_v1,test,1576,snow/test/GP020176/GP020176_frame_000227_rgb_anon.png,snow/test/GP020176/GP020176_frame_000227_rgb_anon.png,images/test/GP020176/GP020176_frame_000227_rgb_anon.png,1920,1080,0,False,
acdc_snow_official_v1,test,1590,snow/test/GP020176/GP020176_frame_000247_rgb_anon.png,snow/test/GP020176/GP020176_frame_000247_rgb_anon.png,images/test/GP020176/GP020176_frame_000247_rgb_anon.png,1920,1080,0,False,
acdc_snow_official_v1,test,1569,snow/test/GP020176/GP020176_frame_000267_rgb_anon.png,snow/test/GP020176/GP020176_frame_000267_rgb_anon.png,images/test/GP020176/GP020176_frame_000267_rgb_anon.png,1920,1080,0,False,
acdc_snow_official_v1,test,1620,snow/test/GP020176/GP020176_frame_000327_rgb_anon.png,snow/test/GP020176/GP020176_frame_000327_rgb_anon.png,images/test/GP020176/GP020176_frame_000327_rgb_anon.png,1920,1080,0,False,
acdc_snow_official_v1,test,1611,snow/test/GP020176/GP020176_frame_000347_rgb_anon.png,snow/test/GP020176/GP020176_frame_000347_rgb_anon.png,images/test/GP020176/GP020176_frame_000347_rgb_anon.png,1920,1080,0,False,
acdc_snow_official_v1,test,1597,snow/test/GP020176/GP020176_frame_000356_rgb_anon.png,snow/test/GP020176/GP020176_frame_000356_rgb_anon.png,images/test/GP020176/GP020176_frame_000356_rgb_anon.png,1920,1080,0,False,
acdc_snow_official_v1,test,1621,snow/test/GP020176/GP020176_frame_000369_rgb_anon.png,snow/test/GP020176/GP020176_frame_000369_rgb_anon.png,images/test/GP020176/GP020176_frame_000369_rgb_anon.png,1920,1080,0,False,
acdc_snow_official_v1,test,1581,snow/test/GP020176/GP020176_frame_000375_rgb_anon.png,snow/test/GP020176/GP020176_frame_000375_rgb_anon.png,images/test/GP020176/GP020176_frame_000375_rgb_anon.png,1920,1080,0,False,
acdc_snow_official_v1,test,1598,snow/test/GP020176/GP020176_frame_000382_rgb_anon.png,snow/test/GP020176/GP020176_frame_000382_rgb_anon.png,images/test/GP020176/GP020176_frame_000382_rgb_anon.png,1920,1080,0,False,
acdc_snow_official_v1,test,1610,snow/test/GP020176/GP020176_frame_000390_rgb_anon.png,snow/test/GP020176/GP020176_frame_000390_rgb_anon.png,images/test/GP020176/GP020176_frame_000390_rgb_anon.png,1920,1080,0,False,
acdc_snow_official_v1,test,1584,snow/test/GP020176/GP020176_frame_000398_rgb_anon.png,snow/test/GP020176/GP020176_frame_000398_rgb_anon.png,images/test/GP020176/GP020176_frame_000398_rgb_anon.png,1920,1080,0,False,
acdc_snow_official_v1,test,1615,snow/test/GP020176/GP020176_frame_000440_rgb_anon.png,snow/test/GP020176/GP020176_frame_000440_rgb_anon.png,images/test/GP020176/GP020176_frame_000440_rgb_anon.png,1920,1080,0,False,
acdc_snow_official_v1,test,1580,snow/test/GP020176/GP020176_frame_000448_rgb_anon.png,snow/test/GP020176/GP020176_frame_000448_rgb_anon.png,images/test/GP020176/GP020176_frame_000448_rgb_anon.png,1920,1080,0,False,
acdc_snow_official_v1,test,1588,snow/test/GP020176/GP020176_frame_000456_rgb_anon.png,snow/test/GP020176/GP020176_frame_000456_rgb_anon.png,images/test/GP020176/GP020176_frame_000456_rgb_anon.png,1920,1080,0,False,
acdc_snow_official_v1,test,1606,snow/test/GP020176/GP020176_frame_000496_rgb_anon.png,snow/test/GP020176/GP020176_frame_000496_rgb_anon.png,images/test/GP020176/GP020176_frame_000496_rgb_anon.png,1920,1080,0,False,
acdc_snow_official_v1,test,1566,snow/test/GP020176/GP020176_frame_000516_rgb_anon.png,snow/test/GP020176/GP020176_frame_000516_rgb_anon.png,images/test/GP020176/GP020176_frame_000516_rgb_anon.png,1920,1080,0,False,
acdc_snow_official_v1,test,1582,snow/test/GP020176/GP020176_frame_000536_rgb_anon.png,snow/test/GP020176/GP020176_frame_000536_rgb_anon.png,images/test/GP020176/GP020176_frame_000536_rgb_anon.png,1920,1080,0,False,
acdc_snow_official_v1,test,1589,snow/test/GP020176/GP020176_frame_000556_rgb_anon.png,snow/test/GP020176/GP020176_frame_000556_rgb_anon.png,images/test/GP020176/GP020176_frame_000556_rgb_anon.png,1920,1080,0,False,
acdc_snow_official_v1,test,1559,snow/test/GP020176/GP020176_frame_000576_rgb_anon.png,snow/test/GP020176/GP020176_frame_000576_rgb_anon.png,images/test/GP020176/GP020176_frame_000576_rgb_anon.png,1920,1080,0,False,
acdc_snow_official_v1,test,1595,snow/test/GP020176/GP020176_frame_000616_rgb_anon.png,snow/test/GP020176/GP020176_frame_000616_rgb_anon.png,images/test/GP020176/GP020176_frame_000616_rgb_anon.png,1920,1080,0,False,
acdc_snow_official_v1,test,1609,snow/test/GP020176/GP020176_frame_000636_rgb_anon.png,snow/test/GP020176/GP020176_frame_000636_rgb_anon.png,images/test/GP020176/GP020176_frame_000636_rgb_anon.png,1920,1080,0,False,
acdc_snow_official_v1,test,1592,snow/test/GP020176/GP020176_frame_000652_rgb_anon.png,snow/test/GP020176/GP020176_frame_000652_rgb_anon.png,images/test/GP020176/GP020176_frame_000652_rgb_anon.png,1920,1080,0,False,
acdc_snow_official_v1,test,1563,snow/test/GP020176/GP020176_frame_000666_rgb_anon.png,snow/test/GP020176/GP020176_frame_000666_rgb_anon.png,images/test/GP020176/GP020176_frame_000666_rgb_anon.png,1920,1080,0,False,
acdc_snow_official_v1,test,1587,snow/test/GP020176/GP020176_frame_000671_rgb_anon.png,snow/test/GP020176/GP020176_frame_000671_rgb_anon.png,images/test/GP020176/GP020176_frame_000671_rgb_anon.png,1920,1080,0,False,
acdc_snow_official_v1,test,1586,snow/test/GP020176/GP020176_frame_000676_rgb_anon.png,snow/test/GP020176/GP020176_frame_000676_rgb_anon.png,images/test/GP020176/GP020176_frame_000676_rgb_anon.png,1920,1080,0,False,
acdc_snow_official_v1,test,1619,snow/test/GP020176/GP020176_frame_000687_rgb_anon.png,snow/test/GP020176/GP020176_frame_000687_rgb_anon.png,images/test/GP020176/GP020176_frame_000687_rgb_anon.png,1920,1080,0,False,
acdc_snow_official_v1,test,1583,snow/test/GP020176/GP020176_frame_000696_rgb_anon.png,snow/test/GP020176/GP020176_frame_000696_rgb_anon.png,images/test/GP020176/GP020176_frame_000696_rgb_anon.png,1920,1080,0,False,
acdc_snow_official_v1,test,1573,snow/test/GP020176/GP020176_frame_000705_rgb_anon.png,snow/test/GP020176/GP020176_frame_000705_rgb_anon.png,images/test/GP020176/GP020176_frame_000705_rgb_anon.png,1920,1080,0,False,
acdc_snow_official_v1,test,1571,snow/test/GP020176/GP020176_frame_000725_rgb_anon.png,snow/test/GP020176/GP020176_frame_000725_rgb_anon.png,images/test/GP020176/GP020176_frame_000725_rgb_anon.png,1920,1080,0,False,
acdc_snow_official_v1,test,1557,snow/test/GP020176/GP020176_frame_000752_rgb_anon.png,snow/test/GP020176/GP020176_frame_000752_rgb_anon.png,images/test/GP020176/GP020176_frame_000752_rgb_anon.png,1920,1080,0,False,
acdc_snow_official_v1,test,1604,snow/test/GP020176/GP020176_frame_000772_rgb_anon.png,snow/test/GP020176/GP020176_frame_000772_rgb_anon.png,images/test/GP020176/GP020176_frame_000772_rgb_anon.png,1920,1080,0,False,
acdc_snow_official_v1,test,1564,snow/test/GP020176/GP020176_frame_000781_rgb_anon.png,snow/test/GP020176/GP020176_frame_000781_rgb_anon.png,images/test/GP020176/GP020176_frame_000781_rgb_anon.png,1920,1080,0,False,
acdc_snow_official_v1,test,1614,snow/test/GP020176/GP020176_frame_000788_rgb_anon.png,snow/test/GP020176/GP020176_frame_000788_rgb_anon.png,images/test/GP020176/GP020176_frame_000788_rgb_anon.png,1920,1080,0,False,
acdc_snow_official_v1,test,1558,snow/test/GP020176/GP020176_frame_000794_rgb_anon.png,snow/test/GP020176/GP020176_frame_000794_rgb_anon.png,images/test/GP020176/GP020176_frame_000794_rgb_anon.png,1920,1080,0,False,
acdc_snow_official_v1,test,1601,snow/test/GP020176/GP020176_frame_000814_rgb_anon.png,snow/test/GP020176/GP020176_frame_000814_rgb_anon.png,images/test/GP020176/GP020176_frame_000814_rgb_anon.png,1920,1080,0,False,
acdc_snow_official_v1,test,1561,snow/test/GP020176/GP020176_frame_000876_rgb_anon.png,snow/test/GP020176/GP020176_frame_000876_rgb_anon.png,images/test/GP020176/GP020176_frame_000876_rgb_anon.png,1920,1080,0,False,
acdc_snow_official_v1,test,1607,snow/test/GP020176/GP020176_frame_000884_rgb_anon.png,snow/test/GP020176/GP020176_frame_000884_rgb_anon.png,images/test/GP020176/GP020176_frame_000884_rgb_anon.png,1920,1080,0,False,
acdc_snow_official_v1,test,1577,snow/test/GP020176/GP020176_frame_000897_rgb_anon.png,snow/test/GP020176/GP020176_frame_000897_rgb_anon.png,images/test/GP020176/GP020176_frame_000897_rgb_anon.png,1920,1080,0,False,
acdc_snow_official_v1,test,1565,snow/test/GP020176/GP020176_frame_000925_rgb_anon.png,snow/test/GP020176/GP020176_frame_000925_rgb_anon.png,images/test/GP020176/GP020176_frame_000925_rgb_anon.png,1920,1080,0,False,
acdc_snow_official_v1,test,1578,snow/test/GP020176/GP020176_frame_000943_rgb_anon.png,snow/test/GP020176/GP020176_frame_000943_rgb_anon.png,images/test/GP020176/GP020176_frame_000943_rgb_anon.png,1920,1080,0,False,
acdc_snow_official_v1,test,1591,snow/test/GP020176/GP020176_frame_000963_rgb_anon.png,snow/test/GP020176/GP020176_frame_000963_rgb_anon.png,images/test/GP020176/GP020176_frame_000963_rgb_anon.png,1920,1080,0,False,
acdc_snow_official_v1,test,1594,snow/test/GP020176/GP020176_frame_000983_rgb_anon.png,snow/test/GP020176/GP020176_frame_000983_rgb_anon.png,images/test/GP020176/GP020176_frame_000983_rgb_anon.png,1920,1080,0,False,
acdc_snow_official_v1,test,1579,snow/test/GP020176/GP020176_frame_001003_rgb_anon.png,snow/test/GP020176/GP020176_frame_001003_rgb_anon.png,images/test/GP020176/GP020176_frame_001003_rgb_anon.png,1920,1080,0,False,
acdc_snow_official_v1,test,1593,snow/test/GP020176/GP020176_frame_001023_rgb_anon.png,snow/test/GP020176/GP020176_frame_001023_rgb_anon.png,images/test/GP020176/GP020176_frame_001023_rgb_anon.png,1920,1080,0,False,
acdc_snow_official_v1,test,1608,snow/test/GP020176/GP020176_frame_001033_rgb_anon.png,snow/test/GP020176/GP020176_frame_001033_rgb_anon.png,images/test/GP020176/GP020176_frame_001033_rgb_anon.png,1920,1080,0,False,
acdc_snow_official_v1,test,1612,snow/test/GP020176/GP020176_frame_001052_rgb_anon.png,snow/test/GP020176/GP020176_frame_001052_rgb_anon.png,images/test/GP020176/GP020176_frame_001052_rgb_anon.png,1920,1080,0,False,
acdc_snow_official_v1,test,1575,snow/test/GP020176/GP020176_frame_001060_rgb_anon.png,snow/test/GP020176/GP020176_frame_001060_rgb_anon.png,images/test/GP020176/GP020176_frame_001060_rgb_anon.png,1920,1080,0,False,
acdc_snow_official_v1,test,1963,snow/test/GP020606/GP020606_frame_000021_rgb_anon.png,snow/test/GP020606/GP020606_frame_000021_rgb_anon.png,images/test/GP020606/GP020606_frame_000021_rgb_anon.png,1920,1080,0,False,
acdc_snow_official_v1,test,1949,snow/test/GP020606/GP020606_frame_000041_rgb_anon.png,snow/test/GP020606/GP020606_frame_000041_rgb_anon.png,images/test/GP020606/GP020606_frame_000041_rgb_anon.png,1920,1080,0,False,
acdc_snow_official_v1,test,1942,snow/test/GP020606/GP020606_frame_000057_rgb_anon.png,snow/test/GP020606/GP020606_frame_000057_rgb_anon.png,images/test/GP020606/GP020606_frame_000057_rgb_anon.png,1920,1080,0,False,
acdc_snow_official_v1,test,1954,snow/test/GP020606/GP020606_frame_000070_rgb_anon.png,snow/test/GP020606/GP020606_frame_000070_rgb_anon.png,images/test/GP020606/GP020606_frame_000070_rgb_anon.png,1920,1080,0,False,
acdc_snow_official_v1,test,1953,snow/test/GP020606/GP020606_frame_000090_rgb_anon.png,snow/test/GP020606/GP020606_frame_000090_rgb_anon.png,images/test/GP020606/GP020606_frame_000090_rgb_anon.png,1920,1080,0,False,
acdc_snow_official_v1,test,1958,snow/test/GP020606/GP020606_frame_000110_rgb_anon.png,snow/test/GP020606/GP020606_frame_000110_rgb_anon.png,images/test/GP020606/GP020606_frame_000110_rgb_anon.png,1920,1080,0,False,
acdc_snow_official_v1,test,1950,snow/test/GP020606/GP020606_frame_000143_rgb_anon.png,snow/test/GP020606/GP020606_frame_000143_rgb_anon.png,images/test/GP020606/GP020606_frame_000143_rgb_anon.png,1920,1080,0,False,
acdc_snow_official_v1,test,1945,snow/test/GP020606/GP020606_frame_000163_rgb_anon.png,snow/test/GP020606/GP020606_frame_000163_rgb_anon.png,images/test/GP020606/GP020606_frame_000163_rgb_anon.png,1920,1080,0,False,
acdc_snow_official_v1,test,1970,snow/test/GP020606/GP020606_frame_000178_rgb_anon.png,snow/test/GP020606/GP020606_frame_000178_rgb_anon.png,images/test/GP020606/GP020606_frame_000178_rgb_anon.png,1920,1080,0,False,
acdc_snow_official_v1,test,1946,snow/test/GP020606/GP020606_frame_000198_rgb_anon.png,snow/test/GP020606/GP020606_frame_000198_rgb_anon.png,images/test/GP020606/GP020606_frame_000198_rgb_anon.png,1920,1080,0,False,
acdc_snow_official_v1,test,1947,snow/test/GP020606/GP020606_frame_000207_rgb_anon.png,snow/test/GP020606/GP020606_frame_000207_rgb_anon.png,images/test/GP020606/GP020606_frame_000207_rgb_anon.png,1920,1080,0,False,
acdc_snow_official_v1,test,1956,snow/test/GP020606/GP020606_frame_000216_rgb_anon.png,snow/test/GP020606/GP020606_frame_000216_rgb_anon.png,images/test/GP020606/GP020606_frame_000216_rgb_anon.png,1920,1080,0,False,
acdc_snow_official_v1,test,1969,snow/test/GP020606/GP020606_frame_000232_rgb_anon.png,snow/test/GP020606/GP020606_frame_000232_rgb_anon.png,images/test/GP020606/GP020606_frame_000232_rgb_anon.png,1920,1080,0,False,
acdc_snow_official_v1,test,1965,snow/test/GP020606/GP020606_frame_000252_rgb_anon.png,snow/test/GP020606/GP020606_frame_000252_rgb_anon.png,images/test/GP020606/GP020606_frame_000252_rgb_anon.png,1920,1080,0,False,
acdc_snow_official_v1,test,1957,snow/test/GP020606/GP020606_frame_000269_rgb_anon.png,snow/test/GP020606/GP020606_frame_000269_rgb_anon.png,images/test/GP020606/GP020606_frame_000269_rgb_anon.png,1920,1080,0,False,
acdc_snow_official_v1,test,1961,snow/test/GP020606/GP020606_frame_000289_rgb_anon.png,snow/test/GP020606/GP020606_frame_000289_rgb_anon.png,images/test/GP020606/GP020606_frame_000289_rgb_anon.png,1920,1080,0,False,
acdc_snow_official_v1,test,1967,snow/test/GP020606/GP020606_frame_000304_rgb_anon.png,snow/test/GP020606/GP020606_frame_000304_rgb_anon.png,images/test/GP020606/GP020606_frame_000304_rgb_anon.png,1920,1080,0,False,
acdc_snow_official_v1,test,1966,snow/test/GP020606/GP020606_frame_000324_rgb_anon.png,snow/test/GP020606/GP020606_frame_000324_rgb_anon.png,images/test/GP020606/GP020606_frame_000324_rgb_anon.png,1920,1080,0,False,
acdc_snow_official_v1,test,1968,snow/test/GP020606/GP020606_frame_000340_rgb_anon.png,snow/test/GP020606/GP020606_frame_000340_rgb_anon.png,images/test/GP020606/GP020606_frame_000340_rgb_anon.png,1920,1080,0,False,
acdc_snow_official_v1,test,1951,snow/test/GP020606/GP020606_frame_000369_rgb_anon.png,snow/test/GP020606/GP020606_frame_000369_rgb_anon.png,images/test/GP020606/GP020606_frame_000369_rgb_anon.png,1920,1080,0,False,
acdc_snow_official_v1,test,1955,snow/test/GP020606/GP020606_frame_000377_rgb_anon.png,snow/test/GP020606/GP020606_frame_000377_rgb_anon.png,images/test/GP020606/GP020606_frame_000377_rgb_anon.png,1920,1080,0,False,
acdc_snow_official_v1,test,1959,snow/test/GP020606/GP020606_frame_000386_rgb_anon.png,snow/test/GP020606/GP020606_frame_000386_rgb_anon.png,images/test/GP020606/GP020606_frame_000386_rgb_anon.png,1920,1080,0,False,
acdc_snow_official_v1,test,1948,snow/test/GP020606/GP020606_frame_000406_rgb_anon.png,snow/test/GP020606/GP020606_frame_000406_rgb_anon.png,images/test/GP020606/GP020606_frame_000406_rgb_anon.png,1920,1080,0,False,
acdc_snow_official_v1,test,1941,snow/test/GP020606/GP020606_frame_000426_rgb_anon.png,snow/test/GP020606/GP020606_frame_000426_rgb_anon.png,images/test/GP020606/GP020606_frame_000426_rgb_anon.png,1920,1080,0,False,
acdc_snow_official_v1,test,1964,snow/test/GP020606/GP020606_frame_000446_rgb_anon.png,snow/test/GP020606/GP020606_frame_000446_rgb_anon.png,images/test/GP020606/GP020606_frame_000446_rgb_anon.png,1920,1080,0,False,
acdc_snow_official_v1,test,1944,snow/test/GP020606/GP020606_frame_000453_rgb_anon.png,snow/test/GP020606/GP020606_frame_000453_rgb_anon.png,images/test/GP020606/GP020606_frame_000453_rgb_anon.png,1920,1080,0,False,
acdc_snow_official_v1,test,1962,snow/test/GP020606/GP020606_frame_000459_rgb_anon.png,snow/test/GP020606/GP020606_frame_000459_rgb_anon.png,images/test/GP020606/GP020606_frame_000459_rgb_anon.png,1920,1080,0,False,
acdc_snow_official_v1,test,1952,snow/test/GP020606/GP020606_frame_000464_rgb_anon.png,snow/test/GP020606/GP020606_frame_000464_rgb_anon.png,images/test/GP020606/GP020606_frame_000464_rgb_anon.png,1920,1080,0,False,
acdc_snow_official_v1,test,1943,snow/test/GP020606/GP020606_frame_000544_rgb_anon.png,snow/test/GP020606/GP020606_frame_000544_rgb_anon.png,images/test/GP020606/GP020606_frame_000544_rgb_anon.png,1920,1080,0,False,
acdc_snow_official_v1,test,1960,snow/test/GP020606/GP020606_frame_000558_rgb_anon.png,snow/test/GP020606/GP020606_frame_000558_rgb_anon.png,images/test/GP020606/GP020606_frame_000558_rgb_anon.png,1920,1080,0,False,
acdc_snow_official_v1,test,1893,snow/test/GP030176/GP030176_frame_000001_rgb_anon.png,snow/test/GP030176/GP030176_frame_000001_rgb_anon.png,images/test/GP030176/GP030176_frame_000001_rgb_anon.png,1920,1080,0,False,
acdc_snow_official_v1,test,1876,snow/test/GP030176/GP030176_frame_000018_rgb_anon.png,snow/test/GP030176/GP030176_frame_000018_rgb_anon.png,images/test/GP030176/GP030176_frame_000018_rgb_anon.png,1920,1080,0,False,
acdc_snow_official_v1,test,1890,snow/test/GP030176/GP030176_frame_000035_rgb_anon.png,snow/test/GP030176/GP030176_frame_000035_rgb_anon.png,images/test/GP030176/GP030176_frame_000035_rgb_anon.png,1920,1080,0,False,
acdc_snow_official_v1,test,1885,snow/test/GP030176/GP030176_frame_000055_rgb_anon.png,snow/test/GP030176/GP030176_frame_000055_rgb_anon.png,images/test/GP030176/GP030176_frame_000055_rgb_anon.png,1920,1080,0,False,
acdc_snow_official_v1,test,1891,snow/test/GP030176/GP030176_frame_000064_rgb_anon.png,snow/test/GP030176/GP030176_frame_000064_rgb_anon.png,images/test/GP030176/GP030176_frame_000064_rgb_anon.png,1920,1080,0,False,
acdc_snow_official_v1,test,1898,snow/test/GP030176/GP030176_frame_000070_rgb_anon.png,snow/test/GP030176/GP030176_frame_000070_rgb_anon.png,images/test/GP030176/GP030176_frame_000070_rgb_anon.png,1920,1080,0,False,
acdc_snow_official_v1,test,1889,snow/test/GP030176/GP030176_frame_000076_rgb_anon.png,snow/test/GP030176/GP030176_frame_000076_rgb_anon.png,images/test/GP030176/GP030176_frame_000076_rgb_anon.png,1920,1080,0,False,
acdc_snow_official_v1,test,1892,snow/test/GP030176/GP030176_frame_000082_rgb_anon.png,snow/test/GP030176/GP030176_frame_000082_rgb_anon.png,images/test/GP030176/GP030176_frame_000082_rgb_anon.png,1920,1080,0,False,
acdc_snow_official_v1,test,1897,snow/test/GP030176/GP030176_frame_000089_rgb_anon.png,snow/test/GP030176/GP030176_frame_000089_rgb_anon.png,images/test/GP030176/GP030176_frame_000089_rgb_anon.png,1920,1080,0,False,
acdc_snow_official_v1,test,1877,snow/test/GP030176/GP030176_frame_000109_rgb_anon.png,snow/test/GP030176/GP030176_frame_000109_rgb_anon.png,images/test/GP030176/GP030176_frame_000109_rgb_anon.png,1920,1080,0,False,
acdc_snow_official_v1,test,1878,snow/test/GP030176/GP030176_frame_000116_rgb_anon.png,snow/test/GP030176/GP030176_frame_000116_rgb_anon.png,images/test/GP030176/GP030176_frame_000116_rgb_anon.png,1920,1080,0,False,
acdc_snow_official_v1,test,1896,snow/test/GP030176/GP030176_frame_000122_rgb_anon.png,snow/test/GP030176/GP030176_frame_000122_rgb_anon.png,images/test/GP030176/GP030176_frame_000122_rgb_anon.png,1920,1080,0,False,
acdc_snow_official_v1,test,1882,snow/test/GP030176/GP030176_frame_000129_rgb_anon.png,snow/test/GP030176/GP030176_frame_000129_rgb_anon.png,images/test/GP030176/GP030176_frame_000129_rgb_anon.png,1920,1080,0,False,
acdc_snow_official_v1,test,1879,snow/test/GP030176/GP030176_frame_000149_rgb_anon.png,snow/test/GP030176/GP030176_frame_000149_rgb_anon.png,images/test/GP030176/GP030176_frame_000149_rgb_anon.png,1920,1080,0,False,
acdc_snow_official_v1,test,1884,snow/test/GP030176/GP030176_frame_000169_rgb_anon.png,snow/test/GP030176/GP030176_frame_000169_rgb_anon.png,images/test/GP030176/GP030176_frame_000169_rgb_anon.png,1920,1080,0,False,
acdc_snow_official_v1,test,1894,snow/test/GP030176/GP030176_frame_000209_rgb_anon.png,snow/test/GP030176/GP030176_frame_000209_rgb_anon.png,images/test/GP030176/GP030176_frame_000209_rgb_anon.png,1920,1080,0,False,
acdc_snow_official_v1,test,1888,snow/test/GP030176/GP030176_frame_000229_rgb_anon.png,snow/test/GP030176/GP030176_frame_000229_rgb_anon.png,images/test/GP030176/GP030176_frame_000229_rgb_anon.png,1920,1080,0,False,
acdc_snow_official_v1,test,1895,snow/test/GP030176/GP030176_frame_000269_rgb_anon.png,snow/test/GP030176/GP030176_frame_000269_rgb_anon.png,images/test/GP030176/GP030176_frame_000269_rgb_anon.png,1920,1080,0,False,
acdc_snow_official_v1,test,1886,snow/test/GP030176/GP030176_frame_000289_rgb_anon.png,snow/test/GP030176/GP030176_frame_000289_rgb_anon.png,images/test/GP030176/GP030176_frame_000289_rgb_anon.png,1920,1080,0,False,
acdc_snow_official_v1,test,1881,snow/test/GP030176/GP030176_frame_000309_rgb_anon.png,snow/test/GP030176/GP030176_frame_000309_rgb_anon.png,images/test/GP030176/GP030176_frame_000309_rgb_anon.png,1920,1080,0,False,
acdc_snow_official_v1,test,1887,snow/test/GP030176/GP030176_frame_000329_rgb_anon.png,snow/test/GP030176/GP030176_frame_000329_rgb_anon.png,images/test/GP030176/GP030176_frame_000329_rgb_anon.png,1920,1080,0,False,
acdc_snow_official_v1,test,1880,snow/test/GP030176/GP030176_frame_000349_rgb_anon.png,snow/test/GP030176/GP030176_frame_000349_rgb_anon.png,images/test/GP030176/GP030176_frame_000349_rgb_anon.png,1920,1080,0,False,
acdc_snow_official_v1,test,1883,snow/test/GP030176/GP030176_frame_000369_rgb_anon.png,snow/test/GP030176/GP030176_frame_000369_rgb_anon.png,images/test/GP030176/GP030176_frame_000369_rgb_anon.png,1920,1080,0,False,
