step,operation_index,selected_group_id,selected_root_module,module_name,module_type,handler,is_out_channel_prune,index_count,indices,current_out_channels,projected_out_channels
1,1,DG001,model.0.conv,model.0.conv,Conv2d,prune_out_channels,True,1,12,16,15
1,2,DG001,model.0.conv,model.0.bn,BatchNorm2d,prune_out_channels,True,1,12,,
1,3,DG001,model.0.conv,<unresolved>,_ElementWiseOp,prune_out_channels,True,1,12,,
1,4,DG001,model.0.conv,model.1.conv,Conv2d,prune_in_channels,False,1,12,,
2,1,DG011,model.16.m.0.cv1.conv,model.16.m.0.cv1.conv,Conv2d,prune_out_channels,True,1,8,16,15
2,2,DG011,model.16.m.0.cv1.conv,model.16.m.0.cv1.bn,BatchNorm2d,prune_out_channels,True,1,8,,
2,3,DG011,model.16.m.0.cv1.conv,<unresolved>,_ElementWiseOp,prune_out_channels,True,1,8,,
2,4,DG011,model.16.m.0.cv1.conv,<unresolved>,_ElementWiseOp,prune_out_channels,True,1,8,,
2,5,DG011,model.16.m.0.cv1.conv,model.16.m.0.m.0.cv1.conv,Conv2d,prune_in_channels,False,1,8,,
2,6,DG011,model.16.m.0.cv1.conv,<unresolved>,_ElementWiseOp,prune_out_channels,True,1,8,,
2,7,DG011,model.16.m.0.cv1.conv,<unresolved>,_ElementWiseOp,prune_out_channels,True,1,8,,
2,8,DG011,model.16.m.0.cv1.conv,model.16.m.0.m.1.cv1.conv,Conv2d,prune_in_channels,False,1,8,,
2,9,DG011,model.16.m.0.cv1.conv,<unresolved>,_ElementWiseOp,prune_out_channels,True,1,8,,
2,10,DG011,model.16.m.0.cv1.conv,<unresolved>,_ConcatOp,prune_out_channels,True,1,8,,
2,11,DG011,model.16.m.0.cv1.conv,model.16.m.0.cv3.conv,Conv2d,prune_in_channels,False,1,8,,
2,12,DG011,model.16.m.0.cv1.conv,model.16.m.0.m.1.cv2.bn,BatchNorm2d,prune_out_channels,True,1,8,,
2,13,DG011,model.16.m.0.cv1.conv,model.16.m.0.m.1.cv2.conv,Conv2d,prune_out_channels,True,1,8,16,15
2,14,DG011,model.16.m.0.cv1.conv,model.16.m.0.m.0.cv2.bn,BatchNorm2d,prune_out_channels,True,1,8,,
2,15,DG011,model.16.m.0.cv1.conv,model.16.m.0.m.0.cv2.conv,Conv2d,prune_out_channels,True,1,8,16,15
3,1,DG001,model.0.conv,model.0.conv,Conv2d,prune_out_channels,True,1,6,15,14
3,2,DG001,model.0.conv,model.0.bn,BatchNorm2d,prune_out_channels,True,1,6,,
3,3,DG001,model.0.conv,<unresolved>,_ElementWiseOp,prune_out_channels,True,1,6,,
3,4,DG001,model.0.conv,model.1.conv,Conv2d,prune_in_channels,False,1,6,,
4,1,DG001,model.0.conv,model.0.conv,Conv2d,prune_out_channels,True,1,4,14,13
4,2,DG001,model.0.conv,model.0.bn,BatchNorm2d,prune_out_channels,True,1,4,,
4,3,DG001,model.0.conv,<unresolved>,_ElementWiseOp,prune_out_channels,True,1,4,,
4,4,DG001,model.0.conv,model.1.conv,Conv2d,prune_in_channels,False,1,4,,
5,1,DG012,model.16.m.0.cv2.conv,model.16.m.0.cv2.conv,Conv2d,prune_out_channels,True,1,1,16,15
5,2,DG012,model.16.m.0.cv2.conv,model.16.m.0.cv2.bn,BatchNorm2d,prune_out_channels,True,1,1,,
5,3,DG012,model.16.m.0.cv2.conv,<unresolved>,_ElementWiseOp,prune_out_channels,True,1,1,,
5,4,DG012,model.16.m.0.cv2.conv,<unresolved>,_ConcatOp,prune_out_channels,True,1,16,,
5,5,DG012,model.16.m.0.cv2.conv,model.16.m.0.cv3.conv,Conv2d,prune_in_channels,False,1,16,,
6,1,DG012,model.16.m.0.cv2.conv,model.16.m.0.cv2.conv,Conv2d,prune_out_channels,True,1,1,15,14
6,2,DG012,model.16.m.0.cv2.conv,model.16.m.0.cv2.bn,BatchNorm2d,prune_out_channels,True,1,1,,
6,3,DG012,model.16.m.0.cv2.conv,<unresolved>,_ElementWiseOp,prune_out_channels,True,1,1,,
6,4,DG012,model.16.m.0.cv2.conv,<unresolved>,_ConcatOp,prune_out_channels,True,1,16,,
6,5,DG012,model.16.m.0.cv2.conv,model.16.m.0.cv3.conv,Conv2d,prune_in_channels,False,1,16,,
7,1,DG012,model.16.m.0.cv2.conv,model.16.m.0.cv2.conv,Conv2d,prune_out_channels,True,1,1,14,13
7,2,DG012,model.16.m.0.cv2.conv,model.16.m.0.cv2.bn,BatchNorm2d,prune_out_channels,True,1,1,,
7,3,DG012,model.16.m.0.cv2.conv,<unresolved>,_ElementWiseOp,prune_out_channels,True,1,1,,
7,4,DG012,model.16.m.0.cv2.conv,<unresolved>,_ConcatOp,prune_out_channels,True,1,16,,
7,5,DG012,model.16.m.0.cv2.conv,model.16.m.0.cv3.conv,Conv2d,prune_in_channels,False,1,16,,
8,1,DG011,model.16.m.0.cv1.conv,model.16.m.0.cv1.conv,Conv2d,prune_out_channels,True,1,14,15,14
8,2,DG011,model.16.m.0.cv1.conv,model.16.m.0.cv1.bn,BatchNorm2d,prune_out_channels,True,1,14,,
8,3,DG011,model.16.m.0.cv1.conv,<unresolved>,_ElementWiseOp,prune_out_channels,True,1,14,,
8,4,DG011,model.16.m.0.cv1.conv,<unresolved>,_ElementWiseOp,prune_out_channels,True,1,14,,
8,5,DG011,model.16.m.0.cv1.conv,model.16.m.0.m.0.cv1.conv,Conv2d,prune_in_channels,False,1,14,,
8,6,DG011,model.16.m.0.cv1.conv,<unresolved>,_ElementWiseOp,prune_out_channels,True,1,14,,
8,7,DG011,model.16.m.0.cv1.conv,<unresolved>,_ElementWiseOp,prune_out_channels,True,1,14,,
8,8,DG011,model.16.m.0.cv1.conv,model.16.m.0.m.1.cv1.conv,Conv2d,prune_in_channels,False,1,14,,
8,9,DG011,model.16.m.0.cv1.conv,<unresolved>,_ElementWiseOp,prune_out_channels,True,1,14,,
8,10,DG011,model.16.m.0.cv1.conv,<unresolved>,_ConcatOp,prune_out_channels,True,1,14,,
8,11,DG011,model.16.m.0.cv1.conv,model.16.m.0.cv3.conv,Conv2d,prune_in_channels,False,1,14,,
8,12,DG011,model.16.m.0.cv1.conv,model.16.m.0.m.1.cv2.bn,BatchNorm2d,prune_out_channels,True,1,14,,
8,13,DG011,model.16.m.0.cv1.conv,model.16.m.0.m.1.cv2.conv,Conv2d,prune_out_channels,True,1,14,15,14
8,14,DG011,model.16.m.0.cv1.conv,model.16.m.0.m.0.cv2.bn,BatchNorm2d,prune_out_channels,True,1,14,,
8,15,DG011,model.16.m.0.cv1.conv,model.16.m.0.m.0.cv2.conv,Conv2d,prune_out_channels,True,1,14,15,14
9,1,DG012,model.16.m.0.cv2.conv,model.16.m.0.cv2.conv,Conv2d,prune_out_channels,True,1,7,13,12
9,2,DG012,model.16.m.0.cv2.conv,model.16.m.0.cv2.bn,BatchNorm2d,prune_out_channels,True,1,7,,
9,3,DG012,model.16.m.0.cv2.conv,<unresolved>,_ElementWiseOp,prune_out_channels,True,1,7,,
9,4,DG012,model.16.m.0.cv2.conv,<unresolved>,_ConcatOp,prune_out_channels,True,1,21,,
9,5,DG012,model.16.m.0.cv2.conv,model.16.m.0.cv3.conv,Conv2d,prune_in_channels,False,1,21,,
10,1,DG011,model.16.m.0.cv1.conv,model.16.m.0.cv1.conv,Conv2d,prune_out_channels,True,1,4,14,13
10,2,DG011,model.16.m.0.cv1.conv,model.16.m.0.cv1.bn,BatchNorm2d,prune_out_channels,True,1,4,,
10,3,DG011,model.16.m.0.cv1.conv,<unresolved>,_ElementWiseOp,prune_out_channels,True,1,4,,
10,4,DG011,model.16.m.0.cv1.conv,<unresolved>,_ElementWiseOp,prune_out_channels,True,1,4,,
10,5,DG011,model.16.m.0.cv1.conv,model.16.m.0.m.0.cv1.conv,Conv2d,prune_in_channels,False,1,4,,
10,6,DG011,model.16.m.0.cv1.conv,<unresolved>,_ElementWiseOp,prune_out_channels,True,1,4,,
10,7,DG011,model.16.m.0.cv1.conv,<unresolved>,_ElementWiseOp,prune_out_channels,True,1,4,,
10,8,DG011,model.16.m.0.cv1.conv,model.16.m.0.m.1.cv1.conv,Conv2d,prune_in_channels,False,1,4,,
10,9,DG011,model.16.m.0.cv1.conv,<unresolved>,_ElementWiseOp,prune_out_channels,True,1,4,,
10,10,DG011,model.16.m.0.cv1.conv,<unresolved>,_ConcatOp,prune_out_channels,True,1,4,,
10,11,DG011,model.16.m.0.cv1.conv,model.16.m.0.cv3.conv,Conv2d,prune_in_channels,False,1,4,,
10,12,DG011,model.16.m.0.cv1.conv,model.16.m.0.m.1.cv2.bn,BatchNorm2d,prune_out_channels,True,1,4,,
10,13,DG011,model.16.m.0.cv1.conv,model.16.m.0.m.1.cv2.conv,Conv2d,prune_out_channels,True,1,4,14,13
10,14,DG011,model.16.m.0.cv1.conv,model.16.m.0.m.0.cv2.bn,BatchNorm2d,prune_out_channels,True,1,4,,
10,15,DG011,model.16.m.0.cv1.conv,model.16.m.0.m.0.cv2.conv,Conv2d,prune_out_channels,True,1,4,14,13
11,1,DG012,model.16.m.0.cv2.conv,model.16.m.0.cv2.conv,Conv2d,prune_out_channels,True,1,6,12,11
11,2,DG012,model.16.m.0.cv2.conv,model.16.m.0.cv2.bn,BatchNorm2d,prune_out_channels,True,1,6,,
11,3,DG012,model.16.m.0.cv2.conv,<unresolved>,_ElementWiseOp,prune_out_channels,True,1,6,,
11,4,DG012,model.16.m.0.cv2.conv,<unresolved>,_ConcatOp,prune_out_channels,True,1,19,,
11,5,DG012,model.16.m.0.cv2.conv,model.16.m.0.cv3.conv,Conv2d,prune_in_channels,False,1,19,,
12,1,DG012,model.16.m.0.cv2.conv,model.16.m.0.cv2.conv,Conv2d,prune_out_channels,True,1,0,11,10
12,2,DG012,model.16.m.0.cv2.conv,model.16.m.0.cv2.bn,BatchNorm2d,prune_out_channels,True,1,0,,
12,3,DG012,model.16.m.0.cv2.conv,<unresolved>,_ElementWiseOp,prune_out_channels,True,1,0,,
12,4,DG012,model.16.m.0.cv2.conv,<unresolved>,_ConcatOp,prune_out_channels,True,1,13,,
12,5,DG012,model.16.m.0.cv2.conv,model.16.m.0.cv3.conv,Conv2d,prune_in_channels,False,1,13,,
13,1,DG012,model.16.m.0.cv2.conv,model.16.m.0.cv2.conv,Conv2d,prune_out_channels,True,1,3,10,9
13,2,DG012,model.16.m.0.cv2.conv,model.16.m.0.cv2.bn,BatchNorm2d,prune_out_channels,True,1,3,,
13,3,DG012,model.16.m.0.cv2.conv,<unresolved>,_ElementWiseOp,prune_out_channels,True,1,3,,
13,4,DG012,model.16.m.0.cv2.conv,<unresolved>,_ConcatOp,prune_out_channels,True,1,16,,
13,5,DG012,model.16.m.0.cv2.conv,model.16.m.0.cv3.conv,Conv2d,prune_in_channels,False,1,16,,
14,1,DG012,model.16.m.0.cv2.conv,model.16.m.0.cv2.conv,Conv2d,prune_out_channels,True,1,0,9,8
14,2,DG012,model.16.m.0.cv2.conv,model.16.m.0.cv2.bn,BatchNorm2d,prune_out_channels,True,1,0,,
14,3,DG012,model.16.m.0.cv2.conv,<unresolved>,_ElementWiseOp,prune_out_channels,True,1,0,,
14,4,DG012,model.16.m.0.cv2.conv,<unresolved>,_ConcatOp,prune_out_channels,True,1,13,,
14,5,DG012,model.16.m.0.cv2.conv,model.16.m.0.cv3.conv,Conv2d,prune_in_channels,False,1,13,,
15,1,DG021,model.2.cv2.conv,model.2.cv2.conv,Conv2d,prune_out_channels,True,1,31,64,63
15,2,DG021,model.2.cv2.conv,model.2.cv2.bn,BatchNorm2d,prune_out_channels,True,1,31,,
15,3,DG021,model.2.cv2.conv,<unresolved>,_ElementWiseOp,prune_out_channels,True,1,31,,
15,4,DG021,model.2.cv2.conv,model.3.conv,Conv2d,prune_in_channels,False,1,31,,
16,1,DG011,model.16.m.0.cv1.conv,model.16.m.0.cv1.conv,Conv2d,prune_out_channels,True,1,6,13,12
16,2,DG011,model.16.m.0.cv1.conv,model.16.m.0.cv1.bn,BatchNorm2d,prune_out_channels,True,1,6,,
16,3,DG011,model.16.m.0.cv1.conv,<unresolved>,_ElementWiseOp,prune_out_channels,True,1,6,,
16,4,DG011,model.16.m.0.cv1.conv,<unresolved>,_ElementWiseOp,prune_out_channels,True,1,6,,
16,5,DG011,model.16.m.0.cv1.conv,model.16.m.0.m.0.cv1.conv,Conv2d,prune_in_channels,False,1,6,,
16,6,DG011,model.16.m.0.cv1.conv,<unresolved>,_ElementWiseOp,prune_out_channels,True,1,6,,
16,7,DG011,model.16.m.0.cv1.conv,<unresolved>,_ElementWiseOp,prune_out_channels,True,1,6,,
16,8,DG011,model.16.m.0.cv1.conv,model.16.m.0.m.1.cv1.conv,Conv2d,prune_in_channels,False,1,6,,
16,9,DG011,model.16.m.0.cv1.conv,<unresolved>,_ElementWiseOp,prune_out_channels,True,1,6,,
16,10,DG011,model.16.m.0.cv1.conv,<unresolved>,_ConcatOp,prune_out_channels,True,1,6,,
16,11,DG011,model.16.m.0.cv1.conv,model.16.m.0.cv3.conv,Conv2d,prune_in_channels,False,1,6,,
16,12,DG011,model.16.m.0.cv1.conv,model.16.m.0.m.1.cv2.bn,BatchNorm2d,prune_out_channels,True,1,6,,
16,13,DG011,model.16.m.0.cv1.conv,model.16.m.0.m.1.cv2.conv,Conv2d,prune_out_channels,True,1,6,13,12
16,14,DG011,model.16.m.0.cv1.conv,model.16.m.0.m.0.cv2.bn,BatchNorm2d,prune_out_channels,True,1,6,,
16,15,DG011,model.16.m.0.cv1.conv,model.16.m.0.m.0.cv2.conv,Conv2d,prune_out_channels,True,1,6,13,12
17,1,DG011,model.16.m.0.cv1.conv,model.16.m.0.cv1.conv,Conv2d,prune_out_channels,True,1,0,12,11
17,2,DG011,model.16.m.0.cv1.conv,model.16.m.0.cv1.bn,BatchNorm2d,prune_out_channels,True,1,0,,
17,3,DG011,model.16.m.0.cv1.conv,<unresolved>,_ElementWiseOp,prune_out_channels,True,1,0,,
17,4,DG011,model.16.m.0.cv1.conv,<unresolved>,_ElementWiseOp,prune_out_channels,True,1,0,,
17,5,DG011,model.16.m.0.cv1.conv,model.16.m.0.m.0.cv1.conv,Conv2d,prune_in_channels,False,1,0,,
17,6,DG011,model.16.m.0.cv1.conv,<unresolved>,_ElementWiseOp,prune_out_channels,True,1,0,,
17,7,DG011,model.16.m.0.cv1.conv,<unresolved>,_ElementWiseOp,prune_out_channels,True,1,0,,
17,8,DG011,model.16.m.0.cv1.conv,model.16.m.0.m.1.cv1.conv,Conv2d,prune_in_channels,False,1,0,,
17,9,DG011,model.16.m.0.cv1.conv,<unresolved>,_ElementWiseOp,prune_out_channels,True,1,0,,
17,10,DG011,model.16.m.0.cv1.conv,<unresolved>,_ConcatOp,prune_out_channels,True,1,0,,
17,11,DG011,model.16.m.0.cv1.conv,model.16.m.0.cv3.conv,Conv2d,prune_in_channels,False,1,0,,
17,12,DG011,model.16.m.0.cv1.conv,model.16.m.0.m.1.cv2.bn,BatchNorm2d,prune_out_channels,True,1,0,,
17,13,DG011,model.16.m.0.cv1.conv,model.16.m.0.m.1.cv2.conv,Conv2d,prune_out_channels,True,1,0,12,11
17,14,DG011,model.16.m.0.cv1.conv,model.16.m.0.m.0.cv2.bn,BatchNorm2d,prune_out_channels,True,1,0,,
17,15,DG011,model.16.m.0.cv1.conv,model.16.m.0.m.0.cv2.conv,Conv2d,prune_out_channels,True,1,0,12,11
18,1,DG011,model.16.m.0.cv1.conv,model.16.m.0.cv1.conv,Conv2d,prune_out_channels,True,1,2,11,10
18,2,DG011,model.16.m.0.cv1.conv,model.16.m.0.cv1.bn,BatchNorm2d,prune_out_channels,True,1,2,,
18,3,DG011,model.16.m.0.cv1.conv,<unresolved>,_ElementWiseOp,prune_out_channels,True,1,2,,
18,4,DG011,model.16.m.0.cv1.conv,<unresolved>,_ElementWiseOp,prune_out_channels,True,1,2,,
18,5,DG011,model.16.m.0.cv1.conv,model.16.m.0.m.0.cv1.conv,Conv2d,prune_in_channels,False,1,2,,
18,6,DG011,model.16.m.0.cv1.conv,<unresolved>,_ElementWiseOp,prune_out_channels,True,1,2,,
18,7,DG011,model.16.m.0.cv1.conv,<unresolved>,_ElementWiseOp,prune_out_channels,True,1,2,,
18,8,DG011,model.16.m.0.cv1.conv,model.16.m.0.m.1.cv1.conv,Conv2d,prune_in_channels,False,1,2,,
18,9,DG011,model.16.m.0.cv1.conv,<unresolved>,_ElementWiseOp,prune_out_channels,True,1,2,,
18,10,DG011,model.16.m.0.cv1.conv,<unresolved>,_ConcatOp,prune_out_channels,True,1,2,,
18,11,DG011,model.16.m.0.cv1.conv,model.16.m.0.cv3.conv,Conv2d,prune_in_channels,False,1,2,,
18,12,DG011,model.16.m.0.cv1.conv,model.16.m.0.m.1.cv2.bn,BatchNorm2d,prune_out_channels,True,1,2,,
18,13,DG011,model.16.m.0.cv1.conv,model.16.m.0.m.1.cv2.conv,Conv2d,prune_out_channels,True,1,2,11,10
18,14,DG011,model.16.m.0.cv1.conv,model.16.m.0.m.0.cv2.bn,BatchNorm2d,prune_out_channels,True,1,2,,
18,15,DG011,model.16.m.0.cv1.conv,model.16.m.0.m.0.cv2.conv,Conv2d,prune_out_channels,True,1,2,11,10
19,1,DG011,model.16.m.0.cv1.conv,model.16.m.0.cv1.conv,Conv2d,prune_out_channels,True,1,4,10,9
19,2,DG011,model.16.m.0.cv1.conv,model.16.m.0.cv1.bn,BatchNorm2d,prune_out_channels,True,1,4,,
19,3,DG011,model.16.m.0.cv1.conv,<unresolved>,_ElementWiseOp,prune_out_channels,True,1,4,,
19,4,DG011,model.16.m.0.cv1.conv,<unresolved>,_ElementWiseOp,prune_out_channels,True,1,4,,
19,5,DG011,model.16.m.0.cv1.conv,model.16.m.0.m.0.cv1.conv,Conv2d,prune_in_channels,False,1,4,,
19,6,DG011,model.16.m.0.cv1.conv,<unresolved>,_ElementWiseOp,prune_out_channels,True,1,4,,
19,7,DG011,model.16.m.0.cv1.conv,<unresolved>,_ElementWiseOp,prune_out_channels,True,1,4,,
19,8,DG011,model.16.m.0.cv1.conv,model.16.m.0.m.1.cv1.conv,Conv2d,prune_in_channels,False,1,4,,
19,9,DG011,model.16.m.0.cv1.conv,<unresolved>,_ElementWiseOp,prune_out_channels,True,1,4,,
19,10,DG011,model.16.m.0.cv1.conv,<unresolved>,_ConcatOp,prune_out_channels,True,1,4,,
19,11,DG011,model.16.m.0.cv1.conv,model.16.m.0.cv3.conv,Conv2d,prune_in_channels,False,1,4,,
19,12,DG011,model.16.m.0.cv1.conv,model.16.m.0.m.1.cv2.bn,BatchNorm2d,prune_out_channels,True,1,4,,
19,13,DG011,model.16.m.0.cv1.conv,model.16.m.0.m.1.cv2.conv,Conv2d,prune_out_channels,True,1,4,10,9
19,14,DG011,model.16.m.0.cv1.conv,model.16.m.0.m.0.cv2.bn,BatchNorm2d,prune_out_channels,True,1,4,,
19,15,DG011,model.16.m.0.cv1.conv,model.16.m.0.m.0.cv2.conv,Conv2d,prune_out_channels,True,1,4,10,9
20,1,DG021,model.2.cv2.conv,model.2.cv2.conv,Conv2d,prune_out_channels,True,1,42,63,62
20,2,DG021,model.2.cv2.conv,model.2.cv2.bn,BatchNorm2d,prune_out_channels,True,1,42,,
20,3,DG021,model.2.cv2.conv,<unresolved>,_ElementWiseOp,prune_out_channels,True,1,42,,
20,4,DG021,model.2.cv2.conv,model.3.conv,Conv2d,prune_in_channels,False,1,42,,
21,1,DG011,model.16.m.0.cv1.conv,model.16.m.0.cv1.conv,Conv2d,prune_out_channels,True,1,3,9,8
21,2,DG011,model.16.m.0.cv1.conv,model.16.m.0.cv1.bn,BatchNorm2d,prune_out_channels,True,1,3,,
21,3,DG011,model.16.m.0.cv1.conv,<unresolved>,_ElementWiseOp,prune_out_channels,True,1,3,,
21,4,DG011,model.16.m.0.cv1.conv,<unresolved>,_ElementWiseOp,prune_out_channels,True,1,3,,
21,5,DG011,model.16.m.0.cv1.conv,model.16.m.0.m.0.cv1.conv,Conv2d,prune_in_channels,False,1,3,,
21,6,DG011,model.16.m.0.cv1.conv,<unresolved>,_ElementWiseOp,prune_out_channels,True,1,3,,
21,7,DG011,model.16.m.0.cv1.conv,<unresolved>,_ElementWiseOp,prune_out_channels,True,1,3,,
21,8,DG011,model.16.m.0.cv1.conv,model.16.m.0.m.1.cv1.conv,Conv2d,prune_in_channels,False,1,3,,
21,9,DG011,model.16.m.0.cv1.conv,<unresolved>,_ElementWiseOp,prune_out_channels,True,1,3,,
21,10,DG011,model.16.m.0.cv1.conv,<unresolved>,_ConcatOp,prune_out_channels,True,1,3,,
21,11,DG011,model.16.m.0.cv1.conv,model.16.m.0.cv3.conv,Conv2d,prune_in_channels,False,1,3,,
21,12,DG011,model.16.m.0.cv1.conv,model.16.m.0.m.1.cv2.bn,BatchNorm2d,prune_out_channels,True,1,3,,
21,13,DG011,model.16.m.0.cv1.conv,model.16.m.0.m.1.cv2.conv,Conv2d,prune_out_channels,True,1,3,9,8
21,14,DG011,model.16.m.0.cv1.conv,model.16.m.0.m.0.cv2.bn,BatchNorm2d,prune_out_channels,True,1,3,,
21,15,DG011,model.16.m.0.cv1.conv,model.16.m.0.m.0.cv2.conv,Conv2d,prune_out_channels,True,1,3,9,8
22,1,DG001,model.0.conv,model.0.conv,Conv2d,prune_out_channels,True,1,12,13,12
22,2,DG001,model.0.conv,model.0.bn,BatchNorm2d,prune_out_channels,True,1,12,,
22,3,DG001,model.0.conv,<unresolved>,_ElementWiseOp,prune_out_channels,True,1,12,,
22,4,DG001,model.0.conv,model.1.conv,Conv2d,prune_in_channels,False,1,12,,
23,1,DG001,model.0.conv,model.0.conv,Conv2d,prune_out_channels,True,1,1,12,11
23,2,DG001,model.0.conv,model.0.bn,BatchNorm2d,prune_out_channels,True,1,1,,
23,3,DG001,model.0.conv,<unresolved>,_ElementWiseOp,prune_out_channels,True,1,1,,
23,4,DG001,model.0.conv,model.1.conv,Conv2d,prune_in_channels,False,1,1,,
24,1,DG021,model.2.cv2.conv,model.2.cv2.conv,Conv2d,prune_out_channels,True,1,24,62,61
24,2,DG021,model.2.cv2.conv,model.2.cv2.bn,BatchNorm2d,prune_out_channels,True,1,24,,
24,3,DG021,model.2.cv2.conv,<unresolved>,_ElementWiseOp,prune_out_channels,True,1,24,,
24,4,DG021,model.2.cv2.conv,model.3.conv,Conv2d,prune_in_channels,False,1,24,,
25,1,DG001,model.0.conv,model.0.conv,Conv2d,prune_out_channels,True,1,3,11,10
25,2,DG001,model.0.conv,model.0.bn,BatchNorm2d,prune_out_channels,True,1,3,,
25,3,DG001,model.0.conv,<unresolved>,_ElementWiseOp,prune_out_channels,True,1,3,,
25,4,DG001,model.0.conv,model.1.conv,Conv2d,prune_in_channels,False,1,3,,
26,1,DG002,model.1.conv,model.1.conv,Conv2d,prune_out_channels,True,1,16,32,31
26,2,DG002,model.1.conv,model.1.bn,BatchNorm2d,prune_out_channels,True,1,16,,
26,3,DG002,model.1.conv,<unresolved>,_ElementWiseOp,prune_out_channels,True,1,16,,
26,4,DG002,model.1.conv,model.2.cv1.conv,Conv2d,prune_in_channels,False,1,16,,
27,1,DG001,model.0.conv,model.0.conv,Conv2d,prune_out_channels,True,1,8,10,9
27,2,DG001,model.0.conv,model.0.bn,BatchNorm2d,prune_out_channels,True,1,8,,
27,3,DG001,model.0.conv,<unresolved>,_ElementWiseOp,prune_out_channels,True,1,8,,
27,4,DG001,model.0.conv,model.1.conv,Conv2d,prune_in_channels,False,1,8,,
28,1,DG021,model.2.cv2.conv,model.2.cv2.conv,Conv2d,prune_out_channels,True,1,1,61,60
28,2,DG021,model.2.cv2.conv,model.2.cv2.bn,BatchNorm2d,prune_out_channels,True,1,1,,
28,3,DG021,model.2.cv2.conv,<unresolved>,_ElementWiseOp,prune_out_channels,True,1,1,,
28,4,DG021,model.2.cv2.conv,model.3.conv,Conv2d,prune_in_channels,False,1,1,,
29,1,DG001,model.0.conv,model.0.conv,Conv2d,prune_out_channels,True,1,5,9,8
29,2,DG001,model.0.conv,model.0.bn,BatchNorm2d,prune_out_channels,True,1,5,,
29,3,DG001,model.0.conv,<unresolved>,_ElementWiseOp,prune_out_channels,True,1,5,,
29,4,DG001,model.0.conv,model.1.conv,Conv2d,prune_in_channels,False,1,5,,
30,1,DG002,model.1.conv,model.1.conv,Conv2d,prune_out_channels,True,1,12,31,30
30,2,DG002,model.1.conv,model.1.bn,BatchNorm2d,prune_out_channels,True,1,12,,
30,3,DG002,model.1.conv,<unresolved>,_ElementWiseOp,prune_out_channels,True,1,12,,
30,4,DG002,model.1.conv,model.2.cv1.conv,Conv2d,prune_in_channels,False,1,12,,
31,1,DG002,model.1.conv,model.1.conv,Conv2d,prune_out_channels,True,1,29,30,29
31,2,DG002,model.1.conv,model.1.bn,BatchNorm2d,prune_out_channels,True,1,29,,
31,3,DG002,model.1.conv,<unresolved>,_ElementWiseOp,prune_out_channels,True,1,29,,
31,4,DG002,model.1.conv,model.2.cv1.conv,Conv2d,prune_in_channels,False,1,29,,
32,1,DG021,model.2.cv2.conv,model.2.cv2.conv,Conv2d,prune_out_channels,True,1,1,60,59
32,2,DG021,model.2.cv2.conv,model.2.cv2.bn,BatchNorm2d,prune_out_channels,True,1,1,,
32,3,DG021,model.2.cv2.conv,<unresolved>,_ElementWiseOp,prune_out_channels,True,1,1,,
32,4,DG021,model.2.cv2.conv,model.3.conv,Conv2d,prune_in_channels,False,1,1,,
33,1,DG021,model.2.cv2.conv,model.2.cv2.conv,Conv2d,prune_out_channels,True,1,25,59,58
33,2,DG021,model.2.cv2.conv,model.2.cv2.bn,BatchNorm2d,prune_out_channels,True,1,25,,
33,3,DG021,model.2.cv2.conv,<unresolved>,_ElementWiseOp,prune_out_channels,True,1,25,,
33,4,DG021,model.2.cv2.conv,model.3.conv,Conv2d,prune_in_channels,False,1,25,,
34,1,DG021,model.2.cv2.conv,model.2.cv2.conv,Conv2d,prune_out_channels,True,1,22,58,57
34,2,DG021,model.2.cv2.conv,model.2.cv2.bn,BatchNorm2d,prune_out_channels,True,1,22,,
34,3,DG021,model.2.cv2.conv,<unresolved>,_ElementWiseOp,prune_out_channels,True,1,22,,
34,4,DG021,model.2.cv2.conv,model.3.conv,Conv2d,prune_in_channels,False,1,22,,
35,1,DG021,model.2.cv2.conv,model.2.cv2.conv,Conv2d,prune_out_channels,True,1,44,57,56
35,2,DG021,model.2.cv2.conv,model.2.cv2.bn,BatchNorm2d,prune_out_channels,True,1,44,,
35,3,DG021,model.2.cv2.conv,<unresolved>,_ElementWiseOp,prune_out_channels,True,1,44,,
35,4,DG021,model.2.cv2.conv,model.3.conv,Conv2d,prune_in_channels,False,1,44,,
36,1,DG021,model.2.cv2.conv,model.2.cv2.conv,Conv2d,prune_out_channels,True,1,55,56,55
36,2,DG021,model.2.cv2.conv,model.2.cv2.bn,BatchNorm2d,prune_out_channels,True,1,55,,
36,3,DG021,model.2.cv2.conv,<unresolved>,_ElementWiseOp,prune_out_channels,True,1,55,,
36,4,DG021,model.2.cv2.conv,model.3.conv,Conv2d,prune_in_channels,False,1,55,,
37,1,DG013,model.16.m.0.m.0.cv1.conv,model.16.m.0.m.0.cv1.conv,Conv2d,prune_out_channels,True,1,15,16,15
37,2,DG013,model.16.m.0.m.0.cv1.conv,model.16.m.0.m.0.cv1.bn,BatchNorm2d,prune_out_channels,True,1,15,,
37,3,DG013,model.16.m.0.m.0.cv1.conv,<unresolved>,_ElementWiseOp,prune_out_channels,True,1,15,,
37,4,DG013,model.16.m.0.m.0.cv1.conv,model.16.m.0.m.0.cv2.conv,Conv2d,prune_in_channels,False,1,15,,
38,1,DG002,model.1.conv,model.1.conv,Conv2d,prune_out_channels,True,1,21,29,28
38,2,DG002,model.1.conv,model.1.bn,BatchNorm2d,prune_out_channels,True,1,21,,
38,3,DG002,model.1.conv,<unresolved>,_ElementWiseOp,prune_out_channels,True,1,21,,
38,4,DG002,model.1.conv,model.2.cv1.conv,Conv2d,prune_in_channels,False,1,21,,
39,1,DG014,model.16.m.0.m.1.cv1.conv,model.16.m.0.m.1.cv1.conv,Conv2d,prune_out_channels,True,1,3,16,15
39,2,DG014,model.16.m.0.m.1.cv1.conv,model.16.m.0.m.1.cv1.bn,BatchNorm2d,prune_out_channels,True,1,3,,
39,3,DG014,model.16.m.0.m.1.cv1.conv,<unresolved>,_ElementWiseOp,prune_out_channels,True,1,3,,
39,4,DG014,model.16.m.0.m.1.cv1.conv,model.16.m.0.m.1.cv2.conv,Conv2d,prune_in_channels,False,1,3,,
40,1,DG021,model.2.cv2.conv,model.2.cv2.conv,Conv2d,prune_out_channels,True,1,40,55,54
40,2,DG021,model.2.cv2.conv,model.2.cv2.bn,BatchNorm2d,prune_out_channels,True,1,40,,
40,3,DG021,model.2.cv2.conv,<unresolved>,_ElementWiseOp,prune_out_channels,True,1,40,,
40,4,DG021,model.2.cv2.conv,model.3.conv,Conv2d,prune_in_channels,False,1,40,,
41,1,DG021,model.2.cv2.conv,model.2.cv2.conv,Conv2d,prune_out_channels,True,1,11,54,53
41,2,DG021,model.2.cv2.conv,model.2.cv2.bn,BatchNorm2d,prune_out_channels,True,1,11,,
41,3,DG021,model.2.cv2.conv,<unresolved>,_ElementWiseOp,prune_out_channels,True,1,11,,
41,4,DG021,model.2.cv2.conv,model.3.conv,Conv2d,prune_in_channels,False,1,11,,
42,1,DG021,model.2.cv2.conv,model.2.cv2.conv,Conv2d,prune_out_channels,True,1,7,53,52
42,2,DG021,model.2.cv2.conv,model.2.cv2.bn,BatchNorm2d,prune_out_channels,True,1,7,,
42,3,DG021,model.2.cv2.conv,<unresolved>,_ElementWiseOp,prune_out_channels,True,1,7,,
42,4,DG021,model.2.cv2.conv,model.3.conv,Conv2d,prune_in_channels,False,1,7,,
43,1,DG002,model.1.conv,model.1.conv,Conv2d,prune_out_channels,True,1,21,28,27
43,2,DG002,model.1.conv,model.1.bn,BatchNorm2d,prune_out_channels,True,1,21,,
43,3,DG002,model.1.conv,<unresolved>,_ElementWiseOp,prune_out_channels,True,1,21,,
43,4,DG002,model.1.conv,model.2.cv1.conv,Conv2d,prune_in_channels,False,1,21,,
44,1,DG021,model.2.cv2.conv,model.2.cv2.conv,Conv2d,prune_out_channels,True,1,12,52,51
44,2,DG021,model.2.cv2.conv,model.2.cv2.bn,BatchNorm2d,prune_out_channels,True,1,12,,
44,3,DG021,model.2.cv2.conv,<unresolved>,_ElementWiseOp,prune_out_channels,True,1,12,,
44,4,DG021,model.2.cv2.conv,model.3.conv,Conv2d,prune_in_channels,False,1,12,,
45,1,DG002,model.1.conv,model.1.conv,Conv2d,prune_out_channels,True,1,8,27,26
45,2,DG002,model.1.conv,model.1.bn,BatchNorm2d,prune_out_channels,True,1,8,,
45,3,DG002,model.1.conv,<unresolved>,_ElementWiseOp,prune_out_channels,True,1,8,,
45,4,DG002,model.1.conv,model.2.cv1.conv,Conv2d,prune_in_channels,False,1,8,,
46,1,DG021,model.2.cv2.conv,model.2.cv2.conv,Conv2d,prune_out_channels,True,1,20,51,50
46,2,DG021,model.2.cv2.conv,model.2.cv2.bn,BatchNorm2d,prune_out_channels,True,1,20,,
46,3,DG021,model.2.cv2.conv,<unresolved>,_ElementWiseOp,prune_out_channels,True,1,20,,
46,4,DG021,model.2.cv2.conv,model.3.conv,Conv2d,prune_in_channels,False,1,20,,
47,1,DG021,model.2.cv2.conv,model.2.cv2.conv,Conv2d,prune_out_channels,True,1,5,50,49
47,2,DG021,model.2.cv2.conv,model.2.cv2.bn,BatchNorm2d,prune_out_channels,True,1,5,,
47,3,DG021,model.2.cv2.conv,<unresolved>,_ElementWiseOp,prune_out_channels,True,1,5,,
47,4,DG021,model.2.cv2.conv,model.3.conv,Conv2d,prune_in_channels,False,1,5,,
48,1,DG021,model.2.cv2.conv,model.2.cv2.conv,Conv2d,prune_out_channels,True,1,24,49,48
48,2,DG021,model.2.cv2.conv,model.2.cv2.bn,BatchNorm2d,prune_out_channels,True,1,24,,
48,3,DG021,model.2.cv2.conv,<unresolved>,_ElementWiseOp,prune_out_channels,True,1,24,,
48,4,DG021,model.2.cv2.conv,model.3.conv,Conv2d,prune_in_channels,False,1,24,,
49,1,DG021,model.2.cv2.conv,model.2.cv2.conv,Conv2d,prune_out_channels,True,1,14,48,47
49,2,DG021,model.2.cv2.conv,model.2.cv2.bn,BatchNorm2d,prune_out_channels,True,1,14,,
49,3,DG021,model.2.cv2.conv,<unresolved>,_ElementWiseOp,prune_out_channels,True,1,14,,
49,4,DG021,model.2.cv2.conv,model.3.conv,Conv2d,prune_in_channels,False,1,14,,
50,1,DG021,model.2.cv2.conv,model.2.cv2.conv,Conv2d,prune_out_channels,True,1,25,47,46
50,2,DG021,model.2.cv2.conv,model.2.cv2.bn,BatchNorm2d,prune_out_channels,True,1,25,,
50,3,DG021,model.2.cv2.conv,<unresolved>,_ElementWiseOp,prune_out_channels,True,1,25,,
50,4,DG021,model.2.cv2.conv,model.3.conv,Conv2d,prune_in_channels,False,1,25,,
51,1,DG021,model.2.cv2.conv,model.2.cv2.conv,Conv2d,prune_out_channels,True,1,45,46,45
51,2,DG021,model.2.cv2.conv,model.2.cv2.bn,BatchNorm2d,prune_out_channels,True,1,45,,
51,3,DG021,model.2.cv2.conv,<unresolved>,_ElementWiseOp,prune_out_channels,True,1,45,,
51,4,DG021,model.2.cv2.conv,model.3.conv,Conv2d,prune_in_channels,False,1,45,,
52,1,DG021,model.2.cv2.conv,model.2.cv2.conv,Conv2d,prune_out_channels,True,1,27,45,44
52,2,DG021,model.2.cv2.conv,model.2.cv2.bn,BatchNorm2d,prune_out_channels,True,1,27,,
52,3,DG021,model.2.cv2.conv,<unresolved>,_ElementWiseOp,prune_out_channels,True,1,27,,
52,4,DG021,model.2.cv2.conv,model.3.conv,Conv2d,prune_in_channels,False,1,27,,
53,1,DG021,model.2.cv2.conv,model.2.cv2.conv,Conv2d,prune_out_channels,True,1,29,44,43
53,2,DG021,model.2.cv2.conv,model.2.cv2.bn,BatchNorm2d,prune_out_channels,True,1,29,,
53,3,DG021,model.2.cv2.conv,<unresolved>,_ElementWiseOp,prune_out_channels,True,1,29,,
53,4,DG021,model.2.cv2.conv,model.3.conv,Conv2d,prune_in_channels,False,1,29,,
54,1,DG021,model.2.cv2.conv,model.2.cv2.conv,Conv2d,prune_out_channels,True,1,29,43,42
54,2,DG021,model.2.cv2.conv,model.2.cv2.bn,BatchNorm2d,prune_out_channels,True,1,29,,
54,3,DG021,model.2.cv2.conv,<unresolved>,_ElementWiseOp,prune_out_channels,True,1,29,,
54,4,DG021,model.2.cv2.conv,model.3.conv,Conv2d,prune_in_channels,False,1,29,,
55,1,DG021,model.2.cv2.conv,model.2.cv2.conv,Conv2d,prune_out_channels,True,1,21,42,41
55,2,DG021,model.2.cv2.conv,model.2.cv2.bn,BatchNorm2d,prune_out_channels,True,1,21,,
55,3,DG021,model.2.cv2.conv,<unresolved>,_ElementWiseOp,prune_out_channels,True,1,21,,
55,4,DG021,model.2.cv2.conv,model.3.conv,Conv2d,prune_in_channels,False,1,21,,
56,1,DG021,model.2.cv2.conv,model.2.cv2.conv,Conv2d,prune_out_channels,True,1,7,41,40
56,2,DG021,model.2.cv2.conv,model.2.cv2.bn,BatchNorm2d,prune_out_channels,True,1,7,,
56,3,DG021,model.2.cv2.conv,<unresolved>,_ElementWiseOp,prune_out_channels,True,1,7,,
56,4,DG021,model.2.cv2.conv,model.3.conv,Conv2d,prune_in_channels,False,1,7,,
57,1,DG021,model.2.cv2.conv,model.2.cv2.conv,Conv2d,prune_out_channels,True,1,39,40,39
57,2,DG021,model.2.cv2.conv,model.2.cv2.bn,BatchNorm2d,prune_out_channels,True,1,39,,
57,3,DG021,model.2.cv2.conv,<unresolved>,_ElementWiseOp,prune_out_channels,True,1,39,,
57,4,DG021,model.2.cv2.conv,model.3.conv,Conv2d,prune_in_channels,False,1,39,,
58,1,DG021,model.2.cv2.conv,model.2.cv2.conv,Conv2d,prune_out_channels,True,1,11,39,38
58,2,DG021,model.2.cv2.conv,model.2.cv2.bn,BatchNorm2d,prune_out_channels,True,1,11,,
58,3,DG021,model.2.cv2.conv,<unresolved>,_ElementWiseOp,prune_out_channels,True,1,11,,
58,4,DG021,model.2.cv2.conv,model.3.conv,Conv2d,prune_in_channels,False,1,11,,
59,1,DG021,model.2.cv2.conv,model.2.cv2.conv,Conv2d,prune_out_channels,True,1,20,38,37
59,2,DG021,model.2.cv2.conv,model.2.cv2.bn,BatchNorm2d,prune_out_channels,True,1,20,,
59,3,DG021,model.2.cv2.conv,<unresolved>,_ElementWiseOp,prune_out_channels,True,1,20,,
59,4,DG021,model.2.cv2.conv,model.3.conv,Conv2d,prune_in_channels,False,1,20,,
60,1,DG021,model.2.cv2.conv,model.2.cv2.conv,Conv2d,prune_out_channels,True,1,13,37,36
60,2,DG021,model.2.cv2.conv,model.2.cv2.bn,BatchNorm2d,prune_out_channels,True,1,13,,
60,3,DG021,model.2.cv2.conv,<unresolved>,_ElementWiseOp,prune_out_channels,True,1,13,,
60,4,DG021,model.2.cv2.conv,model.3.conv,Conv2d,prune_in_channels,False,1,13,,
61,1,DG021,model.2.cv2.conv,model.2.cv2.conv,Conv2d,prune_out_channels,True,1,22,36,35
61,2,DG021,model.2.cv2.conv,model.2.cv2.bn,BatchNorm2d,prune_out_channels,True,1,22,,
61,3,DG021,model.2.cv2.conv,<unresolved>,_ElementWiseOp,prune_out_channels,True,1,22,,
61,4,DG021,model.2.cv2.conv,model.3.conv,Conv2d,prune_in_channels,False,1,22,,
62,1,DG021,model.2.cv2.conv,model.2.cv2.conv,Conv2d,prune_out_channels,True,1,27,35,34
62,2,DG021,model.2.cv2.conv,model.2.cv2.bn,BatchNorm2d,prune_out_channels,True,1,27,,
62,3,DG021,model.2.cv2.conv,<unresolved>,_ElementWiseOp,prune_out_channels,True,1,27,,
62,4,DG021,model.2.cv2.conv,model.3.conv,Conv2d,prune_in_channels,False,1,27,,
63,1,DG021,model.2.cv2.conv,model.2.cv2.conv,Conv2d,prune_out_channels,True,1,20,34,33
63,2,DG021,model.2.cv2.conv,model.2.cv2.bn,BatchNorm2d,prune_out_channels,True,1,20,,
63,3,DG021,model.2.cv2.conv,<unresolved>,_ElementWiseOp,prune_out_channels,True,1,20,,
63,4,DG021,model.2.cv2.conv,model.3.conv,Conv2d,prune_in_channels,False,1,20,,
64,1,DG018,model.19.m.0.cv2.conv,model.19.m.0.cv2.conv,Conv2d,prune_out_channels,True,1,28,32,31
64,2,DG018,model.19.m.0.cv2.conv,model.19.m.0.cv2.bn,BatchNorm2d,prune_out_channels,True,1,28,,
64,3,DG018,model.19.m.0.cv2.conv,<unresolved>,_ElementWiseOp,prune_out_channels,True,1,28,,
64,4,DG018,model.19.m.0.cv2.conv,<unresolved>,_ConcatOp,prune_out_channels,True,1,60,,
64,5,DG018,model.19.m.0.cv2.conv,model.19.m.0.cv3.conv,Conv2d,prune_in_channels,False,1,60,,
65,1,DG021,model.2.cv2.conv,model.2.cv2.conv,Conv2d,prune_out_channels,True,1,2,33,32
65,2,DG021,model.2.cv2.conv,model.2.cv2.bn,BatchNorm2d,prune_out_channels,True,1,2,,
65,3,DG021,model.2.cv2.conv,<unresolved>,_ElementWiseOp,prune_out_channels,True,1,2,,
65,4,DG021,model.2.cv2.conv,model.3.conv,Conv2d,prune_in_channels,False,1,2,,
66,1,DG018,model.19.m.0.cv2.conv,model.19.m.0.cv2.conv,Conv2d,prune_out_channels,True,1,5,31,30
66,2,DG018,model.19.m.0.cv2.conv,model.19.m.0.cv2.bn,BatchNorm2d,prune_out_channels,True,1,5,,
66,3,DG018,model.19.m.0.cv2.conv,<unresolved>,_ElementWiseOp,prune_out_channels,True,1,5,,
66,4,DG018,model.19.m.0.cv2.conv,<unresolved>,_ConcatOp,prune_out_channels,True,1,37,,
66,5,DG018,model.19.m.0.cv2.conv,model.19.m.0.cv3.conv,Conv2d,prune_in_channels,False,1,37,,
67,1,DG017,model.19.m.0.cv1.conv,model.19.m.0.cv1.conv,Conv2d,prune_out_channels,True,1,19,32,31
67,2,DG017,model.19.m.0.cv1.conv,model.19.m.0.cv1.bn,BatchNorm2d,prune_out_channels,True,1,19,,
67,3,DG017,model.19.m.0.cv1.conv,<unresolved>,_ElementWiseOp,prune_out_channels,True,1,19,,
67,4,DG017,model.19.m.0.cv1.conv,<unresolved>,_ElementWiseOp,prune_out_channels,True,1,19,,
67,5,DG017,model.19.m.0.cv1.conv,model.19.m.0.m.0.cv1.conv,Conv2d,prune_in_channels,False,1,19,,
67,6,DG017,model.19.m.0.cv1.conv,<unresolved>,_ElementWiseOp,prune_out_channels,True,1,19,,
67,7,DG017,model.19.m.0.cv1.conv,<unresolved>,_ElementWiseOp,prune_out_channels,True,1,19,,
67,8,DG017,model.19.m.0.cv1.conv,model.19.m.0.m.1.cv1.conv,Conv2d,prune_in_channels,False,1,19,,
67,9,DG017,model.19.m.0.cv1.conv,<unresolved>,_ElementWiseOp,prune_out_channels,True,1,19,,
67,10,DG017,model.19.m.0.cv1.conv,<unresolved>,_ConcatOp,prune_out_channels,True,1,19,,
67,11,DG017,model.19.m.0.cv1.conv,model.19.m.0.cv3.conv,Conv2d,prune_in_channels,False,1,19,,
67,12,DG017,model.19.m.0.cv1.conv,model.19.m.0.m.1.cv2.bn,BatchNorm2d,prune_out_channels,True,1,19,,
67,13,DG017,model.19.m.0.cv1.conv,model.19.m.0.m.1.cv2.conv,Conv2d,prune_out_channels,True,1,19,32,31
67,14,DG017,model.19.m.0.cv1.conv,model.19.m.0.m.0.cv2.bn,BatchNorm2d,prune_out_channels,True,1,19,,
67,15,DG017,model.19.m.0.cv1.conv,model.19.m.0.m.0.cv2.conv,Conv2d,prune_out_channels,True,1,19,32,31
68,1,DG002,model.1.conv,model.1.conv,Conv2d,prune_out_channels,True,1,9,26,25
68,2,DG002,model.1.conv,model.1.bn,BatchNorm2d,prune_out_channels,True,1,9,,
68,3,DG002,model.1.conv,<unresolved>,_ElementWiseOp,prune_out_channels,True,1,9,,
68,4,DG002,model.1.conv,model.2.cv1.conv,Conv2d,prune_in_channels,False,1,9,,
69,1,DG018,model.19.m.0.cv2.conv,model.19.m.0.cv2.conv,Conv2d,prune_out_channels,True,1,3,30,29
69,2,DG018,model.19.m.0.cv2.conv,model.19.m.0.cv2.bn,BatchNorm2d,prune_out_channels,True,1,3,,
69,3,DG018,model.19.m.0.cv2.conv,<unresolved>,_ElementWiseOp,prune_out_channels,True,1,3,,
69,4,DG018,model.19.m.0.cv2.conv,<unresolved>,_ConcatOp,prune_out_channels,True,1,34,,
69,5,DG018,model.19.m.0.cv2.conv,model.19.m.0.cv3.conv,Conv2d,prune_in_channels,False,1,34,,
70,1,DG018,model.19.m.0.cv2.conv,model.19.m.0.cv2.conv,Conv2d,prune_out_channels,True,1,8,29,28
70,2,DG018,model.19.m.0.cv2.conv,model.19.m.0.cv2.bn,BatchNorm2d,prune_out_channels,True,1,8,,
70,3,DG018,model.19.m.0.cv2.conv,<unresolved>,_ElementWiseOp,prune_out_channels,True,1,8,,
70,4,DG018,model.19.m.0.cv2.conv,<unresolved>,_ConcatOp,prune_out_channels,True,1,39,,
70,5,DG018,model.19.m.0.cv2.conv,model.19.m.0.cv3.conv,Conv2d,prune_in_channels,False,1,39,,
71,1,DG018,model.19.m.0.cv2.conv,model.19.m.0.cv2.conv,Conv2d,prune_out_channels,True,1,18,28,27
71,2,DG018,model.19.m.0.cv2.conv,model.19.m.0.cv2.bn,BatchNorm2d,prune_out_channels,True,1,18,,
71,3,DG018,model.19.m.0.cv2.conv,<unresolved>,_ElementWiseOp,prune_out_channels,True,1,18,,
71,4,DG018,model.19.m.0.cv2.conv,<unresolved>,_ConcatOp,prune_out_channels,True,1,49,,
71,5,DG018,model.19.m.0.cv2.conv,model.19.m.0.cv3.conv,Conv2d,prune_in_channels,False,1,49,,
72,1,DG033,model.6.m.0.cv2.conv,model.6.m.0.cv2.conv,Conv2d,prune_out_channels,True,1,2,32,31
72,2,DG033,model.6.m.0.cv2.conv,model.6.m.0.cv2.bn,BatchNorm2d,prune_out_channels,True,1,2,,
72,3,DG033,model.6.m.0.cv2.conv,<unresolved>,_ElementWiseOp,prune_out_channels,True,1,2,,
72,4,DG033,model.6.m.0.cv2.conv,<unresolved>,_ConcatOp,prune_out_channels,True,1,34,,
72,5,DG033,model.6.m.0.cv2.conv,model.6.m.0.cv3.conv,Conv2d,prune_in_channels,False,1,34,,
73,1,DG006,model.13.m.0.cv1.conv,model.13.m.0.cv1.conv,Conv2d,prune_out_channels,True,1,19,32,31
73,2,DG006,model.13.m.0.cv1.conv,model.13.m.0.cv1.bn,BatchNorm2d,prune_out_channels,True,1,19,,
73,3,DG006,model.13.m.0.cv1.conv,<unresolved>,_ElementWiseOp,prune_out_channels,True,1,19,,
73,4,DG006,model.13.m.0.cv1.conv,<unresolved>,_ElementWiseOp,prune_out_channels,True,1,19,,
73,5,DG006,model.13.m.0.cv1.conv,model.13.m.0.m.0.cv1.conv,Conv2d,prune_in_channels,False,1,19,,
73,6,DG006,model.13.m.0.cv1.conv,<unresolved>,_ElementWiseOp,prune_out_channels,True,1,19,,
73,7,DG006,model.13.m.0.cv1.conv,<unresolved>,_ElementWiseOp,prune_out_channels,True,1,19,,
73,8,DG006,model.13.m.0.cv1.conv,model.13.m.0.m.1.cv1.conv,Conv2d,prune_in_channels,False,1,19,,
73,9,DG006,model.13.m.0.cv1.conv,<unresolved>,_ElementWiseOp,prune_out_channels,True,1,19,,
73,10,DG006,model.13.m.0.cv1.conv,<unresolved>,_ConcatOp,prune_out_channels,True,1,19,,
73,11,DG006,model.13.m.0.cv1.conv,model.13.m.0.cv3.conv,Conv2d,prune_in_channels,False,1,19,,
73,12,DG006,model.13.m.0.cv1.conv,model.13.m.0.m.1.cv2.bn,BatchNorm2d,prune_out_channels,True,1,19,,
73,13,DG006,model.13.m.0.cv1.conv,model.13.m.0.m.1.cv2.conv,Conv2d,prune_out_channels,True,1,19,32,31
73,14,DG006,model.13.m.0.cv1.conv,model.13.m.0.m.0.cv2.bn,BatchNorm2d,prune_out_channels,True,1,19,,
73,15,DG006,model.13.m.0.cv1.conv,model.13.m.0.m.0.cv2.conv,Conv2d,prune_out_channels,True,1,19,32,31
74,1,DG033,model.6.m.0.cv2.conv,model.6.m.0.cv2.conv,Conv2d,prune_out_channels,True,1,9,31,30
74,2,DG033,model.6.m.0.cv2.conv,model.6.m.0.cv2.bn,BatchNorm2d,prune_out_channels,True,1,9,,
74,3,DG033,model.6.m.0.cv2.conv,<unresolved>,_ElementWiseOp,prune_out_channels,True,1,9,,
74,4,DG033,model.6.m.0.cv2.conv,<unresolved>,_ConcatOp,prune_out_channels,True,1,41,,
74,5,DG033,model.6.m.0.cv2.conv,model.6.m.0.cv3.conv,Conv2d,prune_in_channels,False,1,41,,
75,1,DG017,model.19.m.0.cv1.conv,model.19.m.0.cv1.conv,Conv2d,prune_out_channels,True,1,28,31,30
75,2,DG017,model.19.m.0.cv1.conv,model.19.m.0.cv1.bn,BatchNorm2d,prune_out_channels,True,1,28,,
75,3,DG017,model.19.m.0.cv1.conv,<unresolved>,_ElementWiseOp,prune_out_channels,True,1,28,,
75,4,DG017,model.19.m.0.cv1.conv,<unresolved>,_ElementWiseOp,prune_out_channels,True,1,28,,
75,5,DG017,model.19.m.0.cv1.conv,model.19.m.0.m.0.cv1.conv,Conv2d,prune_in_channels,False,1,28,,
75,6,DG017,model.19.m.0.cv1.conv,<unresolved>,_ElementWiseOp,prune_out_channels,True,1,28,,
75,7,DG017,model.19.m.0.cv1.conv,<unresolved>,_ElementWiseOp,prune_out_channels,True,1,28,,
75,8,DG017,model.19.m.0.cv1.conv,model.19.m.0.m.1.cv1.conv,Conv2d,prune_in_channels,False,1,28,,
75,9,DG017,model.19.m.0.cv1.conv,<unresolved>,_ElementWiseOp,prune_out_channels,True,1,28,,
75,10,DG017,model.19.m.0.cv1.conv,<unresolved>,_ConcatOp,prune_out_channels,True,1,28,,
75,11,DG017,model.19.m.0.cv1.conv,model.19.m.0.cv3.conv,Conv2d,prune_in_channels,False,1,28,,
75,12,DG017,model.19.m.0.cv1.conv,model.19.m.0.m.1.cv2.bn,BatchNorm2d,prune_out_channels,True,1,28,,
75,13,DG017,model.19.m.0.cv1.conv,model.19.m.0.m.1.cv2.conv,Conv2d,prune_out_channels,True,1,28,31,30
75,14,DG017,model.19.m.0.cv1.conv,model.19.m.0.m.0.cv2.bn,BatchNorm2d,prune_out_channels,True,1,28,,
75,15,DG017,model.19.m.0.cv1.conv,model.19.m.0.m.0.cv2.conv,Conv2d,prune_out_channels,True,1,28,31,30
76,1,DG018,model.19.m.0.cv2.conv,model.19.m.0.cv2.conv,Conv2d,prune_out_channels,True,1,10,27,26
76,2,DG018,model.19.m.0.cv2.conv,model.19.m.0.cv2.bn,BatchNorm2d,prune_out_channels,True,1,10,,
76,3,DG018,model.19.m.0.cv2.conv,<unresolved>,_ElementWiseOp,prune_out_channels,True,1,10,,
76,4,DG018,model.19.m.0.cv2.conv,<unresolved>,_ConcatOp,prune_out_channels,True,1,40,,
76,5,DG018,model.19.m.0.cv2.conv,model.19.m.0.cv3.conv,Conv2d,prune_in_channels,False,1,40,,
77,1,DG018,model.19.m.0.cv2.conv,model.19.m.0.cv2.conv,Conv2d,prune_out_channels,True,1,5,26,25
77,2,DG018,model.19.m.0.cv2.conv,model.19.m.0.cv2.bn,BatchNorm2d,prune_out_channels,True,1,5,,
77,3,DG018,model.19.m.0.cv2.conv,<unresolved>,_ElementWiseOp,prune_out_channels,True,1,5,,
77,4,DG018,model.19.m.0.cv2.conv,<unresolved>,_ConcatOp,prune_out_channels,True,1,35,,
77,5,DG018,model.19.m.0.cv2.conv,model.19.m.0.cv3.conv,Conv2d,prune_in_channels,False,1,35,,
78,1,DG032,model.6.m.0.cv1.conv,model.6.m.0.cv1.conv,Conv2d,prune_out_channels,True,1,11,32,31
78,2,DG032,model.6.m.0.cv1.conv,model.6.m.0.cv1.bn,BatchNorm2d,prune_out_channels,True,1,11,,
78,3,DG032,model.6.m.0.cv1.conv,<unresolved>,_ElementWiseOp,prune_out_channels,True,1,11,,
78,4,DG032,model.6.m.0.cv1.conv,<unresolved>,_ElementWiseOp,prune_out_channels,True,1,11,,
78,5,DG032,model.6.m.0.cv1.conv,model.6.m.0.m.0.cv1.conv,Conv2d,prune_in_channels,False,1,11,,
78,6,DG032,model.6.m.0.cv1.conv,<unresolved>,_ElementWiseOp,prune_out_channels,True,1,11,,
78,7,DG032,model.6.m.0.cv1.conv,<unresolved>,_ElementWiseOp,prune_out_channels,True,1,11,,
78,8,DG032,model.6.m.0.cv1.conv,model.6.m.0.m.1.cv1.conv,Conv2d,prune_in_channels,False,1,11,,
78,9,DG032,model.6.m.0.cv1.conv,<unresolved>,_ElementWiseOp,prune_out_channels,True,1,11,,
78,10,DG032,model.6.m.0.cv1.conv,<unresolved>,_ConcatOp,prune_out_channels,True,1,11,,
78,11,DG032,model.6.m.0.cv1.conv,model.6.m.0.cv3.conv,Conv2d,prune_in_channels,False,1,11,,
78,12,DG032,model.6.m.0.cv1.conv,model.6.m.0.m.1.cv2.bn,BatchNorm2d,prune_out_channels,True,1,11,,
78,13,DG032,model.6.m.0.cv1.conv,model.6.m.0.m.1.cv2.conv,Conv2d,prune_out_channels,True,1,11,32,31
78,14,DG032,model.6.m.0.cv1.conv,model.6.m.0.m.0.cv2.bn,BatchNorm2d,prune_out_channels,True,1,11,,
78,15,DG032,model.6.m.0.cv1.conv,model.6.m.0.m.0.cv2.conv,Conv2d,prune_out_channels,True,1,11,32,31
79,1,DG033,model.6.m.0.cv2.conv,model.6.m.0.cv2.conv,Conv2d,prune_out_channels,True,1,29,30,29
79,2,DG033,model.6.m.0.cv2.conv,model.6.m.0.cv2.bn,BatchNorm2d,prune_out_channels,True,1,29,,
79,3,DG033,model.6.m.0.cv2.conv,<unresolved>,_ElementWiseOp,prune_out_channels,True,1,29,,
79,4,DG033,model.6.m.0.cv2.conv,<unresolved>,_ConcatOp,prune_out_channels,True,1,60,,
79,5,DG033,model.6.m.0.cv2.conv,model.6.m.0.cv3.conv,Conv2d,prune_in_channels,False,1,60,,
80,1,DG018,model.19.m.0.cv2.conv,model.19.m.0.cv2.conv,Conv2d,prune_out_channels,True,1,2,25,24
80,2,DG018,model.19.m.0.cv2.conv,model.19.m.0.cv2.bn,BatchNorm2d,prune_out_channels,True,1,2,,
80,3,DG018,model.19.m.0.cv2.conv,<unresolved>,_ElementWiseOp,prune_out_channels,True,1,2,,
80,4,DG018,model.19.m.0.cv2.conv,<unresolved>,_ConcatOp,prune_out_channels,True,1,32,,
80,5,DG018,model.19.m.0.cv2.conv,model.19.m.0.cv3.conv,Conv2d,prune_in_channels,False,1,32,,
81,1,DG014,model.16.m.0.m.1.cv1.conv,model.16.m.0.m.1.cv1.conv,Conv2d,prune_out_channels,True,1,6,15,14
81,2,DG014,model.16.m.0.m.1.cv1.conv,model.16.m.0.m.1.cv1.bn,BatchNorm2d,prune_out_channels,True,1,6,,
81,3,DG014,model.16.m.0.m.1.cv1.conv,<unresolved>,_ElementWiseOp,prune_out_channels,True,1,6,,
81,4,DG014,model.16.m.0.m.1.cv1.conv,model.16.m.0.m.1.cv2.conv,Conv2d,prune_in_channels,False,1,6,,
82,1,DG017,model.19.m.0.cv1.conv,model.19.m.0.cv1.conv,Conv2d,prune_out_channels,True,1,9,30,29
82,2,DG017,model.19.m.0.cv1.conv,model.19.m.0.cv1.bn,BatchNorm2d,prune_out_channels,True,1,9,,
82,3,DG017,model.19.m.0.cv1.conv,<unresolved>,_ElementWiseOp,prune_out_channels,True,1,9,,
82,4,DG017,model.19.m.0.cv1.conv,<unresolved>,_ElementWiseOp,prune_out_channels,True,1,9,,
82,5,DG017,model.19.m.0.cv1.conv,model.19.m.0.m.0.cv1.conv,Conv2d,prune_in_channels,False,1,9,,
82,6,DG017,model.19.m.0.cv1.conv,<unresolved>,_ElementWiseOp,prune_out_channels,True,1,9,,
82,7,DG017,model.19.m.0.cv1.conv,<unresolved>,_ElementWiseOp,prune_out_channels,True,1,9,,
82,8,DG017,model.19.m.0.cv1.conv,model.19.m.0.m.1.cv1.conv,Conv2d,prune_in_channels,False,1,9,,
82,9,DG017,model.19.m.0.cv1.conv,<unresolved>,_ElementWiseOp,prune_out_channels,True,1,9,,
82,10,DG017,model.19.m.0.cv1.conv,<unresolved>,_ConcatOp,prune_out_channels,True,1,9,,
82,11,DG017,model.19.m.0.cv1.conv,model.19.m.0.cv3.conv,Conv2d,prune_in_channels,False,1,9,,
82,12,DG017,model.19.m.0.cv1.conv,model.19.m.0.m.1.cv2.bn,BatchNorm2d,prune_out_channels,True,1,9,,
82,13,DG017,model.19.m.0.cv1.conv,model.19.m.0.m.1.cv2.conv,Conv2d,prune_out_channels,True,1,9,30,29
82,14,DG017,model.19.m.0.cv1.conv,model.19.m.0.m.0.cv2.bn,BatchNorm2d,prune_out_channels,True,1,9,,
82,15,DG017,model.19.m.0.cv1.conv,model.19.m.0.m.0.cv2.conv,Conv2d,prune_out_channels,True,1,9,30,29
83,1,DG014,model.16.m.0.m.1.cv1.conv,model.16.m.0.m.1.cv1.conv,Conv2d,prune_out_channels,True,1,3,14,13
83,2,DG014,model.16.m.0.m.1.cv1.conv,model.16.m.0.m.1.cv1.bn,BatchNorm2d,prune_out_channels,True,1,3,,
83,3,DG014,model.16.m.0.m.1.cv1.conv,<unresolved>,_ElementWiseOp,prune_out_channels,True,1,3,,
83,4,DG014,model.16.m.0.m.1.cv1.conv,model.16.m.0.m.1.cv2.conv,Conv2d,prune_in_channels,False,1,3,,
84,1,DG002,model.1.conv,model.1.conv,Conv2d,prune_out_channels,True,1,15,25,24
84,2,DG002,model.1.conv,model.1.bn,BatchNorm2d,prune_out_channels,True,1,15,,
84,3,DG002,model.1.conv,<unresolved>,_ElementWiseOp,prune_out_channels,True,1,15,,
84,4,DG002,model.1.conv,model.2.cv1.conv,Conv2d,prune_in_channels,False,1,15,,
85,1,DG017,model.19.m.0.cv1.conv,model.19.m.0.cv1.conv,Conv2d,prune_out_channels,True,1,21,29,28
85,2,DG017,model.19.m.0.cv1.conv,model.19.m.0.cv1.bn,BatchNorm2d,prune_out_channels,True,1,21,,
85,3,DG017,model.19.m.0.cv1.conv,<unresolved>,_ElementWiseOp,prune_out_channels,True,1,21,,
85,4,DG017,model.19.m.0.cv1.conv,<unresolved>,_ElementWiseOp,prune_out_channels,True,1,21,,
85,5,DG017,model.19.m.0.cv1.conv,model.19.m.0.m.0.cv1.conv,Conv2d,prune_in_channels,False,1,21,,
85,6,DG017,model.19.m.0.cv1.conv,<unresolved>,_ElementWiseOp,prune_out_channels,True,1,21,,
85,7,DG017,model.19.m.0.cv1.conv,<unresolved>,_ElementWiseOp,prune_out_channels,True,1,21,,
85,8,DG017,model.19.m.0.cv1.conv,model.19.m.0.m.1.cv1.conv,Conv2d,prune_in_channels,False,1,21,,
85,9,DG017,model.19.m.0.cv1.conv,<unresolved>,_ElementWiseOp,prune_out_channels,True,1,21,,
85,10,DG017,model.19.m.0.cv1.conv,<unresolved>,_ConcatOp,prune_out_channels,True,1,21,,
85,11,DG017,model.19.m.0.cv1.conv,model.19.m.0.cv3.conv,Conv2d,prune_in_channels,False,1,21,,
85,12,DG017,model.19.m.0.cv1.conv,model.19.m.0.m.1.cv2.bn,BatchNorm2d,prune_out_channels,True,1,21,,
85,13,DG017,model.19.m.0.cv1.conv,model.19.m.0.m.1.cv2.conv,Conv2d,prune_out_channels,True,1,21,29,28
85,14,DG017,model.19.m.0.cv1.conv,model.19.m.0.m.0.cv2.bn,BatchNorm2d,prune_out_channels,True,1,21,,
85,15,DG017,model.19.m.0.cv1.conv,model.19.m.0.m.0.cv2.conv,Conv2d,prune_out_channels,True,1,21,29,28
86,1,DG014,model.16.m.0.m.1.cv1.conv,model.16.m.0.m.1.cv1.conv,Conv2d,prune_out_channels,True,1,0,13,12
86,2,DG014,model.16.m.0.m.1.cv1.conv,model.16.m.0.m.1.cv1.bn,BatchNorm2d,prune_out_channels,True,1,0,,
86,3,DG014,model.16.m.0.m.1.cv1.conv,<unresolved>,_ElementWiseOp,prune_out_channels,True,1,0,,
86,4,DG014,model.16.m.0.m.1.cv1.conv,model.16.m.0.m.1.cv2.conv,Conv2d,prune_in_channels,False,1,0,,
87,1,DG018,model.19.m.0.cv2.conv,model.19.m.0.cv2.conv,Conv2d,prune_out_channels,True,1,6,24,23
87,2,DG018,model.19.m.0.cv2.conv,model.19.m.0.cv2.bn,BatchNorm2d,prune_out_channels,True,1,6,,
87,3,DG018,model.19.m.0.cv2.conv,<unresolved>,_ElementWiseOp,prune_out_channels,True,1,6,,
87,4,DG018,model.19.m.0.cv2.conv,<unresolved>,_ConcatOp,prune_out_channels,True,1,34,,
87,5,DG018,model.19.m.0.cv2.conv,model.19.m.0.cv3.conv,Conv2d,prune_in_channels,False,1,34,,
88,1,DG018,model.19.m.0.cv2.conv,model.19.m.0.cv2.conv,Conv2d,prune_out_channels,True,1,17,23,22
88,2,DG018,model.19.m.0.cv2.conv,model.19.m.0.cv2.bn,BatchNorm2d,prune_out_channels,True,1,17,,
88,3,DG018,model.19.m.0.cv2.conv,<unresolved>,_ElementWiseOp,prune_out_channels,True,1,17,,
88,4,DG018,model.19.m.0.cv2.conv,<unresolved>,_ConcatOp,prune_out_channels,True,1,45,,
88,5,DG018,model.19.m.0.cv2.conv,model.19.m.0.cv3.conv,Conv2d,prune_in_channels,False,1,45,,
89,1,DG033,model.6.m.0.cv2.conv,model.6.m.0.cv2.conv,Conv2d,prune_out_channels,True,1,5,29,28
89,2,DG033,model.6.m.0.cv2.conv,model.6.m.0.cv2.bn,BatchNorm2d,prune_out_channels,True,1,5,,
89,3,DG033,model.6.m.0.cv2.conv,<unresolved>,_ElementWiseOp,prune_out_channels,True,1,5,,
89,4,DG033,model.6.m.0.cv2.conv,<unresolved>,_ConcatOp,prune_out_channels,True,1,36,,
89,5,DG033,model.6.m.0.cv2.conv,model.6.m.0.cv3.conv,Conv2d,prune_in_channels,False,1,36,,
90,1,DG018,model.19.m.0.cv2.conv,model.19.m.0.cv2.conv,Conv2d,prune_out_channels,True,1,7,22,21
90,2,DG018,model.19.m.0.cv2.conv,model.19.m.0.cv2.bn,BatchNorm2d,prune_out_channels,True,1,7,,
90,3,DG018,model.19.m.0.cv2.conv,<unresolved>,_ElementWiseOp,prune_out_channels,True,1,7,,
90,4,DG018,model.19.m.0.cv2.conv,<unresolved>,_ConcatOp,prune_out_channels,True,1,35,,
90,5,DG018,model.19.m.0.cv2.conv,model.19.m.0.cv3.conv,Conv2d,prune_in_channels,False,1,35,,
91,1,DG018,model.19.m.0.cv2.conv,model.19.m.0.cv2.conv,Conv2d,prune_out_channels,True,1,14,21,20
91,2,DG018,model.19.m.0.cv2.conv,model.19.m.0.cv2.bn,BatchNorm2d,prune_out_channels,True,1,14,,
91,3,DG018,model.19.m.0.cv2.conv,<unresolved>,_ElementWiseOp,prune_out_channels,True,1,14,,
91,4,DG018,model.19.m.0.cv2.conv,<unresolved>,_ConcatOp,prune_out_channels,True,1,42,,
91,5,DG018,model.19.m.0.cv2.conv,model.19.m.0.cv3.conv,Conv2d,prune_in_channels,False,1,42,,
92,1,DG017,model.19.m.0.cv1.conv,model.19.m.0.cv1.conv,Conv2d,prune_out_channels,True,1,6,28,27
92,2,DG017,model.19.m.0.cv1.conv,model.19.m.0.cv1.bn,BatchNorm2d,prune_out_channels,True,1,6,,
92,3,DG017,model.19.m.0.cv1.conv,<unresolved>,_ElementWiseOp,prune_out_channels,True,1,6,,
92,4,DG017,model.19.m.0.cv1.conv,<unresolved>,_ElementWiseOp,prune_out_channels,True,1,6,,
92,5,DG017,model.19.m.0.cv1.conv,model.19.m.0.m.0.cv1.conv,Conv2d,prune_in_channels,False,1,6,,
92,6,DG017,model.19.m.0.cv1.conv,<unresolved>,_ElementWiseOp,prune_out_channels,True,1,6,,
92,7,DG017,model.19.m.0.cv1.conv,<unresolved>,_ElementWiseOp,prune_out_channels,True,1,6,,
92,8,DG017,model.19.m.0.cv1.conv,model.19.m.0.m.1.cv1.conv,Conv2d,prune_in_channels,False,1,6,,
92,9,DG017,model.19.m.0.cv1.conv,<unresolved>,_ElementWiseOp,prune_out_channels,True,1,6,,
92,10,DG017,model.19.m.0.cv1.conv,<unresolved>,_ConcatOp,prune_out_channels,True,1,6,,
92,11,DG017,model.19.m.0.cv1.conv,model.19.m.0.cv3.conv,Conv2d,prune_in_channels,False,1,6,,
92,12,DG017,model.19.m.0.cv1.conv,model.19.m.0.m.1.cv2.bn,BatchNorm2d,prune_out_channels,True,1,6,,
92,13,DG017,model.19.m.0.cv1.conv,model.19.m.0.m.1.cv2.conv,Conv2d,prune_out_channels,True,1,6,28,27
92,14,DG017,model.19.m.0.cv1.conv,model.19.m.0.m.0.cv2.bn,BatchNorm2d,prune_out_channels,True,1,6,,
92,15,DG017,model.19.m.0.cv1.conv,model.19.m.0.m.0.cv2.conv,Conv2d,prune_out_channels,True,1,6,28,27
93,1,DG018,model.19.m.0.cv2.conv,model.19.m.0.cv2.conv,Conv2d,prune_out_channels,True,1,13,20,19
93,2,DG018,model.19.m.0.cv2.conv,model.19.m.0.cv2.bn,BatchNorm2d,prune_out_channels,True,1,13,,
93,3,DG018,model.19.m.0.cv2.conv,<unresolved>,_ElementWiseOp,prune_out_channels,True,1,13,,
93,4,DG018,model.19.m.0.cv2.conv,<unresolved>,_ConcatOp,prune_out_channels,True,1,40,,
93,5,DG018,model.19.m.0.cv2.conv,model.19.m.0.cv3.conv,Conv2d,prune_in_channels,False,1,40,,
94,1,DG018,model.19.m.0.cv2.conv,model.19.m.0.cv2.conv,Conv2d,prune_out_channels,True,1,9,19,18
94,2,DG018,model.19.m.0.cv2.conv,model.19.m.0.cv2.bn,BatchNorm2d,prune_out_channels,True,1,9,,
94,3,DG018,model.19.m.0.cv2.conv,<unresolved>,_ElementWiseOp,prune_out_channels,True,1,9,,
94,4,DG018,model.19.m.0.cv2.conv,<unresolved>,_ConcatOp,prune_out_channels,True,1,36,,
94,5,DG018,model.19.m.0.cv2.conv,model.19.m.0.cv3.conv,Conv2d,prune_in_channels,False,1,36,,
95,1,DG006,model.13.m.0.cv1.conv,model.13.m.0.cv1.conv,Conv2d,prune_out_channels,True,1,21,31,30
95,2,DG006,model.13.m.0.cv1.conv,model.13.m.0.cv1.bn,BatchNorm2d,prune_out_channels,True,1,21,,
95,3,DG006,model.13.m.0.cv1.conv,<unresolved>,_ElementWiseOp,prune_out_channels,True,1,21,,
95,4,DG006,model.13.m.0.cv1.conv,<unresolved>,_ElementWiseOp,prune_out_channels,True,1,21,,
95,5,DG006,model.13.m.0.cv1.conv,model.13.m.0.m.0.cv1.conv,Conv2d,prune_in_channels,False,1,21,,
95,6,DG006,model.13.m.0.cv1.conv,<unresolved>,_ElementWiseOp,prune_out_channels,True,1,21,,
95,7,DG006,model.13.m.0.cv1.conv,<unresolved>,_ElementWiseOp,prune_out_channels,True,1,21,,
95,8,DG006,model.13.m.0.cv1.conv,model.13.m.0.m.1.cv1.conv,Conv2d,prune_in_channels,False,1,21,,
95,9,DG006,model.13.m.0.cv1.conv,<unresolved>,_ElementWiseOp,prune_out_channels,True,1,21,,
95,10,DG006,model.13.m.0.cv1.conv,<unresolved>,_ConcatOp,prune_out_channels,True,1,21,,
95,11,DG006,model.13.m.0.cv1.conv,model.13.m.0.cv3.conv,Conv2d,prune_in_channels,False,1,21,,
95,12,DG006,model.13.m.0.cv1.conv,model.13.m.0.m.1.cv2.bn,BatchNorm2d,prune_out_channels,True,1,21,,
95,13,DG006,model.13.m.0.cv1.conv,model.13.m.0.m.1.cv2.conv,Conv2d,prune_out_channels,True,1,21,31,30
95,14,DG006,model.13.m.0.cv1.conv,model.13.m.0.m.0.cv2.bn,BatchNorm2d,prune_out_channels,True,1,21,,
95,15,DG006,model.13.m.0.cv1.conv,model.13.m.0.m.0.cv2.conv,Conv2d,prune_out_channels,True,1,21,31,30
96,1,DG018,model.19.m.0.cv2.conv,model.19.m.0.cv2.conv,Conv2d,prune_out_channels,True,1,7,18,17
96,2,DG018,model.19.m.0.cv2.conv,model.19.m.0.cv2.bn,BatchNorm2d,prune_out_channels,True,1,7,,
96,3,DG018,model.19.m.0.cv2.conv,<unresolved>,_ElementWiseOp,prune_out_channels,True,1,7,,
96,4,DG018,model.19.m.0.cv2.conv,<unresolved>,_ConcatOp,prune_out_channels,True,1,34,,
96,5,DG018,model.19.m.0.cv2.conv,model.19.m.0.cv3.conv,Conv2d,prune_in_channels,False,1,34,,
97,1,DG018,model.19.m.0.cv2.conv,model.19.m.0.cv2.conv,Conv2d,prune_out_channels,True,1,12,17,16
97,2,DG018,model.19.m.0.cv2.conv,model.19.m.0.cv2.bn,BatchNorm2d,prune_out_channels,True,1,12,,
97,3,DG018,model.19.m.0.cv2.conv,<unresolved>,_ElementWiseOp,prune_out_channels,True,1,12,,
97,4,DG018,model.19.m.0.cv2.conv,<unresolved>,_ConcatOp,prune_out_channels,True,1,39,,
97,5,DG018,model.19.m.0.cv2.conv,model.19.m.0.cv3.conv,Conv2d,prune_in_channels,False,1,39,,
98,1,DG017,model.19.m.0.cv1.conv,model.19.m.0.cv1.conv,Conv2d,prune_out_channels,True,1,18,27,26
98,2,DG017,model.19.m.0.cv1.conv,model.19.m.0.cv1.bn,BatchNorm2d,prune_out_channels,True,1,18,,
98,3,DG017,model.19.m.0.cv1.conv,<unresolved>,_ElementWiseOp,prune_out_channels,True,1,18,,
98,4,DG017,model.19.m.0.cv1.conv,<unresolved>,_ElementWiseOp,prune_out_channels,True,1,18,,
98,5,DG017,model.19.m.0.cv1.conv,model.19.m.0.m.0.cv1.conv,Conv2d,prune_in_channels,False,1,18,,
98,6,DG017,model.19.m.0.cv1.conv,<unresolved>,_ElementWiseOp,prune_out_channels,True,1,18,,
98,7,DG017,model.19.m.0.cv1.conv,<unresolved>,_ElementWiseOp,prune_out_channels,True,1,18,,
98,8,DG017,model.19.m.0.cv1.conv,model.19.m.0.m.1.cv1.conv,Conv2d,prune_in_channels,False,1,18,,
98,9,DG017,model.19.m.0.cv1.conv,<unresolved>,_ElementWiseOp,prune_out_channels,True,1,18,,
98,10,DG017,model.19.m.0.cv1.conv,<unresolved>,_ConcatOp,prune_out_channels,True,1,18,,
98,11,DG017,model.19.m.0.cv1.conv,model.19.m.0.cv3.conv,Conv2d,prune_in_channels,False,1,18,,
98,12,DG017,model.19.m.0.cv1.conv,model.19.m.0.m.1.cv2.bn,BatchNorm2d,prune_out_channels,True,1,18,,
98,13,DG017,model.19.m.0.cv1.conv,model.19.m.0.m.1.cv2.conv,Conv2d,prune_out_channels,True,1,18,27,26
98,14,DG017,model.19.m.0.cv1.conv,model.19.m.0.m.0.cv2.bn,BatchNorm2d,prune_out_channels,True,1,18,,
98,15,DG017,model.19.m.0.cv1.conv,model.19.m.0.m.0.cv2.conv,Conv2d,prune_out_channels,True,1,18,27,26
99,1,DG013,model.16.m.0.m.0.cv1.conv,model.16.m.0.m.0.cv1.conv,Conv2d,prune_out_channels,True,1,3,15,14
99,2,DG013,model.16.m.0.m.0.cv1.conv,model.16.m.0.m.0.cv1.bn,BatchNorm2d,prune_out_channels,True,1,3,,
99,3,DG013,model.16.m.0.m.0.cv1.conv,<unresolved>,_ElementWiseOp,prune_out_channels,True,1,3,,
99,4,DG013,model.16.m.0.m.0.cv1.conv,model.16.m.0.m.0.cv2.conv,Conv2d,prune_in_channels,False,1,3,,
100,1,DG017,model.19.m.0.cv1.conv,model.19.m.0.cv1.conv,Conv2d,prune_out_channels,True,1,14,26,25
100,2,DG017,model.19.m.0.cv1.conv,model.19.m.0.cv1.bn,BatchNorm2d,prune_out_channels,True,1,14,,
100,3,DG017,model.19.m.0.cv1.conv,<unresolved>,_ElementWiseOp,prune_out_channels,True,1,14,,
100,4,DG017,model.19.m.0.cv1.conv,<unresolved>,_ElementWiseOp,prune_out_channels,True,1,14,,
100,5,DG017,model.19.m.0.cv1.conv,model.19.m.0.m.0.cv1.conv,Conv2d,prune_in_channels,False,1,14,,
100,6,DG017,model.19.m.0.cv1.conv,<unresolved>,_ElementWiseOp,prune_out_channels,True,1,14,,
100,7,DG017,model.19.m.0.cv1.conv,<unresolved>,_ElementWiseOp,prune_out_channels,True,1,14,,
100,8,DG017,model.19.m.0.cv1.conv,model.19.m.0.m.1.cv1.conv,Conv2d,prune_in_channels,False,1,14,,
100,9,DG017,model.19.m.0.cv1.conv,<unresolved>,_ElementWiseOp,prune_out_channels,True,1,14,,
100,10,DG017,model.19.m.0.cv1.conv,<unresolved>,_ConcatOp,prune_out_channels,True,1,14,,
100,11,DG017,model.19.m.0.cv1.conv,model.19.m.0.cv3.conv,Conv2d,prune_in_channels,False,1,14,,
100,12,DG017,model.19.m.0.cv1.conv,model.19.m.0.m.1.cv2.bn,BatchNorm2d,prune_out_channels,True,1,14,,
100,13,DG017,model.19.m.0.cv1.conv,model.19.m.0.m.1.cv2.conv,Conv2d,prune_out_channels,True,1,14,26,25
100,14,DG017,model.19.m.0.cv1.conv,model.19.m.0.m.0.cv2.bn,BatchNorm2d,prune_out_channels,True,1,14,,
100,15,DG017,model.19.m.0.cv1.conv,model.19.m.0.m.0.cv2.conv,Conv2d,prune_out_channels,True,1,14,26,25
101,1,DG033,model.6.m.0.cv2.conv,model.6.m.0.cv2.conv,Conv2d,prune_out_channels,True,1,6,28,27
101,2,DG033,model.6.m.0.cv2.conv,model.6.m.0.cv2.bn,BatchNorm2d,prune_out_channels,True,1,6,,
101,3,DG033,model.6.m.0.cv2.conv,<unresolved>,_ElementWiseOp,prune_out_channels,True,1,6,,
101,4,DG033,model.6.m.0.cv2.conv,<unresolved>,_ConcatOp,prune_out_channels,True,1,37,,
101,5,DG033,model.6.m.0.cv2.conv,model.6.m.0.cv3.conv,Conv2d,prune_in_channels,False,1,37,,
102,1,DG002,model.1.conv,model.1.conv,Conv2d,prune_out_channels,True,1,2,24,23
102,2,DG002,model.1.conv,model.1.bn,BatchNorm2d,prune_out_channels,True,1,2,,
102,3,DG002,model.1.conv,<unresolved>,_ElementWiseOp,prune_out_channels,True,1,2,,
102,4,DG002,model.1.conv,model.2.cv1.conv,Conv2d,prune_in_channels,False,1,2,,
103,1,DG033,model.6.m.0.cv2.conv,model.6.m.0.cv2.conv,Conv2d,prune_out_channels,True,1,24,27,26
103,2,DG033,model.6.m.0.cv2.conv,model.6.m.0.cv2.bn,BatchNorm2d,prune_out_channels,True,1,24,,
103,3,DG033,model.6.m.0.cv2.conv,<unresolved>,_ElementWiseOp,prune_out_channels,True,1,24,,
103,4,DG033,model.6.m.0.cv2.conv,<unresolved>,_ConcatOp,prune_out_channels,True,1,55,,
103,5,DG033,model.6.m.0.cv2.conv,model.6.m.0.cv3.conv,Conv2d,prune_in_channels,False,1,55,,
104,1,DG013,model.16.m.0.m.0.cv1.conv,model.16.m.0.m.0.cv1.conv,Conv2d,prune_out_channels,True,1,2,14,13
104,2,DG013,model.16.m.0.m.0.cv1.conv,model.16.m.0.m.0.cv1.bn,BatchNorm2d,prune_out_channels,True,1,2,,
104,3,DG013,model.16.m.0.m.0.cv1.conv,<unresolved>,_ElementWiseOp,prune_out_channels,True,1,2,,
104,4,DG013,model.16.m.0.m.0.cv1.conv,model.16.m.0.m.0.cv2.conv,Conv2d,prune_in_channels,False,1,2,,
105,1,DG032,model.6.m.0.cv1.conv,model.6.m.0.cv1.conv,Conv2d,prune_out_channels,True,1,27,31,30
105,2,DG032,model.6.m.0.cv1.conv,model.6.m.0.cv1.bn,BatchNorm2d,prune_out_channels,True,1,27,,
105,3,DG032,model.6.m.0.cv1.conv,<unresolved>,_ElementWiseOp,prune_out_channels,True,1,27,,
105,4,DG032,model.6.m.0.cv1.conv,<unresolved>,_ElementWiseOp,prune_out_channels,True,1,27,,
105,5,DG032,model.6.m.0.cv1.conv,model.6.m.0.m.0.cv1.conv,Conv2d,prune_in_channels,False,1,27,,
105,6,DG032,model.6.m.0.cv1.conv,<unresolved>,_ElementWiseOp,prune_out_channels,True,1,27,,
105,7,DG032,model.6.m.0.cv1.conv,<unresolved>,_ElementWiseOp,prune_out_channels,True,1,27,,
105,8,DG032,model.6.m.0.cv1.conv,model.6.m.0.m.1.cv1.conv,Conv2d,prune_in_channels,False,1,27,,
105,9,DG032,model.6.m.0.cv1.conv,<unresolved>,_ElementWiseOp,prune_out_channels,True,1,27,,
105,10,DG032,model.6.m.0.cv1.conv,<unresolved>,_ConcatOp,prune_out_channels,True,1,27,,
105,11,DG032,model.6.m.0.cv1.conv,model.6.m.0.cv3.conv,Conv2d,prune_in_channels,False,1,27,,
105,12,DG032,model.6.m.0.cv1.conv,model.6.m.0.m.1.cv2.bn,BatchNorm2d,prune_out_channels,True,1,27,,
105,13,DG032,model.6.m.0.cv1.conv,model.6.m.0.m.1.cv2.conv,Conv2d,prune_out_channels,True,1,27,31,30
105,14,DG032,model.6.m.0.cv1.conv,model.6.m.0.m.0.cv2.bn,BatchNorm2d,prune_out_channels,True,1,27,,
105,15,DG032,model.6.m.0.cv1.conv,model.6.m.0.m.0.cv2.conv,Conv2d,prune_out_channels,True,1,27,31,30
106,1,DG014,model.16.m.0.m.1.cv1.conv,model.16.m.0.m.1.cv1.conv,Conv2d,prune_out_channels,True,1,2,12,11
106,2,DG014,model.16.m.0.m.1.cv1.conv,model.16.m.0.m.1.cv1.bn,BatchNorm2d,prune_out_channels,True,1,2,,
106,3,DG014,model.16.m.0.m.1.cv1.conv,<unresolved>,_ElementWiseOp,prune_out_channels,True,1,2,,
106,4,DG014,model.16.m.0.m.1.cv1.conv,model.16.m.0.m.1.cv2.conv,Conv2d,prune_in_channels,False,1,2,,
107,1,DG013,model.16.m.0.m.0.cv1.conv,model.16.m.0.m.0.cv1.conv,Conv2d,prune_out_channels,True,1,0,13,12
107,2,DG013,model.16.m.0.m.0.cv1.conv,model.16.m.0.m.0.cv1.bn,BatchNorm2d,prune_out_channels,True,1,0,,
107,3,DG013,model.16.m.0.m.0.cv1.conv,<unresolved>,_ElementWiseOp,prune_out_channels,True,1,0,,
107,4,DG013,model.16.m.0.m.0.cv1.conv,model.16.m.0.m.0.cv2.conv,Conv2d,prune_in_channels,False,1,0,,
108,1,DG006,model.13.m.0.cv1.conv,model.13.m.0.cv1.conv,Conv2d,prune_out_channels,True,1,13,30,29
108,2,DG006,model.13.m.0.cv1.conv,model.13.m.0.cv1.bn,BatchNorm2d,prune_out_channels,True,1,13,,
108,3,DG006,model.13.m.0.cv1.conv,<unresolved>,_ElementWiseOp,prune_out_channels,True,1,13,,
108,4,DG006,model.13.m.0.cv1.conv,<unresolved>,_ElementWiseOp,prune_out_channels,True,1,13,,
108,5,DG006,model.13.m.0.cv1.conv,model.13.m.0.m.0.cv1.conv,Conv2d,prune_in_channels,False,1,13,,
108,6,DG006,model.13.m.0.cv1.conv,<unresolved>,_ElementWiseOp,prune_out_channels,True,1,13,,
108,7,DG006,model.13.m.0.cv1.conv,<unresolved>,_ElementWiseOp,prune_out_channels,True,1,13,,
108,8,DG006,model.13.m.0.cv1.conv,model.13.m.0.m.1.cv1.conv,Conv2d,prune_in_channels,False,1,13,,
108,9,DG006,model.13.m.0.cv1.conv,<unresolved>,_ElementWiseOp,prune_out_channels,True,1,13,,
108,10,DG006,model.13.m.0.cv1.conv,<unresolved>,_ConcatOp,prune_out_channels,True,1,13,,
108,11,DG006,model.13.m.0.cv1.conv,model.13.m.0.cv3.conv,Conv2d,prune_in_channels,False,1,13,,
108,12,DG006,model.13.m.0.cv1.conv,model.13.m.0.m.1.cv2.bn,BatchNorm2d,prune_out_channels,True,1,13,,
108,13,DG006,model.13.m.0.cv1.conv,model.13.m.0.m.1.cv2.conv,Conv2d,prune_out_channels,True,1,13,30,29
108,14,DG006,model.13.m.0.cv1.conv,model.13.m.0.m.0.cv2.bn,BatchNorm2d,prune_out_channels,True,1,13,,
108,15,DG006,model.13.m.0.cv1.conv,model.13.m.0.m.0.cv2.conv,Conv2d,prune_out_channels,True,1,13,30,29
109,1,DG013,model.16.m.0.m.0.cv1.conv,model.16.m.0.m.0.cv1.conv,Conv2d,prune_out_channels,True,1,11,12,11
109,2,DG013,model.16.m.0.m.0.cv1.conv,model.16.m.0.m.0.cv1.bn,BatchNorm2d,prune_out_channels,True,1,11,,
109,3,DG013,model.16.m.0.m.0.cv1.conv,<unresolved>,_ElementWiseOp,prune_out_channels,True,1,11,,
109,4,DG013,model.16.m.0.m.0.cv1.conv,model.16.m.0.m.0.cv2.conv,Conv2d,prune_in_channels,False,1,11,,
110,1,DG007,model.13.m.0.cv2.conv,model.13.m.0.cv2.conv,Conv2d,prune_out_channels,True,1,9,32,31
110,2,DG007,model.13.m.0.cv2.conv,model.13.m.0.cv2.bn,BatchNorm2d,prune_out_channels,True,1,9,,
110,3,DG007,model.13.m.0.cv2.conv,<unresolved>,_ElementWiseOp,prune_out_channels,True,1,9,,
110,4,DG007,model.13.m.0.cv2.conv,<unresolved>,_ConcatOp,prune_out_channels,True,1,38,,
110,5,DG007,model.13.m.0.cv2.conv,model.13.m.0.cv3.conv,Conv2d,prune_in_channels,False,1,38,,
111,1,DG017,model.19.m.0.cv1.conv,model.19.m.0.cv1.conv,Conv2d,prune_out_channels,True,1,5,25,24
111,2,DG017,model.19.m.0.cv1.conv,model.19.m.0.cv1.bn,BatchNorm2d,prune_out_channels,True,1,5,,
111,3,DG017,model.19.m.0.cv1.conv,<unresolved>,_ElementWiseOp,prune_out_channels,True,1,5,,
111,4,DG017,model.19.m.0.cv1.conv,<unresolved>,_ElementWiseOp,prune_out_channels,True,1,5,,
111,5,DG017,model.19.m.0.cv1.conv,model.19.m.0.m.0.cv1.conv,Conv2d,prune_in_channels,False,1,5,,
111,6,DG017,model.19.m.0.cv1.conv,<unresolved>,_ElementWiseOp,prune_out_channels,True,1,5,,
111,7,DG017,model.19.m.0.cv1.conv,<unresolved>,_ElementWiseOp,prune_out_channels,True,1,5,,
111,8,DG017,model.19.m.0.cv1.conv,model.19.m.0.m.1.cv1.conv,Conv2d,prune_in_channels,False,1,5,,
111,9,DG017,model.19.m.0.cv1.conv,<unresolved>,_ElementWiseOp,prune_out_channels,True,1,5,,
111,10,DG017,model.19.m.0.cv1.conv,<unresolved>,_ConcatOp,prune_out_channels,True,1,5,,
111,11,DG017,model.19.m.0.cv1.conv,model.19.m.0.cv3.conv,Conv2d,prune_in_channels,False,1,5,,
111,12,DG017,model.19.m.0.cv1.conv,model.19.m.0.m.1.cv2.bn,BatchNorm2d,prune_out_channels,True,1,5,,
111,13,DG017,model.19.m.0.cv1.conv,model.19.m.0.m.1.cv2.conv,Conv2d,prune_out_channels,True,1,5,25,24
111,14,DG017,model.19.m.0.cv1.conv,model.19.m.0.m.0.cv2.bn,BatchNorm2d,prune_out_channels,True,1,5,,
111,15,DG017,model.19.m.0.cv1.conv,model.19.m.0.m.0.cv2.conv,Conv2d,prune_out_channels,True,1,5,25,24
112,1,DG014,model.16.m.0.m.1.cv1.conv,model.16.m.0.m.1.cv1.conv,Conv2d,prune_out_channels,True,1,2,11,10
112,2,DG014,model.16.m.0.m.1.cv1.conv,model.16.m.0.m.1.cv1.bn,BatchNorm2d,prune_out_channels,True,1,2,,
112,3,DG014,model.16.m.0.m.1.cv1.conv,<unresolved>,_ElementWiseOp,prune_out_channels,True,1,2,,
112,4,DG014,model.16.m.0.m.1.cv1.conv,model.16.m.0.m.1.cv2.conv,Conv2d,prune_in_channels,False,1,2,,
113,1,DG014,model.16.m.0.m.1.cv1.conv,model.16.m.0.m.1.cv1.conv,Conv2d,prune_out_channels,True,1,1,10,9
113,2,DG014,model.16.m.0.m.1.cv1.conv,model.16.m.0.m.1.cv1.bn,BatchNorm2d,prune_out_channels,True,1,1,,
113,3,DG014,model.16.m.0.m.1.cv1.conv,<unresolved>,_ElementWiseOp,prune_out_channels,True,1,1,,
113,4,DG014,model.16.m.0.m.1.cv1.conv,model.16.m.0.m.1.cv2.conv,Conv2d,prune_in_channels,False,1,1,,
114,1,DG032,model.6.m.0.cv1.conv,model.6.m.0.cv1.conv,Conv2d,prune_out_channels,True,1,8,30,29
114,2,DG032,model.6.m.0.cv1.conv,model.6.m.0.cv1.bn,BatchNorm2d,prune_out_channels,True,1,8,,
114,3,DG032,model.6.m.0.cv1.conv,<unresolved>,_ElementWiseOp,prune_out_channels,True,1,8,,
114,4,DG032,model.6.m.0.cv1.conv,<unresolved>,_ElementWiseOp,prune_out_channels,True,1,8,,
114,5,DG032,model.6.m.0.cv1.conv,model.6.m.0.m.0.cv1.conv,Conv2d,prune_in_channels,False,1,8,,
114,6,DG032,model.6.m.0.cv1.conv,<unresolved>,_ElementWiseOp,prune_out_channels,True,1,8,,
114,7,DG032,model.6.m.0.cv1.conv,<unresolved>,_ElementWiseOp,prune_out_channels,True,1,8,,
114,8,DG032,model.6.m.0.cv1.conv,model.6.m.0.m.1.cv1.conv,Conv2d,prune_in_channels,False,1,8,,
114,9,DG032,model.6.m.0.cv1.conv,<unresolved>,_ElementWiseOp,prune_out_channels,True,1,8,,
114,10,DG032,model.6.m.0.cv1.conv,<unresolved>,_ConcatOp,prune_out_channels,True,1,8,,
114,11,DG032,model.6.m.0.cv1.conv,model.6.m.0.cv3.conv,Conv2d,prune_in_channels,False,1,8,,
114,12,DG032,model.6.m.0.cv1.conv,model.6.m.0.m.1.cv2.bn,BatchNorm2d,prune_out_channels,True,1,8,,
114,13,DG032,model.6.m.0.cv1.conv,model.6.m.0.m.1.cv2.conv,Conv2d,prune_out_channels,True,1,8,30,29
114,14,DG032,model.6.m.0.cv1.conv,model.6.m.0.m.0.cv2.bn,BatchNorm2d,prune_out_channels,True,1,8,,
114,15,DG032,model.6.m.0.cv1.conv,model.6.m.0.m.0.cv2.conv,Conv2d,prune_out_channels,True,1,8,30,29
115,1,DG007,model.13.m.0.cv2.conv,model.13.m.0.cv2.conv,Conv2d,prune_out_channels,True,1,19,31,30
115,2,DG007,model.13.m.0.cv2.conv,model.13.m.0.cv2.bn,BatchNorm2d,prune_out_channels,True,1,19,,
115,3,DG007,model.13.m.0.cv2.conv,<unresolved>,_ElementWiseOp,prune_out_channels,True,1,19,,
115,4,DG007,model.13.m.0.cv2.conv,<unresolved>,_ConcatOp,prune_out_channels,True,1,48,,
115,5,DG007,model.13.m.0.cv2.conv,model.13.m.0.cv3.conv,Conv2d,prune_in_channels,False,1,48,,
116,1,DG006,model.13.m.0.cv1.conv,model.13.m.0.cv1.conv,Conv2d,prune_out_channels,True,1,24,29,28
116,2,DG006,model.13.m.0.cv1.conv,model.13.m.0.cv1.bn,BatchNorm2d,prune_out_channels,True,1,24,,
116,3,DG006,model.13.m.0.cv1.conv,<unresolved>,_ElementWiseOp,prune_out_channels,True,1,24,,
116,4,DG006,model.13.m.0.cv1.conv,<unresolved>,_ElementWiseOp,prune_out_channels,True,1,24,,
116,5,DG006,model.13.m.0.cv1.conv,model.13.m.0.m.0.cv1.conv,Conv2d,prune_in_channels,False,1,24,,
116,6,DG006,model.13.m.0.cv1.conv,<unresolved>,_ElementWiseOp,prune_out_channels,True,1,24,,
116,7,DG006,model.13.m.0.cv1.conv,<unresolved>,_ElementWiseOp,prune_out_channels,True,1,24,,
116,8,DG006,model.13.m.0.cv1.conv,model.13.m.0.m.1.cv1.conv,Conv2d,prune_in_channels,False,1,24,,
116,9,DG006,model.13.m.0.cv1.conv,<unresolved>,_ElementWiseOp,prune_out_channels,True,1,24,,
116,10,DG006,model.13.m.0.cv1.conv,<unresolved>,_ConcatOp,prune_out_channels,True,1,24,,
116,11,DG006,model.13.m.0.cv1.conv,model.13.m.0.cv3.conv,Conv2d,prune_in_channels,False,1,24,,
116,12,DG006,model.13.m.0.cv1.conv,model.13.m.0.m.1.cv2.bn,BatchNorm2d,prune_out_channels,True,1,24,,
116,13,DG006,model.13.m.0.cv1.conv,model.13.m.0.m.1.cv2.conv,Conv2d,prune_out_channels,True,1,24,29,28
116,14,DG006,model.13.m.0.cv1.conv,model.13.m.0.m.0.cv2.bn,BatchNorm2d,prune_out_channels,True,1,24,,
116,15,DG006,model.13.m.0.cv1.conv,model.13.m.0.m.0.cv2.conv,Conv2d,prune_out_channels,True,1,24,29,28
117,1,DG013,model.16.m.0.m.0.cv1.conv,model.16.m.0.m.0.cv1.conv,Conv2d,prune_out_channels,True,1,2,11,10
117,2,DG013,model.16.m.0.m.0.cv1.conv,model.16.m.0.m.0.cv1.bn,BatchNorm2d,prune_out_channels,True,1,2,,
117,3,DG013,model.16.m.0.m.0.cv1.conv,<unresolved>,_ElementWiseOp,prune_out_channels,True,1,2,,
117,4,DG013,model.16.m.0.m.0.cv1.conv,model.16.m.0.m.0.cv2.conv,Conv2d,prune_in_channels,False,1,2,,
118,1,DG017,model.19.m.0.cv1.conv,model.19.m.0.cv1.conv,Conv2d,prune_out_channels,True,1,3,24,23
118,2,DG017,model.19.m.0.cv1.conv,model.19.m.0.cv1.bn,BatchNorm2d,prune_out_channels,True,1,3,,
118,3,DG017,model.19.m.0.cv1.conv,<unresolved>,_ElementWiseOp,prune_out_channels,True,1,3,,
118,4,DG017,model.19.m.0.cv1.conv,<unresolved>,_ElementWiseOp,prune_out_channels,True,1,3,,
118,5,DG017,model.19.m.0.cv1.conv,model.19.m.0.m.0.cv1.conv,Conv2d,prune_in_channels,False,1,3,,
118,6,DG017,model.19.m.0.cv1.conv,<unresolved>,_ElementWiseOp,prune_out_channels,True,1,3,,
118,7,DG017,model.19.m.0.cv1.conv,<unresolved>,_ElementWiseOp,prune_out_channels,True,1,3,,
118,8,DG017,model.19.m.0.cv1.conv,model.19.m.0.m.1.cv1.conv,Conv2d,prune_in_channels,False,1,3,,
118,9,DG017,model.19.m.0.cv1.conv,<unresolved>,_ElementWiseOp,prune_out_channels,True,1,3,,
118,10,DG017,model.19.m.0.cv1.conv,<unresolved>,_ConcatOp,prune_out_channels,True,1,3,,
118,11,DG017,model.19.m.0.cv1.conv,model.19.m.0.cv3.conv,Conv2d,prune_in_channels,False,1,3,,
118,12,DG017,model.19.m.0.cv1.conv,model.19.m.0.m.1.cv2.bn,BatchNorm2d,prune_out_channels,True,1,3,,
118,13,DG017,model.19.m.0.cv1.conv,model.19.m.0.m.1.cv2.conv,Conv2d,prune_out_channels,True,1,3,24,23
118,14,DG017,model.19.m.0.cv1.conv,model.19.m.0.m.0.cv2.bn,BatchNorm2d,prune_out_channels,True,1,3,,
118,15,DG017,model.19.m.0.cv1.conv,model.19.m.0.m.0.cv2.conv,Conv2d,prune_out_channels,True,1,3,24,23
119,1,DG014,model.16.m.0.m.1.cv1.conv,model.16.m.0.m.1.cv1.conv,Conv2d,prune_out_channels,True,1,3,9,8
119,2,DG014,model.16.m.0.m.1.cv1.conv,model.16.m.0.m.1.cv1.bn,BatchNorm2d,prune_out_channels,True,1,3,,
119,3,DG014,model.16.m.0.m.1.cv1.conv,<unresolved>,_ElementWiseOp,prune_out_channels,True,1,3,,
119,4,DG014,model.16.m.0.m.1.cv1.conv,model.16.m.0.m.1.cv2.conv,Conv2d,prune_in_channels,False,1,3,,
120,1,DG002,model.1.conv,model.1.conv,Conv2d,prune_out_channels,True,1,15,23,22
120,2,DG002,model.1.conv,model.1.bn,BatchNorm2d,prune_out_channels,True,1,15,,
120,3,DG002,model.1.conv,<unresolved>,_ElementWiseOp,prune_out_channels,True,1,15,,
120,4,DG002,model.1.conv,model.2.cv1.conv,Conv2d,prune_in_channels,False,1,15,,
121,1,DG017,model.19.m.0.cv1.conv,model.19.m.0.cv1.conv,Conv2d,prune_out_channels,True,1,0,23,22
121,2,DG017,model.19.m.0.cv1.conv,model.19.m.0.cv1.bn,BatchNorm2d,prune_out_channels,True,1,0,,
121,3,DG017,model.19.m.0.cv1.conv,<unresolved>,_ElementWiseOp,prune_out_channels,True,1,0,,
121,4,DG017,model.19.m.0.cv1.conv,<unresolved>,_ElementWiseOp,prune_out_channels,True,1,0,,
121,5,DG017,model.19.m.0.cv1.conv,model.19.m.0.m.0.cv1.conv,Conv2d,prune_in_channels,False,1,0,,
121,6,DG017,model.19.m.0.cv1.conv,<unresolved>,_ElementWiseOp,prune_out_channels,True,1,0,,
121,7,DG017,model.19.m.0.cv1.conv,<unresolved>,_ElementWiseOp,prune_out_channels,True,1,0,,
121,8,DG017,model.19.m.0.cv1.conv,model.19.m.0.m.1.cv1.conv,Conv2d,prune_in_channels,False,1,0,,
121,9,DG017,model.19.m.0.cv1.conv,<unresolved>,_ElementWiseOp,prune_out_channels,True,1,0,,
121,10,DG017,model.19.m.0.cv1.conv,<unresolved>,_ConcatOp,prune_out_channels,True,1,0,,
121,11,DG017,model.19.m.0.cv1.conv,model.19.m.0.cv3.conv,Conv2d,prune_in_channels,False,1,0,,
121,12,DG017,model.19.m.0.cv1.conv,model.19.m.0.m.1.cv2.bn,BatchNorm2d,prune_out_channels,True,1,0,,
121,13,DG017,model.19.m.0.cv1.conv,model.19.m.0.m.1.cv2.conv,Conv2d,prune_out_channels,True,1,0,23,22
121,14,DG017,model.19.m.0.cv1.conv,model.19.m.0.m.0.cv2.bn,BatchNorm2d,prune_out_channels,True,1,0,,
121,15,DG017,model.19.m.0.cv1.conv,model.19.m.0.m.0.cv2.conv,Conv2d,prune_out_channels,True,1,0,23,22
122,1,DG017,model.19.m.0.cv1.conv,model.19.m.0.cv1.conv,Conv2d,prune_out_channels,True,1,6,22,21
122,2,DG017,model.19.m.0.cv1.conv,model.19.m.0.cv1.bn,BatchNorm2d,prune_out_channels,True,1,6,,
122,3,DG017,model.19.m.0.cv1.conv,<unresolved>,_ElementWiseOp,prune_out_channels,True,1,6,,
122,4,DG017,model.19.m.0.cv1.conv,<unresolved>,_ElementWiseOp,prune_out_channels,True,1,6,,
122,5,DG017,model.19.m.0.cv1.conv,model.19.m.0.m.0.cv1.conv,Conv2d,prune_in_channels,False,1,6,,
122,6,DG017,model.19.m.0.cv1.conv,<unresolved>,_ElementWiseOp,prune_out_channels,True,1,6,,
122,7,DG017,model.19.m.0.cv1.conv,<unresolved>,_ElementWiseOp,prune_out_channels,True,1,6,,
122,8,DG017,model.19.m.0.cv1.conv,model.19.m.0.m.1.cv1.conv,Conv2d,prune_in_channels,False,1,6,,
122,9,DG017,model.19.m.0.cv1.conv,<unresolved>,_ElementWiseOp,prune_out_channels,True,1,6,,
122,10,DG017,model.19.m.0.cv1.conv,<unresolved>,_ConcatOp,prune_out_channels,True,1,6,,
122,11,DG017,model.19.m.0.cv1.conv,model.19.m.0.cv3.conv,Conv2d,prune_in_channels,False,1,6,,
122,12,DG017,model.19.m.0.cv1.conv,model.19.m.0.m.1.cv2.bn,BatchNorm2d,prune_out_channels,True,1,6,,
122,13,DG017,model.19.m.0.cv1.conv,model.19.m.0.m.1.cv2.conv,Conv2d,prune_out_channels,True,1,6,22,21
122,14,DG017,model.19.m.0.cv1.conv,model.19.m.0.m.0.cv2.bn,BatchNorm2d,prune_out_channels,True,1,6,,
122,15,DG017,model.19.m.0.cv1.conv,model.19.m.0.m.0.cv2.conv,Conv2d,prune_out_channels,True,1,6,22,21
123,1,DG032,model.6.m.0.cv1.conv,model.6.m.0.cv1.conv,Conv2d,prune_out_channels,True,1,22,29,28
123,2,DG032,model.6.m.0.cv1.conv,model.6.m.0.cv1.bn,BatchNorm2d,prune_out_channels,True,1,22,,
123,3,DG032,model.6.m.0.cv1.conv,<unresolved>,_ElementWiseOp,prune_out_channels,True,1,22,,
123,4,DG032,model.6.m.0.cv1.conv,<unresolved>,_ElementWiseOp,prune_out_channels,True,1,22,,
123,5,DG032,model.6.m.0.cv1.conv,model.6.m.0.m.0.cv1.conv,Conv2d,prune_in_channels,False,1,22,,
123,6,DG032,model.6.m.0.cv1.conv,<unresolved>,_ElementWiseOp,prune_out_channels,True,1,22,,
123,7,DG032,model.6.m.0.cv1.conv,<unresolved>,_ElementWiseOp,prune_out_channels,True,1,22,,
123,8,DG032,model.6.m.0.cv1.conv,model.6.m.0.m.1.cv1.conv,Conv2d,prune_in_channels,False,1,22,,
123,9,DG032,model.6.m.0.cv1.conv,<unresolved>,_ElementWiseOp,prune_out_channels,True,1,22,,
123,10,DG032,model.6.m.0.cv1.conv,<unresolved>,_ConcatOp,prune_out_channels,True,1,22,,
123,11,DG032,model.6.m.0.cv1.conv,model.6.m.0.cv3.conv,Conv2d,prune_in_channels,False,1,22,,
123,12,DG032,model.6.m.0.cv1.conv,model.6.m.0.m.1.cv2.bn,BatchNorm2d,prune_out_channels,True,1,22,,
123,13,DG032,model.6.m.0.cv1.conv,model.6.m.0.m.1.cv2.conv,Conv2d,prune_out_channels,True,1,22,29,28
123,14,DG032,model.6.m.0.cv1.conv,model.6.m.0.m.0.cv2.bn,BatchNorm2d,prune_out_channels,True,1,22,,
123,15,DG032,model.6.m.0.cv1.conv,model.6.m.0.m.0.cv2.conv,Conv2d,prune_out_channels,True,1,22,29,28
124,1,DG006,model.13.m.0.cv1.conv,model.13.m.0.cv1.conv,Conv2d,prune_out_channels,True,1,25,28,27
124,2,DG006,model.13.m.0.cv1.conv,model.13.m.0.cv1.bn,BatchNorm2d,prune_out_channels,True,1,25,,
124,3,DG006,model.13.m.0.cv1.conv,<unresolved>,_ElementWiseOp,prune_out_channels,True,1,25,,
124,4,DG006,model.13.m.0.cv1.conv,<unresolved>,_ElementWiseOp,prune_out_channels,True,1,25,,
124,5,DG006,model.13.m.0.cv1.conv,model.13.m.0.m.0.cv1.conv,Conv2d,prune_in_channels,False,1,25,,
124,6,DG006,model.13.m.0.cv1.conv,<unresolved>,_ElementWiseOp,prune_out_channels,True,1,25,,
124,7,DG006,model.13.m.0.cv1.conv,<unresolved>,_ElementWiseOp,prune_out_channels,True,1,25,,
124,8,DG006,model.13.m.0.cv1.conv,model.13.m.0.m.1.cv1.conv,Conv2d,prune_in_channels,False,1,25,,
124,9,DG006,model.13.m.0.cv1.conv,<unresolved>,_ElementWiseOp,prune_out_channels,True,1,25,,
124,10,DG006,model.13.m.0.cv1.conv,<unresolved>,_ConcatOp,prune_out_channels,True,1,25,,
124,11,DG006,model.13.m.0.cv1.conv,model.13.m.0.cv3.conv,Conv2d,prune_in_channels,False,1,25,,
124,12,DG006,model.13.m.0.cv1.conv,model.13.m.0.m.1.cv2.bn,BatchNorm2d,prune_out_channels,True,1,25,,
124,13,DG006,model.13.m.0.cv1.conv,model.13.m.0.m.1.cv2.conv,Conv2d,prune_out_channels,True,1,25,28,27
124,14,DG006,model.13.m.0.cv1.conv,model.13.m.0.m.0.cv2.bn,BatchNorm2d,prune_out_channels,True,1,25,,
124,15,DG006,model.13.m.0.cv1.conv,model.13.m.0.m.0.cv2.conv,Conv2d,prune_out_channels,True,1,25,28,27
125,1,DG032,model.6.m.0.cv1.conv,model.6.m.0.cv1.conv,Conv2d,prune_out_channels,True,1,23,28,27
125,2,DG032,model.6.m.0.cv1.conv,model.6.m.0.cv1.bn,BatchNorm2d,prune_out_channels,True,1,23,,
125,3,DG032,model.6.m.0.cv1.conv,<unresolved>,_ElementWiseOp,prune_out_channels,True,1,23,,
125,4,DG032,model.6.m.0.cv1.conv,<unresolved>,_ElementWiseOp,prune_out_channels,True,1,23,,
125,5,DG032,model.6.m.0.cv1.conv,model.6.m.0.m.0.cv1.conv,Conv2d,prune_in_channels,False,1,23,,
125,6,DG032,model.6.m.0.cv1.conv,<unresolved>,_ElementWiseOp,prune_out_channels,True,1,23,,
125,7,DG032,model.6.m.0.cv1.conv,<unresolved>,_ElementWiseOp,prune_out_channels,True,1,23,,
125,8,DG032,model.6.m.0.cv1.conv,model.6.m.0.m.1.cv1.conv,Conv2d,prune_in_channels,False,1,23,,
125,9,DG032,model.6.m.0.cv1.conv,<unresolved>,_ElementWiseOp,prune_out_channels,True,1,23,,
125,10,DG032,model.6.m.0.cv1.conv,<unresolved>,_ConcatOp,prune_out_channels,True,1,23,,
125,11,DG032,model.6.m.0.cv1.conv,model.6.m.0.cv3.conv,Conv2d,prune_in_channels,False,1,23,,
125,12,DG032,model.6.m.0.cv1.conv,model.6.m.0.m.1.cv2.bn,BatchNorm2d,prune_out_channels,True,1,23,,
125,13,DG032,model.6.m.0.cv1.conv,model.6.m.0.m.1.cv2.conv,Conv2d,prune_out_channels,True,1,23,28,27
125,14,DG032,model.6.m.0.cv1.conv,model.6.m.0.m.0.cv2.bn,BatchNorm2d,prune_out_channels,True,1,23,,
125,15,DG032,model.6.m.0.cv1.conv,model.6.m.0.m.0.cv2.conv,Conv2d,prune_out_channels,True,1,23,28,27
126,1,DG007,model.13.m.0.cv2.conv,model.13.m.0.cv2.conv,Conv2d,prune_out_channels,True,1,7,30,29
126,2,DG007,model.13.m.0.cv2.conv,model.13.m.0.cv2.bn,BatchNorm2d,prune_out_channels,True,1,7,,
126,3,DG007,model.13.m.0.cv2.conv,<unresolved>,_ElementWiseOp,prune_out_channels,True,1,7,,
126,4,DG007,model.13.m.0.cv2.conv,<unresolved>,_ConcatOp,prune_out_channels,True,1,34,,
126,5,DG007,model.13.m.0.cv2.conv,model.13.m.0.cv3.conv,Conv2d,prune_in_channels,False,1,34,,
127,1,DG017,model.19.m.0.cv1.conv,model.19.m.0.cv1.conv,Conv2d,prune_out_channels,True,1,9,21,20
127,2,DG017,model.19.m.0.cv1.conv,model.19.m.0.cv1.bn,BatchNorm2d,prune_out_channels,True,1,9,,
127,3,DG017,model.19.m.0.cv1.conv,<unresolved>,_ElementWiseOp,prune_out_channels,True,1,9,,
127,4,DG017,model.19.m.0.cv1.conv,<unresolved>,_ElementWiseOp,prune_out_channels,True,1,9,,
127,5,DG017,model.19.m.0.cv1.conv,model.19.m.0.m.0.cv1.conv,Conv2d,prune_in_channels,False,1,9,,
127,6,DG017,model.19.m.0.cv1.conv,<unresolved>,_ElementWiseOp,prune_out_channels,True,1,9,,
127,7,DG017,model.19.m.0.cv1.conv,<unresolved>,_ElementWiseOp,prune_out_channels,True,1,9,,
127,8,DG017,model.19.m.0.cv1.conv,model.19.m.0.m.1.cv1.conv,Conv2d,prune_in_channels,False,1,9,,
127,9,DG017,model.19.m.0.cv1.conv,<unresolved>,_ElementWiseOp,prune_out_channels,True,1,9,,
127,10,DG017,model.19.m.0.cv1.conv,<unresolved>,_ConcatOp,prune_out_channels,True,1,9,,
127,11,DG017,model.19.m.0.cv1.conv,model.19.m.0.cv3.conv,Conv2d,prune_in_channels,False,1,9,,
127,12,DG017,model.19.m.0.cv1.conv,model.19.m.0.m.1.cv2.bn,BatchNorm2d,prune_out_channels,True,1,9,,
127,13,DG017,model.19.m.0.cv1.conv,model.19.m.0.m.1.cv2.conv,Conv2d,prune_out_channels,True,1,9,21,20
127,14,DG017,model.19.m.0.cv1.conv,model.19.m.0.m.0.cv2.bn,BatchNorm2d,prune_out_channels,True,1,9,,
127,15,DG017,model.19.m.0.cv1.conv,model.19.m.0.m.0.cv2.conv,Conv2d,prune_out_channels,True,1,9,21,20
128,1,DG032,model.6.m.0.cv1.conv,model.6.m.0.cv1.conv,Conv2d,prune_out_channels,True,1,2,27,26
128,2,DG032,model.6.m.0.cv1.conv,model.6.m.0.cv1.bn,BatchNorm2d,prune_out_channels,True,1,2,,
128,3,DG032,model.6.m.0.cv1.conv,<unresolved>,_ElementWiseOp,prune_out_channels,True,1,2,,
128,4,DG032,model.6.m.0.cv1.conv,<unresolved>,_ElementWiseOp,prune_out_channels,True,1,2,,
128,5,DG032,model.6.m.0.cv1.conv,model.6.m.0.m.0.cv1.conv,Conv2d,prune_in_channels,False,1,2,,
128,6,DG032,model.6.m.0.cv1.conv,<unresolved>,_ElementWiseOp,prune_out_channels,True,1,2,,
128,7,DG032,model.6.m.0.cv1.conv,<unresolved>,_ElementWiseOp,prune_out_channels,True,1,2,,
128,8,DG032,model.6.m.0.cv1.conv,model.6.m.0.m.1.cv1.conv,Conv2d,prune_in_channels,False,1,2,,
128,9,DG032,model.6.m.0.cv1.conv,<unresolved>,_ElementWiseOp,prune_out_channels,True,1,2,,
128,10,DG032,model.6.m.0.cv1.conv,<unresolved>,_ConcatOp,prune_out_channels,True,1,2,,
128,11,DG032,model.6.m.0.cv1.conv,model.6.m.0.cv3.conv,Conv2d,prune_in_channels,False,1,2,,
128,12,DG032,model.6.m.0.cv1.conv,model.6.m.0.m.1.cv2.bn,BatchNorm2d,prune_out_channels,True,1,2,,
128,13,DG032,model.6.m.0.cv1.conv,model.6.m.0.m.1.cv2.conv,Conv2d,prune_out_channels,True,1,2,27,26
128,14,DG032,model.6.m.0.cv1.conv,model.6.m.0.m.0.cv2.bn,BatchNorm2d,prune_out_channels,True,1,2,,
128,15,DG032,model.6.m.0.cv1.conv,model.6.m.0.m.0.cv2.conv,Conv2d,prune_out_channels,True,1,2,27,26
129,1,DG033,model.6.m.0.cv2.conv,model.6.m.0.cv2.conv,Conv2d,prune_out_channels,True,1,18,26,25
129,2,DG033,model.6.m.0.cv2.conv,model.6.m.0.cv2.bn,BatchNorm2d,prune_out_channels,True,1,18,,
129,3,DG033,model.6.m.0.cv2.conv,<unresolved>,_ElementWiseOp,prune_out_channels,True,1,18,,
129,4,DG033,model.6.m.0.cv2.conv,<unresolved>,_ConcatOp,prune_out_channels,True,1,44,,
129,5,DG033,model.6.m.0.cv2.conv,model.6.m.0.cv3.conv,Conv2d,prune_in_channels,False,1,44,,
130,1,DG033,model.6.m.0.cv2.conv,model.6.m.0.cv2.conv,Conv2d,prune_out_channels,True,1,9,25,24
130,2,DG033,model.6.m.0.cv2.conv,model.6.m.0.cv2.bn,BatchNorm2d,prune_out_channels,True,1,9,,
130,3,DG033,model.6.m.0.cv2.conv,<unresolved>,_ElementWiseOp,prune_out_channels,True,1,9,,
130,4,DG033,model.6.m.0.cv2.conv,<unresolved>,_ConcatOp,prune_out_channels,True,1,35,,
130,5,DG033,model.6.m.0.cv2.conv,model.6.m.0.cv3.conv,Conv2d,prune_in_channels,False,1,35,,
131,1,DG013,model.16.m.0.m.0.cv1.conv,model.16.m.0.m.0.cv1.conv,Conv2d,prune_out_channels,True,1,6,10,9
131,2,DG013,model.16.m.0.m.0.cv1.conv,model.16.m.0.m.0.cv1.bn,BatchNorm2d,prune_out_channels,True,1,6,,
131,3,DG013,model.16.m.0.m.0.cv1.conv,<unresolved>,_ElementWiseOp,prune_out_channels,True,1,6,,
131,4,DG013,model.16.m.0.m.0.cv1.conv,model.16.m.0.m.0.cv2.conv,Conv2d,prune_in_channels,False,1,6,,
132,1,DG013,model.16.m.0.m.0.cv1.conv,model.16.m.0.m.0.cv1.conv,Conv2d,prune_out_channels,True,1,3,9,8
132,2,DG013,model.16.m.0.m.0.cv1.conv,model.16.m.0.m.0.cv1.bn,BatchNorm2d,prune_out_channels,True,1,3,,
132,3,DG013,model.16.m.0.m.0.cv1.conv,<unresolved>,_ElementWiseOp,prune_out_channels,True,1,3,,
132,4,DG013,model.16.m.0.m.0.cv1.conv,model.16.m.0.m.0.cv2.conv,Conv2d,prune_in_channels,False,1,3,,
133,1,DG032,model.6.m.0.cv1.conv,model.6.m.0.cv1.conv,Conv2d,prune_out_channels,True,1,7,26,25
133,2,DG032,model.6.m.0.cv1.conv,model.6.m.0.cv1.bn,BatchNorm2d,prune_out_channels,True,1,7,,
133,3,DG032,model.6.m.0.cv1.conv,<unresolved>,_ElementWiseOp,prune_out_channels,True,1,7,,
133,4,DG032,model.6.m.0.cv1.conv,<unresolved>,_ElementWiseOp,prune_out_channels,True,1,7,,
133,5,DG032,model.6.m.0.cv1.conv,model.6.m.0.m.0.cv1.conv,Conv2d,prune_in_channels,False,1,7,,
133,6,DG032,model.6.m.0.cv1.conv,<unresolved>,_ElementWiseOp,prune_out_channels,True,1,7,,
133,7,DG032,model.6.m.0.cv1.conv,<unresolved>,_ElementWiseOp,prune_out_channels,True,1,7,,
133,8,DG032,model.6.m.0.cv1.conv,model.6.m.0.m.1.cv1.conv,Conv2d,prune_in_channels,False,1,7,,
133,9,DG032,model.6.m.0.cv1.conv,<unresolved>,_ElementWiseOp,prune_out_channels,True,1,7,,
133,10,DG032,model.6.m.0.cv1.conv,<unresolved>,_ConcatOp,prune_out_channels,True,1,7,,
133,11,DG032,model.6.m.0.cv1.conv,model.6.m.0.cv3.conv,Conv2d,prune_in_channels,False,1,7,,
133,12,DG032,model.6.m.0.cv1.conv,model.6.m.0.m.1.cv2.bn,BatchNorm2d,prune_out_channels,True,1,7,,
133,13,DG032,model.6.m.0.cv1.conv,model.6.m.0.m.1.cv2.conv,Conv2d,prune_out_channels,True,1,7,26,25
133,14,DG032,model.6.m.0.cv1.conv,model.6.m.0.m.0.cv2.bn,BatchNorm2d,prune_out_channels,True,1,7,,
133,15,DG032,model.6.m.0.cv1.conv,model.6.m.0.m.0.cv2.conv,Conv2d,prune_out_channels,True,1,7,26,25
134,1,DG017,model.19.m.0.cv1.conv,model.19.m.0.cv1.conv,Conv2d,prune_out_channels,True,1,16,20,19
134,2,DG017,model.19.m.0.cv1.conv,model.19.m.0.cv1.bn,BatchNorm2d,prune_out_channels,True,1,16,,
134,3,DG017,model.19.m.0.cv1.conv,<unresolved>,_ElementWiseOp,prune_out_channels,True,1,16,,
134,4,DG017,model.19.m.0.cv1.conv,<unresolved>,_ElementWiseOp,prune_out_channels,True,1,16,,
134,5,DG017,model.19.m.0.cv1.conv,model.19.m.0.m.0.cv1.conv,Conv2d,prune_in_channels,False,1,16,,
134,6,DG017,model.19.m.0.cv1.conv,<unresolved>,_ElementWiseOp,prune_out_channels,True,1,16,,
134,7,DG017,model.19.m.0.cv1.conv,<unresolved>,_ElementWiseOp,prune_out_channels,True,1,16,,
134,8,DG017,model.19.m.0.cv1.conv,model.19.m.0.m.1.cv1.conv,Conv2d,prune_in_channels,False,1,16,,
134,9,DG017,model.19.m.0.cv1.conv,<unresolved>,_ElementWiseOp,prune_out_channels,True,1,16,,
134,10,DG017,model.19.m.0.cv1.conv,<unresolved>,_ConcatOp,prune_out_channels,True,1,16,,
134,11,DG017,model.19.m.0.cv1.conv,model.19.m.0.cv3.conv,Conv2d,prune_in_channels,False,1,16,,
134,12,DG017,model.19.m.0.cv1.conv,model.19.m.0.m.1.cv2.bn,BatchNorm2d,prune_out_channels,True,1,16,,
134,13,DG017,model.19.m.0.cv1.conv,model.19.m.0.m.1.cv2.conv,Conv2d,prune_out_channels,True,1,16,20,19
134,14,DG017,model.19.m.0.cv1.conv,model.19.m.0.m.0.cv2.bn,BatchNorm2d,prune_out_channels,True,1,16,,
134,15,DG017,model.19.m.0.cv1.conv,model.19.m.0.m.0.cv2.conv,Conv2d,prune_out_channels,True,1,16,20,19
135,1,DG017,model.19.m.0.cv1.conv,model.19.m.0.cv1.conv,Conv2d,prune_out_channels,True,1,13,19,18
135,2,DG017,model.19.m.0.cv1.conv,model.19.m.0.cv1.bn,BatchNorm2d,prune_out_channels,True,1,13,,
135,3,DG017,model.19.m.0.cv1.conv,<unresolved>,_ElementWiseOp,prune_out_channels,True,1,13,,
135,4,DG017,model.19.m.0.cv1.conv,<unresolved>,_ElementWiseOp,prune_out_channels,True,1,13,,
135,5,DG017,model.19.m.0.cv1.conv,model.19.m.0.m.0.cv1.conv,Conv2d,prune_in_channels,False,1,13,,
135,6,DG017,model.19.m.0.cv1.conv,<unresolved>,_ElementWiseOp,prune_out_channels,True,1,13,,
135,7,DG017,model.19.m.0.cv1.conv,<unresolved>,_ElementWiseOp,prune_out_channels,True,1,13,,
135,8,DG017,model.19.m.0.cv1.conv,model.19.m.0.m.1.cv1.conv,Conv2d,prune_in_channels,False,1,13,,
135,9,DG017,model.19.m.0.cv1.conv,<unresolved>,_ElementWiseOp,prune_out_channels,True,1,13,,
135,10,DG017,model.19.m.0.cv1.conv,<unresolved>,_ConcatOp,prune_out_channels,True,1,13,,
135,11,DG017,model.19.m.0.cv1.conv,model.19.m.0.cv3.conv,Conv2d,prune_in_channels,False,1,13,,
135,12,DG017,model.19.m.0.cv1.conv,model.19.m.0.m.1.cv2.bn,BatchNorm2d,prune_out_channels,True,1,13,,
135,13,DG017,model.19.m.0.cv1.conv,model.19.m.0.m.1.cv2.conv,Conv2d,prune_out_channels,True,1,13,19,18
135,14,DG017,model.19.m.0.cv1.conv,model.19.m.0.m.0.cv2.bn,BatchNorm2d,prune_out_channels,True,1,13,,
135,15,DG017,model.19.m.0.cv1.conv,model.19.m.0.m.0.cv2.conv,Conv2d,prune_out_channels,True,1,13,19,18
136,1,DG033,model.6.m.0.cv2.conv,model.6.m.0.cv2.conv,Conv2d,prune_out_channels,True,1,21,24,23
136,2,DG033,model.6.m.0.cv2.conv,model.6.m.0.cv2.bn,BatchNorm2d,prune_out_channels,True,1,21,,
136,3,DG033,model.6.m.0.cv2.conv,<unresolved>,_ElementWiseOp,prune_out_channels,True,1,21,,
136,4,DG033,model.6.m.0.cv2.conv,<unresolved>,_ConcatOp,prune_out_channels,True,1,46,,
136,5,DG033,model.6.m.0.cv2.conv,model.6.m.0.cv3.conv,Conv2d,prune_in_channels,False,1,46,,
137,1,DG017,model.19.m.0.cv1.conv,model.19.m.0.cv1.conv,Conv2d,prune_out_channels,True,1,8,18,17
137,2,DG017,model.19.m.0.cv1.conv,model.19.m.0.cv1.bn,BatchNorm2d,prune_out_channels,True,1,8,,
137,3,DG017,model.19.m.0.cv1.conv,<unresolved>,_ElementWiseOp,prune_out_channels,True,1,8,,
137,4,DG017,model.19.m.0.cv1.conv,<unresolved>,_ElementWiseOp,prune_out_channels,True,1,8,,
137,5,DG017,model.19.m.0.cv1.conv,model.19.m.0.m.0.cv1.conv,Conv2d,prune_in_channels,False,1,8,,
137,6,DG017,model.19.m.0.cv1.conv,<unresolved>,_ElementWiseOp,prune_out_channels,True,1,8,,
137,7,DG017,model.19.m.0.cv1.conv,<unresolved>,_ElementWiseOp,prune_out_channels,True,1,8,,
137,8,DG017,model.19.m.0.cv1.conv,model.19.m.0.m.1.cv1.conv,Conv2d,prune_in_channels,False,1,8,,
137,9,DG017,model.19.m.0.cv1.conv,<unresolved>,_ElementWiseOp,prune_out_channels,True,1,8,,
137,10,DG017,model.19.m.0.cv1.conv,<unresolved>,_ConcatOp,prune_out_channels,True,1,8,,
137,11,DG017,model.19.m.0.cv1.conv,model.19.m.0.cv3.conv,Conv2d,prune_in_channels,False,1,8,,
137,12,DG017,model.19.m.0.cv1.conv,model.19.m.0.m.1.cv2.bn,BatchNorm2d,prune_out_channels,True,1,8,,
137,13,DG017,model.19.m.0.cv1.conv,model.19.m.0.m.1.cv2.conv,Conv2d,prune_out_channels,True,1,8,18,17
137,14,DG017,model.19.m.0.cv1.conv,model.19.m.0.m.0.cv2.bn,BatchNorm2d,prune_out_channels,True,1,8,,
137,15,DG017,model.19.m.0.cv1.conv,model.19.m.0.m.0.cv2.conv,Conv2d,prune_out_channels,True,1,8,18,17
138,1,DG017,model.19.m.0.cv1.conv,model.19.m.0.cv1.conv,Conv2d,prune_out_channels,True,1,7,17,16
138,2,DG017,model.19.m.0.cv1.conv,model.19.m.0.cv1.bn,BatchNorm2d,prune_out_channels,True,1,7,,
138,3,DG017,model.19.m.0.cv1.conv,<unresolved>,_ElementWiseOp,prune_out_channels,True,1,7,,
138,4,DG017,model.19.m.0.cv1.conv,<unresolved>,_ElementWiseOp,prune_out_channels,True,1,7,,
138,5,DG017,model.19.m.0.cv1.conv,model.19.m.0.m.0.cv1.conv,Conv2d,prune_in_channels,False,1,7,,
138,6,DG017,model.19.m.0.cv1.conv,<unresolved>,_ElementWiseOp,prune_out_channels,True,1,7,,
138,7,DG017,model.19.m.0.cv1.conv,<unresolved>,_ElementWiseOp,prune_out_channels,True,1,7,,
138,8,DG017,model.19.m.0.cv1.conv,model.19.m.0.m.1.cv1.conv,Conv2d,prune_in_channels,False,1,7,,
138,9,DG017,model.19.m.0.cv1.conv,<unresolved>,_ElementWiseOp,prune_out_channels,True,1,7,,
138,10,DG017,model.19.m.0.cv1.conv,<unresolved>,_ConcatOp,prune_out_channels,True,1,7,,
138,11,DG017,model.19.m.0.cv1.conv,model.19.m.0.cv3.conv,Conv2d,prune_in_channels,False,1,7,,
138,12,DG017,model.19.m.0.cv1.conv,model.19.m.0.m.1.cv2.bn,BatchNorm2d,prune_out_channels,True,1,7,,
138,13,DG017,model.19.m.0.cv1.conv,model.19.m.0.m.1.cv2.conv,Conv2d,prune_out_channels,True,1,7,17,16
138,14,DG017,model.19.m.0.cv1.conv,model.19.m.0.m.0.cv2.bn,BatchNorm2d,prune_out_channels,True,1,7,,
138,15,DG017,model.19.m.0.cv1.conv,model.19.m.0.m.0.cv2.conv,Conv2d,prune_out_channels,True,1,7,17,16
139,1,DG032,model.6.m.0.cv1.conv,model.6.m.0.cv1.conv,Conv2d,prune_out_channels,True,1,6,25,24
139,2,DG032,model.6.m.0.cv1.conv,model.6.m.0.cv1.bn,BatchNorm2d,prune_out_channels,True,1,6,,
139,3,DG032,model.6.m.0.cv1.conv,<unresolved>,_ElementWiseOp,prune_out_channels,True,1,6,,
139,4,DG032,model.6.m.0.cv1.conv,<unresolved>,_ElementWiseOp,prune_out_channels,True,1,6,,
139,5,DG032,model.6.m.0.cv1.conv,model.6.m.0.m.0.cv1.conv,Conv2d,prune_in_channels,False,1,6,,
139,6,DG032,model.6.m.0.cv1.conv,<unresolved>,_ElementWiseOp,prune_out_channels,True,1,6,,
139,7,DG032,model.6.m.0.cv1.conv,<unresolved>,_ElementWiseOp,prune_out_channels,True,1,6,,
139,8,DG032,model.6.m.0.cv1.conv,model.6.m.0.m.1.cv1.conv,Conv2d,prune_in_channels,False,1,6,,
139,9,DG032,model.6.m.0.cv1.conv,<unresolved>,_ElementWiseOp,prune_out_channels,True,1,6,,
139,10,DG032,model.6.m.0.cv1.conv,<unresolved>,_ConcatOp,prune_out_channels,True,1,6,,
139,11,DG032,model.6.m.0.cv1.conv,model.6.m.0.cv3.conv,Conv2d,prune_in_channels,False,1,6,,
139,12,DG032,model.6.m.0.cv1.conv,model.6.m.0.m.1.cv2.bn,BatchNorm2d,prune_out_channels,True,1,6,,
139,13,DG032,model.6.m.0.cv1.conv,model.6.m.0.m.1.cv2.conv,Conv2d,prune_out_channels,True,1,6,25,24
139,14,DG032,model.6.m.0.cv1.conv,model.6.m.0.m.0.cv2.bn,BatchNorm2d,prune_out_channels,True,1,6,,
139,15,DG032,model.6.m.0.cv1.conv,model.6.m.0.m.0.cv2.conv,Conv2d,prune_out_channels,True,1,6,25,24
140,1,DG032,model.6.m.0.cv1.conv,model.6.m.0.cv1.conv,Conv2d,prune_out_channels,True,1,0,24,23
140,2,DG032,model.6.m.0.cv1.conv,model.6.m.0.cv1.bn,BatchNorm2d,prune_out_channels,True,1,0,,
140,3,DG032,model.6.m.0.cv1.conv,<unresolved>,_ElementWiseOp,prune_out_channels,True,1,0,,
140,4,DG032,model.6.m.0.cv1.conv,<unresolved>,_ElementWiseOp,prune_out_channels,True,1,0,,
140,5,DG032,model.6.m.0.cv1.conv,model.6.m.0.m.0.cv1.conv,Conv2d,prune_in_channels,False,1,0,,
140,6,DG032,model.6.m.0.cv1.conv,<unresolved>,_ElementWiseOp,prune_out_channels,True,1,0,,
140,7,DG032,model.6.m.0.cv1.conv,<unresolved>,_ElementWiseOp,prune_out_channels,True,1,0,,
140,8,DG032,model.6.m.0.cv1.conv,model.6.m.0.m.1.cv1.conv,Conv2d,prune_in_channels,False,1,0,,
140,9,DG032,model.6.m.0.cv1.conv,<unresolved>,_ElementWiseOp,prune_out_channels,True,1,0,,
140,10,DG032,model.6.m.0.cv1.conv,<unresolved>,_ConcatOp,prune_out_channels,True,1,0,,
140,11,DG032,model.6.m.0.cv1.conv,model.6.m.0.cv3.conv,Conv2d,prune_in_channels,False,1,0,,
140,12,DG032,model.6.m.0.cv1.conv,model.6.m.0.m.1.cv2.bn,BatchNorm2d,prune_out_channels,True,1,0,,
140,13,DG032,model.6.m.0.cv1.conv,model.6.m.0.m.1.cv2.conv,Conv2d,prune_out_channels,True,1,0,24,23
140,14,DG032,model.6.m.0.cv1.conv,model.6.m.0.m.0.cv2.bn,BatchNorm2d,prune_out_channels,True,1,0,,
140,15,DG032,model.6.m.0.cv1.conv,model.6.m.0.m.0.cv2.conv,Conv2d,prune_out_channels,True,1,0,24,23
141,1,DG033,model.6.m.0.cv2.conv,model.6.m.0.cv2.conv,Conv2d,prune_out_channels,True,1,10,23,22
141,2,DG033,model.6.m.0.cv2.conv,model.6.m.0.cv2.bn,BatchNorm2d,prune_out_channels,True,1,10,,
141,3,DG033,model.6.m.0.cv2.conv,<unresolved>,_ElementWiseOp,prune_out_channels,True,1,10,,
141,4,DG033,model.6.m.0.cv2.conv,<unresolved>,_ConcatOp,prune_out_channels,True,1,33,,
141,5,DG033,model.6.m.0.cv2.conv,model.6.m.0.cv3.conv,Conv2d,prune_in_channels,False,1,33,,
142,1,DG033,model.6.m.0.cv2.conv,model.6.m.0.cv2.conv,Conv2d,prune_out_channels,True,1,16,22,21
142,2,DG033,model.6.m.0.cv2.conv,model.6.m.0.cv2.bn,BatchNorm2d,prune_out_channels,True,1,16,,
142,3,DG033,model.6.m.0.cv2.conv,<unresolved>,_ElementWiseOp,prune_out_channels,True,1,16,,
142,4,DG033,model.6.m.0.cv2.conv,<unresolved>,_ConcatOp,prune_out_channels,True,1,39,,
142,5,DG033,model.6.m.0.cv2.conv,model.6.m.0.cv3.conv,Conv2d,prune_in_channels,False,1,39,,
143,1,DG006,model.13.m.0.cv1.conv,model.13.m.0.cv1.conv,Conv2d,prune_out_channels,True,1,21,27,26
143,2,DG006,model.13.m.0.cv1.conv,model.13.m.0.cv1.bn,BatchNorm2d,prune_out_channels,True,1,21,,
143,3,DG006,model.13.m.0.cv1.conv,<unresolved>,_ElementWiseOp,prune_out_channels,True,1,21,,
143,4,DG006,model.13.m.0.cv1.conv,<unresolved>,_ElementWiseOp,prune_out_channels,True,1,21,,
143,5,DG006,model.13.m.0.cv1.conv,model.13.m.0.m.0.cv1.conv,Conv2d,prune_in_channels,False,1,21,,
143,6,DG006,model.13.m.0.cv1.conv,<unresolved>,_ElementWiseOp,prune_out_channels,True,1,21,,
143,7,DG006,model.13.m.0.cv1.conv,<unresolved>,_ElementWiseOp,prune_out_channels,True,1,21,,
143,8,DG006,model.13.m.0.cv1.conv,model.13.m.0.m.1.cv1.conv,Conv2d,prune_in_channels,False,1,21,,
143,9,DG006,model.13.m.0.cv1.conv,<unresolved>,_ElementWiseOp,prune_out_channels,True,1,21,,
143,10,DG006,model.13.m.0.cv1.conv,<unresolved>,_ConcatOp,prune_out_channels,True,1,21,,
143,11,DG006,model.13.m.0.cv1.conv,model.13.m.0.cv3.conv,Conv2d,prune_in_channels,False,1,21,,
143,12,DG006,model.13.m.0.cv1.conv,model.13.m.0.m.1.cv2.bn,BatchNorm2d,prune_out_channels,True,1,21,,
143,13,DG006,model.13.m.0.cv1.conv,model.13.m.0.m.1.cv2.conv,Conv2d,prune_out_channels,True,1,21,27,26
143,14,DG006,model.13.m.0.cv1.conv,model.13.m.0.m.0.cv2.bn,BatchNorm2d,prune_out_channels,True,1,21,,
143,15,DG006,model.13.m.0.cv1.conv,model.13.m.0.m.0.cv2.conv,Conv2d,prune_out_channels,True,1,21,27,26
144,1,DG032,model.6.m.0.cv1.conv,model.6.m.0.cv1.conv,Conv2d,prune_out_channels,True,1,4,23,22
144,2,DG032,model.6.m.0.cv1.conv,model.6.m.0.cv1.bn,BatchNorm2d,prune_out_channels,True,1,4,,
144,3,DG032,model.6.m.0.cv1.conv,<unresolved>,_ElementWiseOp,prune_out_channels,True,1,4,,
144,4,DG032,model.6.m.0.cv1.conv,<unresolved>,_ElementWiseOp,prune_out_channels,True,1,4,,
144,5,DG032,model.6.m.0.cv1.conv,model.6.m.0.m.0.cv1.conv,Conv2d,prune_in_channels,False,1,4,,
144,6,DG032,model.6.m.0.cv1.conv,<unresolved>,_ElementWiseOp,prune_out_channels,True,1,4,,
144,7,DG032,model.6.m.0.cv1.conv,<unresolved>,_ElementWiseOp,prune_out_channels,True,1,4,,
144,8,DG032,model.6.m.0.cv1.conv,model.6.m.0.m.1.cv1.conv,Conv2d,prune_in_channels,False,1,4,,
144,9,DG032,model.6.m.0.cv1.conv,<unresolved>,_ElementWiseOp,prune_out_channels,True,1,4,,
144,10,DG032,model.6.m.0.cv1.conv,<unresolved>,_ConcatOp,prune_out_channels,True,1,4,,
144,11,DG032,model.6.m.0.cv1.conv,model.6.m.0.cv3.conv,Conv2d,prune_in_channels,False,1,4,,
144,12,DG032,model.6.m.0.cv1.conv,model.6.m.0.m.1.cv2.bn,BatchNorm2d,prune_out_channels,True,1,4,,
144,13,DG032,model.6.m.0.cv1.conv,model.6.m.0.m.1.cv2.conv,Conv2d,prune_out_channels,True,1,4,23,22
144,14,DG032,model.6.m.0.cv1.conv,model.6.m.0.m.0.cv2.bn,BatchNorm2d,prune_out_channels,True,1,4,,
144,15,DG032,model.6.m.0.cv1.conv,model.6.m.0.m.0.cv2.conv,Conv2d,prune_out_channels,True,1,4,23,22
145,1,DG006,model.13.m.0.cv1.conv,model.13.m.0.cv1.conv,Conv2d,prune_out_channels,True,1,19,26,25
145,2,DG006,model.13.m.0.cv1.conv,model.13.m.0.cv1.bn,BatchNorm2d,prune_out_channels,True,1,19,,
145,3,DG006,model.13.m.0.cv1.conv,<unresolved>,_ElementWiseOp,prune_out_channels,True,1,19,,
145,4,DG006,model.13.m.0.cv1.conv,<unresolved>,_ElementWiseOp,prune_out_channels,True,1,19,,
145,5,DG006,model.13.m.0.cv1.conv,model.13.m.0.m.0.cv1.conv,Conv2d,prune_in_channels,False,1,19,,
145,6,DG006,model.13.m.0.cv1.conv,<unresolved>,_ElementWiseOp,prune_out_channels,True,1,19,,
145,7,DG006,model.13.m.0.cv1.conv,<unresolved>,_ElementWiseOp,prune_out_channels,True,1,19,,
145,8,DG006,model.13.m.0.cv1.conv,model.13.m.0.m.1.cv1.conv,Conv2d,prune_in_channels,False,1,19,,
145,9,DG006,model.13.m.0.cv1.conv,<unresolved>,_ElementWiseOp,prune_out_channels,True,1,19,,
145,10,DG006,model.13.m.0.cv1.conv,<unresolved>,_ConcatOp,prune_out_channels,True,1,19,,
145,11,DG006,model.13.m.0.cv1.conv,model.13.m.0.cv3.conv,Conv2d,prune_in_channels,False,1,19,,
145,12,DG006,model.13.m.0.cv1.conv,model.13.m.0.m.1.cv2.bn,BatchNorm2d,prune_out_channels,True,1,19,,
145,13,DG006,model.13.m.0.cv1.conv,model.13.m.0.m.1.cv2.conv,Conv2d,prune_out_channels,True,1,19,26,25
145,14,DG006,model.13.m.0.cv1.conv,model.13.m.0.m.0.cv2.bn,BatchNorm2d,prune_out_channels,True,1,19,,
145,15,DG006,model.13.m.0.cv1.conv,model.13.m.0.m.0.cv2.conv,Conv2d,prune_out_channels,True,1,19,26,25
146,1,DG006,model.13.m.0.cv1.conv,model.13.m.0.cv1.conv,Conv2d,prune_out_channels,True,1,19,25,24
146,2,DG006,model.13.m.0.cv1.conv,model.13.m.0.cv1.bn,BatchNorm2d,prune_out_channels,True,1,19,,
146,3,DG006,model.13.m.0.cv1.conv,<unresolved>,_ElementWiseOp,prune_out_channels,True,1,19,,
146,4,DG006,model.13.m.0.cv1.conv,<unresolved>,_ElementWiseOp,prune_out_channels,True,1,19,,
146,5,DG006,model.13.m.0.cv1.conv,model.13.m.0.m.0.cv1.conv,Conv2d,prune_in_channels,False,1,19,,
146,6,DG006,model.13.m.0.cv1.conv,<unresolved>,_ElementWiseOp,prune_out_channels,True,1,19,,
146,7,DG006,model.13.m.0.cv1.conv,<unresolved>,_ElementWiseOp,prune_out_channels,True,1,19,,
146,8,DG006,model.13.m.0.cv1.conv,model.13.m.0.m.1.cv1.conv,Conv2d,prune_in_channels,False,1,19,,
146,9,DG006,model.13.m.0.cv1.conv,<unresolved>,_ElementWiseOp,prune_out_channels,True,1,19,,
146,10,DG006,model.13.m.0.cv1.conv,<unresolved>,_ConcatOp,prune_out_channels,True,1,19,,
146,11,DG006,model.13.m.0.cv1.conv,model.13.m.0.cv3.conv,Conv2d,prune_in_channels,False,1,19,,
146,12,DG006,model.13.m.0.cv1.conv,model.13.m.0.m.1.cv2.bn,BatchNorm2d,prune_out_channels,True,1,19,,
146,13,DG006,model.13.m.0.cv1.conv,model.13.m.0.m.1.cv2.conv,Conv2d,prune_out_channels,True,1,19,25,24
146,14,DG006,model.13.m.0.cv1.conv,model.13.m.0.m.0.cv2.bn,BatchNorm2d,prune_out_channels,True,1,19,,
146,15,DG006,model.13.m.0.cv1.conv,model.13.m.0.m.0.cv2.conv,Conv2d,prune_out_channels,True,1,19,25,24
147,1,DG006,model.13.m.0.cv1.conv,model.13.m.0.cv1.conv,Conv2d,prune_out_channels,True,1,19,24,23
147,2,DG006,model.13.m.0.cv1.conv,model.13.m.0.cv1.bn,BatchNorm2d,prune_out_channels,True,1,19,,
147,3,DG006,model.13.m.0.cv1.conv,<unresolved>,_ElementWiseOp,prune_out_channels,True,1,19,,
147,4,DG006,model.13.m.0.cv1.conv,<unresolved>,_ElementWiseOp,prune_out_channels,True,1,19,,
147,5,DG006,model.13.m.0.cv1.conv,model.13.m.0.m.0.cv1.conv,Conv2d,prune_in_channels,False,1,19,,
147,6,DG006,model.13.m.0.cv1.conv,<unresolved>,_ElementWiseOp,prune_out_channels,True,1,19,,
147,7,DG006,model.13.m.0.cv1.conv,<unresolved>,_ElementWiseOp,prune_out_channels,True,1,19,,
147,8,DG006,model.13.m.0.cv1.conv,model.13.m.0.m.1.cv1.conv,Conv2d,prune_in_channels,False,1,19,,
147,9,DG006,model.13.m.0.cv1.conv,<unresolved>,_ElementWiseOp,prune_out_channels,True,1,19,,
147,10,DG006,model.13.m.0.cv1.conv,<unresolved>,_ConcatOp,prune_out_channels,True,1,19,,
147,11,DG006,model.13.m.0.cv1.conv,model.13.m.0.cv3.conv,Conv2d,prune_in_channels,False,1,19,,
147,12,DG006,model.13.m.0.cv1.conv,model.13.m.0.m.1.cv2.bn,BatchNorm2d,prune_out_channels,True,1,19,,
147,13,DG006,model.13.m.0.cv1.conv,model.13.m.0.m.1.cv2.conv,Conv2d,prune_out_channels,True,1,19,24,23
147,14,DG006,model.13.m.0.cv1.conv,model.13.m.0.m.0.cv2.bn,BatchNorm2d,prune_out_channels,True,1,19,,
147,15,DG006,model.13.m.0.cv1.conv,model.13.m.0.m.0.cv2.conv,Conv2d,prune_out_channels,True,1,19,24,23
148,1,DG007,model.13.m.0.cv2.conv,model.13.m.0.cv2.conv,Conv2d,prune_out_channels,True,1,17,29,28
148,2,DG007,model.13.m.0.cv2.conv,model.13.m.0.cv2.bn,BatchNorm2d,prune_out_channels,True,1,17,,
148,3,DG007,model.13.m.0.cv2.conv,<unresolved>,_ElementWiseOp,prune_out_channels,True,1,17,,
148,4,DG007,model.13.m.0.cv2.conv,<unresolved>,_ConcatOp,prune_out_channels,True,1,40,,
148,5,DG007,model.13.m.0.cv2.conv,model.13.m.0.cv3.conv,Conv2d,prune_in_channels,False,1,40,,
149,1,DG032,model.6.m.0.cv1.conv,model.6.m.0.cv1.conv,Conv2d,prune_out_channels,True,1,9,22,21
149,2,DG032,model.6.m.0.cv1.conv,model.6.m.0.cv1.bn,BatchNorm2d,prune_out_channels,True,1,9,,
149,3,DG032,model.6.m.0.cv1.conv,<unresolved>,_ElementWiseOp,prune_out_channels,True,1,9,,
149,4,DG032,model.6.m.0.cv1.conv,<unresolved>,_ElementWiseOp,prune_out_channels,True,1,9,,
149,5,DG032,model.6.m.0.cv1.conv,model.6.m.0.m.0.cv1.conv,Conv2d,prune_in_channels,False,1,9,,
149,6,DG032,model.6.m.0.cv1.conv,<unresolved>,_ElementWiseOp,prune_out_channels,True,1,9,,
149,7,DG032,model.6.m.0.cv1.conv,<unresolved>,_ElementWiseOp,prune_out_channels,True,1,9,,
149,8,DG032,model.6.m.0.cv1.conv,model.6.m.0.m.1.cv1.conv,Conv2d,prune_in_channels,False,1,9,,
149,9,DG032,model.6.m.0.cv1.conv,<unresolved>,_ElementWiseOp,prune_out_channels,True,1,9,,
149,10,DG032,model.6.m.0.cv1.conv,<unresolved>,_ConcatOp,prune_out_channels,True,1,9,,
149,11,DG032,model.6.m.0.cv1.conv,model.6.m.0.cv3.conv,Conv2d,prune_in_channels,False,1,9,,
149,12,DG032,model.6.m.0.cv1.conv,model.6.m.0.m.1.cv2.bn,BatchNorm2d,prune_out_channels,True,1,9,,
149,13,DG032,model.6.m.0.cv1.conv,model.6.m.0.m.1.cv2.conv,Conv2d,prune_out_channels,True,1,9,22,21
149,14,DG032,model.6.m.0.cv1.conv,model.6.m.0.m.0.cv2.bn,BatchNorm2d,prune_out_channels,True,1,9,,
149,15,DG032,model.6.m.0.cv1.conv,model.6.m.0.m.0.cv2.conv,Conv2d,prune_out_channels,True,1,9,22,21
150,1,DG033,model.6.m.0.cv2.conv,model.6.m.0.cv2.conv,Conv2d,prune_out_channels,True,1,17,21,20
150,2,DG033,model.6.m.0.cv2.conv,model.6.m.0.cv2.bn,BatchNorm2d,prune_out_channels,True,1,17,,
150,3,DG033,model.6.m.0.cv2.conv,<unresolved>,_ElementWiseOp,prune_out_channels,True,1,17,,
150,4,DG033,model.6.m.0.cv2.conv,<unresolved>,_ConcatOp,prune_out_channels,True,1,38,,
150,5,DG033,model.6.m.0.cv2.conv,model.6.m.0.cv3.conv,Conv2d,prune_in_channels,False,1,38,,
151,1,DG006,model.13.m.0.cv1.conv,model.13.m.0.cv1.conv,Conv2d,prune_out_channels,True,1,11,23,22
151,2,DG006,model.13.m.0.cv1.conv,model.13.m.0.cv1.bn,BatchNorm2d,prune_out_channels,True,1,11,,
151,3,DG006,model.13.m.0.cv1.conv,<unresolved>,_ElementWiseOp,prune_out_channels,True,1,11,,
151,4,DG006,model.13.m.0.cv1.conv,<unresolved>,_ElementWiseOp,prune_out_channels,True,1,11,,
151,5,DG006,model.13.m.0.cv1.conv,model.13.m.0.m.0.cv1.conv,Conv2d,prune_in_channels,False,1,11,,
151,6,DG006,model.13.m.0.cv1.conv,<unresolved>,_ElementWiseOp,prune_out_channels,True,1,11,,
151,7,DG006,model.13.m.0.cv1.conv,<unresolved>,_ElementWiseOp,prune_out_channels,True,1,11,,
151,8,DG006,model.13.m.0.cv1.conv,model.13.m.0.m.1.cv1.conv,Conv2d,prune_in_channels,False,1,11,,
151,9,DG006,model.13.m.0.cv1.conv,<unresolved>,_ElementWiseOp,prune_out_channels,True,1,11,,
151,10,DG006,model.13.m.0.cv1.conv,<unresolved>,_ConcatOp,prune_out_channels,True,1,11,,
151,11,DG006,model.13.m.0.cv1.conv,model.13.m.0.cv3.conv,Conv2d,prune_in_channels,False,1,11,,
151,12,DG006,model.13.m.0.cv1.conv,model.13.m.0.m.1.cv2.bn,BatchNorm2d,prune_out_channels,True,1,11,,
151,13,DG006,model.13.m.0.cv1.conv,model.13.m.0.m.1.cv2.conv,Conv2d,prune_out_channels,True,1,11,23,22
151,14,DG006,model.13.m.0.cv1.conv,model.13.m.0.m.0.cv2.bn,BatchNorm2d,prune_out_channels,True,1,11,,
151,15,DG006,model.13.m.0.cv1.conv,model.13.m.0.m.0.cv2.conv,Conv2d,prune_out_channels,True,1,11,23,22
152,1,DG006,model.13.m.0.cv1.conv,model.13.m.0.cv1.conv,Conv2d,prune_out_channels,True,1,2,22,21
152,2,DG006,model.13.m.0.cv1.conv,model.13.m.0.cv1.bn,BatchNorm2d,prune_out_channels,True,1,2,,
152,3,DG006,model.13.m.0.cv1.conv,<unresolved>,_ElementWiseOp,prune_out_channels,True,1,2,,
152,4,DG006,model.13.m.0.cv1.conv,<unresolved>,_ElementWiseOp,prune_out_channels,True,1,2,,
152,5,DG006,model.13.m.0.cv1.conv,model.13.m.0.m.0.cv1.conv,Conv2d,prune_in_channels,False,1,2,,
152,6,DG006,model.13.m.0.cv1.conv,<unresolved>,_ElementWiseOp,prune_out_channels,True,1,2,,
152,7,DG006,model.13.m.0.cv1.conv,<unresolved>,_ElementWiseOp,prune_out_channels,True,1,2,,
152,8,DG006,model.13.m.0.cv1.conv,model.13.m.0.m.1.cv1.conv,Conv2d,prune_in_channels,False,1,2,,
152,9,DG006,model.13.m.0.cv1.conv,<unresolved>,_ElementWiseOp,prune_out_channels,True,1,2,,
152,10,DG006,model.13.m.0.cv1.conv,<unresolved>,_ConcatOp,prune_out_channels,True,1,2,,
152,11,DG006,model.13.m.0.cv1.conv,model.13.m.0.cv3.conv,Conv2d,prune_in_channels,False,1,2,,
152,12,DG006,model.13.m.0.cv1.conv,model.13.m.0.m.1.cv2.bn,BatchNorm2d,prune_out_channels,True,1,2,,
152,13,DG006,model.13.m.0.cv1.conv,model.13.m.0.m.1.cv2.conv,Conv2d,prune_out_channels,True,1,2,22,21
152,14,DG006,model.13.m.0.cv1.conv,model.13.m.0.m.0.cv2.bn,BatchNorm2d,prune_out_channels,True,1,2,,
152,15,DG006,model.13.m.0.cv1.conv,model.13.m.0.m.0.cv2.conv,Conv2d,prune_out_channels,True,1,2,22,21
153,1,DG007,model.13.m.0.cv2.conv,model.13.m.0.cv2.conv,Conv2d,prune_out_channels,True,1,24,28,27
153,2,DG007,model.13.m.0.cv2.conv,model.13.m.0.cv2.bn,BatchNorm2d,prune_out_channels,True,1,24,,
153,3,DG007,model.13.m.0.cv2.conv,<unresolved>,_ElementWiseOp,prune_out_channels,True,1,24,,
153,4,DG007,model.13.m.0.cv2.conv,<unresolved>,_ConcatOp,prune_out_channels,True,1,45,,
153,5,DG007,model.13.m.0.cv2.conv,model.13.m.0.cv3.conv,Conv2d,prune_in_channels,False,1,45,,
154,1,DG032,model.6.m.0.cv1.conv,model.6.m.0.cv1.conv,Conv2d,prune_out_channels,True,1,5,21,20
154,2,DG032,model.6.m.0.cv1.conv,model.6.m.0.cv1.bn,BatchNorm2d,prune_out_channels,True,1,5,,
154,3,DG032,model.6.m.0.cv1.conv,<unresolved>,_ElementWiseOp,prune_out_channels,True,1,5,,
154,4,DG032,model.6.m.0.cv1.conv,<unresolved>,_ElementWiseOp,prune_out_channels,True,1,5,,
154,5,DG032,model.6.m.0.cv1.conv,model.6.m.0.m.0.cv1.conv,Conv2d,prune_in_channels,False,1,5,,
154,6,DG032,model.6.m.0.cv1.conv,<unresolved>,_ElementWiseOp,prune_out_channels,True,1,5,,
154,7,DG032,model.6.m.0.cv1.conv,<unresolved>,_ElementWiseOp,prune_out_channels,True,1,5,,
154,8,DG032,model.6.m.0.cv1.conv,model.6.m.0.m.1.cv1.conv,Conv2d,prune_in_channels,False,1,5,,
154,9,DG032,model.6.m.0.cv1.conv,<unresolved>,_ElementWiseOp,prune_out_channels,True,1,5,,
154,10,DG032,model.6.m.0.cv1.conv,<unresolved>,_ConcatOp,prune_out_channels,True,1,5,,
154,11,DG032,model.6.m.0.cv1.conv,model.6.m.0.cv3.conv,Conv2d,prune_in_channels,False,1,5,,
154,12,DG032,model.6.m.0.cv1.conv,model.6.m.0.m.1.cv2.bn,BatchNorm2d,prune_out_channels,True,1,5,,
154,13,DG032,model.6.m.0.cv1.conv,model.6.m.0.m.1.cv2.conv,Conv2d,prune_out_channels,True,1,5,21,20
154,14,DG032,model.6.m.0.cv1.conv,model.6.m.0.m.0.cv2.bn,BatchNorm2d,prune_out_channels,True,1,5,,
154,15,DG032,model.6.m.0.cv1.conv,model.6.m.0.m.0.cv2.conv,Conv2d,prune_out_channels,True,1,5,21,20
155,1,DG006,model.13.m.0.cv1.conv,model.13.m.0.cv1.conv,Conv2d,prune_out_channels,True,1,0,21,20
155,2,DG006,model.13.m.0.cv1.conv,model.13.m.0.cv1.bn,BatchNorm2d,prune_out_channels,True,1,0,,
155,3,DG006,model.13.m.0.cv1.conv,<unresolved>,_ElementWiseOp,prune_out_channels,True,1,0,,
155,4,DG006,model.13.m.0.cv1.conv,<unresolved>,_ElementWiseOp,prune_out_channels,True,1,0,,
155,5,DG006,model.13.m.0.cv1.conv,model.13.m.0.m.0.cv1.conv,Conv2d,prune_in_channels,False,1,0,,
155,6,DG006,model.13.m.0.cv1.conv,<unresolved>,_ElementWiseOp,prune_out_channels,True,1,0,,
155,7,DG006,model.13.m.0.cv1.conv,<unresolved>,_ElementWiseOp,prune_out_channels,True,1,0,,
155,8,DG006,model.13.m.0.cv1.conv,model.13.m.0.m.1.cv1.conv,Conv2d,prune_in_channels,False,1,0,,
155,9,DG006,model.13.m.0.cv1.conv,<unresolved>,_ElementWiseOp,prune_out_channels,True,1,0,,
155,10,DG006,model.13.m.0.cv1.conv,<unresolved>,_ConcatOp,prune_out_channels,True,1,0,,
155,11,DG006,model.13.m.0.cv1.conv,model.13.m.0.cv3.conv,Conv2d,prune_in_channels,False,1,0,,
155,12,DG006,model.13.m.0.cv1.conv,model.13.m.0.m.1.cv2.bn,BatchNorm2d,prune_out_channels,True,1,0,,
155,13,DG006,model.13.m.0.cv1.conv,model.13.m.0.m.1.cv2.conv,Conv2d,prune_out_channels,True,1,0,21,20
155,14,DG006,model.13.m.0.cv1.conv,model.13.m.0.m.0.cv2.bn,BatchNorm2d,prune_out_channels,True,1,0,,
155,15,DG006,model.13.m.0.cv1.conv,model.13.m.0.m.0.cv2.conv,Conv2d,prune_out_channels,True,1,0,21,20
156,1,DG007,model.13.m.0.cv2.conv,model.13.m.0.cv2.conv,Conv2d,prune_out_channels,True,1,13,27,26
156,2,DG007,model.13.m.0.cv2.conv,model.13.m.0.cv2.bn,BatchNorm2d,prune_out_channels,True,1,13,,
156,3,DG007,model.13.m.0.cv2.conv,<unresolved>,_ElementWiseOp,prune_out_channels,True,1,13,,
156,4,DG007,model.13.m.0.cv2.conv,<unresolved>,_ConcatOp,prune_out_channels,True,1,33,,
156,5,DG007,model.13.m.0.cv2.conv,model.13.m.0.cv3.conv,Conv2d,prune_in_channels,False,1,33,,
157,1,DG032,model.6.m.0.cv1.conv,model.6.m.0.cv1.conv,Conv2d,prune_out_channels,True,1,4,20,19
157,2,DG032,model.6.m.0.cv1.conv,model.6.m.0.cv1.bn,BatchNorm2d,prune_out_channels,True,1,4,,
157,3,DG032,model.6.m.0.cv1.conv,<unresolved>,_ElementWiseOp,prune_out_channels,True,1,4,,
157,4,DG032,model.6.m.0.cv1.conv,<unresolved>,_ElementWiseOp,prune_out_channels,True,1,4,,
157,5,DG032,model.6.m.0.cv1.conv,model.6.m.0.m.0.cv1.conv,Conv2d,prune_in_channels,False,1,4,,
157,6,DG032,model.6.m.0.cv1.conv,<unresolved>,_ElementWiseOp,prune_out_channels,True,1,4,,
157,7,DG032,model.6.m.0.cv1.conv,<unresolved>,_ElementWiseOp,prune_out_channels,True,1,4,,
157,8,DG032,model.6.m.0.cv1.conv,model.6.m.0.m.1.cv1.conv,Conv2d,prune_in_channels,False,1,4,,
157,9,DG032,model.6.m.0.cv1.conv,<unresolved>,_ElementWiseOp,prune_out_channels,True,1,4,,
157,10,DG032,model.6.m.0.cv1.conv,<unresolved>,_ConcatOp,prune_out_channels,True,1,4,,
157,11,DG032,model.6.m.0.cv1.conv,model.6.m.0.cv3.conv,Conv2d,prune_in_channels,False,1,4,,
157,12,DG032,model.6.m.0.cv1.conv,model.6.m.0.m.1.cv2.bn,BatchNorm2d,prune_out_channels,True,1,4,,
157,13,DG032,model.6.m.0.cv1.conv,model.6.m.0.m.1.cv2.conv,Conv2d,prune_out_channels,True,1,4,20,19
157,14,DG032,model.6.m.0.cv1.conv,model.6.m.0.m.0.cv2.bn,BatchNorm2d,prune_out_channels,True,1,4,,
157,15,DG032,model.6.m.0.cv1.conv,model.6.m.0.m.0.cv2.conv,Conv2d,prune_out_channels,True,1,4,20,19
158,1,DG006,model.13.m.0.cv1.conv,model.13.m.0.cv1.conv,Conv2d,prune_out_channels,True,1,9,20,19
158,2,DG006,model.13.m.0.cv1.conv,model.13.m.0.cv1.bn,BatchNorm2d,prune_out_channels,True,1,9,,
158,3,DG006,model.13.m.0.cv1.conv,<unresolved>,_ElementWiseOp,prune_out_channels,True,1,9,,
158,4,DG006,model.13.m.0.cv1.conv,<unresolved>,_ElementWiseOp,prune_out_channels,True,1,9,,
158,5,DG006,model.13.m.0.cv1.conv,model.13.m.0.m.0.cv1.conv,Conv2d,prune_in_channels,False,1,9,,
158,6,DG006,model.13.m.0.cv1.conv,<unresolved>,_ElementWiseOp,prune_out_channels,True,1,9,,
158,7,DG006,model.13.m.0.cv1.conv,<unresolved>,_ElementWiseOp,prune_out_channels,True,1,9,,
158,8,DG006,model.13.m.0.cv1.conv,model.13.m.0.m.1.cv1.conv,Conv2d,prune_in_channels,False,1,9,,
158,9,DG006,model.13.m.0.cv1.conv,<unresolved>,_ElementWiseOp,prune_out_channels,True,1,9,,
158,10,DG006,model.13.m.0.cv1.conv,<unresolved>,_ConcatOp,prune_out_channels,True,1,9,,
158,11,DG006,model.13.m.0.cv1.conv,model.13.m.0.cv3.conv,Conv2d,prune_in_channels,False,1,9,,
158,12,DG006,model.13.m.0.cv1.conv,model.13.m.0.m.1.cv2.bn,BatchNorm2d,prune_out_channels,True,1,9,,
158,13,DG006,model.13.m.0.cv1.conv,model.13.m.0.m.1.cv2.conv,Conv2d,prune_out_channels,True,1,9,20,19
158,14,DG006,model.13.m.0.cv1.conv,model.13.m.0.m.0.cv2.bn,BatchNorm2d,prune_out_channels,True,1,9,,
158,15,DG006,model.13.m.0.cv1.conv,model.13.m.0.m.0.cv2.conv,Conv2d,prune_out_channels,True,1,9,20,19
159,1,DG032,model.6.m.0.cv1.conv,model.6.m.0.cv1.conv,Conv2d,prune_out_channels,True,1,9,19,18
159,2,DG032,model.6.m.0.cv1.conv,model.6.m.0.cv1.bn,BatchNorm2d,prune_out_channels,True,1,9,,
159,3,DG032,model.6.m.0.cv1.conv,<unresolved>,_ElementWiseOp,prune_out_channels,True,1,9,,
159,4,DG032,model.6.m.0.cv1.conv,<unresolved>,_ElementWiseOp,prune_out_channels,True,1,9,,
159,5,DG032,model.6.m.0.cv1.conv,model.6.m.0.m.0.cv1.conv,Conv2d,prune_in_channels,False,1,9,,
159,6,DG032,model.6.m.0.cv1.conv,<unresolved>,_ElementWiseOp,prune_out_channels,True,1,9,,
159,7,DG032,model.6.m.0.cv1.conv,<unresolved>,_ElementWiseOp,prune_out_channels,True,1,9,,
159,8,DG032,model.6.m.0.cv1.conv,model.6.m.0.m.1.cv1.conv,Conv2d,prune_in_channels,False,1,9,,
159,9,DG032,model.6.m.0.cv1.conv,<unresolved>,_ElementWiseOp,prune_out_channels,True,1,9,,
159,10,DG032,model.6.m.0.cv1.conv,<unresolved>,_ConcatOp,prune_out_channels,True,1,9,,
159,11,DG032,model.6.m.0.cv1.conv,model.6.m.0.cv3.conv,Conv2d,prune_in_channels,False,1,9,,
159,12,DG032,model.6.m.0.cv1.conv,model.6.m.0.m.1.cv2.bn,BatchNorm2d,prune_out_channels,True,1,9,,
159,13,DG032,model.6.m.0.cv1.conv,model.6.m.0.m.1.cv2.conv,Conv2d,prune_out_channels,True,1,9,19,18
159,14,DG032,model.6.m.0.cv1.conv,model.6.m.0.m.0.cv2.bn,BatchNorm2d,prune_out_channels,True,1,9,,
159,15,DG032,model.6.m.0.cv1.conv,model.6.m.0.m.0.cv2.conv,Conv2d,prune_out_channels,True,1,9,19,18
160,1,DG007,model.13.m.0.cv2.conv,model.13.m.0.cv2.conv,Conv2d,prune_out_channels,True,1,2,26,25
160,2,DG007,model.13.m.0.cv2.conv,model.13.m.0.cv2.bn,BatchNorm2d,prune_out_channels,True,1,2,,
160,3,DG007,model.13.m.0.cv2.conv,<unresolved>,_ElementWiseOp,prune_out_channels,True,1,2,,
160,4,DG007,model.13.m.0.cv2.conv,<unresolved>,_ConcatOp,prune_out_channels,True,1,21,,
160,5,DG007,model.13.m.0.cv2.conv,model.13.m.0.cv3.conv,Conv2d,prune_in_channels,False,1,21,,
161,1,DG033,model.6.m.0.cv2.conv,model.6.m.0.cv2.conv,Conv2d,prune_out_channels,True,1,3,20,19
161,2,DG033,model.6.m.0.cv2.conv,model.6.m.0.cv2.bn,BatchNorm2d,prune_out_channels,True,1,3,,
161,3,DG033,model.6.m.0.cv2.conv,<unresolved>,_ElementWiseOp,prune_out_channels,True,1,3,,
161,4,DG033,model.6.m.0.cv2.conv,<unresolved>,_ConcatOp,prune_out_channels,True,1,21,,
161,5,DG033,model.6.m.0.cv2.conv,model.6.m.0.cv3.conv,Conv2d,prune_in_channels,False,1,21,,
162,1,DG033,model.6.m.0.cv2.conv,model.6.m.0.cv2.conv,Conv2d,prune_out_channels,True,1,5,19,18
162,2,DG033,model.6.m.0.cv2.conv,model.6.m.0.cv2.bn,BatchNorm2d,prune_out_channels,True,1,5,,
162,3,DG033,model.6.m.0.cv2.conv,<unresolved>,_ElementWiseOp,prune_out_channels,True,1,5,,
162,4,DG033,model.6.m.0.cv2.conv,<unresolved>,_ConcatOp,prune_out_channels,True,1,23,,
162,5,DG033,model.6.m.0.cv2.conv,model.6.m.0.cv3.conv,Conv2d,prune_in_channels,False,1,23,,
163,1,DG006,model.13.m.0.cv1.conv,model.13.m.0.cv1.conv,Conv2d,prune_out_channels,True,1,8,19,18
163,2,DG006,model.13.m.0.cv1.conv,model.13.m.0.cv1.bn,BatchNorm2d,prune_out_channels,True,1,8,,
163,3,DG006,model.13.m.0.cv1.conv,<unresolved>,_ElementWiseOp,prune_out_channels,True,1,8,,
163,4,DG006,model.13.m.0.cv1.conv,<unresolved>,_ElementWiseOp,prune_out_channels,True,1,8,,
163,5,DG006,model.13.m.0.cv1.conv,model.13.m.0.m.0.cv1.conv,Conv2d,prune_in_channels,False,1,8,,
163,6,DG006,model.13.m.0.cv1.conv,<unresolved>,_ElementWiseOp,prune_out_channels,True,1,8,,
163,7,DG006,model.13.m.0.cv1.conv,<unresolved>,_ElementWiseOp,prune_out_channels,True,1,8,,
163,8,DG006,model.13.m.0.cv1.conv,model.13.m.0.m.1.cv1.conv,Conv2d,prune_in_channels,False,1,8,,
163,9,DG006,model.13.m.0.cv1.conv,<unresolved>,_ElementWiseOp,prune_out_channels,True,1,8,,
163,10,DG006,model.13.m.0.cv1.conv,<unresolved>,_ConcatOp,prune_out_channels,True,1,8,,
163,11,DG006,model.13.m.0.cv1.conv,model.13.m.0.cv3.conv,Conv2d,prune_in_channels,False,1,8,,
163,12,DG006,model.13.m.0.cv1.conv,model.13.m.0.m.1.cv2.bn,BatchNorm2d,prune_out_channels,True,1,8,,
163,13,DG006,model.13.m.0.cv1.conv,model.13.m.0.m.1.cv2.conv,Conv2d,prune_out_channels,True,1,8,19,18
163,14,DG006,model.13.m.0.cv1.conv,model.13.m.0.m.0.cv2.bn,BatchNorm2d,prune_out_channels,True,1,8,,
163,15,DG006,model.13.m.0.cv1.conv,model.13.m.0.m.0.cv2.conv,Conv2d,prune_out_channels,True,1,8,19,18
164,1,DG007,model.13.m.0.cv2.conv,model.13.m.0.cv2.conv,Conv2d,prune_out_channels,True,1,5,25,24
164,2,DG007,model.13.m.0.cv2.conv,model.13.m.0.cv2.bn,BatchNorm2d,prune_out_channels,True,1,5,,
164,3,DG007,model.13.m.0.cv2.conv,<unresolved>,_ElementWiseOp,prune_out_channels,True,1,5,,
164,4,DG007,model.13.m.0.cv2.conv,<unresolved>,_ConcatOp,prune_out_channels,True,1,23,,
164,5,DG007,model.13.m.0.cv2.conv,model.13.m.0.cv3.conv,Conv2d,prune_in_channels,False,1,23,,
165,1,DG033,model.6.m.0.cv2.conv,model.6.m.0.cv2.conv,Conv2d,prune_out_channels,True,1,0,18,17
165,2,DG033,model.6.m.0.cv2.conv,model.6.m.0.cv2.bn,BatchNorm2d,prune_out_channels,True,1,0,,
165,3,DG033,model.6.m.0.cv2.conv,<unresolved>,_ElementWiseOp,prune_out_channels,True,1,0,,
165,4,DG033,model.6.m.0.cv2.conv,<unresolved>,_ConcatOp,prune_out_channels,True,1,18,,
165,5,DG033,model.6.m.0.cv2.conv,model.6.m.0.cv3.conv,Conv2d,prune_in_channels,False,1,18,,
166,1,DG006,model.13.m.0.cv1.conv,model.13.m.0.cv1.conv,Conv2d,prune_out_channels,True,1,6,18,17
166,2,DG006,model.13.m.0.cv1.conv,model.13.m.0.cv1.bn,BatchNorm2d,prune_out_channels,True,1,6,,
166,3,DG006,model.13.m.0.cv1.conv,<unresolved>,_ElementWiseOp,prune_out_channels,True,1,6,,
166,4,DG006,model.13.m.0.cv1.conv,<unresolved>,_ElementWiseOp,prune_out_channels,True,1,6,,
166,5,DG006,model.13.m.0.cv1.conv,model.13.m.0.m.0.cv1.conv,Conv2d,prune_in_channels,False,1,6,,
166,6,DG006,model.13.m.0.cv1.conv,<unresolved>,_ElementWiseOp,prune_out_channels,True,1,6,,
166,7,DG006,model.13.m.0.cv1.conv,<unresolved>,_ElementWiseOp,prune_out_channels,True,1,6,,
166,8,DG006,model.13.m.0.cv1.conv,model.13.m.0.m.1.cv1.conv,Conv2d,prune_in_channels,False,1,6,,
166,9,DG006,model.13.m.0.cv1.conv,<unresolved>,_ElementWiseOp,prune_out_channels,True,1,6,,
166,10,DG006,model.13.m.0.cv1.conv,<unresolved>,_ConcatOp,prune_out_channels,True,1,6,,
166,11,DG006,model.13.m.0.cv1.conv,model.13.m.0.cv3.conv,Conv2d,prune_in_channels,False,1,6,,
166,12,DG006,model.13.m.0.cv1.conv,model.13.m.0.m.1.cv2.bn,BatchNorm2d,prune_out_channels,True,1,6,,
166,13,DG006,model.13.m.0.cv1.conv,model.13.m.0.m.1.cv2.conv,Conv2d,prune_out_channels,True,1,6,18,17
166,14,DG006,model.13.m.0.cv1.conv,model.13.m.0.m.0.cv2.bn,BatchNorm2d,prune_out_channels,True,1,6,,
166,15,DG006,model.13.m.0.cv1.conv,model.13.m.0.m.0.cv2.conv,Conv2d,prune_out_channels,True,1,6,18,17
167,1,DG033,model.6.m.0.cv2.conv,model.6.m.0.cv2.conv,Conv2d,prune_out_channels,True,1,0,17,16
167,2,DG033,model.6.m.0.cv2.conv,model.6.m.0.cv2.bn,BatchNorm2d,prune_out_channels,True,1,0,,
167,3,DG033,model.6.m.0.cv2.conv,<unresolved>,_ElementWiseOp,prune_out_channels,True,1,0,,
167,4,DG033,model.6.m.0.cv2.conv,<unresolved>,_ConcatOp,prune_out_channels,True,1,18,,
167,5,DG033,model.6.m.0.cv2.conv,model.6.m.0.cv3.conv,Conv2d,prune_in_channels,False,1,18,,
168,1,DG002,model.1.conv,model.1.conv,Conv2d,prune_out_channels,True,1,7,22,21
168,2,DG002,model.1.conv,model.1.bn,BatchNorm2d,prune_out_channels,True,1,7,,
168,3,DG002,model.1.conv,<unresolved>,_ElementWiseOp,prune_out_channels,True,1,7,,
168,4,DG002,model.1.conv,model.2.cv1.conv,Conv2d,prune_in_channels,False,1,7,,
169,1,DG032,model.6.m.0.cv1.conv,model.6.m.0.cv1.conv,Conv2d,prune_out_channels,True,1,0,18,17
169,2,DG032,model.6.m.0.cv1.conv,model.6.m.0.cv1.bn,BatchNorm2d,prune_out_channels,True,1,0,,
169,3,DG032,model.6.m.0.cv1.conv,<unresolved>,_ElementWiseOp,prune_out_channels,True,1,0,,
169,4,DG032,model.6.m.0.cv1.conv,<unresolved>,_ElementWiseOp,prune_out_channels,True,1,0,,
169,5,DG032,model.6.m.0.cv1.conv,model.6.m.0.m.0.cv1.conv,Conv2d,prune_in_channels,False,1,0,,
169,6,DG032,model.6.m.0.cv1.conv,<unresolved>,_ElementWiseOp,prune_out_channels,True,1,0,,
169,7,DG032,model.6.m.0.cv1.conv,<unresolved>,_ElementWiseOp,prune_out_channels,True,1,0,,
169,8,DG032,model.6.m.0.cv1.conv,model.6.m.0.m.1.cv1.conv,Conv2d,prune_in_channels,False,1,0,,
169,9,DG032,model.6.m.0.cv1.conv,<unresolved>,_ElementWiseOp,prune_out_channels,True,1,0,,
169,10,DG032,model.6.m.0.cv1.conv,<unresolved>,_ConcatOp,prune_out_channels,True,1,0,,
169,11,DG032,model.6.m.0.cv1.conv,model.6.m.0.cv3.conv,Conv2d,prune_in_channels,False,1,0,,
169,12,DG032,model.6.m.0.cv1.conv,model.6.m.0.m.1.cv2.bn,BatchNorm2d,prune_out_channels,True,1,0,,
169,13,DG032,model.6.m.0.cv1.conv,model.6.m.0.m.1.cv2.conv,Conv2d,prune_out_channels,True,1,0,18,17
169,14,DG032,model.6.m.0.cv1.conv,model.6.m.0.m.0.cv2.bn,BatchNorm2d,prune_out_channels,True,1,0,,
169,15,DG032,model.6.m.0.cv1.conv,model.6.m.0.m.0.cv2.conv,Conv2d,prune_out_channels,True,1,0,18,17
170,1,DG007,model.13.m.0.cv2.conv,model.13.m.0.cv2.conv,Conv2d,prune_out_channels,True,1,19,24,23
170,2,DG007,model.13.m.0.cv2.conv,model.13.m.0.cv2.bn,BatchNorm2d,prune_out_channels,True,1,19,,
170,3,DG007,model.13.m.0.cv2.conv,<unresolved>,_ElementWiseOp,prune_out_channels,True,1,19,,
170,4,DG007,model.13.m.0.cv2.conv,<unresolved>,_ConcatOp,prune_out_channels,True,1,36,,
170,5,DG007,model.13.m.0.cv2.conv,model.13.m.0.cv3.conv,Conv2d,prune_in_channels,False,1,36,,
171,1,DG007,model.13.m.0.cv2.conv,model.13.m.0.cv2.conv,Conv2d,prune_out_channels,True,1,8,23,22
171,2,DG007,model.13.m.0.cv2.conv,model.13.m.0.cv2.bn,BatchNorm2d,prune_out_channels,True,1,8,,
171,3,DG007,model.13.m.0.cv2.conv,<unresolved>,_ElementWiseOp,prune_out_channels,True,1,8,,
171,4,DG007,model.13.m.0.cv2.conv,<unresolved>,_ConcatOp,prune_out_channels,True,1,25,,
171,5,DG007,model.13.m.0.cv2.conv,model.13.m.0.cv3.conv,Conv2d,prune_in_channels,False,1,25,,
172,1,DG007,model.13.m.0.cv2.conv,model.13.m.0.cv2.conv,Conv2d,prune_out_channels,True,1,11,22,21
172,2,DG007,model.13.m.0.cv2.conv,model.13.m.0.cv2.bn,BatchNorm2d,prune_out_channels,True,1,11,,
172,3,DG007,model.13.m.0.cv2.conv,<unresolved>,_ElementWiseOp,prune_out_channels,True,1,11,,
172,4,DG007,model.13.m.0.cv2.conv,<unresolved>,_ConcatOp,prune_out_channels,True,1,28,,
172,5,DG007,model.13.m.0.cv2.conv,model.13.m.0.cv3.conv,Conv2d,prune_in_channels,False,1,28,,
173,1,DG032,model.6.m.0.cv1.conv,model.6.m.0.cv1.conv,Conv2d,prune_out_channels,True,1,12,17,16
173,2,DG032,model.6.m.0.cv1.conv,model.6.m.0.cv1.bn,BatchNorm2d,prune_out_channels,True,1,12,,
173,3,DG032,model.6.m.0.cv1.conv,<unresolved>,_ElementWiseOp,prune_out_channels,True,1,12,,
173,4,DG032,model.6.m.0.cv1.conv,<unresolved>,_ElementWiseOp,prune_out_channels,True,1,12,,
173,5,DG032,model.6.m.0.cv1.conv,model.6.m.0.m.0.cv1.conv,Conv2d,prune_in_channels,False,1,12,,
173,6,DG032,model.6.m.0.cv1.conv,<unresolved>,_ElementWiseOp,prune_out_channels,True,1,12,,
173,7,DG032,model.6.m.0.cv1.conv,<unresolved>,_ElementWiseOp,prune_out_channels,True,1,12,,
173,8,DG032,model.6.m.0.cv1.conv,model.6.m.0.m.1.cv1.conv,Conv2d,prune_in_channels,False,1,12,,
173,9,DG032,model.6.m.0.cv1.conv,<unresolved>,_ElementWiseOp,prune_out_channels,True,1,12,,
173,10,DG032,model.6.m.0.cv1.conv,<unresolved>,_ConcatOp,prune_out_channels,True,1,12,,
173,11,DG032,model.6.m.0.cv1.conv,model.6.m.0.cv3.conv,Conv2d,prune_in_channels,False,1,12,,
173,12,DG032,model.6.m.0.cv1.conv,model.6.m.0.m.1.cv2.bn,BatchNorm2d,prune_out_channels,True,1,12,,
173,13,DG032,model.6.m.0.cv1.conv,model.6.m.0.m.1.cv2.conv,Conv2d,prune_out_channels,True,1,12,17,16
173,14,DG032,model.6.m.0.cv1.conv,model.6.m.0.m.0.cv2.bn,BatchNorm2d,prune_out_channels,True,1,12,,
173,15,DG032,model.6.m.0.cv1.conv,model.6.m.0.m.0.cv2.conv,Conv2d,prune_out_channels,True,1,12,17,16
174,1,DG006,model.13.m.0.cv1.conv,model.13.m.0.cv1.conv,Conv2d,prune_out_channels,True,1,8,17,16
174,2,DG006,model.13.m.0.cv1.conv,model.13.m.0.cv1.bn,BatchNorm2d,prune_out_channels,True,1,8,,
174,3,DG006,model.13.m.0.cv1.conv,<unresolved>,_ElementWiseOp,prune_out_channels,True,1,8,,
174,4,DG006,model.13.m.0.cv1.conv,<unresolved>,_ElementWiseOp,prune_out_channels,True,1,8,,
174,5,DG006,model.13.m.0.cv1.conv,model.13.m.0.m.0.cv1.conv,Conv2d,prune_in_channels,False,1,8,,
174,6,DG006,model.13.m.0.cv1.conv,<unresolved>,_ElementWiseOp,prune_out_channels,True,1,8,,
174,7,DG006,model.13.m.0.cv1.conv,<unresolved>,_ElementWiseOp,prune_out_channels,True,1,8,,
174,8,DG006,model.13.m.0.cv1.conv,model.13.m.0.m.1.cv1.conv,Conv2d,prune_in_channels,False,1,8,,
174,9,DG006,model.13.m.0.cv1.conv,<unresolved>,_ElementWiseOp,prune_out_channels,True,1,8,,
174,10,DG006,model.13.m.0.cv1.conv,<unresolved>,_ConcatOp,prune_out_channels,True,1,8,,
174,11,DG006,model.13.m.0.cv1.conv,model.13.m.0.cv3.conv,Conv2d,prune_in_channels,False,1,8,,
174,12,DG006,model.13.m.0.cv1.conv,model.13.m.0.m.1.cv2.bn,BatchNorm2d,prune_out_channels,True,1,8,,
174,13,DG006,model.13.m.0.cv1.conv,model.13.m.0.m.1.cv2.conv,Conv2d,prune_out_channels,True,1,8,17,16
174,14,DG006,model.13.m.0.cv1.conv,model.13.m.0.m.0.cv2.bn,BatchNorm2d,prune_out_channels,True,1,8,,
174,15,DG006,model.13.m.0.cv1.conv,model.13.m.0.m.0.cv2.conv,Conv2d,prune_out_channels,True,1,8,17,16
175,1,DG007,model.13.m.0.cv2.conv,model.13.m.0.cv2.conv,Conv2d,prune_out_channels,True,1,14,21,20
175,2,DG007,model.13.m.0.cv2.conv,model.13.m.0.cv2.bn,BatchNorm2d,prune_out_channels,True,1,14,,
175,3,DG007,model.13.m.0.cv2.conv,<unresolved>,_ElementWiseOp,prune_out_channels,True,1,14,,
175,4,DG007,model.13.m.0.cv2.conv,<unresolved>,_ConcatOp,prune_out_channels,True,1,30,,
175,5,DG007,model.13.m.0.cv2.conv,model.13.m.0.cv3.conv,Conv2d,prune_in_channels,False,1,30,,
176,1,DG002,model.1.conv,model.1.conv,Conv2d,prune_out_channels,True,1,20,21,20
176,2,DG002,model.1.conv,model.1.bn,BatchNorm2d,prune_out_channels,True,1,20,,
176,3,DG002,model.1.conv,<unresolved>,_ElementWiseOp,prune_out_channels,True,1,20,,
176,4,DG002,model.1.conv,model.2.cv1.conv,Conv2d,prune_in_channels,False,1,20,,
177,1,DG007,model.13.m.0.cv2.conv,model.13.m.0.cv2.conv,Conv2d,prune_out_channels,True,1,9,20,19
177,2,DG007,model.13.m.0.cv2.conv,model.13.m.0.cv2.bn,BatchNorm2d,prune_out_channels,True,1,9,,
177,3,DG007,model.13.m.0.cv2.conv,<unresolved>,_ElementWiseOp,prune_out_channels,True,1,9,,
177,4,DG007,model.13.m.0.cv2.conv,<unresolved>,_ConcatOp,prune_out_channels,True,1,25,,
177,5,DG007,model.13.m.0.cv2.conv,model.13.m.0.cv3.conv,Conv2d,prune_in_channels,False,1,25,,
178,1,DG007,model.13.m.0.cv2.conv,model.13.m.0.cv2.conv,Conv2d,prune_out_channels,True,1,15,19,18
178,2,DG007,model.13.m.0.cv2.conv,model.13.m.0.cv2.bn,BatchNorm2d,prune_out_channels,True,1,15,,
178,3,DG007,model.13.m.0.cv2.conv,<unresolved>,_ElementWiseOp,prune_out_channels,True,1,15,,
178,4,DG007,model.13.m.0.cv2.conv,<unresolved>,_ConcatOp,prune_out_channels,True,1,31,,
178,5,DG007,model.13.m.0.cv2.conv,model.13.m.0.cv3.conv,Conv2d,prune_in_channels,False,1,31,,
179,1,DG007,model.13.m.0.cv2.conv,model.13.m.0.cv2.conv,Conv2d,prune_out_channels,True,1,9,18,17
179,2,DG007,model.13.m.0.cv2.conv,model.13.m.0.cv2.bn,BatchNorm2d,prune_out_channels,True,1,9,,
179,3,DG007,model.13.m.0.cv2.conv,<unresolved>,_ElementWiseOp,prune_out_channels,True,1,9,,
179,4,DG007,model.13.m.0.cv2.conv,<unresolved>,_ConcatOp,prune_out_channels,True,1,25,,
179,5,DG007,model.13.m.0.cv2.conv,model.13.m.0.cv3.conv,Conv2d,prune_in_channels,False,1,25,,
180,1,DG007,model.13.m.0.cv2.conv,model.13.m.0.cv2.conv,Conv2d,prune_out_channels,True,1,6,17,16
180,2,DG007,model.13.m.0.cv2.conv,model.13.m.0.cv2.bn,BatchNorm2d,prune_out_channels,True,1,6,,
180,3,DG007,model.13.m.0.cv2.conv,<unresolved>,_ElementWiseOp,prune_out_channels,True,1,6,,
180,4,DG007,model.13.m.0.cv2.conv,<unresolved>,_ConcatOp,prune_out_channels,True,1,22,,
180,5,DG007,model.13.m.0.cv2.conv,model.13.m.0.cv3.conv,Conv2d,prune_in_channels,False,1,22,,
181,1,DG002,model.1.conv,model.1.conv,Conv2d,prune_out_channels,True,1,14,20,19
181,2,DG002,model.1.conv,model.1.bn,BatchNorm2d,prune_out_channels,True,1,14,,
181,3,DG002,model.1.conv,<unresolved>,_ElementWiseOp,prune_out_channels,True,1,14,,
181,4,DG002,model.1.conv,model.2.cv1.conv,Conv2d,prune_in_channels,False,1,14,,
182,1,DG002,model.1.conv,model.1.conv,Conv2d,prune_out_channels,True,1,9,19,18
182,2,DG002,model.1.conv,model.1.bn,BatchNorm2d,prune_out_channels,True,1,9,,
182,3,DG002,model.1.conv,<unresolved>,_ElementWiseOp,prune_out_channels,True,1,9,,
182,4,DG002,model.1.conv,model.2.cv1.conv,Conv2d,prune_in_channels,False,1,9,,
183,1,DG002,model.1.conv,model.1.conv,Conv2d,prune_out_channels,True,1,15,18,17
183,2,DG002,model.1.conv,model.1.bn,BatchNorm2d,prune_out_channels,True,1,15,,
183,3,DG002,model.1.conv,<unresolved>,_ElementWiseOp,prune_out_channels,True,1,15,,
183,4,DG002,model.1.conv,model.2.cv1.conv,Conv2d,prune_in_channels,False,1,15,,
184,1,DG002,model.1.conv,model.1.conv,Conv2d,prune_out_channels,True,1,6,17,16
184,2,DG002,model.1.conv,model.1.bn,BatchNorm2d,prune_out_channels,True,1,6,,
184,3,DG002,model.1.conv,<unresolved>,_ElementWiseOp,prune_out_channels,True,1,6,,
184,4,DG002,model.1.conv,model.2.cv1.conv,Conv2d,prune_in_channels,False,1,6,,
185,1,DG028,model.4.cv2.conv,model.4.cv2.conv,Conv2d,prune_out_channels,True,1,84,128,127
185,2,DG028,model.4.cv2.conv,model.4.cv2.bn,BatchNorm2d,prune_out_channels,True,1,84,,
185,3,DG028,model.4.cv2.conv,<unresolved>,_ElementWiseOp,prune_out_channels,True,1,84,,
185,4,DG028,model.4.cv2.conv,model.5.conv,Conv2d,prune_in_channels,False,1,84,,
185,5,DG028,model.4.cv2.conv,<unresolved>,_ConcatOp,prune_out_channels,True,1,212,,
185,6,DG028,model.4.cv2.conv,model.16.cv1.conv,Conv2d,prune_in_channels,False,1,212,,
186,1,DG019,model.19.m.0.m.0.cv1.conv,model.19.m.0.m.0.cv1.conv,Conv2d,prune_out_channels,True,1,26,32,31
186,2,DG019,model.19.m.0.m.0.cv1.conv,model.19.m.0.m.0.cv1.bn,BatchNorm2d,prune_out_channels,True,1,26,,
186,3,DG019,model.19.m.0.m.0.cv1.conv,<unresolved>,_ElementWiseOp,prune_out_channels,True,1,26,,
186,4,DG019,model.19.m.0.m.0.cv1.conv,model.19.m.0.m.0.cv2.conv,Conv2d,prune_in_channels,False,1,26,,
187,1,DG028,model.4.cv2.conv,model.4.cv2.conv,Conv2d,prune_out_channels,True,1,91,127,126
187,2,DG028,model.4.cv2.conv,model.4.cv2.bn,BatchNorm2d,prune_out_channels,True,1,91,,
187,3,DG028,model.4.cv2.conv,<unresolved>,_ElementWiseOp,prune_out_channels,True,1,91,,
187,4,DG028,model.4.cv2.conv,model.5.conv,Conv2d,prune_in_channels,False,1,91,,
187,5,DG028,model.4.cv2.conv,<unresolved>,_ConcatOp,prune_out_channels,True,1,219,,
187,6,DG028,model.4.cv2.conv,model.16.cv1.conv,Conv2d,prune_in_channels,False,1,219,,
188,1,DG038,model.8.m.0.cv1.conv,model.8.m.0.cv1.conv,Conv2d,prune_out_channels,True,1,19,64,63
188,2,DG038,model.8.m.0.cv1.conv,model.8.m.0.cv1.bn,BatchNorm2d,prune_out_channels,True,1,19,,
188,3,DG038,model.8.m.0.cv1.conv,<unresolved>,_ElementWiseOp,prune_out_channels,True,1,19,,
188,4,DG038,model.8.m.0.cv1.conv,<unresolved>,_ElementWiseOp,prune_out_channels,True,1,19,,
188,5,DG038,model.8.m.0.cv1.conv,model.8.m.0.m.0.cv1.conv,Conv2d,prune_in_channels,False,1,19,,
188,6,DG038,model.8.m.0.cv1.conv,<unresolved>,_ElementWiseOp,prune_out_channels,True,1,19,,
188,7,DG038,model.8.m.0.cv1.conv,<unresolved>,_ElementWiseOp,prune_out_channels,True,1,19,,
188,8,DG038,model.8.m.0.cv1.conv,model.8.m.0.m.1.cv1.conv,Conv2d,prune_in_channels,False,1,19,,
188,9,DG038,model.8.m.0.cv1.conv,<unresolved>,_ElementWiseOp,prune_out_channels,True,1,19,,
188,10,DG038,model.8.m.0.cv1.conv,<unresolved>,_ConcatOp,prune_out_channels,True,1,19,,
188,11,DG038,model.8.m.0.cv1.conv,model.8.m.0.cv3.conv,Conv2d,prune_in_channels,False,1,19,,
188,12,DG038,model.8.m.0.cv1.conv,model.8.m.0.m.1.cv2.bn,BatchNorm2d,prune_out_channels,True,1,19,,
188,13,DG038,model.8.m.0.cv1.conv,model.8.m.0.m.1.cv2.conv,Conv2d,prune_out_channels,True,1,19,64,63
188,14,DG038,model.8.m.0.cv1.conv,model.8.m.0.m.0.cv2.bn,BatchNorm2d,prune_out_channels,True,1,19,,
188,15,DG038,model.8.m.0.cv1.conv,model.8.m.0.m.0.cv2.conv,Conv2d,prune_out_channels,True,1,19,64,63
189,1,DG028,model.4.cv2.conv,model.4.cv2.conv,Conv2d,prune_out_channels,True,1,67,126,125
189,2,DG028,model.4.cv2.conv,model.4.cv2.bn,BatchNorm2d,prune_out_channels,True,1,67,,
189,3,DG028,model.4.cv2.conv,<unresolved>,_ElementWiseOp,prune_out_channels,True,1,67,,
189,4,DG028,model.4.cv2.conv,model.5.conv,Conv2d,prune_in_channels,False,1,67,,
189,5,DG028,model.4.cv2.conv,<unresolved>,_ConcatOp,prune_out_channels,True,1,195,,
189,6,DG028,model.4.cv2.conv,model.16.cv1.conv,Conv2d,prune_in_channels,False,1,195,,
190,1,DG028,model.4.cv2.conv,model.4.cv2.conv,Conv2d,prune_out_channels,True,1,99,125,124
190,2,DG028,model.4.cv2.conv,model.4.cv2.bn,BatchNorm2d,prune_out_channels,True,1,99,,
190,3,DG028,model.4.cv2.conv,<unresolved>,_ElementWiseOp,prune_out_channels,True,1,99,,
190,4,DG028,model.4.cv2.conv,model.5.conv,Conv2d,prune_in_channels,False,1,99,,
190,5,DG028,model.4.cv2.conv,<unresolved>,_ConcatOp,prune_out_channels,True,1,227,,
190,6,DG028,model.4.cv2.conv,model.16.cv1.conv,Conv2d,prune_in_channels,False,1,227,,
191,1,DG028,model.4.cv2.conv,model.4.cv2.conv,Conv2d,prune_out_channels,True,1,98,124,123
191,2,DG028,model.4.cv2.conv,model.4.cv2.bn,BatchNorm2d,prune_out_channels,True,1,98,,
191,3,DG028,model.4.cv2.conv,<unresolved>,_ElementWiseOp,prune_out_channels,True,1,98,,
191,4,DG028,model.4.cv2.conv,model.5.conv,Conv2d,prune_in_channels,False,1,98,,
191,5,DG028,model.4.cv2.conv,<unresolved>,_ConcatOp,prune_out_channels,True,1,226,,
191,6,DG028,model.4.cv2.conv,model.16.cv1.conv,Conv2d,prune_in_channels,False,1,226,,
192,1,DG028,model.4.cv2.conv,model.4.cv2.conv,Conv2d,prune_out_channels,True,1,107,123,122
192,2,DG028,model.4.cv2.conv,model.4.cv2.bn,BatchNorm2d,prune_out_channels,True,1,107,,
192,3,DG028,model.4.cv2.conv,<unresolved>,_ElementWiseOp,prune_out_channels,True,1,107,,
192,4,DG028,model.4.cv2.conv,model.5.conv,Conv2d,prune_in_channels,False,1,107,,
192,5,DG028,model.4.cv2.conv,<unresolved>,_ConcatOp,prune_out_channels,True,1,235,,
192,6,DG028,model.4.cv2.conv,model.16.cv1.conv,Conv2d,prune_in_channels,False,1,235,,
193,1,DG028,model.4.cv2.conv,model.4.cv2.conv,Conv2d,prune_out_channels,True,1,57,122,121
193,2,DG028,model.4.cv2.conv,model.4.cv2.bn,BatchNorm2d,prune_out_channels,True,1,57,,
193,3,DG028,model.4.cv2.conv,<unresolved>,_ElementWiseOp,prune_out_channels,True,1,57,,
193,4,DG028,model.4.cv2.conv,model.5.conv,Conv2d,prune_in_channels,False,1,57,,
193,5,DG028,model.4.cv2.conv,<unresolved>,_ConcatOp,prune_out_channels,True,1,185,,
193,6,DG028,model.4.cv2.conv,model.16.cv1.conv,Conv2d,prune_in_channels,False,1,185,,
194,1,DG028,model.4.cv2.conv,model.4.cv2.conv,Conv2d,prune_out_channels,True,1,5,121,120
194,2,DG028,model.4.cv2.conv,model.4.cv2.bn,BatchNorm2d,prune_out_channels,True,1,5,,
194,3,DG028,model.4.cv2.conv,<unresolved>,_ElementWiseOp,prune_out_channels,True,1,5,,
194,4,DG028,model.4.cv2.conv,model.5.conv,Conv2d,prune_in_channels,False,1,5,,
194,5,DG028,model.4.cv2.conv,<unresolved>,_ConcatOp,prune_out_channels,True,1,133,,
194,6,DG028,model.4.cv2.conv,model.16.cv1.conv,Conv2d,prune_in_channels,False,1,133,,
195,1,DG038,model.8.m.0.cv1.conv,model.8.m.0.cv1.conv,Conv2d,prune_out_channels,True,1,41,63,62
195,2,DG038,model.8.m.0.cv1.conv,model.8.m.0.cv1.bn,BatchNorm2d,prune_out_channels,True,1,41,,
195,3,DG038,model.8.m.0.cv1.conv,<unresolved>,_ElementWiseOp,prune_out_channels,True,1,41,,
195,4,DG038,model.8.m.0.cv1.conv,<unresolved>,_ElementWiseOp,prune_out_channels,True,1,41,,
195,5,DG038,model.8.m.0.cv1.conv,model.8.m.0.m.0.cv1.conv,Conv2d,prune_in_channels,False,1,41,,
195,6,DG038,model.8.m.0.cv1.conv,<unresolved>,_ElementWiseOp,prune_out_channels,True,1,41,,
195,7,DG038,model.8.m.0.cv1.conv,<unresolved>,_ElementWiseOp,prune_out_channels,True,1,41,,
195,8,DG038,model.8.m.0.cv1.conv,model.8.m.0.m.1.cv1.conv,Conv2d,prune_in_channels,False,1,41,,
195,9,DG038,model.8.m.0.cv1.conv,<unresolved>,_ElementWiseOp,prune_out_channels,True,1,41,,
195,10,DG038,model.8.m.0.cv1.conv,<unresolved>,_ConcatOp,prune_out_channels,True,1,41,,
195,11,DG038,model.8.m.0.cv1.conv,model.8.m.0.cv3.conv,Conv2d,prune_in_channels,False,1,41,,
195,12,DG038,model.8.m.0.cv1.conv,model.8.m.0.m.1.cv2.bn,BatchNorm2d,prune_out_channels,True,1,41,,
195,13,DG038,model.8.m.0.cv1.conv,model.8.m.0.m.1.cv2.conv,Conv2d,prune_out_channels,True,1,41,63,62
195,14,DG038,model.8.m.0.cv1.conv,model.8.m.0.m.0.cv2.bn,BatchNorm2d,prune_out_channels,True,1,41,,
195,15,DG038,model.8.m.0.cv1.conv,model.8.m.0.m.0.cv2.conv,Conv2d,prune_out_channels,True,1,41,63,62
196,1,DG020,model.19.m.0.m.1.cv1.conv,model.19.m.0.m.1.cv1.conv,Conv2d,prune_out_channels,True,1,21,32,31
196,2,DG020,model.19.m.0.m.1.cv1.conv,model.19.m.0.m.1.cv1.bn,BatchNorm2d,prune_out_channels,True,1,21,,
196,3,DG020,model.19.m.0.m.1.cv1.conv,<unresolved>,_ElementWiseOp,prune_out_channels,True,1,21,,
196,4,DG020,model.19.m.0.m.1.cv1.conv,model.19.m.0.m.1.cv2.conv,Conv2d,prune_in_channels,False,1,21,,
197,1,DG028,model.4.cv2.conv,model.4.cv2.conv,Conv2d,prune_out_channels,True,1,17,120,119
197,2,DG028,model.4.cv2.conv,model.4.cv2.bn,BatchNorm2d,prune_out_channels,True,1,17,,
197,3,DG028,model.4.cv2.conv,<unresolved>,_ElementWiseOp,prune_out_channels,True,1,17,,
197,4,DG028,model.4.cv2.conv,model.5.conv,Conv2d,prune_in_channels,False,1,17,,
197,5,DG028,model.4.cv2.conv,<unresolved>,_ConcatOp,prune_out_channels,True,1,145,,
197,6,DG028,model.4.cv2.conv,model.16.cv1.conv,Conv2d,prune_in_channels,False,1,145,,
198,1,DG028,model.4.cv2.conv,model.4.cv2.conv,Conv2d,prune_out_channels,True,1,36,119,118
198,2,DG028,model.4.cv2.conv,model.4.cv2.bn,BatchNorm2d,prune_out_channels,True,1,36,,
198,3,DG028,model.4.cv2.conv,<unresolved>,_ElementWiseOp,prune_out_channels,True,1,36,,
198,4,DG028,model.4.cv2.conv,model.5.conv,Conv2d,prune_in_channels,False,1,36,,
198,5,DG028,model.4.cv2.conv,<unresolved>,_ConcatOp,prune_out_channels,True,1,164,,
198,6,DG028,model.4.cv2.conv,model.16.cv1.conv,Conv2d,prune_in_channels,False,1,164,,
199,1,DG028,model.4.cv2.conv,model.4.cv2.conv,Conv2d,prune_out_channels,True,1,37,118,117
199,2,DG028,model.4.cv2.conv,model.4.cv2.bn,BatchNorm2d,prune_out_channels,True,1,37,,
199,3,DG028,model.4.cv2.conv,<unresolved>,_ElementWiseOp,prune_out_channels,True,1,37,,
199,4,DG028,model.4.cv2.conv,model.5.conv,Conv2d,prune_in_channels,False,1,37,,
199,5,DG028,model.4.cv2.conv,<unresolved>,_ConcatOp,prune_out_channels,True,1,165,,
199,6,DG028,model.4.cv2.conv,model.16.cv1.conv,Conv2d,prune_in_channels,False,1,165,,
200,1,DG028,model.4.cv2.conv,model.4.cv2.conv,Conv2d,prune_out_channels,True,1,116,117,116
200,2,DG028,model.4.cv2.conv,model.4.cv2.bn,BatchNorm2d,prune_out_channels,True,1,116,,
200,3,DG028,model.4.cv2.conv,<unresolved>,_ElementWiseOp,prune_out_channels,True,1,116,,
200,4,DG028,model.4.cv2.conv,model.5.conv,Conv2d,prune_in_channels,False,1,116,,
200,5,DG028,model.4.cv2.conv,<unresolved>,_ConcatOp,prune_out_channels,True,1,244,,
200,6,DG028,model.4.cv2.conv,model.16.cv1.conv,Conv2d,prune_in_channels,False,1,244,,
201,1,DG028,model.4.cv2.conv,model.4.cv2.conv,Conv2d,prune_out_channels,True,1,14,116,115
201,2,DG028,model.4.cv2.conv,model.4.cv2.bn,BatchNorm2d,prune_out_channels,True,1,14,,
201,3,DG028,model.4.cv2.conv,<unresolved>,_ElementWiseOp,prune_out_channels,True,1,14,,
201,4,DG028,model.4.cv2.conv,model.5.conv,Conv2d,prune_in_channels,False,1,14,,
201,5,DG028,model.4.cv2.conv,<unresolved>,_ConcatOp,prune_out_channels,True,1,142,,
201,6,DG028,model.4.cv2.conv,model.16.cv1.conv,Conv2d,prune_in_channels,False,1,142,,
202,1,DG028,model.4.cv2.conv,model.4.cv2.conv,Conv2d,prune_out_channels,True,1,25,115,114
202,2,DG028,model.4.cv2.conv,model.4.cv2.bn,BatchNorm2d,prune_out_channels,True,1,25,,
202,3,DG028,model.4.cv2.conv,<unresolved>,_ElementWiseOp,prune_out_channels,True,1,25,,
202,4,DG028,model.4.cv2.conv,model.5.conv,Conv2d,prune_in_channels,False,1,25,,
202,5,DG028,model.4.cv2.conv,<unresolved>,_ConcatOp,prune_out_channels,True,1,153,,
202,6,DG028,model.4.cv2.conv,model.16.cv1.conv,Conv2d,prune_in_channels,False,1,153,,
203,1,DG028,model.4.cv2.conv,model.4.cv2.conv,Conv2d,prune_out_channels,True,1,59,114,113
203,2,DG028,model.4.cv2.conv,model.4.cv2.bn,BatchNorm2d,prune_out_channels,True,1,59,,
203,3,DG028,model.4.cv2.conv,<unresolved>,_ElementWiseOp,prune_out_channels,True,1,59,,
203,4,DG028,model.4.cv2.conv,model.5.conv,Conv2d,prune_in_channels,False,1,59,,
203,5,DG028,model.4.cv2.conv,<unresolved>,_ConcatOp,prune_out_channels,True,1,187,,
203,6,DG028,model.4.cv2.conv,model.16.cv1.conv,Conv2d,prune_in_channels,False,1,187,,
204,1,DG026,model.22.m.0.1.ffn.0.conv,model.22.m.0.1.ffn.0.conv,Conv2d,prune_out_channels,True,1,49,256,255
204,2,DG026,model.22.m.0.1.ffn.0.conv,model.22.m.0.1.ffn.0.bn,BatchNorm2d,prune_out_channels,True,1,49,,
204,3,DG026,model.22.m.0.1.ffn.0.conv,<unresolved>,_ElementWiseOp,prune_out_channels,True,1,49,,
204,4,DG026,model.22.m.0.1.ffn.0.conv,model.22.m.0.1.ffn.1.conv,Conv2d,prune_in_channels,False,1,49,,
205,1,DG026,model.22.m.0.1.ffn.0.conv,model.22.m.0.1.ffn.0.conv,Conv2d,prune_out_channels,True,1,205,255,254
205,2,DG026,model.22.m.0.1.ffn.0.conv,model.22.m.0.1.ffn.0.bn,BatchNorm2d,prune_out_channels,True,1,205,,
205,3,DG026,model.22.m.0.1.ffn.0.conv,<unresolved>,_ElementWiseOp,prune_out_channels,True,1,205,,
205,4,DG026,model.22.m.0.1.ffn.0.conv,model.22.m.0.1.ffn.1.conv,Conv2d,prune_in_channels,False,1,205,,
206,1,DG028,model.4.cv2.conv,model.4.cv2.conv,Conv2d,prune_out_channels,True,1,59,113,112
206,2,DG028,model.4.cv2.conv,model.4.cv2.bn,BatchNorm2d,prune_out_channels,True,1,59,,
206,3,DG028,model.4.cv2.conv,<unresolved>,_ElementWiseOp,prune_out_channels,True,1,59,,
206,4,DG028,model.4.cv2.conv,model.5.conv,Conv2d,prune_in_channels,False,1,59,,
206,5,DG028,model.4.cv2.conv,<unresolved>,_ConcatOp,prune_out_channels,True,1,187,,
206,6,DG028,model.4.cv2.conv,model.16.cv1.conv,Conv2d,prune_in_channels,False,1,187,,
207,1,DG038,model.8.m.0.cv1.conv,model.8.m.0.cv1.conv,Conv2d,prune_out_channels,True,1,58,62,61
207,2,DG038,model.8.m.0.cv1.conv,model.8.m.0.cv1.bn,BatchNorm2d,prune_out_channels,True,1,58,,
207,3,DG038,model.8.m.0.cv1.conv,<unresolved>,_ElementWiseOp,prune_out_channels,True,1,58,,
207,4,DG038,model.8.m.0.cv1.conv,<unresolved>,_ElementWiseOp,prune_out_channels,True,1,58,,
207,5,DG038,model.8.m.0.cv1.conv,model.8.m.0.m.0.cv1.conv,Conv2d,prune_in_channels,False,1,58,,
207,6,DG038,model.8.m.0.cv1.conv,<unresolved>,_ElementWiseOp,prune_out_channels,True,1,58,,
207,7,DG038,model.8.m.0.cv1.conv,<unresolved>,_ElementWiseOp,prune_out_channels,True,1,58,,
207,8,DG038,model.8.m.0.cv1.conv,model.8.m.0.m.1.cv1.conv,Conv2d,prune_in_channels,False,1,58,,
207,9,DG038,model.8.m.0.cv1.conv,<unresolved>,_ElementWiseOp,prune_out_channels,True,1,58,,
207,10,DG038,model.8.m.0.cv1.conv,<unresolved>,_ConcatOp,prune_out_channels,True,1,58,,
207,11,DG038,model.8.m.0.cv1.conv,model.8.m.0.cv3.conv,Conv2d,prune_in_channels,False,1,58,,
207,12,DG038,model.8.m.0.cv1.conv,model.8.m.0.m.1.cv2.bn,BatchNorm2d,prune_out_channels,True,1,58,,
207,13,DG038,model.8.m.0.cv1.conv,model.8.m.0.m.1.cv2.conv,Conv2d,prune_out_channels,True,1,58,62,61
207,14,DG038,model.8.m.0.cv1.conv,model.8.m.0.m.0.cv2.bn,BatchNorm2d,prune_out_channels,True,1,58,,
207,15,DG038,model.8.m.0.cv1.conv,model.8.m.0.m.0.cv2.conv,Conv2d,prune_out_channels,True,1,58,62,61
208,1,DG028,model.4.cv2.conv,model.4.cv2.conv,Conv2d,prune_out_channels,True,1,31,112,111
208,2,DG028,model.4.cv2.conv,model.4.cv2.bn,BatchNorm2d,prune_out_channels,True,1,31,,
208,3,DG028,model.4.cv2.conv,<unresolved>,_ElementWiseOp,prune_out_channels,True,1,31,,
208,4,DG028,model.4.cv2.conv,model.5.conv,Conv2d,prune_in_channels,False,1,31,,
208,5,DG028,model.4.cv2.conv,<unresolved>,_ConcatOp,prune_out_channels,True,1,159,,
208,6,DG028,model.4.cv2.conv,model.16.cv1.conv,Conv2d,prune_in_channels,False,1,159,,
209,1,DG028,model.4.cv2.conv,model.4.cv2.conv,Conv2d,prune_out_channels,True,1,8,111,110
209,2,DG028,model.4.cv2.conv,model.4.cv2.bn,BatchNorm2d,prune_out_channels,True,1,8,,
209,3,DG028,model.4.cv2.conv,<unresolved>,_ElementWiseOp,prune_out_channels,True,1,8,,
209,4,DG028,model.4.cv2.conv,model.5.conv,Conv2d,prune_in_channels,False,1,8,,
209,5,DG028,model.4.cv2.conv,<unresolved>,_ConcatOp,prune_out_channels,True,1,136,,
209,6,DG028,model.4.cv2.conv,model.16.cv1.conv,Conv2d,prune_in_channels,False,1,136,,
210,1,DG028,model.4.cv2.conv,model.4.cv2.conv,Conv2d,prune_out_channels,True,1,86,110,109
210,2,DG028,model.4.cv2.conv,model.4.cv2.bn,BatchNorm2d,prune_out_channels,True,1,86,,
210,3,DG028,model.4.cv2.conv,<unresolved>,_ElementWiseOp,prune_out_channels,True,1,86,,
210,4,DG028,model.4.cv2.conv,model.5.conv,Conv2d,prune_in_channels,False,1,86,,
210,5,DG028,model.4.cv2.conv,<unresolved>,_ConcatOp,prune_out_channels,True,1,214,,
210,6,DG028,model.4.cv2.conv,model.16.cv1.conv,Conv2d,prune_in_channels,False,1,214,,
211,1,DG028,model.4.cv2.conv,model.4.cv2.conv,Conv2d,prune_out_channels,True,1,89,109,108
211,2,DG028,model.4.cv2.conv,model.4.cv2.bn,BatchNorm2d,prune_out_channels,True,1,89,,
211,3,DG028,model.4.cv2.conv,<unresolved>,_ElementWiseOp,prune_out_channels,True,1,89,,
211,4,DG028,model.4.cv2.conv,model.5.conv,Conv2d,prune_in_channels,False,1,89,,
211,5,DG028,model.4.cv2.conv,<unresolved>,_ConcatOp,prune_out_channels,True,1,217,,
211,6,DG028,model.4.cv2.conv,model.16.cv1.conv,Conv2d,prune_in_channels,False,1,217,,
212,1,DG028,model.4.cv2.conv,model.4.cv2.conv,Conv2d,prune_out_channels,True,1,87,108,107
212,2,DG028,model.4.cv2.conv,model.4.cv2.bn,BatchNorm2d,prune_out_channels,True,1,87,,
212,3,DG028,model.4.cv2.conv,<unresolved>,_ElementWiseOp,prune_out_channels,True,1,87,,
212,4,DG028,model.4.cv2.conv,model.5.conv,Conv2d,prune_in_channels,False,1,87,,
212,5,DG028,model.4.cv2.conv,<unresolved>,_ConcatOp,prune_out_channels,True,1,215,,
212,6,DG028,model.4.cv2.conv,model.16.cv1.conv,Conv2d,prune_in_channels,False,1,215,,
213,1,DG038,model.8.m.0.cv1.conv,model.8.m.0.cv1.conv,Conv2d,prune_out_channels,True,1,30,61,60
213,2,DG038,model.8.m.0.cv1.conv,model.8.m.0.cv1.bn,BatchNorm2d,prune_out_channels,True,1,30,,
213,3,DG038,model.8.m.0.cv1.conv,<unresolved>,_ElementWiseOp,prune_out_channels,True,1,30,,
213,4,DG038,model.8.m.0.cv1.conv,<unresolved>,_ElementWiseOp,prune_out_channels,True,1,30,,
213,5,DG038,model.8.m.0.cv1.conv,model.8.m.0.m.0.cv1.conv,Conv2d,prune_in_channels,False,1,30,,
213,6,DG038,model.8.m.0.cv1.conv,<unresolved>,_ElementWiseOp,prune_out_channels,True,1,30,,
213,7,DG038,model.8.m.0.cv1.conv,<unresolved>,_ElementWiseOp,prune_out_channels,True,1,30,,
213,8,DG038,model.8.m.0.cv1.conv,model.8.m.0.m.1.cv1.conv,Conv2d,prune_in_channels,False,1,30,,
213,9,DG038,model.8.m.0.cv1.conv,<unresolved>,_ElementWiseOp,prune_out_channels,True,1,30,,
213,10,DG038,model.8.m.0.cv1.conv,<unresolved>,_ConcatOp,prune_out_channels,True,1,30,,
213,11,DG038,model.8.m.0.cv1.conv,model.8.m.0.cv3.conv,Conv2d,prune_in_channels,False,1,30,,
213,12,DG038,model.8.m.0.cv1.conv,model.8.m.0.m.1.cv2.bn,BatchNorm2d,prune_out_channels,True,1,30,,
213,13,DG038,model.8.m.0.cv1.conv,model.8.m.0.m.1.cv2.conv,Conv2d,prune_out_channels,True,1,30,61,60
213,14,DG038,model.8.m.0.cv1.conv,model.8.m.0.m.0.cv2.bn,BatchNorm2d,prune_out_channels,True,1,30,,
213,15,DG038,model.8.m.0.cv1.conv,model.8.m.0.m.0.cv2.conv,Conv2d,prune_out_channels,True,1,30,61,60
214,1,DG028,model.4.cv2.conv,model.4.cv2.conv,Conv2d,prune_out_channels,True,1,27,107,106
214,2,DG028,model.4.cv2.conv,model.4.cv2.bn,BatchNorm2d,prune_out_channels,True,1,27,,
214,3,DG028,model.4.cv2.conv,<unresolved>,_ElementWiseOp,prune_out_channels,True,1,27,,
214,4,DG028,model.4.cv2.conv,model.5.conv,Conv2d,prune_in_channels,False,1,27,,
214,5,DG028,model.4.cv2.conv,<unresolved>,_ConcatOp,prune_out_channels,True,1,155,,
214,6,DG028,model.4.cv2.conv,model.16.cv1.conv,Conv2d,prune_in_channels,False,1,155,,
215,1,DG028,model.4.cv2.conv,model.4.cv2.conv,Conv2d,prune_out_channels,True,1,41,106,105
215,2,DG028,model.4.cv2.conv,model.4.cv2.bn,BatchNorm2d,prune_out_channels,True,1,41,,
215,3,DG028,model.4.cv2.conv,<unresolved>,_ElementWiseOp,prune_out_channels,True,1,41,,
215,4,DG028,model.4.cv2.conv,model.5.conv,Conv2d,prune_in_channels,False,1,41,,
215,5,DG028,model.4.cv2.conv,<unresolved>,_ConcatOp,prune_out_channels,True,1,169,,
215,6,DG028,model.4.cv2.conv,model.16.cv1.conv,Conv2d,prune_in_channels,False,1,169,,
216,1,DG028,model.4.cv2.conv,model.4.cv2.conv,Conv2d,prune_out_channels,True,1,66,105,104
216,2,DG028,model.4.cv2.conv,model.4.cv2.bn,BatchNorm2d,prune_out_channels,True,1,66,,
216,3,DG028,model.4.cv2.conv,<unresolved>,_ElementWiseOp,prune_out_channels,True,1,66,,
216,4,DG028,model.4.cv2.conv,model.5.conv,Conv2d,prune_in_channels,False,1,66,,
216,5,DG028,model.4.cv2.conv,<unresolved>,_ConcatOp,prune_out_channels,True,1,194,,
216,6,DG028,model.4.cv2.conv,model.16.cv1.conv,Conv2d,prune_in_channels,False,1,194,,
217,1,DG028,model.4.cv2.conv,model.4.cv2.conv,Conv2d,prune_out_channels,True,1,100,104,103
217,2,DG028,model.4.cv2.conv,model.4.cv2.bn,BatchNorm2d,prune_out_channels,True,1,100,,
217,3,DG028,model.4.cv2.conv,<unresolved>,_ElementWiseOp,prune_out_channels,True,1,100,,
217,4,DG028,model.4.cv2.conv,model.5.conv,Conv2d,prune_in_channels,False,1,100,,
217,5,DG028,model.4.cv2.conv,<unresolved>,_ConcatOp,prune_out_channels,True,1,228,,
217,6,DG028,model.4.cv2.conv,model.16.cv1.conv,Conv2d,prune_in_channels,False,1,228,,
218,1,DG028,model.4.cv2.conv,model.4.cv2.conv,Conv2d,prune_out_channels,True,1,19,103,102
218,2,DG028,model.4.cv2.conv,model.4.cv2.bn,BatchNorm2d,prune_out_channels,True,1,19,,
218,3,DG028,model.4.cv2.conv,<unresolved>,_ElementWiseOp,prune_out_channels,True,1,19,,
218,4,DG028,model.4.cv2.conv,model.5.conv,Conv2d,prune_in_channels,False,1,19,,
218,5,DG028,model.4.cv2.conv,<unresolved>,_ConcatOp,prune_out_channels,True,1,147,,
218,6,DG028,model.4.cv2.conv,model.16.cv1.conv,Conv2d,prune_in_channels,False,1,147,,
219,1,DG028,model.4.cv2.conv,model.4.cv2.conv,Conv2d,prune_out_channels,True,1,91,102,101
219,2,DG028,model.4.cv2.conv,model.4.cv2.bn,BatchNorm2d,prune_out_channels,True,1,91,,
219,3,DG028,model.4.cv2.conv,<unresolved>,_ElementWiseOp,prune_out_channels,True,1,91,,
219,4,DG028,model.4.cv2.conv,model.5.conv,Conv2d,prune_in_channels,False,1,91,,
219,5,DG028,model.4.cv2.conv,<unresolved>,_ConcatOp,prune_out_channels,True,1,219,,
219,6,DG028,model.4.cv2.conv,model.16.cv1.conv,Conv2d,prune_in_channels,False,1,219,,
220,1,DG028,model.4.cv2.conv,model.4.cv2.conv,Conv2d,prune_out_channels,True,1,47,101,100
220,2,DG028,model.4.cv2.conv,model.4.cv2.bn,BatchNorm2d,prune_out_channels,True,1,47,,
220,3,DG028,model.4.cv2.conv,<unresolved>,_ElementWiseOp,prune_out_channels,True,1,47,,
220,4,DG028,model.4.cv2.conv,model.5.conv,Conv2d,prune_in_channels,False,1,47,,
220,5,DG028,model.4.cv2.conv,<unresolved>,_ConcatOp,prune_out_channels,True,1,175,,
220,6,DG028,model.4.cv2.conv,model.16.cv1.conv,Conv2d,prune_in_channels,False,1,175,,
221,1,DG020,model.19.m.0.m.1.cv1.conv,model.19.m.0.m.1.cv1.conv,Conv2d,prune_out_channels,True,1,27,31,30
221,2,DG020,model.19.m.0.m.1.cv1.conv,model.19.m.0.m.1.cv1.bn,BatchNorm2d,prune_out_channels,True,1,27,,
221,3,DG020,model.19.m.0.m.1.cv1.conv,<unresolved>,_ElementWiseOp,prune_out_channels,True,1,27,,
221,4,DG020,model.19.m.0.m.1.cv1.conv,model.19.m.0.m.1.cv2.conv,Conv2d,prune_in_channels,False,1,27,,
222,1,DG028,model.4.cv2.conv,model.4.cv2.conv,Conv2d,prune_out_channels,True,1,76,100,99
222,2,DG028,model.4.cv2.conv,model.4.cv2.bn,BatchNorm2d,prune_out_channels,True,1,76,,
222,3,DG028,model.4.cv2.conv,<unresolved>,_ElementWiseOp,prune_out_channels,True,1,76,,
222,4,DG028,model.4.cv2.conv,model.5.conv,Conv2d,prune_in_channels,False,1,76,,
222,5,DG028,model.4.cv2.conv,<unresolved>,_ConcatOp,prune_out_channels,True,1,204,,
222,6,DG028,model.4.cv2.conv,model.16.cv1.conv,Conv2d,prune_in_channels,False,1,204,,
223,1,DG026,model.22.m.0.1.ffn.0.conv,model.22.m.0.1.ffn.0.conv,Conv2d,prune_out_channels,True,1,6,254,253
223,2,DG026,model.22.m.0.1.ffn.0.conv,model.22.m.0.1.ffn.0.bn,BatchNorm2d,prune_out_channels,True,1,6,,
223,3,DG026,model.22.m.0.1.ffn.0.conv,<unresolved>,_ElementWiseOp,prune_out_channels,True,1,6,,
223,4,DG026,model.22.m.0.1.ffn.0.conv,model.22.m.0.1.ffn.1.conv,Conv2d,prune_in_channels,False,1,6,,
224,1,DG028,model.4.cv2.conv,model.4.cv2.conv,Conv2d,prune_out_channels,True,1,82,99,98
224,2,DG028,model.4.cv2.conv,model.4.cv2.bn,BatchNorm2d,prune_out_channels,True,1,82,,
224,3,DG028,model.4.cv2.conv,<unresolved>,_ElementWiseOp,prune_out_channels,True,1,82,,
224,4,DG028,model.4.cv2.conv,model.5.conv,Conv2d,prune_in_channels,False,1,82,,
224,5,DG028,model.4.cv2.conv,<unresolved>,_ConcatOp,prune_out_channels,True,1,210,,
224,6,DG028,model.4.cv2.conv,model.16.cv1.conv,Conv2d,prune_in_channels,False,1,210,,
225,1,DG028,model.4.cv2.conv,model.4.cv2.conv,Conv2d,prune_out_channels,True,1,5,98,97
225,2,DG028,model.4.cv2.conv,model.4.cv2.bn,BatchNorm2d,prune_out_channels,True,1,5,,
225,3,DG028,model.4.cv2.conv,<unresolved>,_ElementWiseOp,prune_out_channels,True,1,5,,
225,4,DG028,model.4.cv2.conv,model.5.conv,Conv2d,prune_in_channels,False,1,5,,
225,5,DG028,model.4.cv2.conv,<unresolved>,_ConcatOp,prune_out_channels,True,1,133,,
225,6,DG028,model.4.cv2.conv,model.16.cv1.conv,Conv2d,prune_in_channels,False,1,133,,
226,1,DG028,model.4.cv2.conv,model.4.cv2.conv,Conv2d,prune_out_channels,True,1,74,97,96
226,2,DG028,model.4.cv2.conv,model.4.cv2.bn,BatchNorm2d,prune_out_channels,True,1,74,,
226,3,DG028,model.4.cv2.conv,<unresolved>,_ElementWiseOp,prune_out_channels,True,1,74,,
226,4,DG028,model.4.cv2.conv,model.5.conv,Conv2d,prune_in_channels,False,1,74,,
226,5,DG028,model.4.cv2.conv,<unresolved>,_ConcatOp,prune_out_channels,True,1,202,,
226,6,DG028,model.4.cv2.conv,model.16.cv1.conv,Conv2d,prune_in_channels,False,1,202,,
227,1,DG028,model.4.cv2.conv,model.4.cv2.conv,Conv2d,prune_out_channels,True,1,65,96,95
227,2,DG028,model.4.cv2.conv,model.4.cv2.bn,BatchNorm2d,prune_out_channels,True,1,65,,
227,3,DG028,model.4.cv2.conv,<unresolved>,_ElementWiseOp,prune_out_channels,True,1,65,,
227,4,DG028,model.4.cv2.conv,model.5.conv,Conv2d,prune_in_channels,False,1,65,,
227,5,DG028,model.4.cv2.conv,<unresolved>,_ConcatOp,prune_out_channels,True,1,193,,
227,6,DG028,model.4.cv2.conv,model.16.cv1.conv,Conv2d,prune_in_channels,False,1,193,,
228,1,DG028,model.4.cv2.conv,model.4.cv2.conv,Conv2d,prune_out_channels,True,1,47,95,94
228,2,DG028,model.4.cv2.conv,model.4.cv2.bn,BatchNorm2d,prune_out_channels,True,1,47,,
228,3,DG028,model.4.cv2.conv,<unresolved>,_ElementWiseOp,prune_out_channels,True,1,47,,
228,4,DG028,model.4.cv2.conv,model.5.conv,Conv2d,prune_in_channels,False,1,47,,
228,5,DG028,model.4.cv2.conv,<unresolved>,_ConcatOp,prune_out_channels,True,1,175,,
228,6,DG028,model.4.cv2.conv,model.16.cv1.conv,Conv2d,prune_in_channels,False,1,175,,
229,1,DG028,model.4.cv2.conv,model.4.cv2.conv,Conv2d,prune_out_channels,True,1,7,94,93
229,2,DG028,model.4.cv2.conv,model.4.cv2.bn,BatchNorm2d,prune_out_channels,True,1,7,,
229,3,DG028,model.4.cv2.conv,<unresolved>,_ElementWiseOp,prune_out_channels,True,1,7,,
229,4,DG028,model.4.cv2.conv,model.5.conv,Conv2d,prune_in_channels,False,1,7,,
229,5,DG028,model.4.cv2.conv,<unresolved>,_ConcatOp,prune_out_channels,True,1,135,,
229,6,DG028,model.4.cv2.conv,model.16.cv1.conv,Conv2d,prune_in_channels,False,1,135,,
230,1,DG028,model.4.cv2.conv,model.4.cv2.conv,Conv2d,prune_out_channels,True,1,46,93,92
230,2,DG028,model.4.cv2.conv,model.4.cv2.bn,BatchNorm2d,prune_out_channels,True,1,46,,
230,3,DG028,model.4.cv2.conv,<unresolved>,_ElementWiseOp,prune_out_channels,True,1,46,,
230,4,DG028,model.4.cv2.conv,model.5.conv,Conv2d,prune_in_channels,False,1,46,,
230,5,DG028,model.4.cv2.conv,<unresolved>,_ConcatOp,prune_out_channels,True,1,174,,
230,6,DG028,model.4.cv2.conv,model.16.cv1.conv,Conv2d,prune_in_channels,False,1,174,,
231,1,DG028,model.4.cv2.conv,model.4.cv2.conv,Conv2d,prune_out_channels,True,1,32,92,91
231,2,DG028,model.4.cv2.conv,model.4.cv2.bn,BatchNorm2d,prune_out_channels,True,1,32,,
231,3,DG028,model.4.cv2.conv,<unresolved>,_ElementWiseOp,prune_out_channels,True,1,32,,
231,4,DG028,model.4.cv2.conv,model.5.conv,Conv2d,prune_in_channels,False,1,32,,
231,5,DG028,model.4.cv2.conv,<unresolved>,_ConcatOp,prune_out_channels,True,1,160,,
231,6,DG028,model.4.cv2.conv,model.16.cv1.conv,Conv2d,prune_in_channels,False,1,160,,
232,1,DG028,model.4.cv2.conv,model.4.cv2.conv,Conv2d,prune_out_channels,True,1,67,91,90
232,2,DG028,model.4.cv2.conv,model.4.cv2.bn,BatchNorm2d,prune_out_channels,True,1,67,,
232,3,DG028,model.4.cv2.conv,<unresolved>,_ElementWiseOp,prune_out_channels,True,1,67,,
232,4,DG028,model.4.cv2.conv,model.5.conv,Conv2d,prune_in_channels,False,1,67,,
232,5,DG028,model.4.cv2.conv,<unresolved>,_ConcatOp,prune_out_channels,True,1,195,,
232,6,DG028,model.4.cv2.conv,model.16.cv1.conv,Conv2d,prune_in_channels,False,1,195,,
233,1,DG028,model.4.cv2.conv,model.4.cv2.conv,Conv2d,prune_out_channels,True,1,38,90,89
233,2,DG028,model.4.cv2.conv,model.4.cv2.bn,BatchNorm2d,prune_out_channels,True,1,38,,
233,3,DG028,model.4.cv2.conv,<unresolved>,_ElementWiseOp,prune_out_channels,True,1,38,,
233,4,DG028,model.4.cv2.conv,model.5.conv,Conv2d,prune_in_channels,False,1,38,,
233,5,DG028,model.4.cv2.conv,<unresolved>,_ConcatOp,prune_out_channels,True,1,166,,
233,6,DG028,model.4.cv2.conv,model.16.cv1.conv,Conv2d,prune_in_channels,False,1,166,,
234,1,DG028,model.4.cv2.conv,model.4.cv2.conv,Conv2d,prune_out_channels,True,1,31,89,88
234,2,DG028,model.4.cv2.conv,model.4.cv2.bn,BatchNorm2d,prune_out_channels,True,1,31,,
234,3,DG028,model.4.cv2.conv,<unresolved>,_ElementWiseOp,prune_out_channels,True,1,31,,
234,4,DG028,model.4.cv2.conv,model.5.conv,Conv2d,prune_in_channels,False,1,31,,
234,5,DG028,model.4.cv2.conv,<unresolved>,_ConcatOp,prune_out_channels,True,1,159,,
234,6,DG028,model.4.cv2.conv,model.16.cv1.conv,Conv2d,prune_in_channels,False,1,159,,
235,1,DG028,model.4.cv2.conv,model.4.cv2.conv,Conv2d,prune_out_channels,True,1,59,88,87
235,2,DG028,model.4.cv2.conv,model.4.cv2.bn,BatchNorm2d,prune_out_channels,True,1,59,,
235,3,DG028,model.4.cv2.conv,<unresolved>,_ElementWiseOp,prune_out_channels,True,1,59,,
235,4,DG028,model.4.cv2.conv,model.5.conv,Conv2d,prune_in_channels,False,1,59,,
235,5,DG028,model.4.cv2.conv,<unresolved>,_ConcatOp,prune_out_channels,True,1,187,,
235,6,DG028,model.4.cv2.conv,model.16.cv1.conv,Conv2d,prune_in_channels,False,1,187,,
236,1,DG028,model.4.cv2.conv,model.4.cv2.conv,Conv2d,prune_out_channels,True,1,85,87,86
236,2,DG028,model.4.cv2.conv,model.4.cv2.bn,BatchNorm2d,prune_out_channels,True,1,85,,
236,3,DG028,model.4.cv2.conv,<unresolved>,_ElementWiseOp,prune_out_channels,True,1,85,,
236,4,DG028,model.4.cv2.conv,model.5.conv,Conv2d,prune_in_channels,False,1,85,,
236,5,DG028,model.4.cv2.conv,<unresolved>,_ConcatOp,prune_out_channels,True,1,213,,
236,6,DG028,model.4.cv2.conv,model.16.cv1.conv,Conv2d,prune_in_channels,False,1,213,,
237,1,DG028,model.4.cv2.conv,model.4.cv2.conv,Conv2d,prune_out_channels,True,1,75,86,85
237,2,DG028,model.4.cv2.conv,model.4.cv2.bn,BatchNorm2d,prune_out_channels,True,1,75,,
237,3,DG028,model.4.cv2.conv,<unresolved>,_ElementWiseOp,prune_out_channels,True,1,75,,
237,4,DG028,model.4.cv2.conv,model.5.conv,Conv2d,prune_in_channels,False,1,75,,
237,5,DG028,model.4.cv2.conv,<unresolved>,_ConcatOp,prune_out_channels,True,1,203,,
237,6,DG028,model.4.cv2.conv,model.16.cv1.conv,Conv2d,prune_in_channels,False,1,203,,
238,1,DG028,model.4.cv2.conv,model.4.cv2.conv,Conv2d,prune_out_channels,True,1,19,85,84
238,2,DG028,model.4.cv2.conv,model.4.cv2.bn,BatchNorm2d,prune_out_channels,True,1,19,,
238,3,DG028,model.4.cv2.conv,<unresolved>,_ElementWiseOp,prune_out_channels,True,1,19,,
238,4,DG028,model.4.cv2.conv,model.5.conv,Conv2d,prune_in_channels,False,1,19,,
238,5,DG028,model.4.cv2.conv,<unresolved>,_ConcatOp,prune_out_channels,True,1,147,,
238,6,DG028,model.4.cv2.conv,model.16.cv1.conv,Conv2d,prune_in_channels,False,1,147,,
239,1,DG028,model.4.cv2.conv,model.4.cv2.conv,Conv2d,prune_out_channels,True,1,44,84,83
239,2,DG028,model.4.cv2.conv,model.4.cv2.bn,BatchNorm2d,prune_out_channels,True,1,44,,
239,3,DG028,model.4.cv2.conv,<unresolved>,_ElementWiseOp,prune_out_channels,True,1,44,,
239,4,DG028,model.4.cv2.conv,model.5.conv,Conv2d,prune_in_channels,False,1,44,,
239,5,DG028,model.4.cv2.conv,<unresolved>,_ConcatOp,prune_out_channels,True,1,172,,
239,6,DG028,model.4.cv2.conv,model.16.cv1.conv,Conv2d,prune_in_channels,False,1,172,,
240,1,DG028,model.4.cv2.conv,model.4.cv2.conv,Conv2d,prune_out_channels,True,1,81,83,82
240,2,DG028,model.4.cv2.conv,model.4.cv2.bn,BatchNorm2d,prune_out_channels,True,1,81,,
240,3,DG028,model.4.cv2.conv,<unresolved>,_ElementWiseOp,prune_out_channels,True,1,81,,
240,4,DG028,model.4.cv2.conv,model.5.conv,Conv2d,prune_in_channels,False,1,81,,
240,5,DG028,model.4.cv2.conv,<unresolved>,_ConcatOp,prune_out_channels,True,1,209,,
240,6,DG028,model.4.cv2.conv,model.16.cv1.conv,Conv2d,prune_in_channels,False,1,209,,
241,1,DG028,model.4.cv2.conv,model.4.cv2.conv,Conv2d,prune_out_channels,True,1,42,82,81
241,2,DG028,model.4.cv2.conv,model.4.cv2.bn,BatchNorm2d,prune_out_channels,True,1,42,,
241,3,DG028,model.4.cv2.conv,<unresolved>,_ElementWiseOp,prune_out_channels,True,1,42,,
241,4,DG028,model.4.cv2.conv,model.5.conv,Conv2d,prune_in_channels,False,1,42,,
241,5,DG028,model.4.cv2.conv,<unresolved>,_ConcatOp,prune_out_channels,True,1,170,,
241,6,DG028,model.4.cv2.conv,model.16.cv1.conv,Conv2d,prune_in_channels,False,1,170,,
242,1,DG028,model.4.cv2.conv,model.4.cv2.conv,Conv2d,prune_out_channels,True,1,61,81,80
242,2,DG028,model.4.cv2.conv,model.4.cv2.bn,BatchNorm2d,prune_out_channels,True,1,61,,
242,3,DG028,model.4.cv2.conv,<unresolved>,_ElementWiseOp,prune_out_channels,True,1,61,,
242,4,DG028,model.4.cv2.conv,model.5.conv,Conv2d,prune_in_channels,False,1,61,,
242,5,DG028,model.4.cv2.conv,<unresolved>,_ConcatOp,prune_out_channels,True,1,189,,
242,6,DG028,model.4.cv2.conv,model.16.cv1.conv,Conv2d,prune_in_channels,False,1,189,,
243,1,DG028,model.4.cv2.conv,model.4.cv2.conv,Conv2d,prune_out_channels,True,1,61,80,79
243,2,DG028,model.4.cv2.conv,model.4.cv2.bn,BatchNorm2d,prune_out_channels,True,1,61,,
243,3,DG028,model.4.cv2.conv,<unresolved>,_ElementWiseOp,prune_out_channels,True,1,61,,
243,4,DG028,model.4.cv2.conv,model.5.conv,Conv2d,prune_in_channels,False,1,61,,
243,5,DG028,model.4.cv2.conv,<unresolved>,_ConcatOp,prune_out_channels,True,1,189,,
243,6,DG028,model.4.cv2.conv,model.16.cv1.conv,Conv2d,prune_in_channels,False,1,189,,
244,1,DG028,model.4.cv2.conv,model.4.cv2.conv,Conv2d,prune_out_channels,True,1,56,79,78
244,2,DG028,model.4.cv2.conv,model.4.cv2.bn,BatchNorm2d,prune_out_channels,True,1,56,,
244,3,DG028,model.4.cv2.conv,<unresolved>,_ElementWiseOp,prune_out_channels,True,1,56,,
244,4,DG028,model.4.cv2.conv,model.5.conv,Conv2d,prune_in_channels,False,1,56,,
244,5,DG028,model.4.cv2.conv,<unresolved>,_ConcatOp,prune_out_channels,True,1,184,,
244,6,DG028,model.4.cv2.conv,model.16.cv1.conv,Conv2d,prune_in_channels,False,1,184,,
245,1,DG028,model.4.cv2.conv,model.4.cv2.conv,Conv2d,prune_out_channels,True,1,58,78,77
245,2,DG028,model.4.cv2.conv,model.4.cv2.bn,BatchNorm2d,prune_out_channels,True,1,58,,
245,3,DG028,model.4.cv2.conv,<unresolved>,_ElementWiseOp,prune_out_channels,True,1,58,,
245,4,DG028,model.4.cv2.conv,model.5.conv,Conv2d,prune_in_channels,False,1,58,,
245,5,DG028,model.4.cv2.conv,<unresolved>,_ConcatOp,prune_out_channels,True,1,186,,
245,6,DG028,model.4.cv2.conv,model.16.cv1.conv,Conv2d,prune_in_channels,False,1,186,,
246,1,DG028,model.4.cv2.conv,model.4.cv2.conv,Conv2d,prune_out_channels,True,1,7,77,76
246,2,DG028,model.4.cv2.conv,model.4.cv2.bn,BatchNorm2d,prune_out_channels,True,1,7,,
246,3,DG028,model.4.cv2.conv,<unresolved>,_ElementWiseOp,prune_out_channels,True,1,7,,
246,4,DG028,model.4.cv2.conv,model.5.conv,Conv2d,prune_in_channels,False,1,7,,
246,5,DG028,model.4.cv2.conv,<unresolved>,_ConcatOp,prune_out_channels,True,1,135,,
246,6,DG028,model.4.cv2.conv,model.16.cv1.conv,Conv2d,prune_in_channels,False,1,135,,
247,1,DG026,model.22.m.0.1.ffn.0.conv,model.22.m.0.1.ffn.0.conv,Conv2d,prune_out_channels,True,1,83,253,252
247,2,DG026,model.22.m.0.1.ffn.0.conv,model.22.m.0.1.ffn.0.bn,BatchNorm2d,prune_out_channels,True,1,83,,
247,3,DG026,model.22.m.0.1.ffn.0.conv,<unresolved>,_ElementWiseOp,prune_out_channels,True,1,83,,
247,4,DG026,model.22.m.0.1.ffn.0.conv,model.22.m.0.1.ffn.1.conv,Conv2d,prune_in_channels,False,1,83,,
248,1,DG028,model.4.cv2.conv,model.4.cv2.conv,Conv2d,prune_out_channels,True,1,29,76,75
248,2,DG028,model.4.cv2.conv,model.4.cv2.bn,BatchNorm2d,prune_out_channels,True,1,29,,
248,3,DG028,model.4.cv2.conv,<unresolved>,_ElementWiseOp,prune_out_channels,True,1,29,,
248,4,DG028,model.4.cv2.conv,model.5.conv,Conv2d,prune_in_channels,False,1,29,,
248,5,DG028,model.4.cv2.conv,<unresolved>,_ConcatOp,prune_out_channels,True,1,157,,
248,6,DG028,model.4.cv2.conv,model.16.cv1.conv,Conv2d,prune_in_channels,False,1,157,,
249,1,DG028,model.4.cv2.conv,model.4.cv2.conv,Conv2d,prune_out_channels,True,1,46,75,74
249,2,DG028,model.4.cv2.conv,model.4.cv2.bn,BatchNorm2d,prune_out_channels,True,1,46,,
249,3,DG028,model.4.cv2.conv,<unresolved>,_ElementWiseOp,prune_out_channels,True,1,46,,
249,4,DG028,model.4.cv2.conv,model.5.conv,Conv2d,prune_in_channels,False,1,46,,
249,5,DG028,model.4.cv2.conv,<unresolved>,_ConcatOp,prune_out_channels,True,1,174,,
249,6,DG028,model.4.cv2.conv,model.16.cv1.conv,Conv2d,prune_in_channels,False,1,174,,
250,1,DG028,model.4.cv2.conv,model.4.cv2.conv,Conv2d,prune_out_channels,True,1,23,74,73
250,2,DG028,model.4.cv2.conv,model.4.cv2.bn,BatchNorm2d,prune_out_channels,True,1,23,,
250,3,DG028,model.4.cv2.conv,<unresolved>,_ElementWiseOp,prune_out_channels,True,1,23,,
250,4,DG028,model.4.cv2.conv,model.5.conv,Conv2d,prune_in_channels,False,1,23,,
250,5,DG028,model.4.cv2.conv,<unresolved>,_ConcatOp,prune_out_channels,True,1,151,,
250,6,DG028,model.4.cv2.conv,model.16.cv1.conv,Conv2d,prune_in_channels,False,1,151,,
251,1,DG028,model.4.cv2.conv,model.4.cv2.conv,Conv2d,prune_out_channels,True,1,41,73,72
251,2,DG028,model.4.cv2.conv,model.4.cv2.bn,BatchNorm2d,prune_out_channels,True,1,41,,
251,3,DG028,model.4.cv2.conv,<unresolved>,_ElementWiseOp,prune_out_channels,True,1,41,,
251,4,DG028,model.4.cv2.conv,model.5.conv,Conv2d,prune_in_channels,False,1,41,,
251,5,DG028,model.4.cv2.conv,<unresolved>,_ConcatOp,prune_out_channels,True,1,169,,
251,6,DG028,model.4.cv2.conv,model.16.cv1.conv,Conv2d,prune_in_channels,False,1,169,,
252,1,DG028,model.4.cv2.conv,model.4.cv2.conv,Conv2d,prune_out_channels,True,1,40,72,71
252,2,DG028,model.4.cv2.conv,model.4.cv2.bn,BatchNorm2d,prune_out_channels,True,1,40,,
252,3,DG028,model.4.cv2.conv,<unresolved>,_ElementWiseOp,prune_out_channels,True,1,40,,
252,4,DG028,model.4.cv2.conv,model.5.conv,Conv2d,prune_in_channels,False,1,40,,
252,5,DG028,model.4.cv2.conv,<unresolved>,_ConcatOp,prune_out_channels,True,1,168,,
252,6,DG028,model.4.cv2.conv,model.16.cv1.conv,Conv2d,prune_in_channels,False,1,168,,
253,1,DG028,model.4.cv2.conv,model.4.cv2.conv,Conv2d,prune_out_channels,True,1,5,71,70
253,2,DG028,model.4.cv2.conv,model.4.cv2.bn,BatchNorm2d,prune_out_channels,True,1,5,,
253,3,DG028,model.4.cv2.conv,<unresolved>,_ElementWiseOp,prune_out_channels,True,1,5,,
253,4,DG028,model.4.cv2.conv,model.5.conv,Conv2d,prune_in_channels,False,1,5,,
253,5,DG028,model.4.cv2.conv,<unresolved>,_ConcatOp,prune_out_channels,True,1,133,,
253,6,DG028,model.4.cv2.conv,model.16.cv1.conv,Conv2d,prune_in_channels,False,1,133,,
254,1,DG028,model.4.cv2.conv,model.4.cv2.conv,Conv2d,prune_out_channels,True,1,20,70,69
254,2,DG028,model.4.cv2.conv,model.4.cv2.bn,BatchNorm2d,prune_out_channels,True,1,20,,
254,3,DG028,model.4.cv2.conv,<unresolved>,_ElementWiseOp,prune_out_channels,True,1,20,,
254,4,DG028,model.4.cv2.conv,model.5.conv,Conv2d,prune_in_channels,False,1,20,,
254,5,DG028,model.4.cv2.conv,<unresolved>,_ConcatOp,prune_out_channels,True,1,148,,
254,6,DG028,model.4.cv2.conv,model.16.cv1.conv,Conv2d,prune_in_channels,False,1,148,,
255,1,DG028,model.4.cv2.conv,model.4.cv2.conv,Conv2d,prune_out_channels,True,1,22,69,68
255,2,DG028,model.4.cv2.conv,model.4.cv2.bn,BatchNorm2d,prune_out_channels,True,1,22,,
255,3,DG028,model.4.cv2.conv,<unresolved>,_ElementWiseOp,prune_out_channels,True,1,22,,
255,4,DG028,model.4.cv2.conv,model.5.conv,Conv2d,prune_in_channels,False,1,22,,
255,5,DG028,model.4.cv2.conv,<unresolved>,_ConcatOp,prune_out_channels,True,1,150,,
255,6,DG028,model.4.cv2.conv,model.16.cv1.conv,Conv2d,prune_in_channels,False,1,150,,
256,1,DG028,model.4.cv2.conv,model.4.cv2.conv,Conv2d,prune_out_channels,True,1,63,68,67
256,2,DG028,model.4.cv2.conv,model.4.cv2.bn,BatchNorm2d,prune_out_channels,True,1,63,,
256,3,DG028,model.4.cv2.conv,<unresolved>,_ElementWiseOp,prune_out_channels,True,1,63,,
256,4,DG028,model.4.cv2.conv,model.5.conv,Conv2d,prune_in_channels,False,1,63,,
256,5,DG028,model.4.cv2.conv,<unresolved>,_ConcatOp,prune_out_channels,True,1,191,,
256,6,DG028,model.4.cv2.conv,model.16.cv1.conv,Conv2d,prune_in_channels,False,1,191,,
257,1,DG019,model.19.m.0.m.0.cv1.conv,model.19.m.0.m.0.cv1.conv,Conv2d,prune_out_channels,True,1,29,31,30
257,2,DG019,model.19.m.0.m.0.cv1.conv,model.19.m.0.m.0.cv1.bn,BatchNorm2d,prune_out_channels,True,1,29,,
257,3,DG019,model.19.m.0.m.0.cv1.conv,<unresolved>,_ElementWiseOp,prune_out_channels,True,1,29,,
257,4,DG019,model.19.m.0.m.0.cv1.conv,model.19.m.0.m.0.cv2.conv,Conv2d,prune_in_channels,False,1,29,,
258,1,DG019,model.19.m.0.m.0.cv1.conv,model.19.m.0.m.0.cv1.conv,Conv2d,prune_out_channels,True,1,29,30,29
258,2,DG019,model.19.m.0.m.0.cv1.conv,model.19.m.0.m.0.cv1.bn,BatchNorm2d,prune_out_channels,True,1,29,,
258,3,DG019,model.19.m.0.m.0.cv1.conv,<unresolved>,_ElementWiseOp,prune_out_channels,True,1,29,,
258,4,DG019,model.19.m.0.m.0.cv1.conv,model.19.m.0.m.0.cv2.conv,Conv2d,prune_in_channels,False,1,29,,
259,1,DG028,model.4.cv2.conv,model.4.cv2.conv,Conv2d,prune_out_channels,True,1,46,67,66
259,2,DG028,model.4.cv2.conv,model.4.cv2.bn,BatchNorm2d,prune_out_channels,True,1,46,,
259,3,DG028,model.4.cv2.conv,<unresolved>,_ElementWiseOp,prune_out_channels,True,1,46,,
259,4,DG028,model.4.cv2.conv,model.5.conv,Conv2d,prune_in_channels,False,1,46,,
259,5,DG028,model.4.cv2.conv,<unresolved>,_ConcatOp,prune_out_channels,True,1,174,,
259,6,DG028,model.4.cv2.conv,model.16.cv1.conv,Conv2d,prune_in_channels,False,1,174,,
260,1,DG004,model.10.m.0.ffn.0.conv,model.10.m.0.ffn.0.conv,Conv2d,prune_out_channels,True,1,1,256,255
260,2,DG004,model.10.m.0.ffn.0.conv,model.10.m.0.ffn.0.bn,BatchNorm2d,prune_out_channels,True,1,1,,
260,3,DG004,model.10.m.0.ffn.0.conv,<unresolved>,_ElementWiseOp,prune_out_channels,True,1,1,,
260,4,DG004,model.10.m.0.ffn.0.conv,model.10.m.0.ffn.1.conv,Conv2d,prune_in_channels,False,1,1,,
261,1,DG028,model.4.cv2.conv,model.4.cv2.conv,Conv2d,prune_out_channels,True,1,39,66,65
261,2,DG028,model.4.cv2.conv,model.4.cv2.bn,BatchNorm2d,prune_out_channels,True,1,39,,
261,3,DG028,model.4.cv2.conv,<unresolved>,_ElementWiseOp,prune_out_channels,True,1,39,,
261,4,DG028,model.4.cv2.conv,model.5.conv,Conv2d,prune_in_channels,False,1,39,,
261,5,DG028,model.4.cv2.conv,<unresolved>,_ConcatOp,prune_out_channels,True,1,167,,
261,6,DG028,model.4.cv2.conv,model.16.cv1.conv,Conv2d,prune_in_channels,False,1,167,,
262,1,DG028,model.4.cv2.conv,model.4.cv2.conv,Conv2d,prune_out_channels,True,1,8,65,64
262,2,DG028,model.4.cv2.conv,model.4.cv2.bn,BatchNorm2d,prune_out_channels,True,1,8,,
262,3,DG028,model.4.cv2.conv,<unresolved>,_ElementWiseOp,prune_out_channels,True,1,8,,
262,4,DG028,model.4.cv2.conv,model.5.conv,Conv2d,prune_in_channels,False,1,8,,
262,5,DG028,model.4.cv2.conv,<unresolved>,_ConcatOp,prune_out_channels,True,1,136,,
262,6,DG028,model.4.cv2.conv,model.16.cv1.conv,Conv2d,prune_in_channels,False,1,136,,
263,1,DG038,model.8.m.0.cv1.conv,model.8.m.0.cv1.conv,Conv2d,prune_out_channels,True,1,24,60,59
263,2,DG038,model.8.m.0.cv1.conv,model.8.m.0.cv1.bn,BatchNorm2d,prune_out_channels,True,1,24,,
263,3,DG038,model.8.m.0.cv1.conv,<unresolved>,_ElementWiseOp,prune_out_channels,True,1,24,,
263,4,DG038,model.8.m.0.cv1.conv,<unresolved>,_ElementWiseOp,prune_out_channels,True,1,24,,
263,5,DG038,model.8.m.0.cv1.conv,model.8.m.0.m.0.cv1.conv,Conv2d,prune_in_channels,False,1,24,,
263,6,DG038,model.8.m.0.cv1.conv,<unresolved>,_ElementWiseOp,prune_out_channels,True,1,24,,
263,7,DG038,model.8.m.0.cv1.conv,<unresolved>,_ElementWiseOp,prune_out_channels,True,1,24,,
263,8,DG038,model.8.m.0.cv1.conv,model.8.m.0.m.1.cv1.conv,Conv2d,prune_in_channels,False,1,24,,
263,9,DG038,model.8.m.0.cv1.conv,<unresolved>,_ElementWiseOp,prune_out_channels,True,1,24,,
263,10,DG038,model.8.m.0.cv1.conv,<unresolved>,_ConcatOp,prune_out_channels,True,1,24,,
263,11,DG038,model.8.m.0.cv1.conv,model.8.m.0.cv3.conv,Conv2d,prune_in_channels,False,1,24,,
263,12,DG038,model.8.m.0.cv1.conv,model.8.m.0.m.1.cv2.bn,BatchNorm2d,prune_out_channels,True,1,24,,
263,13,DG038,model.8.m.0.cv1.conv,model.8.m.0.m.1.cv2.conv,Conv2d,prune_out_channels,True,1,24,60,59
263,14,DG038,model.8.m.0.cv1.conv,model.8.m.0.m.0.cv2.bn,BatchNorm2d,prune_out_channels,True,1,24,,
263,15,DG038,model.8.m.0.cv1.conv,model.8.m.0.m.0.cv2.conv,Conv2d,prune_out_channels,True,1,24,60,59
264,1,DG026,model.22.m.0.1.ffn.0.conv,model.22.m.0.1.ffn.0.conv,Conv2d,prune_out_channels,True,1,242,252,251
264,2,DG026,model.22.m.0.1.ffn.0.conv,model.22.m.0.1.ffn.0.bn,BatchNorm2d,prune_out_channels,True,1,242,,
264,3,DG026,model.22.m.0.1.ffn.0.conv,<unresolved>,_ElementWiseOp,prune_out_channels,True,1,242,,
264,4,DG026,model.22.m.0.1.ffn.0.conv,model.22.m.0.1.ffn.1.conv,Conv2d,prune_in_channels,False,1,242,,
265,1,DG026,model.22.m.0.1.ffn.0.conv,model.22.m.0.1.ffn.0.conv,Conv2d,prune_out_channels,True,1,172,251,250
265,2,DG026,model.22.m.0.1.ffn.0.conv,model.22.m.0.1.ffn.0.bn,BatchNorm2d,prune_out_channels,True,1,172,,
265,3,DG026,model.22.m.0.1.ffn.0.conv,<unresolved>,_ElementWiseOp,prune_out_channels,True,1,172,,
265,4,DG026,model.22.m.0.1.ffn.0.conv,model.22.m.0.1.ffn.1.conv,Conv2d,prune_in_channels,False,1,172,,
266,1,DG026,model.22.m.0.1.ffn.0.conv,model.22.m.0.1.ffn.0.conv,Conv2d,prune_out_channels,True,1,93,250,249
266,2,DG026,model.22.m.0.1.ffn.0.conv,model.22.m.0.1.ffn.0.bn,BatchNorm2d,prune_out_channels,True,1,93,,
266,3,DG026,model.22.m.0.1.ffn.0.conv,<unresolved>,_ElementWiseOp,prune_out_channels,True,1,93,,
266,4,DG026,model.22.m.0.1.ffn.0.conv,model.22.m.0.1.ffn.1.conv,Conv2d,prune_in_channels,False,1,93,,
267,1,DG019,model.19.m.0.m.0.cv1.conv,model.19.m.0.m.0.cv1.conv,Conv2d,prune_out_channels,True,1,24,29,28
267,2,DG019,model.19.m.0.m.0.cv1.conv,model.19.m.0.m.0.cv1.bn,BatchNorm2d,prune_out_channels,True,1,24,,
267,3,DG019,model.19.m.0.m.0.cv1.conv,<unresolved>,_ElementWiseOp,prune_out_channels,True,1,24,,
267,4,DG019,model.19.m.0.m.0.cv1.conv,model.19.m.0.m.0.cv2.conv,Conv2d,prune_in_channels,False,1,24,,
268,1,DG026,model.22.m.0.1.ffn.0.conv,model.22.m.0.1.ffn.0.conv,Conv2d,prune_out_channels,True,1,197,249,248
268,2,DG026,model.22.m.0.1.ffn.0.conv,model.22.m.0.1.ffn.0.bn,BatchNorm2d,prune_out_channels,True,1,197,,
268,3,DG026,model.22.m.0.1.ffn.0.conv,<unresolved>,_ElementWiseOp,prune_out_channels,True,1,197,,
268,4,DG026,model.22.m.0.1.ffn.0.conv,model.22.m.0.1.ffn.1.conv,Conv2d,prune_in_channels,False,1,197,,
269,1,DG020,model.19.m.0.m.1.cv1.conv,model.19.m.0.m.1.cv1.conv,Conv2d,prune_out_channels,True,1,29,30,29
269,2,DG020,model.19.m.0.m.1.cv1.conv,model.19.m.0.m.1.cv1.bn,BatchNorm2d,prune_out_channels,True,1,29,,
269,3,DG020,model.19.m.0.m.1.cv1.conv,<unresolved>,_ElementWiseOp,prune_out_channels,True,1,29,,
269,4,DG020,model.19.m.0.m.1.cv1.conv,model.19.m.0.m.1.cv2.conv,Conv2d,prune_in_channels,False,1,29,,
270,1,DG026,model.22.m.0.1.ffn.0.conv,model.22.m.0.1.ffn.0.conv,Conv2d,prune_out_channels,True,1,211,248,247
270,2,DG026,model.22.m.0.1.ffn.0.conv,model.22.m.0.1.ffn.0.bn,BatchNorm2d,prune_out_channels,True,1,211,,
270,3,DG026,model.22.m.0.1.ffn.0.conv,<unresolved>,_ElementWiseOp,prune_out_channels,True,1,211,,
270,4,DG026,model.22.m.0.1.ffn.0.conv,model.22.m.0.1.ffn.1.conv,Conv2d,prune_in_channels,False,1,211,,
271,1,DG026,model.22.m.0.1.ffn.0.conv,model.22.m.0.1.ffn.0.conv,Conv2d,prune_out_channels,True,1,118,247,246
271,2,DG026,model.22.m.0.1.ffn.0.conv,model.22.m.0.1.ffn.0.bn,BatchNorm2d,prune_out_channels,True,1,118,,
271,3,DG026,model.22.m.0.1.ffn.0.conv,<unresolved>,_ElementWiseOp,prune_out_channels,True,1,118,,
271,4,DG026,model.22.m.0.1.ffn.0.conv,model.22.m.0.1.ffn.1.conv,Conv2d,prune_in_channels,False,1,118,,
272,1,DG026,model.22.m.0.1.ffn.0.conv,model.22.m.0.1.ffn.0.conv,Conv2d,prune_out_channels,True,1,242,246,245
272,2,DG026,model.22.m.0.1.ffn.0.conv,model.22.m.0.1.ffn.0.bn,BatchNorm2d,prune_out_channels,True,1,242,,
272,3,DG026,model.22.m.0.1.ffn.0.conv,<unresolved>,_ElementWiseOp,prune_out_channels,True,1,242,,
272,4,DG026,model.22.m.0.1.ffn.0.conv,model.22.m.0.1.ffn.1.conv,Conv2d,prune_in_channels,False,1,242,,
273,1,DG019,model.19.m.0.m.0.cv1.conv,model.19.m.0.m.0.cv1.conv,Conv2d,prune_out_channels,True,1,1,28,27
273,2,DG019,model.19.m.0.m.0.cv1.conv,model.19.m.0.m.0.cv1.bn,BatchNorm2d,prune_out_channels,True,1,1,,
273,3,DG019,model.19.m.0.m.0.cv1.conv,<unresolved>,_ElementWiseOp,prune_out_channels,True,1,1,,
273,4,DG019,model.19.m.0.m.0.cv1.conv,model.19.m.0.m.0.cv2.conv,Conv2d,prune_in_channels,False,1,1,,
274,1,DG020,model.19.m.0.m.1.cv1.conv,model.19.m.0.m.1.cv1.conv,Conv2d,prune_out_channels,True,1,8,29,28
274,2,DG020,model.19.m.0.m.1.cv1.conv,model.19.m.0.m.1.cv1.bn,BatchNorm2d,prune_out_channels,True,1,8,,
274,3,DG020,model.19.m.0.m.1.cv1.conv,<unresolved>,_ElementWiseOp,prune_out_channels,True,1,8,,
274,4,DG020,model.19.m.0.m.1.cv1.conv,model.19.m.0.m.1.cv2.conv,Conv2d,prune_in_channels,False,1,8,,
275,1,DG020,model.19.m.0.m.1.cv1.conv,model.19.m.0.m.1.cv1.conv,Conv2d,prune_out_channels,True,1,9,28,27
275,2,DG020,model.19.m.0.m.1.cv1.conv,model.19.m.0.m.1.cv1.bn,BatchNorm2d,prune_out_channels,True,1,9,,
275,3,DG020,model.19.m.0.m.1.cv1.conv,<unresolved>,_ElementWiseOp,prune_out_channels,True,1,9,,
275,4,DG020,model.19.m.0.m.1.cv1.conv,model.19.m.0.m.1.cv2.conv,Conv2d,prune_in_channels,False,1,9,,
276,1,DG034,model.6.m.0.m.0.cv1.conv,model.6.m.0.m.0.cv1.conv,Conv2d,prune_out_channels,True,1,31,32,31
276,2,DG034,model.6.m.0.m.0.cv1.conv,model.6.m.0.m.0.cv1.bn,BatchNorm2d,prune_out_channels,True,1,31,,
276,3,DG034,model.6.m.0.m.0.cv1.conv,<unresolved>,_ElementWiseOp,prune_out_channels,True,1,31,,
276,4,DG034,model.6.m.0.m.0.cv1.conv,model.6.m.0.m.0.cv2.conv,Conv2d,prune_in_channels,False,1,31,,
277,1,DG020,model.19.m.0.m.1.cv1.conv,model.19.m.0.m.1.cv1.conv,Conv2d,prune_out_channels,True,1,3,27,26
277,2,DG020,model.19.m.0.m.1.cv1.conv,model.19.m.0.m.1.cv1.bn,BatchNorm2d,prune_out_channels,True,1,3,,
277,3,DG020,model.19.m.0.m.1.cv1.conv,<unresolved>,_ElementWiseOp,prune_out_channels,True,1,3,,
277,4,DG020,model.19.m.0.m.1.cv1.conv,model.19.m.0.m.1.cv2.conv,Conv2d,prune_in_channels,False,1,3,,
278,1,DG039,model.8.m.0.cv2.conv,model.8.m.0.cv2.conv,Conv2d,prune_out_channels,True,1,37,64,63
278,2,DG039,model.8.m.0.cv2.conv,model.8.m.0.cv2.bn,BatchNorm2d,prune_out_channels,True,1,37,,
278,3,DG039,model.8.m.0.cv2.conv,<unresolved>,_ElementWiseOp,prune_out_channels,True,1,37,,
278,4,DG039,model.8.m.0.cv2.conv,<unresolved>,_ConcatOp,prune_out_channels,True,1,96,,
278,5,DG039,model.8.m.0.cv2.conv,model.8.m.0.cv3.conv,Conv2d,prune_in_channels,False,1,96,,
279,1,DG026,model.22.m.0.1.ffn.0.conv,model.22.m.0.1.ffn.0.conv,Conv2d,prune_out_channels,True,1,48,245,244
279,2,DG026,model.22.m.0.1.ffn.0.conv,model.22.m.0.1.ffn.0.bn,BatchNorm2d,prune_out_channels,True,1,48,,
279,3,DG026,model.22.m.0.1.ffn.0.conv,<unresolved>,_ElementWiseOp,prune_out_channels,True,1,48,,
279,4,DG026,model.22.m.0.1.ffn.0.conv,model.22.m.0.1.ffn.1.conv,Conv2d,prune_in_channels,False,1,48,,
280,1,DG026,model.22.m.0.1.ffn.0.conv,model.22.m.0.1.ffn.0.conv,Conv2d,prune_out_channels,True,1,56,244,243
280,2,DG026,model.22.m.0.1.ffn.0.conv,model.22.m.0.1.ffn.0.bn,BatchNorm2d,prune_out_channels,True,1,56,,
280,3,DG026,model.22.m.0.1.ffn.0.conv,<unresolved>,_ElementWiseOp,prune_out_channels,True,1,56,,
280,4,DG026,model.22.m.0.1.ffn.0.conv,model.22.m.0.1.ffn.1.conv,Conv2d,prune_in_channels,False,1,56,,
281,1,DG026,model.22.m.0.1.ffn.0.conv,model.22.m.0.1.ffn.0.conv,Conv2d,prune_out_channels,True,1,173,243,242
281,2,DG026,model.22.m.0.1.ffn.0.conv,model.22.m.0.1.ffn.0.bn,BatchNorm2d,prune_out_channels,True,1,173,,
281,3,DG026,model.22.m.0.1.ffn.0.conv,<unresolved>,_ElementWiseOp,prune_out_channels,True,1,173,,
281,4,DG026,model.22.m.0.1.ffn.0.conv,model.22.m.0.1.ffn.1.conv,Conv2d,prune_in_channels,False,1,173,,
282,1,DG038,model.8.m.0.cv1.conv,model.8.m.0.cv1.conv,Conv2d,prune_out_channels,True,1,44,59,58
282,2,DG038,model.8.m.0.cv1.conv,model.8.m.0.cv1.bn,BatchNorm2d,prune_out_channels,True,1,44,,
282,3,DG038,model.8.m.0.cv1.conv,<unresolved>,_ElementWiseOp,prune_out_channels,True,1,44,,
282,4,DG038,model.8.m.0.cv1.conv,<unresolved>,_ElementWiseOp,prune_out_channels,True,1,44,,
282,5,DG038,model.8.m.0.cv1.conv,model.8.m.0.m.0.cv1.conv,Conv2d,prune_in_channels,False,1,44,,
282,6,DG038,model.8.m.0.cv1.conv,<unresolved>,_ElementWiseOp,prune_out_channels,True,1,44,,
282,7,DG038,model.8.m.0.cv1.conv,<unresolved>,_ElementWiseOp,prune_out_channels,True,1,44,,
282,8,DG038,model.8.m.0.cv1.conv,model.8.m.0.m.1.cv1.conv,Conv2d,prune_in_channels,False,1,44,,
282,9,DG038,model.8.m.0.cv1.conv,<unresolved>,_ElementWiseOp,prune_out_channels,True,1,44,,
282,10,DG038,model.8.m.0.cv1.conv,<unresolved>,_ConcatOp,prune_out_channels,True,1,44,,
282,11,DG038,model.8.m.0.cv1.conv,model.8.m.0.cv3.conv,Conv2d,prune_in_channels,False,1,44,,
282,12,DG038,model.8.m.0.cv1.conv,model.8.m.0.m.1.cv2.bn,BatchNorm2d,prune_out_channels,True,1,44,,
282,13,DG038,model.8.m.0.cv1.conv,model.8.m.0.m.1.cv2.conv,Conv2d,prune_out_channels,True,1,44,59,58
282,14,DG038,model.8.m.0.cv1.conv,model.8.m.0.m.0.cv2.bn,BatchNorm2d,prune_out_channels,True,1,44,,
282,15,DG038,model.8.m.0.cv1.conv,model.8.m.0.m.0.cv2.conv,Conv2d,prune_out_channels,True,1,44,59,58
283,1,DG026,model.22.m.0.1.ffn.0.conv,model.22.m.0.1.ffn.0.conv,Conv2d,prune_out_channels,True,1,230,242,241
283,2,DG026,model.22.m.0.1.ffn.0.conv,model.22.m.0.1.ffn.0.bn,BatchNorm2d,prune_out_channels,True,1,230,,
283,3,DG026,model.22.m.0.1.ffn.0.conv,<unresolved>,_ElementWiseOp,prune_out_channels,True,1,230,,
283,4,DG026,model.22.m.0.1.ffn.0.conv,model.22.m.0.1.ffn.1.conv,Conv2d,prune_in_channels,False,1,230,,
284,1,DG026,model.22.m.0.1.ffn.0.conv,model.22.m.0.1.ffn.0.conv,Conv2d,prune_out_channels,True,1,56,241,240
284,2,DG026,model.22.m.0.1.ffn.0.conv,model.22.m.0.1.ffn.0.bn,BatchNorm2d,prune_out_channels,True,1,56,,
284,3,DG026,model.22.m.0.1.ffn.0.conv,<unresolved>,_ElementWiseOp,prune_out_channels,True,1,56,,
284,4,DG026,model.22.m.0.1.ffn.0.conv,model.22.m.0.1.ffn.1.conv,Conv2d,prune_in_channels,False,1,56,,
285,1,DG026,model.22.m.0.1.ffn.0.conv,model.22.m.0.1.ffn.0.conv,Conv2d,prune_out_channels,True,1,89,240,239
285,2,DG026,model.22.m.0.1.ffn.0.conv,model.22.m.0.1.ffn.0.bn,BatchNorm2d,prune_out_channels,True,1,89,,
285,3,DG026,model.22.m.0.1.ffn.0.conv,<unresolved>,_ElementWiseOp,prune_out_channels,True,1,89,,
285,4,DG026,model.22.m.0.1.ffn.0.conv,model.22.m.0.1.ffn.1.conv,Conv2d,prune_in_channels,False,1,89,,
286,1,DG034,model.6.m.0.m.0.cv1.conv,model.6.m.0.m.0.cv1.conv,Conv2d,prune_out_channels,True,1,2,31,30
286,2,DG034,model.6.m.0.m.0.cv1.conv,model.6.m.0.m.0.cv1.bn,BatchNorm2d,prune_out_channels,True,1,2,,
286,3,DG034,model.6.m.0.m.0.cv1.conv,<unresolved>,_ElementWiseOp,prune_out_channels,True,1,2,,
286,4,DG034,model.6.m.0.m.0.cv1.conv,model.6.m.0.m.0.cv2.conv,Conv2d,prune_in_channels,False,1,2,,
287,1,DG026,model.22.m.0.1.ffn.0.conv,model.22.m.0.1.ffn.0.conv,Conv2d,prune_out_channels,True,1,73,239,238
287,2,DG026,model.22.m.0.1.ffn.0.conv,model.22.m.0.1.ffn.0.bn,BatchNorm2d,prune_out_channels,True,1,73,,
287,3,DG026,model.22.m.0.1.ffn.0.conv,<unresolved>,_ElementWiseOp,prune_out_channels,True,1,73,,
287,4,DG026,model.22.m.0.1.ffn.0.conv,model.22.m.0.1.ffn.1.conv,Conv2d,prune_in_channels,False,1,73,,
288,1,DG020,model.19.m.0.m.1.cv1.conv,model.19.m.0.m.1.cv1.conv,Conv2d,prune_out_channels,True,1,9,26,25
288,2,DG020,model.19.m.0.m.1.cv1.conv,model.19.m.0.m.1.cv1.bn,BatchNorm2d,prune_out_channels,True,1,9,,
288,3,DG020,model.19.m.0.m.1.cv1.conv,<unresolved>,_ElementWiseOp,prune_out_channels,True,1,9,,
288,4,DG020,model.19.m.0.m.1.cv1.conv,model.19.m.0.m.1.cv2.conv,Conv2d,prune_in_channels,False,1,9,,
289,1,DG026,model.22.m.0.1.ffn.0.conv,model.22.m.0.1.ffn.0.conv,Conv2d,prune_out_channels,True,1,209,238,237
289,2,DG026,model.22.m.0.1.ffn.0.conv,model.22.m.0.1.ffn.0.bn,BatchNorm2d,prune_out_channels,True,1,209,,
289,3,DG026,model.22.m.0.1.ffn.0.conv,<unresolved>,_ElementWiseOp,prune_out_channels,True,1,209,,
289,4,DG026,model.22.m.0.1.ffn.0.conv,model.22.m.0.1.ffn.1.conv,Conv2d,prune_in_channels,False,1,209,,
290,1,DG020,model.19.m.0.m.1.cv1.conv,model.19.m.0.m.1.cv1.conv,Conv2d,prune_out_channels,True,1,9,25,24
290,2,DG020,model.19.m.0.m.1.cv1.conv,model.19.m.0.m.1.cv1.bn,BatchNorm2d,prune_out_channels,True,1,9,,
290,3,DG020,model.19.m.0.m.1.cv1.conv,<unresolved>,_ElementWiseOp,prune_out_channels,True,1,9,,
290,4,DG020,model.19.m.0.m.1.cv1.conv,model.19.m.0.m.1.cv2.conv,Conv2d,prune_in_channels,False,1,9,,
291,1,DG026,model.22.m.0.1.ffn.0.conv,model.22.m.0.1.ffn.0.conv,Conv2d,prune_out_channels,True,1,191,237,236
291,2,DG026,model.22.m.0.1.ffn.0.conv,model.22.m.0.1.ffn.0.bn,BatchNorm2d,prune_out_channels,True,1,191,,
291,3,DG026,model.22.m.0.1.ffn.0.conv,<unresolved>,_ElementWiseOp,prune_out_channels,True,1,191,,
291,4,DG026,model.22.m.0.1.ffn.0.conv,model.22.m.0.1.ffn.1.conv,Conv2d,prune_in_channels,False,1,191,,
292,1,DG020,model.19.m.0.m.1.cv1.conv,model.19.m.0.m.1.cv1.conv,Conv2d,prune_out_channels,True,1,18,24,23
292,2,DG020,model.19.m.0.m.1.cv1.conv,model.19.m.0.m.1.cv1.bn,BatchNorm2d,prune_out_channels,True,1,18,,
292,3,DG020,model.19.m.0.m.1.cv1.conv,<unresolved>,_ElementWiseOp,prune_out_channels,True,1,18,,
292,4,DG020,model.19.m.0.m.1.cv1.conv,model.19.m.0.m.1.cv2.conv,Conv2d,prune_in_channels,False,1,18,,
293,1,DG026,model.22.m.0.1.ffn.0.conv,model.22.m.0.1.ffn.0.conv,Conv2d,prune_out_channels,True,1,40,236,235
293,2,DG026,model.22.m.0.1.ffn.0.conv,model.22.m.0.1.ffn.0.bn,BatchNorm2d,prune_out_channels,True,1,40,,
293,3,DG026,model.22.m.0.1.ffn.0.conv,<unresolved>,_ElementWiseOp,prune_out_channels,True,1,40,,
293,4,DG026,model.22.m.0.1.ffn.0.conv,model.22.m.0.1.ffn.1.conv,Conv2d,prune_in_channels,False,1,40,,
294,1,DG026,model.22.m.0.1.ffn.0.conv,model.22.m.0.1.ffn.0.conv,Conv2d,prune_out_channels,True,1,104,235,234
294,2,DG026,model.22.m.0.1.ffn.0.conv,model.22.m.0.1.ffn.0.bn,BatchNorm2d,prune_out_channels,True,1,104,,
294,3,DG026,model.22.m.0.1.ffn.0.conv,<unresolved>,_ElementWiseOp,prune_out_channels,True,1,104,,
294,4,DG026,model.22.m.0.1.ffn.0.conv,model.22.m.0.1.ffn.1.conv,Conv2d,prune_in_channels,False,1,104,,
295,1,DG038,model.8.m.0.cv1.conv,model.8.m.0.cv1.conv,Conv2d,prune_out_channels,True,1,10,58,57
295,2,DG038,model.8.m.0.cv1.conv,model.8.m.0.cv1.bn,BatchNorm2d,prune_out_channels,True,1,10,,
295,3,DG038,model.8.m.0.cv1.conv,<unresolved>,_ElementWiseOp,prune_out_channels,True,1,10,,
295,4,DG038,model.8.m.0.cv1.conv,<unresolved>,_ElementWiseOp,prune_out_channels,True,1,10,,
295,5,DG038,model.8.m.0.cv1.conv,model.8.m.0.m.0.cv1.conv,Conv2d,prune_in_channels,False,1,10,,
295,6,DG038,model.8.m.0.cv1.conv,<unresolved>,_ElementWiseOp,prune_out_channels,True,1,10,,
295,7,DG038,model.8.m.0.cv1.conv,<unresolved>,_ElementWiseOp,prune_out_channels,True,1,10,,
295,8,DG038,model.8.m.0.cv1.conv,model.8.m.0.m.1.cv1.conv,Conv2d,prune_in_channels,False,1,10,,
295,9,DG038,model.8.m.0.cv1.conv,<unresolved>,_ElementWiseOp,prune_out_channels,True,1,10,,
295,10,DG038,model.8.m.0.cv1.conv,<unresolved>,_ConcatOp,prune_out_channels,True,1,10,,
295,11,DG038,model.8.m.0.cv1.conv,model.8.m.0.cv3.conv,Conv2d,prune_in_channels,False,1,10,,
295,12,DG038,model.8.m.0.cv1.conv,model.8.m.0.m.1.cv2.bn,BatchNorm2d,prune_out_channels,True,1,10,,
295,13,DG038,model.8.m.0.cv1.conv,model.8.m.0.m.1.cv2.conv,Conv2d,prune_out_channels,True,1,10,58,57
295,14,DG038,model.8.m.0.cv1.conv,model.8.m.0.m.0.cv2.bn,BatchNorm2d,prune_out_channels,True,1,10,,
295,15,DG038,model.8.m.0.cv1.conv,model.8.m.0.m.0.cv2.conv,Conv2d,prune_out_channels,True,1,10,58,57
296,1,DG035,model.6.m.0.m.1.cv1.conv,model.6.m.0.m.1.cv1.conv,Conv2d,prune_out_channels,True,1,18,32,31
296,2,DG035,model.6.m.0.m.1.cv1.conv,model.6.m.0.m.1.cv1.bn,BatchNorm2d,prune_out_channels,True,1,18,,
296,3,DG035,model.6.m.0.m.1.cv1.conv,<unresolved>,_ElementWiseOp,prune_out_channels,True,1,18,,
296,4,DG035,model.6.m.0.m.1.cv1.conv,model.6.m.0.m.1.cv2.conv,Conv2d,prune_in_channels,False,1,18,,
297,1,DG026,model.22.m.0.1.ffn.0.conv,model.22.m.0.1.ffn.0.conv,Conv2d,prune_out_channels,True,1,121,234,233
297,2,DG026,model.22.m.0.1.ffn.0.conv,model.22.m.0.1.ffn.0.bn,BatchNorm2d,prune_out_channels,True,1,121,,
297,3,DG026,model.22.m.0.1.ffn.0.conv,<unresolved>,_ElementWiseOp,prune_out_channels,True,1,121,,
297,4,DG026,model.22.m.0.1.ffn.0.conv,model.22.m.0.1.ffn.1.conv,Conv2d,prune_in_channels,False,1,121,,
298,1,DG026,model.22.m.0.1.ffn.0.conv,model.22.m.0.1.ffn.0.conv,Conv2d,prune_out_channels,True,1,106,233,232
298,2,DG026,model.22.m.0.1.ffn.0.conv,model.22.m.0.1.ffn.0.bn,BatchNorm2d,prune_out_channels,True,1,106,,
298,3,DG026,model.22.m.0.1.ffn.0.conv,<unresolved>,_ElementWiseOp,prune_out_channels,True,1,106,,
298,4,DG026,model.22.m.0.1.ffn.0.conv,model.22.m.0.1.ffn.1.conv,Conv2d,prune_in_channels,False,1,106,,
299,1,DG026,model.22.m.0.1.ffn.0.conv,model.22.m.0.1.ffn.0.conv,Conv2d,prune_out_channels,True,1,106,232,231
299,2,DG026,model.22.m.0.1.ffn.0.conv,model.22.m.0.1.ffn.0.bn,BatchNorm2d,prune_out_channels,True,1,106,,
299,3,DG026,model.22.m.0.1.ffn.0.conv,<unresolved>,_ElementWiseOp,prune_out_channels,True,1,106,,
299,4,DG026,model.22.m.0.1.ffn.0.conv,model.22.m.0.1.ffn.1.conv,Conv2d,prune_in_channels,False,1,106,,
300,1,DG019,model.19.m.0.m.0.cv1.conv,model.19.m.0.m.0.cv1.conv,Conv2d,prune_out_channels,True,1,2,27,26
300,2,DG019,model.19.m.0.m.0.cv1.conv,model.19.m.0.m.0.cv1.bn,BatchNorm2d,prune_out_channels,True,1,2,,
300,3,DG019,model.19.m.0.m.0.cv1.conv,<unresolved>,_ElementWiseOp,prune_out_channels,True,1,2,,
300,4,DG019,model.19.m.0.m.0.cv1.conv,model.19.m.0.m.0.cv2.conv,Conv2d,prune_in_channels,False,1,2,,
301,1,DG020,model.19.m.0.m.1.cv1.conv,model.19.m.0.m.1.cv1.conv,Conv2d,prune_out_channels,True,1,1,23,22
301,2,DG020,model.19.m.0.m.1.cv1.conv,model.19.m.0.m.1.cv1.bn,BatchNorm2d,prune_out_channels,True,1,1,,
301,3,DG020,model.19.m.0.m.1.cv1.conv,<unresolved>,_ElementWiseOp,prune_out_channels,True,1,1,,
301,4,DG020,model.19.m.0.m.1.cv1.conv,model.19.m.0.m.1.cv2.conv,Conv2d,prune_in_channels,False,1,1,,
302,1,DG026,model.22.m.0.1.ffn.0.conv,model.22.m.0.1.ffn.0.conv,Conv2d,prune_out_channels,True,1,230,231,230
302,2,DG026,model.22.m.0.1.ffn.0.conv,model.22.m.0.1.ffn.0.bn,BatchNorm2d,prune_out_channels,True,1,230,,
302,3,DG026,model.22.m.0.1.ffn.0.conv,<unresolved>,_ElementWiseOp,prune_out_channels,True,1,230,,
302,4,DG026,model.22.m.0.1.ffn.0.conv,model.22.m.0.1.ffn.1.conv,Conv2d,prune_in_channels,False,1,230,,
303,1,DG026,model.22.m.0.1.ffn.0.conv,model.22.m.0.1.ffn.0.conv,Conv2d,prune_out_channels,True,1,122,230,229
303,2,DG026,model.22.m.0.1.ffn.0.conv,model.22.m.0.1.ffn.0.bn,BatchNorm2d,prune_out_channels,True,1,122,,
303,3,DG026,model.22.m.0.1.ffn.0.conv,<unresolved>,_ElementWiseOp,prune_out_channels,True,1,122,,
303,4,DG026,model.22.m.0.1.ffn.0.conv,model.22.m.0.1.ffn.1.conv,Conv2d,prune_in_channels,False,1,122,,
304,1,DG026,model.22.m.0.1.ffn.0.conv,model.22.m.0.1.ffn.0.conv,Conv2d,prune_out_channels,True,1,99,229,228
304,2,DG026,model.22.m.0.1.ffn.0.conv,model.22.m.0.1.ffn.0.bn,BatchNorm2d,prune_out_channels,True,1,99,,
304,3,DG026,model.22.m.0.1.ffn.0.conv,<unresolved>,_ElementWiseOp,prune_out_channels,True,1,99,,
304,4,DG026,model.22.m.0.1.ffn.0.conv,model.22.m.0.1.ffn.1.conv,Conv2d,prune_in_channels,False,1,99,,
305,1,DG026,model.22.m.0.1.ffn.0.conv,model.22.m.0.1.ffn.0.conv,Conv2d,prune_out_channels,True,1,153,228,227
305,2,DG026,model.22.m.0.1.ffn.0.conv,model.22.m.0.1.ffn.0.bn,BatchNorm2d,prune_out_channels,True,1,153,,
305,3,DG026,model.22.m.0.1.ffn.0.conv,<unresolved>,_ElementWiseOp,prune_out_channels,True,1,153,,
305,4,DG026,model.22.m.0.1.ffn.0.conv,model.22.m.0.1.ffn.1.conv,Conv2d,prune_in_channels,False,1,153,,
306,1,DG026,model.22.m.0.1.ffn.0.conv,model.22.m.0.1.ffn.0.conv,Conv2d,prune_out_channels,True,1,2,227,226
306,2,DG026,model.22.m.0.1.ffn.0.conv,model.22.m.0.1.ffn.0.bn,BatchNorm2d,prune_out_channels,True,1,2,,
306,3,DG026,model.22.m.0.1.ffn.0.conv,<unresolved>,_ElementWiseOp,prune_out_channels,True,1,2,,
306,4,DG026,model.22.m.0.1.ffn.0.conv,model.22.m.0.1.ffn.1.conv,Conv2d,prune_in_channels,False,1,2,,
307,1,DG026,model.22.m.0.1.ffn.0.conv,model.22.m.0.1.ffn.0.conv,Conv2d,prune_out_channels,True,1,168,226,225
307,2,DG026,model.22.m.0.1.ffn.0.conv,model.22.m.0.1.ffn.0.bn,BatchNorm2d,prune_out_channels,True,1,168,,
307,3,DG026,model.22.m.0.1.ffn.0.conv,<unresolved>,_ElementWiseOp,prune_out_channels,True,1,168,,
307,4,DG026,model.22.m.0.1.ffn.0.conv,model.22.m.0.1.ffn.1.conv,Conv2d,prune_in_channels,False,1,168,,
308,1,DG026,model.22.m.0.1.ffn.0.conv,model.22.m.0.1.ffn.0.conv,Conv2d,prune_out_channels,True,1,194,225,224
308,2,DG026,model.22.m.0.1.ffn.0.conv,model.22.m.0.1.ffn.0.bn,BatchNorm2d,prune_out_channels,True,1,194,,
308,3,DG026,model.22.m.0.1.ffn.0.conv,<unresolved>,_ElementWiseOp,prune_out_channels,True,1,194,,
308,4,DG026,model.22.m.0.1.ffn.0.conv,model.22.m.0.1.ffn.1.conv,Conv2d,prune_in_channels,False,1,194,,
309,1,DG026,model.22.m.0.1.ffn.0.conv,model.22.m.0.1.ffn.0.conv,Conv2d,prune_out_channels,True,1,22,224,223
309,2,DG026,model.22.m.0.1.ffn.0.conv,model.22.m.0.1.ffn.0.bn,BatchNorm2d,prune_out_channels,True,1,22,,
309,3,DG026,model.22.m.0.1.ffn.0.conv,<unresolved>,_ElementWiseOp,prune_out_channels,True,1,22,,
309,4,DG026,model.22.m.0.1.ffn.0.conv,model.22.m.0.1.ffn.1.conv,Conv2d,prune_in_channels,False,1,22,,
310,1,DG019,model.19.m.0.m.0.cv1.conv,model.19.m.0.m.0.cv1.conv,Conv2d,prune_out_channels,True,1,1,26,25
310,2,DG019,model.19.m.0.m.0.cv1.conv,model.19.m.0.m.0.cv1.bn,BatchNorm2d,prune_out_channels,True,1,1,,
310,3,DG019,model.19.m.0.m.0.cv1.conv,<unresolved>,_ElementWiseOp,prune_out_channels,True,1,1,,
310,4,DG019,model.19.m.0.m.0.cv1.conv,model.19.m.0.m.0.cv2.conv,Conv2d,prune_in_channels,False,1,1,,
311,1,DG026,model.22.m.0.1.ffn.0.conv,model.22.m.0.1.ffn.0.conv,Conv2d,prune_out_channels,True,1,207,223,222
311,2,DG026,model.22.m.0.1.ffn.0.conv,model.22.m.0.1.ffn.0.bn,BatchNorm2d,prune_out_channels,True,1,207,,
311,3,DG026,model.22.m.0.1.ffn.0.conv,<unresolved>,_ElementWiseOp,prune_out_channels,True,1,207,,
311,4,DG026,model.22.m.0.1.ffn.0.conv,model.22.m.0.1.ffn.1.conv,Conv2d,prune_in_channels,False,1,207,,
312,1,DG020,model.19.m.0.m.1.cv1.conv,model.19.m.0.m.1.cv1.conv,Conv2d,prune_out_channels,True,1,9,22,21
312,2,DG020,model.19.m.0.m.1.cv1.conv,model.19.m.0.m.1.cv1.bn,BatchNorm2d,prune_out_channels,True,1,9,,
312,3,DG020,model.19.m.0.m.1.cv1.conv,<unresolved>,_ElementWiseOp,prune_out_channels,True,1,9,,
312,4,DG020,model.19.m.0.m.1.cv1.conv,model.19.m.0.m.1.cv2.conv,Conv2d,prune_in_channels,False,1,9,,
313,1,DG026,model.22.m.0.1.ffn.0.conv,model.22.m.0.1.ffn.0.conv,Conv2d,prune_out_channels,True,1,9,222,221
313,2,DG026,model.22.m.0.1.ffn.0.conv,model.22.m.0.1.ffn.0.bn,BatchNorm2d,prune_out_channels,True,1,9,,
313,3,DG026,model.22.m.0.1.ffn.0.conv,<unresolved>,_ElementWiseOp,prune_out_channels,True,1,9,,
313,4,DG026,model.22.m.0.1.ffn.0.conv,model.22.m.0.1.ffn.1.conv,Conv2d,prune_in_channels,False,1,9,,
314,1,DG026,model.22.m.0.1.ffn.0.conv,model.22.m.0.1.ffn.0.conv,Conv2d,prune_out_channels,True,1,40,221,220
314,2,DG026,model.22.m.0.1.ffn.0.conv,model.22.m.0.1.ffn.0.bn,BatchNorm2d,prune_out_channels,True,1,40,,
314,3,DG026,model.22.m.0.1.ffn.0.conv,<unresolved>,_ElementWiseOp,prune_out_channels,True,1,40,,
314,4,DG026,model.22.m.0.1.ffn.0.conv,model.22.m.0.1.ffn.1.conv,Conv2d,prune_in_channels,False,1,40,,
315,1,DG020,model.19.m.0.m.1.cv1.conv,model.19.m.0.m.1.cv1.conv,Conv2d,prune_out_channels,True,1,3,21,20
315,2,DG020,model.19.m.0.m.1.cv1.conv,model.19.m.0.m.1.cv1.bn,BatchNorm2d,prune_out_channels,True,1,3,,
315,3,DG020,model.19.m.0.m.1.cv1.conv,<unresolved>,_ElementWiseOp,prune_out_channels,True,1,3,,
315,4,DG020,model.19.m.0.m.1.cv1.conv,model.19.m.0.m.1.cv2.conv,Conv2d,prune_in_channels,False,1,3,,
316,1,DG026,model.22.m.0.1.ffn.0.conv,model.22.m.0.1.ffn.0.conv,Conv2d,prune_out_channels,True,1,170,220,219
316,2,DG026,model.22.m.0.1.ffn.0.conv,model.22.m.0.1.ffn.0.bn,BatchNorm2d,prune_out_channels,True,1,170,,
316,3,DG026,model.22.m.0.1.ffn.0.conv,<unresolved>,_ElementWiseOp,prune_out_channels,True,1,170,,
316,4,DG026,model.22.m.0.1.ffn.0.conv,model.22.m.0.1.ffn.1.conv,Conv2d,prune_in_channels,False,1,170,,
317,1,DG020,model.19.m.0.m.1.cv1.conv,model.19.m.0.m.1.cv1.conv,Conv2d,prune_out_channels,True,1,14,20,19
317,2,DG020,model.19.m.0.m.1.cv1.conv,model.19.m.0.m.1.cv1.bn,BatchNorm2d,prune_out_channels,True,1,14,,
317,3,DG020,model.19.m.0.m.1.cv1.conv,<unresolved>,_ElementWiseOp,prune_out_channels,True,1,14,,
317,4,DG020,model.19.m.0.m.1.cv1.conv,model.19.m.0.m.1.cv2.conv,Conv2d,prune_in_channels,False,1,14,,
318,1,DG026,model.22.m.0.1.ffn.0.conv,model.22.m.0.1.ffn.0.conv,Conv2d,prune_out_channels,True,1,9,219,218
318,2,DG026,model.22.m.0.1.ffn.0.conv,model.22.m.0.1.ffn.0.bn,BatchNorm2d,prune_out_channels,True,1,9,,
318,3,DG026,model.22.m.0.1.ffn.0.conv,<unresolved>,_ElementWiseOp,prune_out_channels,True,1,9,,
318,4,DG026,model.22.m.0.1.ffn.0.conv,model.22.m.0.1.ffn.1.conv,Conv2d,prune_in_channels,False,1,9,,
319,1,DG026,model.22.m.0.1.ffn.0.conv,model.22.m.0.1.ffn.0.conv,Conv2d,prune_out_channels,True,1,142,218,217
319,2,DG026,model.22.m.0.1.ffn.0.conv,model.22.m.0.1.ffn.0.bn,BatchNorm2d,prune_out_channels,True,1,142,,
319,3,DG026,model.22.m.0.1.ffn.0.conv,<unresolved>,_ElementWiseOp,prune_out_channels,True,1,142,,
319,4,DG026,model.22.m.0.1.ffn.0.conv,model.22.m.0.1.ffn.1.conv,Conv2d,prune_in_channels,False,1,142,,
320,1,DG022,model.2.m.0.cv1.conv,model.2.m.0.cv1.conv,Conv2d,prune_out_channels,True,1,7,8,7
320,2,DG022,model.2.m.0.cv1.conv,model.2.m.0.cv1.bn,BatchNorm2d,prune_out_channels,True,1,7,,
320,3,DG022,model.2.m.0.cv1.conv,<unresolved>,_ElementWiseOp,prune_out_channels,True,1,7,,
320,4,DG022,model.2.m.0.cv1.conv,model.2.m.0.cv2.conv,Conv2d,prune_in_channels,False,1,7,,
321,1,DG038,model.8.m.0.cv1.conv,model.8.m.0.cv1.conv,Conv2d,prune_out_channels,True,1,5,57,56
321,2,DG038,model.8.m.0.cv1.conv,model.8.m.0.cv1.bn,BatchNorm2d,prune_out_channels,True,1,5,,
321,3,DG038,model.8.m.0.cv1.conv,<unresolved>,_ElementWiseOp,prune_out_channels,True,1,5,,
321,4,DG038,model.8.m.0.cv1.conv,<unresolved>,_ElementWiseOp,prune_out_channels,True,1,5,,
321,5,DG038,model.8.m.0.cv1.conv,model.8.m.0.m.0.cv1.conv,Conv2d,prune_in_channels,False,1,5,,
321,6,DG038,model.8.m.0.cv1.conv,<unresolved>,_ElementWiseOp,prune_out_channels,True,1,5,,
321,7,DG038,model.8.m.0.cv1.conv,<unresolved>,_ElementWiseOp,prune_out_channels,True,1,5,,
321,8,DG038,model.8.m.0.cv1.conv,model.8.m.0.m.1.cv1.conv,Conv2d,prune_in_channels,False,1,5,,
321,9,DG038,model.8.m.0.cv1.conv,<unresolved>,_ElementWiseOp,prune_out_channels,True,1,5,,
321,10,DG038,model.8.m.0.cv1.conv,<unresolved>,_ConcatOp,prune_out_channels,True,1,5,,
321,11,DG038,model.8.m.0.cv1.conv,model.8.m.0.cv3.conv,Conv2d,prune_in_channels,False,1,5,,
321,12,DG038,model.8.m.0.cv1.conv,model.8.m.0.m.1.cv2.bn,BatchNorm2d,prune_out_channels,True,1,5,,
321,13,DG038,model.8.m.0.cv1.conv,model.8.m.0.m.1.cv2.conv,Conv2d,prune_out_channels,True,1,5,57,56
321,14,DG038,model.8.m.0.cv1.conv,model.8.m.0.m.0.cv2.bn,BatchNorm2d,prune_out_channels,True,1,5,,
321,15,DG038,model.8.m.0.cv1.conv,model.8.m.0.m.0.cv2.conv,Conv2d,prune_out_channels,True,1,5,57,56
322,1,DG026,model.22.m.0.1.ffn.0.conv,model.22.m.0.1.ffn.0.conv,Conv2d,prune_out_channels,True,1,134,217,216
322,2,DG026,model.22.m.0.1.ffn.0.conv,model.22.m.0.1.ffn.0.bn,BatchNorm2d,prune_out_channels,True,1,134,,
322,3,DG026,model.22.m.0.1.ffn.0.conv,<unresolved>,_ElementWiseOp,prune_out_channels,True,1,134,,
322,4,DG026,model.22.m.0.1.ffn.0.conv,model.22.m.0.1.ffn.1.conv,Conv2d,prune_in_channels,False,1,134,,
323,1,DG026,model.22.m.0.1.ffn.0.conv,model.22.m.0.1.ffn.0.conv,Conv2d,prune_out_channels,True,1,144,216,215
323,2,DG026,model.22.m.0.1.ffn.0.conv,model.22.m.0.1.ffn.0.bn,BatchNorm2d,prune_out_channels,True,1,144,,
323,3,DG026,model.22.m.0.1.ffn.0.conv,<unresolved>,_ElementWiseOp,prune_out_channels,True,1,144,,
323,4,DG026,model.22.m.0.1.ffn.0.conv,model.22.m.0.1.ffn.1.conv,Conv2d,prune_in_channels,False,1,144,,
324,1,DG020,model.19.m.0.m.1.cv1.conv,model.19.m.0.m.1.cv1.conv,Conv2d,prune_out_channels,True,1,9,19,18
324,2,DG020,model.19.m.0.m.1.cv1.conv,model.19.m.0.m.1.cv1.bn,BatchNorm2d,prune_out_channels,True,1,9,,
324,3,DG020,model.19.m.0.m.1.cv1.conv,<unresolved>,_ElementWiseOp,prune_out_channels,True,1,9,,
324,4,DG020,model.19.m.0.m.1.cv1.conv,model.19.m.0.m.1.cv2.conv,Conv2d,prune_in_channels,False,1,9,,
325,1,DG034,model.6.m.0.m.0.cv1.conv,model.6.m.0.m.0.cv1.conv,Conv2d,prune_out_channels,True,1,11,30,29
325,2,DG034,model.6.m.0.m.0.cv1.conv,model.6.m.0.m.0.cv1.bn,BatchNorm2d,prune_out_channels,True,1,11,,
325,3,DG034,model.6.m.0.m.0.cv1.conv,<unresolved>,_ElementWiseOp,prune_out_channels,True,1,11,,
325,4,DG034,model.6.m.0.m.0.cv1.conv,model.6.m.0.m.0.cv2.conv,Conv2d,prune_in_channels,False,1,11,,
326,1,DG022,model.2.m.0.cv1.conv,model.2.m.0.cv1.conv,Conv2d,prune_out_channels,True,1,5,7,6
326,2,DG022,model.2.m.0.cv1.conv,model.2.m.0.cv1.bn,BatchNorm2d,prune_out_channels,True,1,5,,
326,3,DG022,model.2.m.0.cv1.conv,<unresolved>,_ElementWiseOp,prune_out_channels,True,1,5,,
326,4,DG022,model.2.m.0.cv1.conv,model.2.m.0.cv2.conv,Conv2d,prune_in_channels,False,1,5,,
327,1,DG026,model.22.m.0.1.ffn.0.conv,model.22.m.0.1.ffn.0.conv,Conv2d,prune_out_channels,True,1,90,215,214
327,2,DG026,model.22.m.0.1.ffn.0.conv,model.22.m.0.1.ffn.0.bn,BatchNorm2d,prune_out_channels,True,1,90,,
327,3,DG026,model.22.m.0.1.ffn.0.conv,<unresolved>,_ElementWiseOp,prune_out_channels,True,1,90,,
327,4,DG026,model.22.m.0.1.ffn.0.conv,model.22.m.0.1.ffn.1.conv,Conv2d,prune_in_channels,False,1,90,,
328,1,DG026,model.22.m.0.1.ffn.0.conv,model.22.m.0.1.ffn.0.conv,Conv2d,prune_out_channels,True,1,206,214,213
328,2,DG026,model.22.m.0.1.ffn.0.conv,model.22.m.0.1.ffn.0.bn,BatchNorm2d,prune_out_channels,True,1,206,,
328,3,DG026,model.22.m.0.1.ffn.0.conv,<unresolved>,_ElementWiseOp,prune_out_channels,True,1,206,,
328,4,DG026,model.22.m.0.1.ffn.0.conv,model.22.m.0.1.ffn.1.conv,Conv2d,prune_in_channels,False,1,206,,
329,1,DG026,model.22.m.0.1.ffn.0.conv,model.22.m.0.1.ffn.0.conv,Conv2d,prune_out_channels,True,1,210,213,212
329,2,DG026,model.22.m.0.1.ffn.0.conv,model.22.m.0.1.ffn.0.bn,BatchNorm2d,prune_out_channels,True,1,210,,
329,3,DG026,model.22.m.0.1.ffn.0.conv,<unresolved>,_ElementWiseOp,prune_out_channels,True,1,210,,
329,4,DG026,model.22.m.0.1.ffn.0.conv,model.22.m.0.1.ffn.1.conv,Conv2d,prune_in_channels,False,1,210,,
330,1,DG026,model.22.m.0.1.ffn.0.conv,model.22.m.0.1.ffn.0.conv,Conv2d,prune_out_channels,True,1,102,212,211
330,2,DG026,model.22.m.0.1.ffn.0.conv,model.22.m.0.1.ffn.0.bn,BatchNorm2d,prune_out_channels,True,1,102,,
330,3,DG026,model.22.m.0.1.ffn.0.conv,<unresolved>,_ElementWiseOp,prune_out_channels,True,1,102,,
330,4,DG026,model.22.m.0.1.ffn.0.conv,model.22.m.0.1.ffn.1.conv,Conv2d,prune_in_channels,False,1,102,,
331,1,DG026,model.22.m.0.1.ffn.0.conv,model.22.m.0.1.ffn.0.conv,Conv2d,prune_out_channels,True,1,20,211,210
331,2,DG026,model.22.m.0.1.ffn.0.conv,model.22.m.0.1.ffn.0.bn,BatchNorm2d,prune_out_channels,True,1,20,,
331,3,DG026,model.22.m.0.1.ffn.0.conv,<unresolved>,_ElementWiseOp,prune_out_channels,True,1,20,,
331,4,DG026,model.22.m.0.1.ffn.0.conv,model.22.m.0.1.ffn.1.conv,Conv2d,prune_in_channels,False,1,20,,
332,1,DG020,model.19.m.0.m.1.cv1.conv,model.19.m.0.m.1.cv1.conv,Conv2d,prune_out_channels,True,1,4,18,17
332,2,DG020,model.19.m.0.m.1.cv1.conv,model.19.m.0.m.1.cv1.bn,BatchNorm2d,prune_out_channels,True,1,4,,
332,3,DG020,model.19.m.0.m.1.cv1.conv,<unresolved>,_ElementWiseOp,prune_out_channels,True,1,4,,
332,4,DG020,model.19.m.0.m.1.cv1.conv,model.19.m.0.m.1.cv2.conv,Conv2d,prune_in_channels,False,1,4,,
333,1,DG020,model.19.m.0.m.1.cv1.conv,model.19.m.0.m.1.cv1.conv,Conv2d,prune_out_channels,True,1,7,17,16
333,2,DG020,model.19.m.0.m.1.cv1.conv,model.19.m.0.m.1.cv1.bn,BatchNorm2d,prune_out_channels,True,1,7,,
333,3,DG020,model.19.m.0.m.1.cv1.conv,<unresolved>,_ElementWiseOp,prune_out_channels,True,1,7,,
333,4,DG020,model.19.m.0.m.1.cv1.conv,model.19.m.0.m.1.cv2.conv,Conv2d,prune_in_channels,False,1,7,,
334,1,DG026,model.22.m.0.1.ffn.0.conv,model.22.m.0.1.ffn.0.conv,Conv2d,prune_out_channels,True,1,45,210,209
334,2,DG026,model.22.m.0.1.ffn.0.conv,model.22.m.0.1.ffn.0.bn,BatchNorm2d,prune_out_channels,True,1,45,,
334,3,DG026,model.22.m.0.1.ffn.0.conv,<unresolved>,_ElementWiseOp,prune_out_channels,True,1,45,,
334,4,DG026,model.22.m.0.1.ffn.0.conv,model.22.m.0.1.ffn.1.conv,Conv2d,prune_in_channels,False,1,45,,
335,1,DG026,model.22.m.0.1.ffn.0.conv,model.22.m.0.1.ffn.0.conv,Conv2d,prune_out_channels,True,1,61,209,208
335,2,DG026,model.22.m.0.1.ffn.0.conv,model.22.m.0.1.ffn.0.bn,BatchNorm2d,prune_out_channels,True,1,61,,
335,3,DG026,model.22.m.0.1.ffn.0.conv,<unresolved>,_ElementWiseOp,prune_out_channels,True,1,61,,
335,4,DG026,model.22.m.0.1.ffn.0.conv,model.22.m.0.1.ffn.1.conv,Conv2d,prune_in_channels,False,1,61,,
336,1,DG022,model.2.m.0.cv1.conv,model.2.m.0.cv1.conv,Conv2d,prune_out_channels,True,1,4,6,5
336,2,DG022,model.2.m.0.cv1.conv,model.2.m.0.cv1.bn,BatchNorm2d,prune_out_channels,True,1,4,,
336,3,DG022,model.2.m.0.cv1.conv,<unresolved>,_ElementWiseOp,prune_out_channels,True,1,4,,
336,4,DG022,model.2.m.0.cv1.conv,model.2.m.0.cv2.conv,Conv2d,prune_in_channels,False,1,4,,
337,1,DG026,model.22.m.0.1.ffn.0.conv,model.22.m.0.1.ffn.0.conv,Conv2d,prune_out_channels,True,1,3,208,207
337,2,DG026,model.22.m.0.1.ffn.0.conv,model.22.m.0.1.ffn.0.bn,BatchNorm2d,prune_out_channels,True,1,3,,
337,3,DG026,model.22.m.0.1.ffn.0.conv,<unresolved>,_ElementWiseOp,prune_out_channels,True,1,3,,
337,4,DG026,model.22.m.0.1.ffn.0.conv,model.22.m.0.1.ffn.1.conv,Conv2d,prune_in_channels,False,1,3,,
338,1,DG026,model.22.m.0.1.ffn.0.conv,model.22.m.0.1.ffn.0.conv,Conv2d,prune_out_channels,True,1,18,207,206
338,2,DG026,model.22.m.0.1.ffn.0.conv,model.22.m.0.1.ffn.0.bn,BatchNorm2d,prune_out_channels,True,1,18,,
338,3,DG026,model.22.m.0.1.ffn.0.conv,<unresolved>,_ElementWiseOp,prune_out_channels,True,1,18,,
338,4,DG026,model.22.m.0.1.ffn.0.conv,model.22.m.0.1.ffn.1.conv,Conv2d,prune_in_channels,False,1,18,,
339,1,DG038,model.8.m.0.cv1.conv,model.8.m.0.cv1.conv,Conv2d,prune_out_channels,True,1,3,56,55
339,2,DG038,model.8.m.0.cv1.conv,model.8.m.0.cv1.bn,BatchNorm2d,prune_out_channels,True,1,3,,
339,3,DG038,model.8.m.0.cv1.conv,<unresolved>,_ElementWiseOp,prune_out_channels,True,1,3,,
339,4,DG038,model.8.m.0.cv1.conv,<unresolved>,_ElementWiseOp,prune_out_channels,True,1,3,,
339,5,DG038,model.8.m.0.cv1.conv,model.8.m.0.m.0.cv1.conv,Conv2d,prune_in_channels,False,1,3,,
339,6,DG038,model.8.m.0.cv1.conv,<unresolved>,_ElementWiseOp,prune_out_channels,True,1,3,,
339,7,DG038,model.8.m.0.cv1.conv,<unresolved>,_ElementWiseOp,prune_out_channels,True,1,3,,
339,8,DG038,model.8.m.0.cv1.conv,model.8.m.0.m.1.cv1.conv,Conv2d,prune_in_channels,False,1,3,,
339,9,DG038,model.8.m.0.cv1.conv,<unresolved>,_ElementWiseOp,prune_out_channels,True,1,3,,
339,10,DG038,model.8.m.0.cv1.conv,<unresolved>,_ConcatOp,prune_out_channels,True,1,3,,
339,11,DG038,model.8.m.0.cv1.conv,model.8.m.0.cv3.conv,Conv2d,prune_in_channels,False,1,3,,
339,12,DG038,model.8.m.0.cv1.conv,model.8.m.0.m.1.cv2.bn,BatchNorm2d,prune_out_channels,True,1,3,,
339,13,DG038,model.8.m.0.cv1.conv,model.8.m.0.m.1.cv2.conv,Conv2d,prune_out_channels,True,1,3,56,55
339,14,DG038,model.8.m.0.cv1.conv,model.8.m.0.m.0.cv2.bn,BatchNorm2d,prune_out_channels,True,1,3,,
339,15,DG038,model.8.m.0.cv1.conv,model.8.m.0.m.0.cv2.conv,Conv2d,prune_out_channels,True,1,3,56,55
340,1,DG026,model.22.m.0.1.ffn.0.conv,model.22.m.0.1.ffn.0.conv,Conv2d,prune_out_channels,True,1,128,206,205
340,2,DG026,model.22.m.0.1.ffn.0.conv,model.22.m.0.1.ffn.0.bn,BatchNorm2d,prune_out_channels,True,1,128,,
340,3,DG026,model.22.m.0.1.ffn.0.conv,<unresolved>,_ElementWiseOp,prune_out_channels,True,1,128,,
340,4,DG026,model.22.m.0.1.ffn.0.conv,model.22.m.0.1.ffn.1.conv,Conv2d,prune_in_channels,False,1,128,,
341,1,DG026,model.22.m.0.1.ffn.0.conv,model.22.m.0.1.ffn.0.conv,Conv2d,prune_out_channels,True,1,116,205,204
341,2,DG026,model.22.m.0.1.ffn.0.conv,model.22.m.0.1.ffn.0.bn,BatchNorm2d,prune_out_channels,True,1,116,,
341,3,DG026,model.22.m.0.1.ffn.0.conv,<unresolved>,_ElementWiseOp,prune_out_channels,True,1,116,,
341,4,DG026,model.22.m.0.1.ffn.0.conv,model.22.m.0.1.ffn.1.conv,Conv2d,prune_in_channels,False,1,116,,
342,1,DG035,model.6.m.0.m.1.cv1.conv,model.6.m.0.m.1.cv1.conv,Conv2d,prune_out_channels,True,1,21,31,30
342,2,DG035,model.6.m.0.m.1.cv1.conv,model.6.m.0.m.1.cv1.bn,BatchNorm2d,prune_out_channels,True,1,21,,
342,3,DG035,model.6.m.0.m.1.cv1.conv,<unresolved>,_ElementWiseOp,prune_out_channels,True,1,21,,
342,4,DG035,model.6.m.0.m.1.cv1.conv,model.6.m.0.m.1.cv2.conv,Conv2d,prune_in_channels,False,1,21,,
343,1,DG026,model.22.m.0.1.ffn.0.conv,model.22.m.0.1.ffn.0.conv,Conv2d,prune_out_channels,True,1,143,204,203
343,2,DG026,model.22.m.0.1.ffn.0.conv,model.22.m.0.1.ffn.0.bn,BatchNorm2d,prune_out_channels,True,1,143,,
343,3,DG026,model.22.m.0.1.ffn.0.conv,<unresolved>,_ElementWiseOp,prune_out_channels,True,1,143,,
343,4,DG026,model.22.m.0.1.ffn.0.conv,model.22.m.0.1.ffn.1.conv,Conv2d,prune_in_channels,False,1,143,,
344,1,DG026,model.22.m.0.1.ffn.0.conv,model.22.m.0.1.ffn.0.conv,Conv2d,prune_out_channels,True,1,113,203,202
344,2,DG026,model.22.m.0.1.ffn.0.conv,model.22.m.0.1.ffn.0.bn,BatchNorm2d,prune_out_channels,True,1,113,,
344,3,DG026,model.22.m.0.1.ffn.0.conv,<unresolved>,_ElementWiseOp,prune_out_channels,True,1,113,,
344,4,DG026,model.22.m.0.1.ffn.0.conv,model.22.m.0.1.ffn.1.conv,Conv2d,prune_in_channels,False,1,113,,
345,1,DG019,model.19.m.0.m.0.cv1.conv,model.19.m.0.m.0.cv1.conv,Conv2d,prune_out_channels,True,1,20,25,24
345,2,DG019,model.19.m.0.m.0.cv1.conv,model.19.m.0.m.0.cv1.bn,BatchNorm2d,prune_out_channels,True,1,20,,
345,3,DG019,model.19.m.0.m.0.cv1.conv,<unresolved>,_ElementWiseOp,prune_out_channels,True,1,20,,
345,4,DG019,model.19.m.0.m.0.cv1.conv,model.19.m.0.m.0.cv2.conv,Conv2d,prune_in_channels,False,1,20,,
346,1,DG026,model.22.m.0.1.ffn.0.conv,model.22.m.0.1.ffn.0.conv,Conv2d,prune_out_channels,True,1,83,202,201
346,2,DG026,model.22.m.0.1.ffn.0.conv,model.22.m.0.1.ffn.0.bn,BatchNorm2d,prune_out_channels,True,1,83,,
346,3,DG026,model.22.m.0.1.ffn.0.conv,<unresolved>,_ElementWiseOp,prune_out_channels,True,1,83,,
346,4,DG026,model.22.m.0.1.ffn.0.conv,model.22.m.0.1.ffn.1.conv,Conv2d,prune_in_channels,False,1,83,,
347,1,DG026,model.22.m.0.1.ffn.0.conv,model.22.m.0.1.ffn.0.conv,Conv2d,prune_out_channels,True,1,41,201,200
347,2,DG026,model.22.m.0.1.ffn.0.conv,model.22.m.0.1.ffn.0.bn,BatchNorm2d,prune_out_channels,True,1,41,,
347,3,DG026,model.22.m.0.1.ffn.0.conv,<unresolved>,_ElementWiseOp,prune_out_channels,True,1,41,,
347,4,DG026,model.22.m.0.1.ffn.0.conv,model.22.m.0.1.ffn.1.conv,Conv2d,prune_in_channels,False,1,41,,
348,1,DG026,model.22.m.0.1.ffn.0.conv,model.22.m.0.1.ffn.0.conv,Conv2d,prune_out_channels,True,1,3,200,199
348,2,DG026,model.22.m.0.1.ffn.0.conv,model.22.m.0.1.ffn.0.bn,BatchNorm2d,prune_out_channels,True,1,3,,
348,3,DG026,model.22.m.0.1.ffn.0.conv,<unresolved>,_ElementWiseOp,prune_out_channels,True,1,3,,
348,4,DG026,model.22.m.0.1.ffn.0.conv,model.22.m.0.1.ffn.1.conv,Conv2d,prune_in_channels,False,1,3,,
349,1,DG026,model.22.m.0.1.ffn.0.conv,model.22.m.0.1.ffn.0.conv,Conv2d,prune_out_channels,True,1,87,199,198
349,2,DG026,model.22.m.0.1.ffn.0.conv,model.22.m.0.1.ffn.0.bn,BatchNorm2d,prune_out_channels,True,1,87,,
349,3,DG026,model.22.m.0.1.ffn.0.conv,<unresolved>,_ElementWiseOp,prune_out_channels,True,1,87,,
349,4,DG026,model.22.m.0.1.ffn.0.conv,model.22.m.0.1.ffn.1.conv,Conv2d,prune_in_channels,False,1,87,,
350,1,DG026,model.22.m.0.1.ffn.0.conv,model.22.m.0.1.ffn.0.conv,Conv2d,prune_out_channels,True,1,43,198,197
350,2,DG026,model.22.m.0.1.ffn.0.conv,model.22.m.0.1.ffn.0.bn,BatchNorm2d,prune_out_channels,True,1,43,,
350,3,DG026,model.22.m.0.1.ffn.0.conv,<unresolved>,_ElementWiseOp,prune_out_channels,True,1,43,,
350,4,DG026,model.22.m.0.1.ffn.0.conv,model.22.m.0.1.ffn.1.conv,Conv2d,prune_in_channels,False,1,43,,
351,1,DG026,model.22.m.0.1.ffn.0.conv,model.22.m.0.1.ffn.0.conv,Conv2d,prune_out_channels,True,1,133,197,196
351,2,DG026,model.22.m.0.1.ffn.0.conv,model.22.m.0.1.ffn.0.bn,BatchNorm2d,prune_out_channels,True,1,133,,
351,3,DG026,model.22.m.0.1.ffn.0.conv,<unresolved>,_ElementWiseOp,prune_out_channels,True,1,133,,
351,4,DG026,model.22.m.0.1.ffn.0.conv,model.22.m.0.1.ffn.1.conv,Conv2d,prune_in_channels,False,1,133,,
352,1,DG026,model.22.m.0.1.ffn.0.conv,model.22.m.0.1.ffn.0.conv,Conv2d,prune_out_channels,True,1,189,196,195
352,2,DG026,model.22.m.0.1.ffn.0.conv,model.22.m.0.1.ffn.0.bn,BatchNorm2d,prune_out_channels,True,1,189,,
352,3,DG026,model.22.m.0.1.ffn.0.conv,<unresolved>,_ElementWiseOp,prune_out_channels,True,1,189,,
352,4,DG026,model.22.m.0.1.ffn.0.conv,model.22.m.0.1.ffn.1.conv,Conv2d,prune_in_channels,False,1,189,,
353,1,DG026,model.22.m.0.1.ffn.0.conv,model.22.m.0.1.ffn.0.conv,Conv2d,prune_out_channels,True,1,109,195,194
353,2,DG026,model.22.m.0.1.ffn.0.conv,model.22.m.0.1.ffn.0.bn,BatchNorm2d,prune_out_channels,True,1,109,,
353,3,DG026,model.22.m.0.1.ffn.0.conv,<unresolved>,_ElementWiseOp,prune_out_channels,True,1,109,,
353,4,DG026,model.22.m.0.1.ffn.0.conv,model.22.m.0.1.ffn.1.conv,Conv2d,prune_in_channels,False,1,109,,
354,1,DG026,model.22.m.0.1.ffn.0.conv,model.22.m.0.1.ffn.0.conv,Conv2d,prune_out_channels,True,1,145,194,193
354,2,DG026,model.22.m.0.1.ffn.0.conv,model.22.m.0.1.ffn.0.bn,BatchNorm2d,prune_out_channels,True,1,145,,
354,3,DG026,model.22.m.0.1.ffn.0.conv,<unresolved>,_ElementWiseOp,prune_out_channels,True,1,145,,
354,4,DG026,model.22.m.0.1.ffn.0.conv,model.22.m.0.1.ffn.1.conv,Conv2d,prune_in_channels,False,1,145,,
355,1,DG026,model.22.m.0.1.ffn.0.conv,model.22.m.0.1.ffn.0.conv,Conv2d,prune_out_channels,True,1,159,193,192
355,2,DG026,model.22.m.0.1.ffn.0.conv,model.22.m.0.1.ffn.0.bn,BatchNorm2d,prune_out_channels,True,1,159,,
355,3,DG026,model.22.m.0.1.ffn.0.conv,<unresolved>,_ElementWiseOp,prune_out_channels,True,1,159,,
355,4,DG026,model.22.m.0.1.ffn.0.conv,model.22.m.0.1.ffn.1.conv,Conv2d,prune_in_channels,False,1,159,,
356,1,DG019,model.19.m.0.m.0.cv1.conv,model.19.m.0.m.0.cv1.conv,Conv2d,prune_out_channels,True,1,21,24,23
356,2,DG019,model.19.m.0.m.0.cv1.conv,model.19.m.0.m.0.cv1.bn,BatchNorm2d,prune_out_channels,True,1,21,,
356,3,DG019,model.19.m.0.m.0.cv1.conv,<unresolved>,_ElementWiseOp,prune_out_channels,True,1,21,,
356,4,DG019,model.19.m.0.m.0.cv1.conv,model.19.m.0.m.0.cv2.conv,Conv2d,prune_in_channels,False,1,21,,
357,1,DG026,model.22.m.0.1.ffn.0.conv,model.22.m.0.1.ffn.0.conv,Conv2d,prune_out_channels,True,1,74,192,191
357,2,DG026,model.22.m.0.1.ffn.0.conv,model.22.m.0.1.ffn.0.bn,BatchNorm2d,prune_out_channels,True,1,74,,
357,3,DG026,model.22.m.0.1.ffn.0.conv,<unresolved>,_ElementWiseOp,prune_out_channels,True,1,74,,
357,4,DG026,model.22.m.0.1.ffn.0.conv,model.22.m.0.1.ffn.1.conv,Conv2d,prune_in_channels,False,1,74,,
358,1,DG026,model.22.m.0.1.ffn.0.conv,model.22.m.0.1.ffn.0.conv,Conv2d,prune_out_channels,True,1,38,191,190
358,2,DG026,model.22.m.0.1.ffn.0.conv,model.22.m.0.1.ffn.0.bn,BatchNorm2d,prune_out_channels,True,1,38,,
358,3,DG026,model.22.m.0.1.ffn.0.conv,<unresolved>,_ElementWiseOp,prune_out_channels,True,1,38,,
358,4,DG026,model.22.m.0.1.ffn.0.conv,model.22.m.0.1.ffn.1.conv,Conv2d,prune_in_channels,False,1,38,,
359,1,DG035,model.6.m.0.m.1.cv1.conv,model.6.m.0.m.1.cv1.conv,Conv2d,prune_out_channels,True,1,0,30,29
359,2,DG035,model.6.m.0.m.1.cv1.conv,model.6.m.0.m.1.cv1.bn,BatchNorm2d,prune_out_channels,True,1,0,,
359,3,DG035,model.6.m.0.m.1.cv1.conv,<unresolved>,_ElementWiseOp,prune_out_channels,True,1,0,,
359,4,DG035,model.6.m.0.m.1.cv1.conv,model.6.m.0.m.1.cv2.conv,Conv2d,prune_in_channels,False,1,0,,
360,1,DG026,model.22.m.0.1.ffn.0.conv,model.22.m.0.1.ffn.0.conv,Conv2d,prune_out_channels,True,1,156,190,189
360,2,DG026,model.22.m.0.1.ffn.0.conv,model.22.m.0.1.ffn.0.bn,BatchNorm2d,prune_out_channels,True,1,156,,
360,3,DG026,model.22.m.0.1.ffn.0.conv,<unresolved>,_ElementWiseOp,prune_out_channels,True,1,156,,
360,4,DG026,model.22.m.0.1.ffn.0.conv,model.22.m.0.1.ffn.1.conv,Conv2d,prune_in_channels,False,1,156,,
361,1,DG026,model.22.m.0.1.ffn.0.conv,model.22.m.0.1.ffn.0.conv,Conv2d,prune_out_channels,True,1,125,189,188
361,2,DG026,model.22.m.0.1.ffn.0.conv,model.22.m.0.1.ffn.0.bn,BatchNorm2d,prune_out_channels,True,1,125,,
361,3,DG026,model.22.m.0.1.ffn.0.conv,<unresolved>,_ElementWiseOp,prune_out_channels,True,1,125,,
361,4,DG026,model.22.m.0.1.ffn.0.conv,model.22.m.0.1.ffn.1.conv,Conv2d,prune_in_channels,False,1,125,,
362,1,DG022,model.2.m.0.cv1.conv,model.2.m.0.cv1.conv,Conv2d,prune_out_channels,True,1,1,5,4
362,2,DG022,model.2.m.0.cv1.conv,model.2.m.0.cv1.bn,BatchNorm2d,prune_out_channels,True,1,1,,
362,3,DG022,model.2.m.0.cv1.conv,<unresolved>,_ElementWiseOp,prune_out_channels,True,1,1,,
362,4,DG022,model.2.m.0.cv1.conv,model.2.m.0.cv2.conv,Conv2d,prune_in_channels,False,1,1,,
363,1,DG026,model.22.m.0.1.ffn.0.conv,model.22.m.0.1.ffn.0.conv,Conv2d,prune_out_channels,True,1,167,188,187
363,2,DG026,model.22.m.0.1.ffn.0.conv,model.22.m.0.1.ffn.0.bn,BatchNorm2d,prune_out_channels,True,1,167,,
363,3,DG026,model.22.m.0.1.ffn.0.conv,<unresolved>,_ElementWiseOp,prune_out_channels,True,1,167,,
363,4,DG026,model.22.m.0.1.ffn.0.conv,model.22.m.0.1.ffn.1.conv,Conv2d,prune_in_channels,False,1,167,,
364,1,DG026,model.22.m.0.1.ffn.0.conv,model.22.m.0.1.ffn.0.conv,Conv2d,prune_out_channels,True,1,82,187,186
364,2,DG026,model.22.m.0.1.ffn.0.conv,model.22.m.0.1.ffn.0.bn,BatchNorm2d,prune_out_channels,True,1,82,,
364,3,DG026,model.22.m.0.1.ffn.0.conv,<unresolved>,_ElementWiseOp,prune_out_channels,True,1,82,,
364,4,DG026,model.22.m.0.1.ffn.0.conv,model.22.m.0.1.ffn.1.conv,Conv2d,prune_in_channels,False,1,82,,
365,1,DG026,model.22.m.0.1.ffn.0.conv,model.22.m.0.1.ffn.0.conv,Conv2d,prune_out_channels,True,1,117,186,185
365,2,DG026,model.22.m.0.1.ffn.0.conv,model.22.m.0.1.ffn.0.bn,BatchNorm2d,prune_out_channels,True,1,117,,
365,3,DG026,model.22.m.0.1.ffn.0.conv,<unresolved>,_ElementWiseOp,prune_out_channels,True,1,117,,
365,4,DG026,model.22.m.0.1.ffn.0.conv,model.22.m.0.1.ffn.1.conv,Conv2d,prune_in_channels,False,1,117,,
366,1,DG026,model.22.m.0.1.ffn.0.conv,model.22.m.0.1.ffn.0.conv,Conv2d,prune_out_channels,True,1,184,185,184
366,2,DG026,model.22.m.0.1.ffn.0.conv,model.22.m.0.1.ffn.0.bn,BatchNorm2d,prune_out_channels,True,1,184,,
366,3,DG026,model.22.m.0.1.ffn.0.conv,<unresolved>,_ElementWiseOp,prune_out_channels,True,1,184,,
366,4,DG026,model.22.m.0.1.ffn.0.conv,model.22.m.0.1.ffn.1.conv,Conv2d,prune_in_channels,False,1,184,,
367,1,DG026,model.22.m.0.1.ffn.0.conv,model.22.m.0.1.ffn.0.conv,Conv2d,prune_out_channels,True,1,145,184,183
367,2,DG026,model.22.m.0.1.ffn.0.conv,model.22.m.0.1.ffn.0.bn,BatchNorm2d,prune_out_channels,True,1,145,,
367,3,DG026,model.22.m.0.1.ffn.0.conv,<unresolved>,_ElementWiseOp,prune_out_channels,True,1,145,,
367,4,DG026,model.22.m.0.1.ffn.0.conv,model.22.m.0.1.ffn.1.conv,Conv2d,prune_in_channels,False,1,145,,
368,1,DG026,model.22.m.0.1.ffn.0.conv,model.22.m.0.1.ffn.0.conv,Conv2d,prune_out_channels,True,1,1,183,182
368,2,DG026,model.22.m.0.1.ffn.0.conv,model.22.m.0.1.ffn.0.bn,BatchNorm2d,prune_out_channels,True,1,1,,
368,3,DG026,model.22.m.0.1.ffn.0.conv,<unresolved>,_ElementWiseOp,prune_out_channels,True,1,1,,
368,4,DG026,model.22.m.0.1.ffn.0.conv,model.22.m.0.1.ffn.1.conv,Conv2d,prune_in_channels,False,1,1,,
369,1,DG004,model.10.m.0.ffn.0.conv,model.10.m.0.ffn.0.conv,Conv2d,prune_out_channels,True,1,113,255,254
369,2,DG004,model.10.m.0.ffn.0.conv,model.10.m.0.ffn.0.bn,BatchNorm2d,prune_out_channels,True,1,113,,
369,3,DG004,model.10.m.0.ffn.0.conv,<unresolved>,_ElementWiseOp,prune_out_channels,True,1,113,,
369,4,DG004,model.10.m.0.ffn.0.conv,model.10.m.0.ffn.1.conv,Conv2d,prune_in_channels,False,1,113,,
370,1,DG026,model.22.m.0.1.ffn.0.conv,model.22.m.0.1.ffn.0.conv,Conv2d,prune_out_channels,True,1,153,182,181
370,2,DG026,model.22.m.0.1.ffn.0.conv,model.22.m.0.1.ffn.0.bn,BatchNorm2d,prune_out_channels,True,1,153,,
370,3,DG026,model.22.m.0.1.ffn.0.conv,<unresolved>,_ElementWiseOp,prune_out_channels,True,1,153,,
370,4,DG026,model.22.m.0.1.ffn.0.conv,model.22.m.0.1.ffn.1.conv,Conv2d,prune_in_channels,False,1,153,,
371,1,DG026,model.22.m.0.1.ffn.0.conv,model.22.m.0.1.ffn.0.conv,Conv2d,prune_out_channels,True,1,3,181,180
371,2,DG026,model.22.m.0.1.ffn.0.conv,model.22.m.0.1.ffn.0.bn,BatchNorm2d,prune_out_channels,True,1,3,,
371,3,DG026,model.22.m.0.1.ffn.0.conv,<unresolved>,_ElementWiseOp,prune_out_channels,True,1,3,,
371,4,DG026,model.22.m.0.1.ffn.0.conv,model.22.m.0.1.ffn.1.conv,Conv2d,prune_in_channels,False,1,3,,
372,1,DG008,model.13.m.0.m.0.cv1.conv,model.13.m.0.m.0.cv1.conv,Conv2d,prune_out_channels,True,1,31,32,31
372,2,DG008,model.13.m.0.m.0.cv1.conv,model.13.m.0.m.0.cv1.bn,BatchNorm2d,prune_out_channels,True,1,31,,
372,3,DG008,model.13.m.0.m.0.cv1.conv,<unresolved>,_ElementWiseOp,prune_out_channels,True,1,31,,
372,4,DG008,model.13.m.0.m.0.cv1.conv,model.13.m.0.m.0.cv2.conv,Conv2d,prune_in_channels,False,1,31,,
373,1,DG026,model.22.m.0.1.ffn.0.conv,model.22.m.0.1.ffn.0.conv,Conv2d,prune_out_channels,True,1,10,180,179
373,2,DG026,model.22.m.0.1.ffn.0.conv,model.22.m.0.1.ffn.0.bn,BatchNorm2d,prune_out_channels,True,1,10,,
373,3,DG026,model.22.m.0.1.ffn.0.conv,<unresolved>,_ElementWiseOp,prune_out_channels,True,1,10,,
373,4,DG026,model.22.m.0.1.ffn.0.conv,model.22.m.0.1.ffn.1.conv,Conv2d,prune_in_channels,False,1,10,,
374,1,DG026,model.22.m.0.1.ffn.0.conv,model.22.m.0.1.ffn.0.conv,Conv2d,prune_out_channels,True,1,24,179,178
374,2,DG026,model.22.m.0.1.ffn.0.conv,model.22.m.0.1.ffn.0.bn,BatchNorm2d,prune_out_channels,True,1,24,,
374,3,DG026,model.22.m.0.1.ffn.0.conv,<unresolved>,_ElementWiseOp,prune_out_channels,True,1,24,,
374,4,DG026,model.22.m.0.1.ffn.0.conv,model.22.m.0.1.ffn.1.conv,Conv2d,prune_in_channels,False,1,24,,
375,1,DG026,model.22.m.0.1.ffn.0.conv,model.22.m.0.1.ffn.0.conv,Conv2d,prune_out_channels,True,1,44,178,177
375,2,DG026,model.22.m.0.1.ffn.0.conv,model.22.m.0.1.ffn.0.bn,BatchNorm2d,prune_out_channels,True,1,44,,
375,3,DG026,model.22.m.0.1.ffn.0.conv,<unresolved>,_ElementWiseOp,prune_out_channels,True,1,44,,
375,4,DG026,model.22.m.0.1.ffn.0.conv,model.22.m.0.1.ffn.1.conv,Conv2d,prune_in_channels,False,1,44,,
376,1,DG026,model.22.m.0.1.ffn.0.conv,model.22.m.0.1.ffn.0.conv,Conv2d,prune_out_channels,True,1,162,177,176
376,2,DG026,model.22.m.0.1.ffn.0.conv,model.22.m.0.1.ffn.0.bn,BatchNorm2d,prune_out_channels,True,1,162,,
376,3,DG026,model.22.m.0.1.ffn.0.conv,<unresolved>,_ElementWiseOp,prune_out_channels,True,1,162,,
376,4,DG026,model.22.m.0.1.ffn.0.conv,model.22.m.0.1.ffn.1.conv,Conv2d,prune_in_channels,False,1,162,,
377,1,DG026,model.22.m.0.1.ffn.0.conv,model.22.m.0.1.ffn.0.conv,Conv2d,prune_out_channels,True,1,98,176,175
377,2,DG026,model.22.m.0.1.ffn.0.conv,model.22.m.0.1.ffn.0.bn,BatchNorm2d,prune_out_channels,True,1,98,,
377,3,DG026,model.22.m.0.1.ffn.0.conv,<unresolved>,_ElementWiseOp,prune_out_channels,True,1,98,,
377,4,DG026,model.22.m.0.1.ffn.0.conv,model.22.m.0.1.ffn.1.conv,Conv2d,prune_in_channels,False,1,98,,
378,1,DG026,model.22.m.0.1.ffn.0.conv,model.22.m.0.1.ffn.0.conv,Conv2d,prune_out_channels,True,1,14,175,174
378,2,DG026,model.22.m.0.1.ffn.0.conv,model.22.m.0.1.ffn.0.bn,BatchNorm2d,prune_out_channels,True,1,14,,
378,3,DG026,model.22.m.0.1.ffn.0.conv,<unresolved>,_ElementWiseOp,prune_out_channels,True,1,14,,
378,4,DG026,model.22.m.0.1.ffn.0.conv,model.22.m.0.1.ffn.1.conv,Conv2d,prune_in_channels,False,1,14,,
379,1,DG026,model.22.m.0.1.ffn.0.conv,model.22.m.0.1.ffn.0.conv,Conv2d,prune_out_channels,True,1,60,174,173
379,2,DG026,model.22.m.0.1.ffn.0.conv,model.22.m.0.1.ffn.0.bn,BatchNorm2d,prune_out_channels,True,1,60,,
379,3,DG026,model.22.m.0.1.ffn.0.conv,<unresolved>,_ElementWiseOp,prune_out_channels,True,1,60,,
379,4,DG026,model.22.m.0.1.ffn.0.conv,model.22.m.0.1.ffn.1.conv,Conv2d,prune_in_channels,False,1,60,,
380,1,DG026,model.22.m.0.1.ffn.0.conv,model.22.m.0.1.ffn.0.conv,Conv2d,prune_out_channels,True,1,71,173,172
380,2,DG026,model.22.m.0.1.ffn.0.conv,model.22.m.0.1.ffn.0.bn,BatchNorm2d,prune_out_channels,True,1,71,,
380,3,DG026,model.22.m.0.1.ffn.0.conv,<unresolved>,_ElementWiseOp,prune_out_channels,True,1,71,,
380,4,DG026,model.22.m.0.1.ffn.0.conv,model.22.m.0.1.ffn.1.conv,Conv2d,prune_in_channels,False,1,71,,
381,1,DG038,model.8.m.0.cv1.conv,model.8.m.0.cv1.conv,Conv2d,prune_out_channels,True,1,39,55,54
381,2,DG038,model.8.m.0.cv1.conv,model.8.m.0.cv1.bn,BatchNorm2d,prune_out_channels,True,1,39,,
381,3,DG038,model.8.m.0.cv1.conv,<unresolved>,_ElementWiseOp,prune_out_channels,True,1,39,,
381,4,DG038,model.8.m.0.cv1.conv,<unresolved>,_ElementWiseOp,prune_out_channels,True,1,39,,
381,5,DG038,model.8.m.0.cv1.conv,model.8.m.0.m.0.cv1.conv,Conv2d,prune_in_channels,False,1,39,,
381,6,DG038,model.8.m.0.cv1.conv,<unresolved>,_ElementWiseOp,prune_out_channels,True,1,39,,
381,7,DG038,model.8.m.0.cv1.conv,<unresolved>,_ElementWiseOp,prune_out_channels,True,1,39,,
381,8,DG038,model.8.m.0.cv1.conv,model.8.m.0.m.1.cv1.conv,Conv2d,prune_in_channels,False,1,39,,
381,9,DG038,model.8.m.0.cv1.conv,<unresolved>,_ElementWiseOp,prune_out_channels,True,1,39,,
381,10,DG038,model.8.m.0.cv1.conv,<unresolved>,_ConcatOp,prune_out_channels,True,1,39,,
381,11,DG038,model.8.m.0.cv1.conv,model.8.m.0.cv3.conv,Conv2d,prune_in_channels,False,1,39,,
381,12,DG038,model.8.m.0.cv1.conv,model.8.m.0.m.1.cv2.bn,BatchNorm2d,prune_out_channels,True,1,39,,
381,13,DG038,model.8.m.0.cv1.conv,model.8.m.0.m.1.cv2.conv,Conv2d,prune_out_channels,True,1,39,55,54
381,14,DG038,model.8.m.0.cv1.conv,model.8.m.0.m.0.cv2.bn,BatchNorm2d,prune_out_channels,True,1,39,,
381,15,DG038,model.8.m.0.cv1.conv,model.8.m.0.m.0.cv2.conv,Conv2d,prune_out_channels,True,1,39,55,54
382,1,DG026,model.22.m.0.1.ffn.0.conv,model.22.m.0.1.ffn.0.conv,Conv2d,prune_out_channels,True,1,133,172,171
382,2,DG026,model.22.m.0.1.ffn.0.conv,model.22.m.0.1.ffn.0.bn,BatchNorm2d,prune_out_channels,True,1,133,,
382,3,DG026,model.22.m.0.1.ffn.0.conv,<unresolved>,_ElementWiseOp,prune_out_channels,True,1,133,,
382,4,DG026,model.22.m.0.1.ffn.0.conv,model.22.m.0.1.ffn.1.conv,Conv2d,prune_in_channels,False,1,133,,
383,1,DG004,model.10.m.0.ffn.0.conv,model.10.m.0.ffn.0.conv,Conv2d,prune_out_channels,True,1,228,254,253
383,2,DG004,model.10.m.0.ffn.0.conv,model.10.m.0.ffn.0.bn,BatchNorm2d,prune_out_channels,True,1,228,,
383,3,DG004,model.10.m.0.ffn.0.conv,<unresolved>,_ElementWiseOp,prune_out_channels,True,1,228,,
383,4,DG004,model.10.m.0.ffn.0.conv,model.10.m.0.ffn.1.conv,Conv2d,prune_in_channels,False,1,228,,
384,1,DG026,model.22.m.0.1.ffn.0.conv,model.22.m.0.1.ffn.0.conv,Conv2d,prune_out_channels,True,1,20,171,170
384,2,DG026,model.22.m.0.1.ffn.0.conv,model.22.m.0.1.ffn.0.bn,BatchNorm2d,prune_out_channels,True,1,20,,
384,3,DG026,model.22.m.0.1.ffn.0.conv,<unresolved>,_ElementWiseOp,prune_out_channels,True,1,20,,
384,4,DG026,model.22.m.0.1.ffn.0.conv,model.22.m.0.1.ffn.1.conv,Conv2d,prune_in_channels,False,1,20,,
385,1,DG026,model.22.m.0.1.ffn.0.conv,model.22.m.0.1.ffn.0.conv,Conv2d,prune_out_channels,True,1,40,170,169
385,2,DG026,model.22.m.0.1.ffn.0.conv,model.22.m.0.1.ffn.0.bn,BatchNorm2d,prune_out_channels,True,1,40,,
385,3,DG026,model.22.m.0.1.ffn.0.conv,<unresolved>,_ElementWiseOp,prune_out_channels,True,1,40,,
385,4,DG026,model.22.m.0.1.ffn.0.conv,model.22.m.0.1.ffn.1.conv,Conv2d,prune_in_channels,False,1,40,,
386,1,DG035,model.6.m.0.m.1.cv1.conv,model.6.m.0.m.1.cv1.conv,Conv2d,prune_out_channels,True,1,24,29,28
386,2,DG035,model.6.m.0.m.1.cv1.conv,model.6.m.0.m.1.cv1.bn,BatchNorm2d,prune_out_channels,True,1,24,,
386,3,DG035,model.6.m.0.m.1.cv1.conv,<unresolved>,_ElementWiseOp,prune_out_channels,True,1,24,,
386,4,DG035,model.6.m.0.m.1.cv1.conv,model.6.m.0.m.1.cv2.conv,Conv2d,prune_in_channels,False,1,24,,
387,1,DG026,model.22.m.0.1.ffn.0.conv,model.22.m.0.1.ffn.0.conv,Conv2d,prune_out_channels,True,1,93,169,168
387,2,DG026,model.22.m.0.1.ffn.0.conv,model.22.m.0.1.ffn.0.bn,BatchNorm2d,prune_out_channels,True,1,93,,
387,3,DG026,model.22.m.0.1.ffn.0.conv,<unresolved>,_ElementWiseOp,prune_out_channels,True,1,93,,
387,4,DG026,model.22.m.0.1.ffn.0.conv,model.22.m.0.1.ffn.1.conv,Conv2d,prune_in_channels,False,1,93,,
388,1,DG026,model.22.m.0.1.ffn.0.conv,model.22.m.0.1.ffn.0.conv,Conv2d,prune_out_channels,True,1,160,168,167
388,2,DG026,model.22.m.0.1.ffn.0.conv,model.22.m.0.1.ffn.0.bn,BatchNorm2d,prune_out_channels,True,1,160,,
388,3,DG026,model.22.m.0.1.ffn.0.conv,<unresolved>,_ElementWiseOp,prune_out_channels,True,1,160,,
388,4,DG026,model.22.m.0.1.ffn.0.conv,model.22.m.0.1.ffn.1.conv,Conv2d,prune_in_channels,False,1,160,,
389,1,DG026,model.22.m.0.1.ffn.0.conv,model.22.m.0.1.ffn.0.conv,Conv2d,prune_out_channels,True,1,157,167,166
389,2,DG026,model.22.m.0.1.ffn.0.conv,model.22.m.0.1.ffn.0.bn,BatchNorm2d,prune_out_channels,True,1,157,,
389,3,DG026,model.22.m.0.1.ffn.0.conv,<unresolved>,_ElementWiseOp,prune_out_channels,True,1,157,,
389,4,DG026,model.22.m.0.1.ffn.0.conv,model.22.m.0.1.ffn.1.conv,Conv2d,prune_in_channels,False,1,157,,
390,1,DG026,model.22.m.0.1.ffn.0.conv,model.22.m.0.1.ffn.0.conv,Conv2d,prune_out_channels,True,1,145,166,165
390,2,DG026,model.22.m.0.1.ffn.0.conv,model.22.m.0.1.ffn.0.bn,BatchNorm2d,prune_out_channels,True,1,145,,
390,3,DG026,model.22.m.0.1.ffn.0.conv,<unresolved>,_ElementWiseOp,prune_out_channels,True,1,145,,
390,4,DG026,model.22.m.0.1.ffn.0.conv,model.22.m.0.1.ffn.1.conv,Conv2d,prune_in_channels,False,1,145,,
391,1,DG026,model.22.m.0.1.ffn.0.conv,model.22.m.0.1.ffn.0.conv,Conv2d,prune_out_channels,True,1,56,165,164
391,2,DG026,model.22.m.0.1.ffn.0.conv,model.22.m.0.1.ffn.0.bn,BatchNorm2d,prune_out_channels,True,1,56,,
391,3,DG026,model.22.m.0.1.ffn.0.conv,<unresolved>,_ElementWiseOp,prune_out_channels,True,1,56,,
391,4,DG026,model.22.m.0.1.ffn.0.conv,model.22.m.0.1.ffn.1.conv,Conv2d,prune_in_channels,False,1,56,,
392,1,DG004,model.10.m.0.ffn.0.conv,model.10.m.0.ffn.0.conv,Conv2d,prune_out_channels,True,1,234,253,252
392,2,DG004,model.10.m.0.ffn.0.conv,model.10.m.0.ffn.0.bn,BatchNorm2d,prune_out_channels,True,1,234,,
392,3,DG004,model.10.m.0.ffn.0.conv,<unresolved>,_ElementWiseOp,prune_out_channels,True,1,234,,
392,4,DG004,model.10.m.0.ffn.0.conv,model.10.m.0.ffn.1.conv,Conv2d,prune_in_channels,False,1,234,,
393,1,DG026,model.22.m.0.1.ffn.0.conv,model.22.m.0.1.ffn.0.conv,Conv2d,prune_out_channels,True,1,97,164,163
393,2,DG026,model.22.m.0.1.ffn.0.conv,model.22.m.0.1.ffn.0.bn,BatchNorm2d,prune_out_channels,True,1,97,,
393,3,DG026,model.22.m.0.1.ffn.0.conv,<unresolved>,_ElementWiseOp,prune_out_channels,True,1,97,,
393,4,DG026,model.22.m.0.1.ffn.0.conv,model.22.m.0.1.ffn.1.conv,Conv2d,prune_in_channels,False,1,97,,
394,1,DG026,model.22.m.0.1.ffn.0.conv,model.22.m.0.1.ffn.0.conv,Conv2d,prune_out_channels,True,1,63,163,162
394,2,DG026,model.22.m.0.1.ffn.0.conv,model.22.m.0.1.ffn.0.bn,BatchNorm2d,prune_out_channels,True,1,63,,
394,3,DG026,model.22.m.0.1.ffn.0.conv,<unresolved>,_ElementWiseOp,prune_out_channels,True,1,63,,
394,4,DG026,model.22.m.0.1.ffn.0.conv,model.22.m.0.1.ffn.1.conv,Conv2d,prune_in_channels,False,1,63,,
395,1,DG026,model.22.m.0.1.ffn.0.conv,model.22.m.0.1.ffn.0.conv,Conv2d,prune_out_channels,True,1,31,162,161
395,2,DG026,model.22.m.0.1.ffn.0.conv,model.22.m.0.1.ffn.0.bn,BatchNorm2d,prune_out_channels,True,1,31,,
395,3,DG026,model.22.m.0.1.ffn.0.conv,<unresolved>,_ElementWiseOp,prune_out_channels,True,1,31,,
395,4,DG026,model.22.m.0.1.ffn.0.conv,model.22.m.0.1.ffn.1.conv,Conv2d,prune_in_channels,False,1,31,,
396,1,DG039,model.8.m.0.cv2.conv,model.8.m.0.cv2.conv,Conv2d,prune_out_channels,True,1,36,63,62
396,2,DG039,model.8.m.0.cv2.conv,model.8.m.0.cv2.bn,BatchNorm2d,prune_out_channels,True,1,36,,
396,3,DG039,model.8.m.0.cv2.conv,<unresolved>,_ElementWiseOp,prune_out_channels,True,1,36,,
396,4,DG039,model.8.m.0.cv2.conv,<unresolved>,_ConcatOp,prune_out_channels,True,1,90,,
396,5,DG039,model.8.m.0.cv2.conv,model.8.m.0.cv3.conv,Conv2d,prune_in_channels,False,1,90,,
397,1,DG004,model.10.m.0.ffn.0.conv,model.10.m.0.ffn.0.conv,Conv2d,prune_out_channels,True,1,34,252,251
397,2,DG004,model.10.m.0.ffn.0.conv,model.10.m.0.ffn.0.bn,BatchNorm2d,prune_out_channels,True,1,34,,
397,3,DG004,model.10.m.0.ffn.0.conv,<unresolved>,_ElementWiseOp,prune_out_channels,True,1,34,,
397,4,DG004,model.10.m.0.ffn.0.conv,model.10.m.0.ffn.1.conv,Conv2d,prune_in_channels,False,1,34,,
398,1,DG026,model.22.m.0.1.ffn.0.conv,model.22.m.0.1.ffn.0.conv,Conv2d,prune_out_channels,True,1,30,161,160
398,2,DG026,model.22.m.0.1.ffn.0.conv,model.22.m.0.1.ffn.0.bn,BatchNorm2d,prune_out_channels,True,1,30,,
398,3,DG026,model.22.m.0.1.ffn.0.conv,<unresolved>,_ElementWiseOp,prune_out_channels,True,1,30,,
398,4,DG026,model.22.m.0.1.ffn.0.conv,model.22.m.0.1.ffn.1.conv,Conv2d,prune_in_channels,False,1,30,,
399,1,DG026,model.22.m.0.1.ffn.0.conv,model.22.m.0.1.ffn.0.conv,Conv2d,prune_out_channels,True,1,89,160,159
399,2,DG026,model.22.m.0.1.ffn.0.conv,model.22.m.0.1.ffn.0.bn,BatchNorm2d,prune_out_channels,True,1,89,,
399,3,DG026,model.22.m.0.1.ffn.0.conv,<unresolved>,_ElementWiseOp,prune_out_channels,True,1,89,,
399,4,DG026,model.22.m.0.1.ffn.0.conv,model.22.m.0.1.ffn.1.conv,Conv2d,prune_in_channels,False,1,89,,
400,1,DG026,model.22.m.0.1.ffn.0.conv,model.22.m.0.1.ffn.0.conv,Conv2d,prune_out_channels,True,1,0,159,158
400,2,DG026,model.22.m.0.1.ffn.0.conv,model.22.m.0.1.ffn.0.bn,BatchNorm2d,prune_out_channels,True,1,0,,
400,3,DG026,model.22.m.0.1.ffn.0.conv,<unresolved>,_ElementWiseOp,prune_out_channels,True,1,0,,
400,4,DG026,model.22.m.0.1.ffn.0.conv,model.22.m.0.1.ffn.1.conv,Conv2d,prune_in_channels,False,1,0,,
401,1,DG026,model.22.m.0.1.ffn.0.conv,model.22.m.0.1.ffn.0.conv,Conv2d,prune_out_channels,True,1,133,158,157
401,2,DG026,model.22.m.0.1.ffn.0.conv,model.22.m.0.1.ffn.0.bn,BatchNorm2d,prune_out_channels,True,1,133,,
401,3,DG026,model.22.m.0.1.ffn.0.conv,<unresolved>,_ElementWiseOp,prune_out_channels,True,1,133,,
401,4,DG026,model.22.m.0.1.ffn.0.conv,model.22.m.0.1.ffn.1.conv,Conv2d,prune_in_channels,False,1,133,,
402,1,DG026,model.22.m.0.1.ffn.0.conv,model.22.m.0.1.ffn.0.conv,Conv2d,prune_out_channels,True,1,82,157,156
402,2,DG026,model.22.m.0.1.ffn.0.conv,model.22.m.0.1.ffn.0.bn,BatchNorm2d,prune_out_channels,True,1,82,,
402,3,DG026,model.22.m.0.1.ffn.0.conv,<unresolved>,_ElementWiseOp,prune_out_channels,True,1,82,,
402,4,DG026,model.22.m.0.1.ffn.0.conv,model.22.m.0.1.ffn.1.conv,Conv2d,prune_in_channels,False,1,82,,
403,1,DG004,model.10.m.0.ffn.0.conv,model.10.m.0.ffn.0.conv,Conv2d,prune_out_channels,True,1,97,251,250
403,2,DG004,model.10.m.0.ffn.0.conv,model.10.m.0.ffn.0.bn,BatchNorm2d,prune_out_channels,True,1,97,,
403,3,DG004,model.10.m.0.ffn.0.conv,<unresolved>,_ElementWiseOp,prune_out_channels,True,1,97,,
403,4,DG004,model.10.m.0.ffn.0.conv,model.10.m.0.ffn.1.conv,Conv2d,prune_in_channels,False,1,97,,
404,1,DG026,model.22.m.0.1.ffn.0.conv,model.22.m.0.1.ffn.0.conv,Conv2d,prune_out_channels,True,1,70,156,155
404,2,DG026,model.22.m.0.1.ffn.0.conv,model.22.m.0.1.ffn.0.bn,BatchNorm2d,prune_out_channels,True,1,70,,
404,3,DG026,model.22.m.0.1.ffn.0.conv,<unresolved>,_ElementWiseOp,prune_out_channels,True,1,70,,
404,4,DG026,model.22.m.0.1.ffn.0.conv,model.22.m.0.1.ffn.1.conv,Conv2d,prune_in_channels,False,1,70,,
405,1,DG026,model.22.m.0.1.ffn.0.conv,model.22.m.0.1.ffn.0.conv,Conv2d,prune_out_channels,True,1,73,155,154
405,2,DG026,model.22.m.0.1.ffn.0.conv,model.22.m.0.1.ffn.0.bn,BatchNorm2d,prune_out_channels,True,1,73,,
405,3,DG026,model.22.m.0.1.ffn.0.conv,<unresolved>,_ElementWiseOp,prune_out_channels,True,1,73,,
405,4,DG026,model.22.m.0.1.ffn.0.conv,model.22.m.0.1.ffn.1.conv,Conv2d,prune_in_channels,False,1,73,,
406,1,DG026,model.22.m.0.1.ffn.0.conv,model.22.m.0.1.ffn.0.conv,Conv2d,prune_out_channels,True,1,70,154,153
406,2,DG026,model.22.m.0.1.ffn.0.conv,model.22.m.0.1.ffn.0.bn,BatchNorm2d,prune_out_channels,True,1,70,,
406,3,DG026,model.22.m.0.1.ffn.0.conv,<unresolved>,_ElementWiseOp,prune_out_channels,True,1,70,,
406,4,DG026,model.22.m.0.1.ffn.0.conv,model.22.m.0.1.ffn.1.conv,Conv2d,prune_in_channels,False,1,70,,
407,1,DG026,model.22.m.0.1.ffn.0.conv,model.22.m.0.1.ffn.0.conv,Conv2d,prune_out_channels,True,1,50,153,152
407,2,DG026,model.22.m.0.1.ffn.0.conv,model.22.m.0.1.ffn.0.bn,BatchNorm2d,prune_out_channels,True,1,50,,
407,3,DG026,model.22.m.0.1.ffn.0.conv,<unresolved>,_ElementWiseOp,prune_out_channels,True,1,50,,
407,4,DG026,model.22.m.0.1.ffn.0.conv,model.22.m.0.1.ffn.1.conv,Conv2d,prune_in_channels,False,1,50,,
408,1,DG026,model.22.m.0.1.ffn.0.conv,model.22.m.0.1.ffn.0.conv,Conv2d,prune_out_channels,True,1,73,152,151
408,2,DG026,model.22.m.0.1.ffn.0.conv,model.22.m.0.1.ffn.0.bn,BatchNorm2d,prune_out_channels,True,1,73,,
408,3,DG026,model.22.m.0.1.ffn.0.conv,<unresolved>,_ElementWiseOp,prune_out_channels,True,1,73,,
408,4,DG026,model.22.m.0.1.ffn.0.conv,model.22.m.0.1.ffn.1.conv,Conv2d,prune_in_channels,False,1,73,,
409,1,DG026,model.22.m.0.1.ffn.0.conv,model.22.m.0.1.ffn.0.conv,Conv2d,prune_out_channels,True,1,47,151,150
409,2,DG026,model.22.m.0.1.ffn.0.conv,model.22.m.0.1.ffn.0.bn,BatchNorm2d,prune_out_channels,True,1,47,,
409,3,DG026,model.22.m.0.1.ffn.0.conv,<unresolved>,_ElementWiseOp,prune_out_channels,True,1,47,,
409,4,DG026,model.22.m.0.1.ffn.0.conv,model.22.m.0.1.ffn.1.conv,Conv2d,prune_in_channels,False,1,47,,
410,1,DG004,model.10.m.0.ffn.0.conv,model.10.m.0.ffn.0.conv,Conv2d,prune_out_channels,True,1,148,250,249
410,2,DG004,model.10.m.0.ffn.0.conv,model.10.m.0.ffn.0.bn,BatchNorm2d,prune_out_channels,True,1,148,,
410,3,DG004,model.10.m.0.ffn.0.conv,<unresolved>,_ElementWiseOp,prune_out_channels,True,1,148,,
410,4,DG004,model.10.m.0.ffn.0.conv,model.10.m.0.ffn.1.conv,Conv2d,prune_in_channels,False,1,148,,
411,1,DG004,model.10.m.0.ffn.0.conv,model.10.m.0.ffn.0.conv,Conv2d,prune_out_channels,True,1,0,249,248
411,2,DG004,model.10.m.0.ffn.0.conv,model.10.m.0.ffn.0.bn,BatchNorm2d,prune_out_channels,True,1,0,,
411,3,DG004,model.10.m.0.ffn.0.conv,<unresolved>,_ElementWiseOp,prune_out_channels,True,1,0,,
411,4,DG004,model.10.m.0.ffn.0.conv,model.10.m.0.ffn.1.conv,Conv2d,prune_in_channels,False,1,0,,
412,1,DG026,model.22.m.0.1.ffn.0.conv,model.22.m.0.1.ffn.0.conv,Conv2d,prune_out_channels,True,1,61,150,149
412,2,DG026,model.22.m.0.1.ffn.0.conv,model.22.m.0.1.ffn.0.bn,BatchNorm2d,prune_out_channels,True,1,61,,
412,3,DG026,model.22.m.0.1.ffn.0.conv,<unresolved>,_ElementWiseOp,prune_out_channels,True,1,61,,
412,4,DG026,model.22.m.0.1.ffn.0.conv,model.22.m.0.1.ffn.1.conv,Conv2d,prune_in_channels,False,1,61,,
413,1,DG008,model.13.m.0.m.0.cv1.conv,model.13.m.0.m.0.cv1.conv,Conv2d,prune_out_channels,True,1,13,31,30
413,2,DG008,model.13.m.0.m.0.cv1.conv,model.13.m.0.m.0.cv1.bn,BatchNorm2d,prune_out_channels,True,1,13,,
413,3,DG008,model.13.m.0.m.0.cv1.conv,<unresolved>,_ElementWiseOp,prune_out_channels,True,1,13,,
413,4,DG008,model.13.m.0.m.0.cv1.conv,model.13.m.0.m.0.cv2.conv,Conv2d,prune_in_channels,False,1,13,,
414,1,DG026,model.22.m.0.1.ffn.0.conv,model.22.m.0.1.ffn.0.conv,Conv2d,prune_out_channels,True,1,102,149,148
414,2,DG026,model.22.m.0.1.ffn.0.conv,model.22.m.0.1.ffn.0.bn,BatchNorm2d,prune_out_channels,True,1,102,,
414,3,DG026,model.22.m.0.1.ffn.0.conv,<unresolved>,_ElementWiseOp,prune_out_channels,True,1,102,,
414,4,DG026,model.22.m.0.1.ffn.0.conv,model.22.m.0.1.ffn.1.conv,Conv2d,prune_in_channels,False,1,102,,
415,1,DG026,model.22.m.0.1.ffn.0.conv,model.22.m.0.1.ffn.0.conv,Conv2d,prune_out_channels,True,1,57,148,147
415,2,DG026,model.22.m.0.1.ffn.0.conv,model.22.m.0.1.ffn.0.bn,BatchNorm2d,prune_out_channels,True,1,57,,
415,3,DG026,model.22.m.0.1.ffn.0.conv,<unresolved>,_ElementWiseOp,prune_out_channels,True,1,57,,
415,4,DG026,model.22.m.0.1.ffn.0.conv,model.22.m.0.1.ffn.1.conv,Conv2d,prune_in_channels,False,1,57,,
416,1,DG038,model.8.m.0.cv1.conv,model.8.m.0.cv1.conv,Conv2d,prune_out_channels,True,1,17,54,53
416,2,DG038,model.8.m.0.cv1.conv,model.8.m.0.cv1.bn,BatchNorm2d,prune_out_channels,True,1,17,,
416,3,DG038,model.8.m.0.cv1.conv,<unresolved>,_ElementWiseOp,prune_out_channels,True,1,17,,
416,4,DG038,model.8.m.0.cv1.conv,<unresolved>,_ElementWiseOp,prune_out_channels,True,1,17,,
416,5,DG038,model.8.m.0.cv1.conv,model.8.m.0.m.0.cv1.conv,Conv2d,prune_in_channels,False,1,17,,
416,6,DG038,model.8.m.0.cv1.conv,<unresolved>,_ElementWiseOp,prune_out_channels,True,1,17,,
416,7,DG038,model.8.m.0.cv1.conv,<unresolved>,_ElementWiseOp,prune_out_channels,True,1,17,,
416,8,DG038,model.8.m.0.cv1.conv,model.8.m.0.m.1.cv1.conv,Conv2d,prune_in_channels,False,1,17,,
416,9,DG038,model.8.m.0.cv1.conv,<unresolved>,_ElementWiseOp,prune_out_channels,True,1,17,,
416,10,DG038,model.8.m.0.cv1.conv,<unresolved>,_ConcatOp,prune_out_channels,True,1,17,,
416,11,DG038,model.8.m.0.cv1.conv,model.8.m.0.cv3.conv,Conv2d,prune_in_channels,False,1,17,,
416,12,DG038,model.8.m.0.cv1.conv,model.8.m.0.m.1.cv2.bn,BatchNorm2d,prune_out_channels,True,1,17,,
416,13,DG038,model.8.m.0.cv1.conv,model.8.m.0.m.1.cv2.conv,Conv2d,prune_out_channels,True,1,17,54,53
416,14,DG038,model.8.m.0.cv1.conv,model.8.m.0.m.0.cv2.bn,BatchNorm2d,prune_out_channels,True,1,17,,
416,15,DG038,model.8.m.0.cv1.conv,model.8.m.0.m.0.cv2.conv,Conv2d,prune_out_channels,True,1,17,54,53
417,1,DG026,model.22.m.0.1.ffn.0.conv,model.22.m.0.1.ffn.0.conv,Conv2d,prune_out_channels,True,1,96,147,146
417,2,DG026,model.22.m.0.1.ffn.0.conv,model.22.m.0.1.ffn.0.bn,BatchNorm2d,prune_out_channels,True,1,96,,
417,3,DG026,model.22.m.0.1.ffn.0.conv,<unresolved>,_ElementWiseOp,prune_out_channels,True,1,96,,
417,4,DG026,model.22.m.0.1.ffn.0.conv,model.22.m.0.1.ffn.1.conv,Conv2d,prune_in_channels,False,1,96,,
418,1,DG004,model.10.m.0.ffn.0.conv,model.10.m.0.ffn.0.conv,Conv2d,prune_out_channels,True,1,204,248,247
418,2,DG004,model.10.m.0.ffn.0.conv,model.10.m.0.ffn.0.bn,BatchNorm2d,prune_out_channels,True,1,204,,
418,3,DG004,model.10.m.0.ffn.0.conv,<unresolved>,_ElementWiseOp,prune_out_channels,True,1,204,,
418,4,DG004,model.10.m.0.ffn.0.conv,model.10.m.0.ffn.1.conv,Conv2d,prune_in_channels,False,1,204,,
419,1,DG026,model.22.m.0.1.ffn.0.conv,model.22.m.0.1.ffn.0.conv,Conv2d,prune_out_channels,True,1,110,146,145
419,2,DG026,model.22.m.0.1.ffn.0.conv,model.22.m.0.1.ffn.0.bn,BatchNorm2d,prune_out_channels,True,1,110,,
419,3,DG026,model.22.m.0.1.ffn.0.conv,<unresolved>,_ElementWiseOp,prune_out_channels,True,1,110,,
419,4,DG026,model.22.m.0.1.ffn.0.conv,model.22.m.0.1.ffn.1.conv,Conv2d,prune_in_channels,False,1,110,,
420,1,DG026,model.22.m.0.1.ffn.0.conv,model.22.m.0.1.ffn.0.conv,Conv2d,prune_out_channels,True,1,67,145,144
420,2,DG026,model.22.m.0.1.ffn.0.conv,model.22.m.0.1.ffn.0.bn,BatchNorm2d,prune_out_channels,True,1,67,,
420,3,DG026,model.22.m.0.1.ffn.0.conv,<unresolved>,_ElementWiseOp,prune_out_channels,True,1,67,,
420,4,DG026,model.22.m.0.1.ffn.0.conv,model.22.m.0.1.ffn.1.conv,Conv2d,prune_in_channels,False,1,67,,
421,1,DG004,model.10.m.0.ffn.0.conv,model.10.m.0.ffn.0.conv,Conv2d,prune_out_channels,True,1,196,247,246
421,2,DG004,model.10.m.0.ffn.0.conv,model.10.m.0.ffn.0.bn,BatchNorm2d,prune_out_channels,True,1,196,,
421,3,DG004,model.10.m.0.ffn.0.conv,<unresolved>,_ElementWiseOp,prune_out_channels,True,1,196,,
421,4,DG004,model.10.m.0.ffn.0.conv,model.10.m.0.ffn.1.conv,Conv2d,prune_in_channels,False,1,196,,
422,1,DG026,model.22.m.0.1.ffn.0.conv,model.22.m.0.1.ffn.0.conv,Conv2d,prune_out_channels,True,1,27,144,143
422,2,DG026,model.22.m.0.1.ffn.0.conv,model.22.m.0.1.ffn.0.bn,BatchNorm2d,prune_out_channels,True,1,27,,
422,3,DG026,model.22.m.0.1.ffn.0.conv,<unresolved>,_ElementWiseOp,prune_out_channels,True,1,27,,
422,4,DG026,model.22.m.0.1.ffn.0.conv,model.22.m.0.1.ffn.1.conv,Conv2d,prune_in_channels,False,1,27,,
423,1,DG004,model.10.m.0.ffn.0.conv,model.10.m.0.ffn.0.conv,Conv2d,prune_out_channels,True,1,88,246,245
423,2,DG004,model.10.m.0.ffn.0.conv,model.10.m.0.ffn.0.bn,BatchNorm2d,prune_out_channels,True,1,88,,
423,3,DG004,model.10.m.0.ffn.0.conv,<unresolved>,_ElementWiseOp,prune_out_channels,True,1,88,,
423,4,DG004,model.10.m.0.ffn.0.conv,model.10.m.0.ffn.1.conv,Conv2d,prune_in_channels,False,1,88,,
424,1,DG026,model.22.m.0.1.ffn.0.conv,model.22.m.0.1.ffn.0.conv,Conv2d,prune_out_channels,True,1,119,143,142
424,2,DG026,model.22.m.0.1.ffn.0.conv,model.22.m.0.1.ffn.0.bn,BatchNorm2d,prune_out_channels,True,1,119,,
424,3,DG026,model.22.m.0.1.ffn.0.conv,<unresolved>,_ElementWiseOp,prune_out_channels,True,1,119,,
424,4,DG026,model.22.m.0.1.ffn.0.conv,model.22.m.0.1.ffn.1.conv,Conv2d,prune_in_channels,False,1,119,,
425,1,DG034,model.6.m.0.m.0.cv1.conv,model.6.m.0.m.0.cv1.conv,Conv2d,prune_out_channels,True,1,18,29,28
425,2,DG034,model.6.m.0.m.0.cv1.conv,model.6.m.0.m.0.cv1.bn,BatchNorm2d,prune_out_channels,True,1,18,,
425,3,DG034,model.6.m.0.m.0.cv1.conv,<unresolved>,_ElementWiseOp,prune_out_channels,True,1,18,,
425,4,DG034,model.6.m.0.m.0.cv1.conv,model.6.m.0.m.0.cv2.conv,Conv2d,prune_in_channels,False,1,18,,
426,1,DG035,model.6.m.0.m.1.cv1.conv,model.6.m.0.m.1.cv1.conv,Conv2d,prune_out_channels,True,1,23,28,27
426,2,DG035,model.6.m.0.m.1.cv1.conv,model.6.m.0.m.1.cv1.bn,BatchNorm2d,prune_out_channels,True,1,23,,
426,3,DG035,model.6.m.0.m.1.cv1.conv,<unresolved>,_ElementWiseOp,prune_out_channels,True,1,23,,
426,4,DG035,model.6.m.0.m.1.cv1.conv,model.6.m.0.m.1.cv2.conv,Conv2d,prune_in_channels,False,1,23,,
427,1,DG004,model.10.m.0.ffn.0.conv,model.10.m.0.ffn.0.conv,Conv2d,prune_out_channels,True,1,76,245,244
427,2,DG004,model.10.m.0.ffn.0.conv,model.10.m.0.ffn.0.bn,BatchNorm2d,prune_out_channels,True,1,76,,
427,3,DG004,model.10.m.0.ffn.0.conv,<unresolved>,_ElementWiseOp,prune_out_channels,True,1,76,,
427,4,DG004,model.10.m.0.ffn.0.conv,model.10.m.0.ffn.1.conv,Conv2d,prune_in_channels,False,1,76,,
