step,operation_index,selected_group_id,selected_root_module,module_name,module_type,handler,is_out_channel_prune,index_count,indices,current_out_channels,projected_out_channels
1,1,DG001,model.0.conv,model.0.conv,Conv2d,prune_out_channels,True,1,6,16,15
1,2,DG001,model.0.conv,model.0.bn,BatchNorm2d,prune_out_channels,True,1,6,,
1,3,DG001,model.0.conv,<unresolved>,_ElementWiseOp,prune_out_channels,True,1,6,,
1,4,DG001,model.0.conv,model.1.conv,Conv2d,prune_in_channels,False,1,6,,
2,1,DG001,model.0.conv,model.0.conv,Conv2d,prune_out_channels,True,1,4,15,14
2,2,DG001,model.0.conv,model.0.bn,BatchNorm2d,prune_out_channels,True,1,4,,
2,3,DG001,model.0.conv,<unresolved>,_ElementWiseOp,prune_out_channels,True,1,4,,
2,4,DG001,model.0.conv,model.1.conv,Conv2d,prune_in_channels,False,1,4,,
3,1,DG012,model.16.m.0.cv2.conv,model.16.m.0.cv2.conv,Conv2d,prune_out_channels,True,1,10,16,15
3,2,DG012,model.16.m.0.cv2.conv,model.16.m.0.cv2.bn,BatchNorm2d,prune_out_channels,True,1,10,,
3,3,DG012,model.16.m.0.cv2.conv,<unresolved>,_ElementWiseOp,prune_out_channels,True,1,10,,
3,4,DG012,model.16.m.0.cv2.conv,<unresolved>,_ConcatOp,prune_out_channels,True,1,26,,
3,5,DG012,model.16.m.0.cv2.conv,model.16.m.0.cv3.conv,Conv2d,prune_in_channels,False,1,26,,
4,1,DG001,model.0.conv,model.0.conv,Conv2d,prune_out_channels,True,1,10,14,13
4,2,DG001,model.0.conv,model.0.bn,BatchNorm2d,prune_out_channels,True,1,10,,
4,3,DG001,model.0.conv,<unresolved>,_ElementWiseOp,prune_out_channels,True,1,10,,
4,4,DG001,model.0.conv,model.1.conv,Conv2d,prune_in_channels,False,1,10,,
5,1,DG012,model.16.m.0.cv2.conv,model.16.m.0.cv2.conv,Conv2d,prune_out_channels,True,1,11,15,14
5,2,DG012,model.16.m.0.cv2.conv,model.16.m.0.cv2.bn,BatchNorm2d,prune_out_channels,True,1,11,,
5,3,DG012,model.16.m.0.cv2.conv,<unresolved>,_ElementWiseOp,prune_out_channels,True,1,11,,
5,4,DG012,model.16.m.0.cv2.conv,<unresolved>,_ConcatOp,prune_out_channels,True,1,27,,
5,5,DG012,model.16.m.0.cv2.conv,model.16.m.0.cv3.conv,Conv2d,prune_in_channels,False,1,27,,
6,1,DG012,model.16.m.0.cv2.conv,model.16.m.0.cv2.conv,Conv2d,prune_out_channels,True,1,3,14,13
6,2,DG012,model.16.m.0.cv2.conv,model.16.m.0.cv2.bn,BatchNorm2d,prune_out_channels,True,1,3,,
6,3,DG012,model.16.m.0.cv2.conv,<unresolved>,_ElementWiseOp,prune_out_channels,True,1,3,,
6,4,DG012,model.16.m.0.cv2.conv,<unresolved>,_ConcatOp,prune_out_channels,True,1,19,,
6,5,DG012,model.16.m.0.cv2.conv,model.16.m.0.cv3.conv,Conv2d,prune_in_channels,False,1,19,,
7,1,DG012,model.16.m.0.cv2.conv,model.16.m.0.cv2.conv,Conv2d,prune_out_channels,True,1,4,13,12
7,2,DG012,model.16.m.0.cv2.conv,model.16.m.0.cv2.bn,BatchNorm2d,prune_out_channels,True,1,4,,
7,3,DG012,model.16.m.0.cv2.conv,<unresolved>,_ElementWiseOp,prune_out_channels,True,1,4,,
7,4,DG012,model.16.m.0.cv2.conv,<unresolved>,_ConcatOp,prune_out_channels,True,1,20,,
7,5,DG012,model.16.m.0.cv2.conv,model.16.m.0.cv3.conv,Conv2d,prune_in_channels,False,1,20,,
8,1,DG012,model.16.m.0.cv2.conv,model.16.m.0.cv2.conv,Conv2d,prune_out_channels,True,1,2,12,11
8,2,DG012,model.16.m.0.cv2.conv,model.16.m.0.cv2.bn,BatchNorm2d,prune_out_channels,True,1,2,,
8,3,DG012,model.16.m.0.cv2.conv,<unresolved>,_ElementWiseOp,prune_out_channels,True,1,2,,
8,4,DG012,model.16.m.0.cv2.conv,<unresolved>,_ConcatOp,prune_out_channels,True,1,18,,
8,5,DG012,model.16.m.0.cv2.conv,model.16.m.0.cv3.conv,Conv2d,prune_in_channels,False,1,18,,
9,1,DG012,model.16.m.0.cv2.conv,model.16.m.0.cv2.conv,Conv2d,prune_out_channels,True,1,3,11,10
9,2,DG012,model.16.m.0.cv2.conv,model.16.m.0.cv2.bn,BatchNorm2d,prune_out_channels,True,1,3,,
9,3,DG012,model.16.m.0.cv2.conv,<unresolved>,_ElementWiseOp,prune_out_channels,True,1,3,,
9,4,DG012,model.16.m.0.cv2.conv,<unresolved>,_ConcatOp,prune_out_channels,True,1,19,,
9,5,DG012,model.16.m.0.cv2.conv,model.16.m.0.cv3.conv,Conv2d,prune_in_channels,False,1,19,,
10,1,DG011,model.16.m.0.cv1.conv,model.16.m.0.cv1.conv,Conv2d,prune_out_channels,True,1,8,16,15
10,2,DG011,model.16.m.0.cv1.conv,model.16.m.0.cv1.bn,BatchNorm2d,prune_out_channels,True,1,8,,
10,3,DG011,model.16.m.0.cv1.conv,<unresolved>,_ElementWiseOp,prune_out_channels,True,1,8,,
10,4,DG011,model.16.m.0.cv1.conv,<unresolved>,_ElementWiseOp,prune_out_channels,True,1,8,,
10,5,DG011,model.16.m.0.cv1.conv,model.16.m.0.m.0.cv1.conv,Conv2d,prune_in_channels,False,1,8,,
10,6,DG011,model.16.m.0.cv1.conv,<unresolved>,_ElementWiseOp,prune_out_channels,True,1,8,,
10,7,DG011,model.16.m.0.cv1.conv,<unresolved>,_ElementWiseOp,prune_out_channels,True,1,8,,
10,8,DG011,model.16.m.0.cv1.conv,model.16.m.0.m.1.cv1.conv,Conv2d,prune_in_channels,False,1,8,,
10,9,DG011,model.16.m.0.cv1.conv,<unresolved>,_ElementWiseOp,prune_out_channels,True,1,8,,
10,10,DG011,model.16.m.0.cv1.conv,<unresolved>,_ConcatOp,prune_out_channels,True,1,8,,
10,11,DG011,model.16.m.0.cv1.conv,model.16.m.0.cv3.conv,Conv2d,prune_in_channels,False,1,8,,
10,12,DG011,model.16.m.0.cv1.conv,model.16.m.0.m.1.cv2.bn,BatchNorm2d,prune_out_channels,True,1,8,,
10,13,DG011,model.16.m.0.cv1.conv,model.16.m.0.m.1.cv2.conv,Conv2d,prune_out_channels,True,1,8,16,15
10,14,DG011,model.16.m.0.cv1.conv,model.16.m.0.m.0.cv2.bn,BatchNorm2d,prune_out_channels,True,1,8,,
10,15,DG011,model.16.m.0.cv1.conv,model.16.m.0.m.0.cv2.conv,Conv2d,prune_out_channels,True,1,8,16,15
11,1,DG021,model.2.cv2.conv,model.2.cv2.conv,Conv2d,prune_out_channels,True,1,31,64,63
11,2,DG021,model.2.cv2.conv,model.2.cv2.bn,BatchNorm2d,prune_out_channels,True,1,31,,
11,3,DG021,model.2.cv2.conv,<unresolved>,_ElementWiseOp,prune_out_channels,True,1,31,,
11,4,DG021,model.2.cv2.conv,model.3.conv,Conv2d,prune_in_channels,False,1,31,,
12,1,DG018,model.19.m.0.cv2.conv,model.19.m.0.cv2.conv,Conv2d,prune_out_channels,True,1,28,32,31
12,2,DG018,model.19.m.0.cv2.conv,model.19.m.0.cv2.bn,BatchNorm2d,prune_out_channels,True,1,28,,
12,3,DG018,model.19.m.0.cv2.conv,<unresolved>,_ElementWiseOp,prune_out_channels,True,1,28,,
12,4,DG018,model.19.m.0.cv2.conv,<unresolved>,_ConcatOp,prune_out_channels,True,1,60,,
12,5,DG018,model.19.m.0.cv2.conv,model.19.m.0.cv3.conv,Conv2d,prune_in_channels,False,1,60,,
13,1,DG026,model.22.m.0.1.ffn.0.conv,model.22.m.0.1.ffn.0.conv,Conv2d,prune_out_channels,True,1,238,256,255
13,2,DG026,model.22.m.0.1.ffn.0.conv,model.22.m.0.1.ffn.0.bn,BatchNorm2d,prune_out_channels,True,1,238,,
13,3,DG026,model.22.m.0.1.ffn.0.conv,<unresolved>,_ElementWiseOp,prune_out_channels,True,1,238,,
13,4,DG026,model.22.m.0.1.ffn.0.conv,model.22.m.0.1.ffn.1.conv,Conv2d,prune_in_channels,False,1,238,,
14,1,DG018,model.19.m.0.cv2.conv,model.19.m.0.cv2.conv,Conv2d,prune_out_channels,True,1,6,31,30
14,2,DG018,model.19.m.0.cv2.conv,model.19.m.0.cv2.bn,BatchNorm2d,prune_out_channels,True,1,6,,
14,3,DG018,model.19.m.0.cv2.conv,<unresolved>,_ElementWiseOp,prune_out_channels,True,1,6,,
14,4,DG018,model.19.m.0.cv2.conv,<unresolved>,_ConcatOp,prune_out_channels,True,1,38,,
14,5,DG018,model.19.m.0.cv2.conv,model.19.m.0.cv3.conv,Conv2d,prune_in_channels,False,1,38,,
15,1,DG012,model.16.m.0.cv2.conv,model.16.m.0.cv2.conv,Conv2d,prune_out_channels,True,1,3,10,9
15,2,DG012,model.16.m.0.cv2.conv,model.16.m.0.cv2.bn,BatchNorm2d,prune_out_channels,True,1,3,,
15,3,DG012,model.16.m.0.cv2.conv,<unresolved>,_ElementWiseOp,prune_out_channels,True,1,3,,
15,4,DG012,model.16.m.0.cv2.conv,<unresolved>,_ConcatOp,prune_out_channels,True,1,18,,
15,5,DG012,model.16.m.0.cv2.conv,model.16.m.0.cv3.conv,Conv2d,prune_in_channels,False,1,18,,
16,1,DG012,model.16.m.0.cv2.conv,model.16.m.0.cv2.conv,Conv2d,prune_out_channels,True,1,7,9,8
16,2,DG012,model.16.m.0.cv2.conv,model.16.m.0.cv2.bn,BatchNorm2d,prune_out_channels,True,1,7,,
16,3,DG012,model.16.m.0.cv2.conv,<unresolved>,_ElementWiseOp,prune_out_channels,True,1,7,,
16,4,DG012,model.16.m.0.cv2.conv,<unresolved>,_ConcatOp,prune_out_channels,True,1,22,,
16,5,DG012,model.16.m.0.cv2.conv,model.16.m.0.cv3.conv,Conv2d,prune_in_channels,False,1,22,,
17,1,DG026,model.22.m.0.1.ffn.0.conv,model.22.m.0.1.ffn.0.conv,Conv2d,prune_out_channels,True,1,6,255,254
17,2,DG026,model.22.m.0.1.ffn.0.conv,model.22.m.0.1.ffn.0.bn,BatchNorm2d,prune_out_channels,True,1,6,,
17,3,DG026,model.22.m.0.1.ffn.0.conv,<unresolved>,_ElementWiseOp,prune_out_channels,True,1,6,,
17,4,DG026,model.22.m.0.1.ffn.0.conv,model.22.m.0.1.ffn.1.conv,Conv2d,prune_in_channels,False,1,6,,
18,1,DG018,model.19.m.0.cv2.conv,model.19.m.0.cv2.conv,Conv2d,prune_out_channels,True,1,21,30,29
18,2,DG018,model.19.m.0.cv2.conv,model.19.m.0.cv2.bn,BatchNorm2d,prune_out_channels,True,1,21,,
18,3,DG018,model.19.m.0.cv2.conv,<unresolved>,_ElementWiseOp,prune_out_channels,True,1,21,,
18,4,DG018,model.19.m.0.cv2.conv,<unresolved>,_ConcatOp,prune_out_channels,True,1,53,,
18,5,DG018,model.19.m.0.cv2.conv,model.19.m.0.cv3.conv,Conv2d,prune_in_channels,False,1,53,,
19,1,DG026,model.22.m.0.1.ffn.0.conv,model.22.m.0.1.ffn.0.conv,Conv2d,prune_out_channels,True,1,167,254,253
19,2,DG026,model.22.m.0.1.ffn.0.conv,model.22.m.0.1.ffn.0.bn,BatchNorm2d,prune_out_channels,True,1,167,,
19,3,DG026,model.22.m.0.1.ffn.0.conv,<unresolved>,_ElementWiseOp,prune_out_channels,True,1,167,,
19,4,DG026,model.22.m.0.1.ffn.0.conv,model.22.m.0.1.ffn.1.conv,Conv2d,prune_in_channels,False,1,167,,
20,1,DG018,model.19.m.0.cv2.conv,model.19.m.0.cv2.conv,Conv2d,prune_out_channels,True,1,6,29,28
20,2,DG018,model.19.m.0.cv2.conv,model.19.m.0.cv2.bn,BatchNorm2d,prune_out_channels,True,1,6,,
20,3,DG018,model.19.m.0.cv2.conv,<unresolved>,_ElementWiseOp,prune_out_channels,True,1,6,,
20,4,DG018,model.19.m.0.cv2.conv,<unresolved>,_ConcatOp,prune_out_channels,True,1,38,,
20,5,DG018,model.19.m.0.cv2.conv,model.19.m.0.cv3.conv,Conv2d,prune_in_channels,False,1,38,,
21,1,DG026,model.22.m.0.1.ffn.0.conv,model.22.m.0.1.ffn.0.conv,Conv2d,prune_out_channels,True,1,76,253,252
21,2,DG026,model.22.m.0.1.ffn.0.conv,model.22.m.0.1.ffn.0.bn,BatchNorm2d,prune_out_channels,True,1,76,,
21,3,DG026,model.22.m.0.1.ffn.0.conv,<unresolved>,_ElementWiseOp,prune_out_channels,True,1,76,,
21,4,DG026,model.22.m.0.1.ffn.0.conv,model.22.m.0.1.ffn.1.conv,Conv2d,prune_in_channels,False,1,76,,
22,1,DG026,model.22.m.0.1.ffn.0.conv,model.22.m.0.1.ffn.0.conv,Conv2d,prune_out_channels,True,1,210,252,251
22,2,DG026,model.22.m.0.1.ffn.0.conv,model.22.m.0.1.ffn.0.bn,BatchNorm2d,prune_out_channels,True,1,210,,
22,3,DG026,model.22.m.0.1.ffn.0.conv,<unresolved>,_ElementWiseOp,prune_out_channels,True,1,210,,
22,4,DG026,model.22.m.0.1.ffn.0.conv,model.22.m.0.1.ffn.1.conv,Conv2d,prune_in_channels,False,1,210,,
23,1,DG033,model.6.m.0.cv2.conv,model.6.m.0.cv2.conv,Conv2d,prune_out_channels,True,1,2,32,31
23,2,DG033,model.6.m.0.cv2.conv,model.6.m.0.cv2.bn,BatchNorm2d,prune_out_channels,True,1,2,,
23,3,DG033,model.6.m.0.cv2.conv,<unresolved>,_ElementWiseOp,prune_out_channels,True,1,2,,
23,4,DG033,model.6.m.0.cv2.conv,<unresolved>,_ConcatOp,prune_out_channels,True,1,34,,
23,5,DG033,model.6.m.0.cv2.conv,model.6.m.0.cv3.conv,Conv2d,prune_in_channels,False,1,34,,
24,1,DG018,model.19.m.0.cv2.conv,model.19.m.0.cv2.conv,Conv2d,prune_out_channels,True,1,9,28,27
24,2,DG018,model.19.m.0.cv2.conv,model.19.m.0.cv2.bn,BatchNorm2d,prune_out_channels,True,1,9,,
24,3,DG018,model.19.m.0.cv2.conv,<unresolved>,_ElementWiseOp,prune_out_channels,True,1,9,,
24,4,DG018,model.19.m.0.cv2.conv,<unresolved>,_ConcatOp,prune_out_channels,True,1,41,,
24,5,DG018,model.19.m.0.cv2.conv,model.19.m.0.cv3.conv,Conv2d,prune_in_channels,False,1,41,,
25,1,DG018,model.19.m.0.cv2.conv,model.19.m.0.cv2.conv,Conv2d,prune_out_channels,True,1,3,27,26
25,2,DG018,model.19.m.0.cv2.conv,model.19.m.0.cv2.bn,BatchNorm2d,prune_out_channels,True,1,3,,
25,3,DG018,model.19.m.0.cv2.conv,<unresolved>,_ElementWiseOp,prune_out_channels,True,1,3,,
25,4,DG018,model.19.m.0.cv2.conv,<unresolved>,_ConcatOp,prune_out_channels,True,1,35,,
25,5,DG018,model.19.m.0.cv2.conv,model.19.m.0.cv3.conv,Conv2d,prune_in_channels,False,1,35,,
26,1,DG018,model.19.m.0.cv2.conv,model.19.m.0.cv2.conv,Conv2d,prune_out_channels,True,1,4,26,25
26,2,DG018,model.19.m.0.cv2.conv,model.19.m.0.cv2.bn,BatchNorm2d,prune_out_channels,True,1,4,,
26,3,DG018,model.19.m.0.cv2.conv,<unresolved>,_ElementWiseOp,prune_out_channels,True,1,4,,
26,4,DG018,model.19.m.0.cv2.conv,<unresolved>,_ConcatOp,prune_out_channels,True,1,36,,
26,5,DG018,model.19.m.0.cv2.conv,model.19.m.0.cv3.conv,Conv2d,prune_in_channels,False,1,36,,
27,1,DG026,model.22.m.0.1.ffn.0.conv,model.22.m.0.1.ffn.0.conv,Conv2d,prune_out_channels,True,1,100,251,250
27,2,DG026,model.22.m.0.1.ffn.0.conv,model.22.m.0.1.ffn.0.bn,BatchNorm2d,prune_out_channels,True,1,100,,
27,3,DG026,model.22.m.0.1.ffn.0.conv,<unresolved>,_ElementWiseOp,prune_out_channels,True,1,100,,
27,4,DG026,model.22.m.0.1.ffn.0.conv,model.22.m.0.1.ffn.1.conv,Conv2d,prune_in_channels,False,1,100,,
28,1,DG018,model.19.m.0.cv2.conv,model.19.m.0.cv2.conv,Conv2d,prune_out_channels,True,1,12,25,24
28,2,DG018,model.19.m.0.cv2.conv,model.19.m.0.cv2.bn,BatchNorm2d,prune_out_channels,True,1,12,,
28,3,DG018,model.19.m.0.cv2.conv,<unresolved>,_ElementWiseOp,prune_out_channels,True,1,12,,
28,4,DG018,model.19.m.0.cv2.conv,<unresolved>,_ConcatOp,prune_out_channels,True,1,44,,
28,5,DG018,model.19.m.0.cv2.conv,model.19.m.0.cv3.conv,Conv2d,prune_in_channels,False,1,44,,
29,1,DG026,model.22.m.0.1.ffn.0.conv,model.22.m.0.1.ffn.0.conv,Conv2d,prune_out_channels,True,1,194,250,249
29,2,DG026,model.22.m.0.1.ffn.0.conv,model.22.m.0.1.ffn.0.bn,BatchNorm2d,prune_out_channels,True,1,194,,
29,3,DG026,model.22.m.0.1.ffn.0.conv,<unresolved>,_ElementWiseOp,prune_out_channels,True,1,194,,
29,4,DG026,model.22.m.0.1.ffn.0.conv,model.22.m.0.1.ffn.1.conv,Conv2d,prune_in_channels,False,1,194,,
30,1,DG033,model.6.m.0.cv2.conv,model.6.m.0.cv2.conv,Conv2d,prune_out_channels,True,1,22,31,30
30,2,DG033,model.6.m.0.cv2.conv,model.6.m.0.cv2.bn,BatchNorm2d,prune_out_channels,True,1,22,,
30,3,DG033,model.6.m.0.cv2.conv,<unresolved>,_ElementWiseOp,prune_out_channels,True,1,22,,
30,4,DG033,model.6.m.0.cv2.conv,<unresolved>,_ConcatOp,prune_out_channels,True,1,54,,
30,5,DG033,model.6.m.0.cv2.conv,model.6.m.0.cv3.conv,Conv2d,prune_in_channels,False,1,54,,
31,1,DG026,model.22.m.0.1.ffn.0.conv,model.22.m.0.1.ffn.0.conv,Conv2d,prune_out_channels,True,1,16,249,248
31,2,DG026,model.22.m.0.1.ffn.0.conv,model.22.m.0.1.ffn.0.bn,BatchNorm2d,prune_out_channels,True,1,16,,
31,3,DG026,model.22.m.0.1.ffn.0.conv,<unresolved>,_ElementWiseOp,prune_out_channels,True,1,16,,
31,4,DG026,model.22.m.0.1.ffn.0.conv,model.22.m.0.1.ffn.1.conv,Conv2d,prune_in_channels,False,1,16,,
32,1,DG018,model.19.m.0.cv2.conv,model.19.m.0.cv2.conv,Conv2d,prune_out_channels,True,1,15,24,23
32,2,DG018,model.19.m.0.cv2.conv,model.19.m.0.cv2.bn,BatchNorm2d,prune_out_channels,True,1,15,,
32,3,DG018,model.19.m.0.cv2.conv,<unresolved>,_ElementWiseOp,prune_out_channels,True,1,15,,
32,4,DG018,model.19.m.0.cv2.conv,<unresolved>,_ConcatOp,prune_out_channels,True,1,47,,
32,5,DG018,model.19.m.0.cv2.conv,model.19.m.0.cv3.conv,Conv2d,prune_in_channels,False,1,47,,
33,1,DG026,model.22.m.0.1.ffn.0.conv,model.22.m.0.1.ffn.0.conv,Conv2d,prune_out_channels,True,1,143,248,247
33,2,DG026,model.22.m.0.1.ffn.0.conv,model.22.m.0.1.ffn.0.bn,BatchNorm2d,prune_out_channels,True,1,143,,
33,3,DG026,model.22.m.0.1.ffn.0.conv,<unresolved>,_ElementWiseOp,prune_out_channels,True,1,143,,
33,4,DG026,model.22.m.0.1.ffn.0.conv,model.22.m.0.1.ffn.1.conv,Conv2d,prune_in_channels,False,1,143,,
34,1,DG021,model.2.cv2.conv,model.2.cv2.conv,Conv2d,prune_out_channels,True,1,42,63,62
34,2,DG021,model.2.cv2.conv,model.2.cv2.bn,BatchNorm2d,prune_out_channels,True,1,42,,
34,3,DG021,model.2.cv2.conv,<unresolved>,_ElementWiseOp,prune_out_channels,True,1,42,,
34,4,DG021,model.2.cv2.conv,model.3.conv,Conv2d,prune_in_channels,False,1,42,,
35,1,DG018,model.19.m.0.cv2.conv,model.19.m.0.cv2.conv,Conv2d,prune_out_channels,True,1,9,23,22
35,2,DG018,model.19.m.0.cv2.conv,model.19.m.0.cv2.bn,BatchNorm2d,prune_out_channels,True,1,9,,
35,3,DG018,model.19.m.0.cv2.conv,<unresolved>,_ElementWiseOp,prune_out_channels,True,1,9,,
35,4,DG018,model.19.m.0.cv2.conv,<unresolved>,_ConcatOp,prune_out_channels,True,1,41,,
35,5,DG018,model.19.m.0.cv2.conv,model.19.m.0.cv3.conv,Conv2d,prune_in_channels,False,1,41,,
36,1,DG018,model.19.m.0.cv2.conv,model.19.m.0.cv2.conv,Conv2d,prune_out_channels,True,1,6,22,21
36,2,DG018,model.19.m.0.cv2.conv,model.19.m.0.cv2.bn,BatchNorm2d,prune_out_channels,True,1,6,,
36,3,DG018,model.19.m.0.cv2.conv,<unresolved>,_ElementWiseOp,prune_out_channels,True,1,6,,
36,4,DG018,model.19.m.0.cv2.conv,<unresolved>,_ConcatOp,prune_out_channels,True,1,38,,
36,5,DG018,model.19.m.0.cv2.conv,model.19.m.0.cv3.conv,Conv2d,prune_in_channels,False,1,38,,
37,1,DG021,model.2.cv2.conv,model.2.cv2.conv,Conv2d,prune_out_channels,True,1,24,62,61
37,2,DG021,model.2.cv2.conv,model.2.cv2.bn,BatchNorm2d,prune_out_channels,True,1,24,,
37,3,DG021,model.2.cv2.conv,<unresolved>,_ElementWiseOp,prune_out_channels,True,1,24,,
37,4,DG021,model.2.cv2.conv,model.3.conv,Conv2d,prune_in_channels,False,1,24,,
38,1,DG026,model.22.m.0.1.ffn.0.conv,model.22.m.0.1.ffn.0.conv,Conv2d,prune_out_channels,True,1,210,247,246
38,2,DG026,model.22.m.0.1.ffn.0.conv,model.22.m.0.1.ffn.0.bn,BatchNorm2d,prune_out_channels,True,1,210,,
38,3,DG026,model.22.m.0.1.ffn.0.conv,<unresolved>,_ElementWiseOp,prune_out_channels,True,1,210,,
38,4,DG026,model.22.m.0.1.ffn.0.conv,model.22.m.0.1.ffn.1.conv,Conv2d,prune_in_channels,False,1,210,,
39,1,DG018,model.19.m.0.cv2.conv,model.19.m.0.cv2.conv,Conv2d,prune_out_channels,True,1,16,21,20
39,2,DG018,model.19.m.0.cv2.conv,model.19.m.0.cv2.bn,BatchNorm2d,prune_out_channels,True,1,16,,
39,3,DG018,model.19.m.0.cv2.conv,<unresolved>,_ElementWiseOp,prune_out_channels,True,1,16,,
39,4,DG018,model.19.m.0.cv2.conv,<unresolved>,_ConcatOp,prune_out_channels,True,1,48,,
39,5,DG018,model.19.m.0.cv2.conv,model.19.m.0.cv3.conv,Conv2d,prune_in_channels,False,1,48,,
40,1,DG021,model.2.cv2.conv,model.2.cv2.conv,Conv2d,prune_out_channels,True,1,26,61,60
40,2,DG021,model.2.cv2.conv,model.2.cv2.bn,BatchNorm2d,prune_out_channels,True,1,26,,
40,3,DG021,model.2.cv2.conv,<unresolved>,_ElementWiseOp,prune_out_channels,True,1,26,,
40,4,DG021,model.2.cv2.conv,model.3.conv,Conv2d,prune_in_channels,False,1,26,,
41,1,DG026,model.22.m.0.1.ffn.0.conv,model.22.m.0.1.ffn.0.conv,Conv2d,prune_out_channels,True,1,175,246,245
41,2,DG026,model.22.m.0.1.ffn.0.conv,model.22.m.0.1.ffn.0.bn,BatchNorm2d,prune_out_channels,True,1,175,,
41,3,DG026,model.22.m.0.1.ffn.0.conv,<unresolved>,_ElementWiseOp,prune_out_channels,True,1,175,,
41,4,DG026,model.22.m.0.1.ffn.0.conv,model.22.m.0.1.ffn.1.conv,Conv2d,prune_in_channels,False,1,175,,
42,1,DG026,model.22.m.0.1.ffn.0.conv,model.22.m.0.1.ffn.0.conv,Conv2d,prune_out_channels,True,1,110,245,244
42,2,DG026,model.22.m.0.1.ffn.0.conv,model.22.m.0.1.ffn.0.bn,BatchNorm2d,prune_out_channels,True,1,110,,
42,3,DG026,model.22.m.0.1.ffn.0.conv,<unresolved>,_ElementWiseOp,prune_out_channels,True,1,110,,
42,4,DG026,model.22.m.0.1.ffn.0.conv,model.22.m.0.1.ffn.1.conv,Conv2d,prune_in_channels,False,1,110,,
43,1,DG026,model.22.m.0.1.ffn.0.conv,model.22.m.0.1.ffn.0.conv,Conv2d,prune_out_channels,True,1,240,244,243
43,2,DG026,model.22.m.0.1.ffn.0.conv,model.22.m.0.1.ffn.0.bn,BatchNorm2d,prune_out_channels,True,1,240,,
43,3,DG026,model.22.m.0.1.ffn.0.conv,<unresolved>,_ElementWiseOp,prune_out_channels,True,1,240,,
43,4,DG026,model.22.m.0.1.ffn.0.conv,model.22.m.0.1.ffn.1.conv,Conv2d,prune_in_channels,False,1,240,,
44,1,DG026,model.22.m.0.1.ffn.0.conv,model.22.m.0.1.ffn.0.conv,Conv2d,prune_out_channels,True,1,226,243,242
44,2,DG026,model.22.m.0.1.ffn.0.conv,model.22.m.0.1.ffn.0.bn,BatchNorm2d,prune_out_channels,True,1,226,,
44,3,DG026,model.22.m.0.1.ffn.0.conv,<unresolved>,_ElementWiseOp,prune_out_channels,True,1,226,,
44,4,DG026,model.22.m.0.1.ffn.0.conv,model.22.m.0.1.ffn.1.conv,Conv2d,prune_in_channels,False,1,226,,
45,1,DG033,model.6.m.0.cv2.conv,model.6.m.0.cv2.conv,Conv2d,prune_out_channels,True,1,12,30,29
45,2,DG033,model.6.m.0.cv2.conv,model.6.m.0.cv2.bn,BatchNorm2d,prune_out_channels,True,1,12,,
45,3,DG033,model.6.m.0.cv2.conv,<unresolved>,_ElementWiseOp,prune_out_channels,True,1,12,,
45,4,DG033,model.6.m.0.cv2.conv,<unresolved>,_ConcatOp,prune_out_channels,True,1,44,,
45,5,DG033,model.6.m.0.cv2.conv,model.6.m.0.cv3.conv,Conv2d,prune_in_channels,False,1,44,,
46,1,DG026,model.22.m.0.1.ffn.0.conv,model.22.m.0.1.ffn.0.conv,Conv2d,prune_out_channels,True,1,139,242,241
46,2,DG026,model.22.m.0.1.ffn.0.conv,model.22.m.0.1.ffn.0.bn,BatchNorm2d,prune_out_channels,True,1,139,,
46,3,DG026,model.22.m.0.1.ffn.0.conv,<unresolved>,_ElementWiseOp,prune_out_channels,True,1,139,,
46,4,DG026,model.22.m.0.1.ffn.0.conv,model.22.m.0.1.ffn.1.conv,Conv2d,prune_in_channels,False,1,139,,
47,1,DG026,model.22.m.0.1.ffn.0.conv,model.22.m.0.1.ffn.0.conv,Conv2d,prune_out_channels,True,1,36,241,240
47,2,DG026,model.22.m.0.1.ffn.0.conv,model.22.m.0.1.ffn.0.bn,BatchNorm2d,prune_out_channels,True,1,36,,
47,3,DG026,model.22.m.0.1.ffn.0.conv,<unresolved>,_ElementWiseOp,prune_out_channels,True,1,36,,
47,4,DG026,model.22.m.0.1.ffn.0.conv,model.22.m.0.1.ffn.1.conv,Conv2d,prune_in_channels,False,1,36,,
48,1,DG026,model.22.m.0.1.ffn.0.conv,model.22.m.0.1.ffn.0.conv,Conv2d,prune_out_channels,True,1,104,240,239
48,2,DG026,model.22.m.0.1.ffn.0.conv,model.22.m.0.1.ffn.0.bn,BatchNorm2d,prune_out_channels,True,1,104,,
48,3,DG026,model.22.m.0.1.ffn.0.conv,<unresolved>,_ElementWiseOp,prune_out_channels,True,1,104,,
48,4,DG026,model.22.m.0.1.ffn.0.conv,model.22.m.0.1.ffn.1.conv,Conv2d,prune_in_channels,False,1,104,,
49,1,DG018,model.19.m.0.cv2.conv,model.19.m.0.cv2.conv,Conv2d,prune_out_channels,True,1,8,20,19
49,2,DG018,model.19.m.0.cv2.conv,model.19.m.0.cv2.bn,BatchNorm2d,prune_out_channels,True,1,8,,
49,3,DG018,model.19.m.0.cv2.conv,<unresolved>,_ElementWiseOp,prune_out_channels,True,1,8,,
49,4,DG018,model.19.m.0.cv2.conv,<unresolved>,_ConcatOp,prune_out_channels,True,1,40,,
49,5,DG018,model.19.m.0.cv2.conv,model.19.m.0.cv3.conv,Conv2d,prune_in_channels,False,1,40,,
50,1,DG021,model.2.cv2.conv,model.2.cv2.conv,Conv2d,prune_out_channels,True,1,58,60,59
50,2,DG021,model.2.cv2.conv,model.2.cv2.bn,BatchNorm2d,prune_out_channels,True,1,58,,
50,3,DG021,model.2.cv2.conv,<unresolved>,_ElementWiseOp,prune_out_channels,True,1,58,,
50,4,DG021,model.2.cv2.conv,model.3.conv,Conv2d,prune_in_channels,False,1,58,,
51,1,DG018,model.19.m.0.cv2.conv,model.19.m.0.cv2.conv,Conv2d,prune_out_channels,True,1,8,19,18
51,2,DG018,model.19.m.0.cv2.conv,model.19.m.0.cv2.bn,BatchNorm2d,prune_out_channels,True,1,8,,
51,3,DG018,model.19.m.0.cv2.conv,<unresolved>,_ElementWiseOp,prune_out_channels,True,1,8,,
51,4,DG018,model.19.m.0.cv2.conv,<unresolved>,_ConcatOp,prune_out_channels,True,1,40,,
51,5,DG018,model.19.m.0.cv2.conv,model.19.m.0.cv3.conv,Conv2d,prune_in_channels,False,1,40,,
52,1,DG026,model.22.m.0.1.ffn.0.conv,model.22.m.0.1.ffn.0.conv,Conv2d,prune_out_channels,True,1,111,239,238
52,2,DG026,model.22.m.0.1.ffn.0.conv,model.22.m.0.1.ffn.0.bn,BatchNorm2d,prune_out_channels,True,1,111,,
52,3,DG026,model.22.m.0.1.ffn.0.conv,<unresolved>,_ElementWiseOp,prune_out_channels,True,1,111,,
52,4,DG026,model.22.m.0.1.ffn.0.conv,model.22.m.0.1.ffn.1.conv,Conv2d,prune_in_channels,False,1,111,,
53,1,DG026,model.22.m.0.1.ffn.0.conv,model.22.m.0.1.ffn.0.conv,Conv2d,prune_out_channels,True,1,184,238,237
53,2,DG026,model.22.m.0.1.ffn.0.conv,model.22.m.0.1.ffn.0.bn,BatchNorm2d,prune_out_channels,True,1,184,,
53,3,DG026,model.22.m.0.1.ffn.0.conv,<unresolved>,_ElementWiseOp,prune_out_channels,True,1,184,,
53,4,DG026,model.22.m.0.1.ffn.0.conv,model.22.m.0.1.ffn.1.conv,Conv2d,prune_in_channels,False,1,184,,
54,1,DG026,model.22.m.0.1.ffn.0.conv,model.22.m.0.1.ffn.0.conv,Conv2d,prune_out_channels,True,1,144,237,236
54,2,DG026,model.22.m.0.1.ffn.0.conv,model.22.m.0.1.ffn.0.bn,BatchNorm2d,prune_out_channels,True,1,144,,
54,3,DG026,model.22.m.0.1.ffn.0.conv,<unresolved>,_ElementWiseOp,prune_out_channels,True,1,144,,
54,4,DG026,model.22.m.0.1.ffn.0.conv,model.22.m.0.1.ffn.1.conv,Conv2d,prune_in_channels,False,1,144,,
55,1,DG026,model.22.m.0.1.ffn.0.conv,model.22.m.0.1.ffn.0.conv,Conv2d,prune_out_channels,True,1,161,236,235
55,2,DG026,model.22.m.0.1.ffn.0.conv,model.22.m.0.1.ffn.0.bn,BatchNorm2d,prune_out_channels,True,1,161,,
55,3,DG026,model.22.m.0.1.ffn.0.conv,<unresolved>,_ElementWiseOp,prune_out_channels,True,1,161,,
55,4,DG026,model.22.m.0.1.ffn.0.conv,model.22.m.0.1.ffn.1.conv,Conv2d,prune_in_channels,False,1,161,,
56,1,DG026,model.22.m.0.1.ffn.0.conv,model.22.m.0.1.ffn.0.conv,Conv2d,prune_out_channels,True,1,138,235,234
56,2,DG026,model.22.m.0.1.ffn.0.conv,model.22.m.0.1.ffn.0.bn,BatchNorm2d,prune_out_channels,True,1,138,,
56,3,DG026,model.22.m.0.1.ffn.0.conv,<unresolved>,_ElementWiseOp,prune_out_channels,True,1,138,,
56,4,DG026,model.22.m.0.1.ffn.0.conv,model.22.m.0.1.ffn.1.conv,Conv2d,prune_in_channels,False,1,138,,
57,1,DG018,model.19.m.0.cv2.conv,model.19.m.0.cv2.conv,Conv2d,prune_out_channels,True,1,3,18,17
57,2,DG018,model.19.m.0.cv2.conv,model.19.m.0.cv2.bn,BatchNorm2d,prune_out_channels,True,1,3,,
57,3,DG018,model.19.m.0.cv2.conv,<unresolved>,_ElementWiseOp,prune_out_channels,True,1,3,,
57,4,DG018,model.19.m.0.cv2.conv,<unresolved>,_ConcatOp,prune_out_channels,True,1,35,,
57,5,DG018,model.19.m.0.cv2.conv,model.19.m.0.cv3.conv,Conv2d,prune_in_channels,False,1,35,,
58,1,DG026,model.22.m.0.1.ffn.0.conv,model.22.m.0.1.ffn.0.conv,Conv2d,prune_out_channels,True,1,69,234,233
58,2,DG026,model.22.m.0.1.ffn.0.conv,model.22.m.0.1.ffn.0.bn,BatchNorm2d,prune_out_channels,True,1,69,,
58,3,DG026,model.22.m.0.1.ffn.0.conv,<unresolved>,_ElementWiseOp,prune_out_channels,True,1,69,,
58,4,DG026,model.22.m.0.1.ffn.0.conv,model.22.m.0.1.ffn.1.conv,Conv2d,prune_in_channels,False,1,69,,
59,1,DG026,model.22.m.0.1.ffn.0.conv,model.22.m.0.1.ffn.0.conv,Conv2d,prune_out_channels,True,1,97,233,232
59,2,DG026,model.22.m.0.1.ffn.0.conv,model.22.m.0.1.ffn.0.bn,BatchNorm2d,prune_out_channels,True,1,97,,
59,3,DG026,model.22.m.0.1.ffn.0.conv,<unresolved>,_ElementWiseOp,prune_out_channels,True,1,97,,
59,4,DG026,model.22.m.0.1.ffn.0.conv,model.22.m.0.1.ffn.1.conv,Conv2d,prune_in_channels,False,1,97,,
60,1,DG011,model.16.m.0.cv1.conv,model.16.m.0.cv1.conv,Conv2d,prune_out_channels,True,1,14,15,14
60,2,DG011,model.16.m.0.cv1.conv,model.16.m.0.cv1.bn,BatchNorm2d,prune_out_channels,True,1,14,,
60,3,DG011,model.16.m.0.cv1.conv,<unresolved>,_ElementWiseOp,prune_out_channels,True,1,14,,
60,4,DG011,model.16.m.0.cv1.conv,<unresolved>,_ElementWiseOp,prune_out_channels,True,1,14,,
60,5,DG011,model.16.m.0.cv1.conv,model.16.m.0.m.0.cv1.conv,Conv2d,prune_in_channels,False,1,14,,
60,6,DG011,model.16.m.0.cv1.conv,<unresolved>,_ElementWiseOp,prune_out_channels,True,1,14,,
60,7,DG011,model.16.m.0.cv1.conv,<unresolved>,_ElementWiseOp,prune_out_channels,True,1,14,,
60,8,DG011,model.16.m.0.cv1.conv,model.16.m.0.m.1.cv1.conv,Conv2d,prune_in_channels,False,1,14,,
60,9,DG011,model.16.m.0.cv1.conv,<unresolved>,_ElementWiseOp,prune_out_channels,True,1,14,,
60,10,DG011,model.16.m.0.cv1.conv,<unresolved>,_ConcatOp,prune_out_channels,True,1,14,,
60,11,DG011,model.16.m.0.cv1.conv,model.16.m.0.cv3.conv,Conv2d,prune_in_channels,False,1,14,,
60,12,DG011,model.16.m.0.cv1.conv,model.16.m.0.m.1.cv2.bn,BatchNorm2d,prune_out_channels,True,1,14,,
60,13,DG011,model.16.m.0.cv1.conv,model.16.m.0.m.1.cv2.conv,Conv2d,prune_out_channels,True,1,14,15,14
60,14,DG011,model.16.m.0.cv1.conv,model.16.m.0.m.0.cv2.bn,BatchNorm2d,prune_out_channels,True,1,14,,
60,15,DG011,model.16.m.0.cv1.conv,model.16.m.0.m.0.cv2.conv,Conv2d,prune_out_channels,True,1,14,15,14
61,1,DG026,model.22.m.0.1.ffn.0.conv,model.22.m.0.1.ffn.0.conv,Conv2d,prune_out_channels,True,1,174,232,231
61,2,DG026,model.22.m.0.1.ffn.0.conv,model.22.m.0.1.ffn.0.bn,BatchNorm2d,prune_out_channels,True,1,174,,
61,3,DG026,model.22.m.0.1.ffn.0.conv,<unresolved>,_ElementWiseOp,prune_out_channels,True,1,174,,
61,4,DG026,model.22.m.0.1.ffn.0.conv,model.22.m.0.1.ffn.1.conv,Conv2d,prune_in_channels,False,1,174,,
62,1,DG026,model.22.m.0.1.ffn.0.conv,model.22.m.0.1.ffn.0.conv,Conv2d,prune_out_channels,True,1,19,231,230
62,2,DG026,model.22.m.0.1.ffn.0.conv,model.22.m.0.1.ffn.0.bn,BatchNorm2d,prune_out_channels,True,1,19,,
62,3,DG026,model.22.m.0.1.ffn.0.conv,<unresolved>,_ElementWiseOp,prune_out_channels,True,1,19,,
62,4,DG026,model.22.m.0.1.ffn.0.conv,model.22.m.0.1.ffn.1.conv,Conv2d,prune_in_channels,False,1,19,,
63,1,DG026,model.22.m.0.1.ffn.0.conv,model.22.m.0.1.ffn.0.conv,Conv2d,prune_out_channels,True,1,228,230,229
63,2,DG026,model.22.m.0.1.ffn.0.conv,model.22.m.0.1.ffn.0.bn,BatchNorm2d,prune_out_channels,True,1,228,,
63,3,DG026,model.22.m.0.1.ffn.0.conv,<unresolved>,_ElementWiseOp,prune_out_channels,True,1,228,,
63,4,DG026,model.22.m.0.1.ffn.0.conv,model.22.m.0.1.ffn.1.conv,Conv2d,prune_in_channels,False,1,228,,
64,1,DG018,model.19.m.0.cv2.conv,model.19.m.0.cv2.conv,Conv2d,prune_out_channels,True,1,15,17,16
64,2,DG018,model.19.m.0.cv2.conv,model.19.m.0.cv2.bn,BatchNorm2d,prune_out_channels,True,1,15,,
64,3,DG018,model.19.m.0.cv2.conv,<unresolved>,_ElementWiseOp,prune_out_channels,True,1,15,,
64,4,DG018,model.19.m.0.cv2.conv,<unresolved>,_ConcatOp,prune_out_channels,True,1,47,,
64,5,DG018,model.19.m.0.cv2.conv,model.19.m.0.cv3.conv,Conv2d,prune_in_channels,False,1,47,,
65,1,DG011,model.16.m.0.cv1.conv,model.16.m.0.cv1.conv,Conv2d,prune_out_channels,True,1,6,14,13
65,2,DG011,model.16.m.0.cv1.conv,model.16.m.0.cv1.bn,BatchNorm2d,prune_out_channels,True,1,6,,
65,3,DG011,model.16.m.0.cv1.conv,<unresolved>,_ElementWiseOp,prune_out_channels,True,1,6,,
65,4,DG011,model.16.m.0.cv1.conv,<unresolved>,_ElementWiseOp,prune_out_channels,True,1,6,,
65,5,DG011,model.16.m.0.cv1.conv,model.16.m.0.m.0.cv1.conv,Conv2d,prune_in_channels,False,1,6,,
65,6,DG011,model.16.m.0.cv1.conv,<unresolved>,_ElementWiseOp,prune_out_channels,True,1,6,,
65,7,DG011,model.16.m.0.cv1.conv,<unresolved>,_ElementWiseOp,prune_out_channels,True,1,6,,
65,8,DG011,model.16.m.0.cv1.conv,model.16.m.0.m.1.cv1.conv,Conv2d,prune_in_channels,False,1,6,,
65,9,DG011,model.16.m.0.cv1.conv,<unresolved>,_ElementWiseOp,prune_out_channels,True,1,6,,
65,10,DG011,model.16.m.0.cv1.conv,<unresolved>,_ConcatOp,prune_out_channels,True,1,6,,
65,11,DG011,model.16.m.0.cv1.conv,model.16.m.0.cv3.conv,Conv2d,prune_in_channels,False,1,6,,
65,12,DG011,model.16.m.0.cv1.conv,model.16.m.0.m.1.cv2.bn,BatchNorm2d,prune_out_channels,True,1,6,,
65,13,DG011,model.16.m.0.cv1.conv,model.16.m.0.m.1.cv2.conv,Conv2d,prune_out_channels,True,1,6,14,13
65,14,DG011,model.16.m.0.cv1.conv,model.16.m.0.m.0.cv2.bn,BatchNorm2d,prune_out_channels,True,1,6,,
65,15,DG011,model.16.m.0.cv1.conv,model.16.m.0.m.0.cv2.conv,Conv2d,prune_out_channels,True,1,6,14,13
66,1,DG026,model.22.m.0.1.ffn.0.conv,model.22.m.0.1.ffn.0.conv,Conv2d,prune_out_channels,True,1,141,229,228
66,2,DG026,model.22.m.0.1.ffn.0.conv,model.22.m.0.1.ffn.0.bn,BatchNorm2d,prune_out_channels,True,1,141,,
66,3,DG026,model.22.m.0.1.ffn.0.conv,<unresolved>,_ElementWiseOp,prune_out_channels,True,1,141,,
66,4,DG026,model.22.m.0.1.ffn.0.conv,model.22.m.0.1.ffn.1.conv,Conv2d,prune_in_channels,False,1,141,,
67,1,DG026,model.22.m.0.1.ffn.0.conv,model.22.m.0.1.ffn.0.conv,Conv2d,prune_out_channels,True,1,148,228,227
67,2,DG026,model.22.m.0.1.ffn.0.conv,model.22.m.0.1.ffn.0.bn,BatchNorm2d,prune_out_channels,True,1,148,,
67,3,DG026,model.22.m.0.1.ffn.0.conv,<unresolved>,_ElementWiseOp,prune_out_channels,True,1,148,,
67,4,DG026,model.22.m.0.1.ffn.0.conv,model.22.m.0.1.ffn.1.conv,Conv2d,prune_in_channels,False,1,148,,
68,1,DG026,model.22.m.0.1.ffn.0.conv,model.22.m.0.1.ffn.0.conv,Conv2d,prune_out_channels,True,1,31,227,226
68,2,DG026,model.22.m.0.1.ffn.0.conv,model.22.m.0.1.ffn.0.bn,BatchNorm2d,prune_out_channels,True,1,31,,
68,3,DG026,model.22.m.0.1.ffn.0.conv,<unresolved>,_ElementWiseOp,prune_out_channels,True,1,31,,
68,4,DG026,model.22.m.0.1.ffn.0.conv,model.22.m.0.1.ffn.1.conv,Conv2d,prune_in_channels,False,1,31,,
69,1,DG026,model.22.m.0.1.ffn.0.conv,model.22.m.0.1.ffn.0.conv,Conv2d,prune_out_channels,True,1,203,226,225
69,2,DG026,model.22.m.0.1.ffn.0.conv,model.22.m.0.1.ffn.0.bn,BatchNorm2d,prune_out_channels,True,1,203,,
69,3,DG026,model.22.m.0.1.ffn.0.conv,<unresolved>,_ElementWiseOp,prune_out_channels,True,1,203,,
69,4,DG026,model.22.m.0.1.ffn.0.conv,model.22.m.0.1.ffn.1.conv,Conv2d,prune_in_channels,False,1,203,,
70,1,DG026,model.22.m.0.1.ffn.0.conv,model.22.m.0.1.ffn.0.conv,Conv2d,prune_out_channels,True,1,210,225,224
70,2,DG026,model.22.m.0.1.ffn.0.conv,model.22.m.0.1.ffn.0.bn,BatchNorm2d,prune_out_channels,True,1,210,,
70,3,DG026,model.22.m.0.1.ffn.0.conv,<unresolved>,_ElementWiseOp,prune_out_channels,True,1,210,,
70,4,DG026,model.22.m.0.1.ffn.0.conv,model.22.m.0.1.ffn.1.conv,Conv2d,prune_in_channels,False,1,210,,
71,1,DG026,model.22.m.0.1.ffn.0.conv,model.22.m.0.1.ffn.0.conv,Conv2d,prune_out_channels,True,1,5,224,223
71,2,DG026,model.22.m.0.1.ffn.0.conv,model.22.m.0.1.ffn.0.bn,BatchNorm2d,prune_out_channels,True,1,5,,
71,3,DG026,model.22.m.0.1.ffn.0.conv,<unresolved>,_ElementWiseOp,prune_out_channels,True,1,5,,
71,4,DG026,model.22.m.0.1.ffn.0.conv,model.22.m.0.1.ffn.1.conv,Conv2d,prune_in_channels,False,1,5,,
72,1,DG026,model.22.m.0.1.ffn.0.conv,model.22.m.0.1.ffn.0.conv,Conv2d,prune_out_channels,True,1,20,223,222
72,2,DG026,model.22.m.0.1.ffn.0.conv,model.22.m.0.1.ffn.0.bn,BatchNorm2d,prune_out_channels,True,1,20,,
72,3,DG026,model.22.m.0.1.ffn.0.conv,<unresolved>,_ElementWiseOp,prune_out_channels,True,1,20,,
72,4,DG026,model.22.m.0.1.ffn.0.conv,model.22.m.0.1.ffn.1.conv,Conv2d,prune_in_channels,False,1,20,,
73,1,DG033,model.6.m.0.cv2.conv,model.6.m.0.cv2.conv,Conv2d,prune_out_channels,True,1,25,29,28
73,2,DG033,model.6.m.0.cv2.conv,model.6.m.0.cv2.bn,BatchNorm2d,prune_out_channels,True,1,25,,
73,3,DG033,model.6.m.0.cv2.conv,<unresolved>,_ElementWiseOp,prune_out_channels,True,1,25,,
73,4,DG033,model.6.m.0.cv2.conv,<unresolved>,_ConcatOp,prune_out_channels,True,1,57,,
73,5,DG033,model.6.m.0.cv2.conv,model.6.m.0.cv3.conv,Conv2d,prune_in_channels,False,1,57,,
74,1,DG026,model.22.m.0.1.ffn.0.conv,model.22.m.0.1.ffn.0.conv,Conv2d,prune_out_channels,True,1,202,222,221
74,2,DG026,model.22.m.0.1.ffn.0.conv,model.22.m.0.1.ffn.0.bn,BatchNorm2d,prune_out_channels,True,1,202,,
74,3,DG026,model.22.m.0.1.ffn.0.conv,<unresolved>,_ElementWiseOp,prune_out_channels,True,1,202,,
74,4,DG026,model.22.m.0.1.ffn.0.conv,model.22.m.0.1.ffn.1.conv,Conv2d,prune_in_channels,False,1,202,,
75,1,DG021,model.2.cv2.conv,model.2.cv2.conv,Conv2d,prune_out_channels,True,1,51,59,58
75,2,DG021,model.2.cv2.conv,model.2.cv2.bn,BatchNorm2d,prune_out_channels,True,1,51,,
75,3,DG021,model.2.cv2.conv,<unresolved>,_ElementWiseOp,prune_out_channels,True,1,51,,
75,4,DG021,model.2.cv2.conv,model.3.conv,Conv2d,prune_in_channels,False,1,51,,
76,1,DG026,model.22.m.0.1.ffn.0.conv,model.22.m.0.1.ffn.0.conv,Conv2d,prune_out_channels,True,1,63,221,220
76,2,DG026,model.22.m.0.1.ffn.0.conv,model.22.m.0.1.ffn.0.bn,BatchNorm2d,prune_out_channels,True,1,63,,
76,3,DG026,model.22.m.0.1.ffn.0.conv,<unresolved>,_ElementWiseOp,prune_out_channels,True,1,63,,
76,4,DG026,model.22.m.0.1.ffn.0.conv,model.22.m.0.1.ffn.1.conv,Conv2d,prune_in_channels,False,1,63,,
77,1,DG026,model.22.m.0.1.ffn.0.conv,model.22.m.0.1.ffn.0.conv,Conv2d,prune_out_channels,True,1,184,220,219
77,2,DG026,model.22.m.0.1.ffn.0.conv,model.22.m.0.1.ffn.0.bn,BatchNorm2d,prune_out_channels,True,1,184,,
77,3,DG026,model.22.m.0.1.ffn.0.conv,<unresolved>,_ElementWiseOp,prune_out_channels,True,1,184,,
77,4,DG026,model.22.m.0.1.ffn.0.conv,model.22.m.0.1.ffn.1.conv,Conv2d,prune_in_channels,False,1,184,,
78,1,DG026,model.22.m.0.1.ffn.0.conv,model.22.m.0.1.ffn.0.conv,Conv2d,prune_out_channels,True,1,54,219,218
78,2,DG026,model.22.m.0.1.ffn.0.conv,model.22.m.0.1.ffn.0.bn,BatchNorm2d,prune_out_channels,True,1,54,,
78,3,DG026,model.22.m.0.1.ffn.0.conv,<unresolved>,_ElementWiseOp,prune_out_channels,True,1,54,,
78,4,DG026,model.22.m.0.1.ffn.0.conv,model.22.m.0.1.ffn.1.conv,Conv2d,prune_in_channels,False,1,54,,
79,1,DG026,model.22.m.0.1.ffn.0.conv,model.22.m.0.1.ffn.0.conv,Conv2d,prune_out_channels,True,1,31,218,217
79,2,DG026,model.22.m.0.1.ffn.0.conv,model.22.m.0.1.ffn.0.bn,BatchNorm2d,prune_out_channels,True,1,31,,
79,3,DG026,model.22.m.0.1.ffn.0.conv,<unresolved>,_ElementWiseOp,prune_out_channels,True,1,31,,
79,4,DG026,model.22.m.0.1.ffn.0.conv,model.22.m.0.1.ffn.1.conv,Conv2d,prune_in_channels,False,1,31,,
80,1,DG026,model.22.m.0.1.ffn.0.conv,model.22.m.0.1.ffn.0.conv,Conv2d,prune_out_channels,True,1,34,217,216
80,2,DG026,model.22.m.0.1.ffn.0.conv,model.22.m.0.1.ffn.0.bn,BatchNorm2d,prune_out_channels,True,1,34,,
80,3,DG026,model.22.m.0.1.ffn.0.conv,<unresolved>,_ElementWiseOp,prune_out_channels,True,1,34,,
80,4,DG026,model.22.m.0.1.ffn.0.conv,model.22.m.0.1.ffn.1.conv,Conv2d,prune_in_channels,False,1,34,,
81,1,DG026,model.22.m.0.1.ffn.0.conv,model.22.m.0.1.ffn.0.conv,Conv2d,prune_out_channels,True,1,40,216,215
81,2,DG026,model.22.m.0.1.ffn.0.conv,model.22.m.0.1.ffn.0.bn,BatchNorm2d,prune_out_channels,True,1,40,,
81,3,DG026,model.22.m.0.1.ffn.0.conv,<unresolved>,_ElementWiseOp,prune_out_channels,True,1,40,,
81,4,DG026,model.22.m.0.1.ffn.0.conv,model.22.m.0.1.ffn.1.conv,Conv2d,prune_in_channels,False,1,40,,
82,1,DG026,model.22.m.0.1.ffn.0.conv,model.22.m.0.1.ffn.0.conv,Conv2d,prune_out_channels,True,1,93,215,214
82,2,DG026,model.22.m.0.1.ffn.0.conv,model.22.m.0.1.ffn.0.bn,BatchNorm2d,prune_out_channels,True,1,93,,
82,3,DG026,model.22.m.0.1.ffn.0.conv,<unresolved>,_ElementWiseOp,prune_out_channels,True,1,93,,
82,4,DG026,model.22.m.0.1.ffn.0.conv,model.22.m.0.1.ffn.1.conv,Conv2d,prune_in_channels,False,1,93,,
83,1,DG026,model.22.m.0.1.ffn.0.conv,model.22.m.0.1.ffn.0.conv,Conv2d,prune_out_channels,True,1,12,214,213
83,2,DG026,model.22.m.0.1.ffn.0.conv,model.22.m.0.1.ffn.0.bn,BatchNorm2d,prune_out_channels,True,1,12,,
83,3,DG026,model.22.m.0.1.ffn.0.conv,<unresolved>,_ElementWiseOp,prune_out_channels,True,1,12,,
83,4,DG026,model.22.m.0.1.ffn.0.conv,model.22.m.0.1.ffn.1.conv,Conv2d,prune_in_channels,False,1,12,,
84,1,DG026,model.22.m.0.1.ffn.0.conv,model.22.m.0.1.ffn.0.conv,Conv2d,prune_out_channels,True,1,44,213,212
84,2,DG026,model.22.m.0.1.ffn.0.conv,model.22.m.0.1.ffn.0.bn,BatchNorm2d,prune_out_channels,True,1,44,,
84,3,DG026,model.22.m.0.1.ffn.0.conv,<unresolved>,_ElementWiseOp,prune_out_channels,True,1,44,,
84,4,DG026,model.22.m.0.1.ffn.0.conv,model.22.m.0.1.ffn.1.conv,Conv2d,prune_in_channels,False,1,44,,
85,1,DG026,model.22.m.0.1.ffn.0.conv,model.22.m.0.1.ffn.0.conv,Conv2d,prune_out_channels,True,1,35,212,211
85,2,DG026,model.22.m.0.1.ffn.0.conv,model.22.m.0.1.ffn.0.bn,BatchNorm2d,prune_out_channels,True,1,35,,
85,3,DG026,model.22.m.0.1.ffn.0.conv,<unresolved>,_ElementWiseOp,prune_out_channels,True,1,35,,
85,4,DG026,model.22.m.0.1.ffn.0.conv,model.22.m.0.1.ffn.1.conv,Conv2d,prune_in_channels,False,1,35,,
86,1,DG021,model.2.cv2.conv,model.2.cv2.conv,Conv2d,prune_out_channels,True,1,6,58,57
86,2,DG021,model.2.cv2.conv,model.2.cv2.bn,BatchNorm2d,prune_out_channels,True,1,6,,
86,3,DG021,model.2.cv2.conv,<unresolved>,_ElementWiseOp,prune_out_channels,True,1,6,,
86,4,DG021,model.2.cv2.conv,model.3.conv,Conv2d,prune_in_channels,False,1,6,,
87,1,DG026,model.22.m.0.1.ffn.0.conv,model.22.m.0.1.ffn.0.conv,Conv2d,prune_out_channels,True,1,95,211,210
87,2,DG026,model.22.m.0.1.ffn.0.conv,model.22.m.0.1.ffn.0.bn,BatchNorm2d,prune_out_channels,True,1,95,,
87,3,DG026,model.22.m.0.1.ffn.0.conv,<unresolved>,_ElementWiseOp,prune_out_channels,True,1,95,,
87,4,DG026,model.22.m.0.1.ffn.0.conv,model.22.m.0.1.ffn.1.conv,Conv2d,prune_in_channels,False,1,95,,
88,1,DG021,model.2.cv2.conv,model.2.cv2.conv,Conv2d,prune_out_channels,True,1,51,57,56
88,2,DG021,model.2.cv2.conv,model.2.cv2.bn,BatchNorm2d,prune_out_channels,True,1,51,,
88,3,DG021,model.2.cv2.conv,<unresolved>,_ElementWiseOp,prune_out_channels,True,1,51,,
88,4,DG021,model.2.cv2.conv,model.3.conv,Conv2d,prune_in_channels,False,1,51,,
89,1,DG026,model.22.m.0.1.ffn.0.conv,model.22.m.0.1.ffn.0.conv,Conv2d,prune_out_channels,True,1,176,210,209
89,2,DG026,model.22.m.0.1.ffn.0.conv,model.22.m.0.1.ffn.0.bn,BatchNorm2d,prune_out_channels,True,1,176,,
89,3,DG026,model.22.m.0.1.ffn.0.conv,<unresolved>,_ElementWiseOp,prune_out_channels,True,1,176,,
89,4,DG026,model.22.m.0.1.ffn.0.conv,model.22.m.0.1.ffn.1.conv,Conv2d,prune_in_channels,False,1,176,,
90,1,DG026,model.22.m.0.1.ffn.0.conv,model.22.m.0.1.ffn.0.conv,Conv2d,prune_out_channels,True,1,136,209,208
90,2,DG026,model.22.m.0.1.ffn.0.conv,model.22.m.0.1.ffn.0.bn,BatchNorm2d,prune_out_channels,True,1,136,,
90,3,DG026,model.22.m.0.1.ffn.0.conv,<unresolved>,_ElementWiseOp,prune_out_channels,True,1,136,,
90,4,DG026,model.22.m.0.1.ffn.0.conv,model.22.m.0.1.ffn.1.conv,Conv2d,prune_in_channels,False,1,136,,
91,1,DG026,model.22.m.0.1.ffn.0.conv,model.22.m.0.1.ffn.0.conv,Conv2d,prune_out_channels,True,1,64,208,207
91,2,DG026,model.22.m.0.1.ffn.0.conv,model.22.m.0.1.ffn.0.bn,BatchNorm2d,prune_out_channels,True,1,64,,
91,3,DG026,model.22.m.0.1.ffn.0.conv,<unresolved>,_ElementWiseOp,prune_out_channels,True,1,64,,
91,4,DG026,model.22.m.0.1.ffn.0.conv,model.22.m.0.1.ffn.1.conv,Conv2d,prune_in_channels,False,1,64,,
92,1,DG026,model.22.m.0.1.ffn.0.conv,model.22.m.0.1.ffn.0.conv,Conv2d,prune_out_channels,True,1,136,207,206
92,2,DG026,model.22.m.0.1.ffn.0.conv,model.22.m.0.1.ffn.0.bn,BatchNorm2d,prune_out_channels,True,1,136,,
92,3,DG026,model.22.m.0.1.ffn.0.conv,<unresolved>,_ElementWiseOp,prune_out_channels,True,1,136,,
92,4,DG026,model.22.m.0.1.ffn.0.conv,model.22.m.0.1.ffn.1.conv,Conv2d,prune_in_channels,False,1,136,,
93,1,DG033,model.6.m.0.cv2.conv,model.6.m.0.cv2.conv,Conv2d,prune_out_channels,True,1,7,28,27
93,2,DG033,model.6.m.0.cv2.conv,model.6.m.0.cv2.bn,BatchNorm2d,prune_out_channels,True,1,7,,
93,3,DG033,model.6.m.0.cv2.conv,<unresolved>,_ElementWiseOp,prune_out_channels,True,1,7,,
93,4,DG033,model.6.m.0.cv2.conv,<unresolved>,_ConcatOp,prune_out_channels,True,1,39,,
93,5,DG033,model.6.m.0.cv2.conv,model.6.m.0.cv3.conv,Conv2d,prune_in_channels,False,1,39,,
94,1,DG026,model.22.m.0.1.ffn.0.conv,model.22.m.0.1.ffn.0.conv,Conv2d,prune_out_channels,True,1,36,206,205
94,2,DG026,model.22.m.0.1.ffn.0.conv,model.22.m.0.1.ffn.0.bn,BatchNorm2d,prune_out_channels,True,1,36,,
94,3,DG026,model.22.m.0.1.ffn.0.conv,<unresolved>,_ElementWiseOp,prune_out_channels,True,1,36,,
94,4,DG026,model.22.m.0.1.ffn.0.conv,model.22.m.0.1.ffn.1.conv,Conv2d,prune_in_channels,False,1,36,,
95,1,DG026,model.22.m.0.1.ffn.0.conv,model.22.m.0.1.ffn.0.conv,Conv2d,prune_out_channels,True,1,198,205,204
95,2,DG026,model.22.m.0.1.ffn.0.conv,model.22.m.0.1.ffn.0.bn,BatchNorm2d,prune_out_channels,True,1,198,,
95,3,DG026,model.22.m.0.1.ffn.0.conv,<unresolved>,_ElementWiseOp,prune_out_channels,True,1,198,,
95,4,DG026,model.22.m.0.1.ffn.0.conv,model.22.m.0.1.ffn.1.conv,Conv2d,prune_in_channels,False,1,198,,
96,1,DG026,model.22.m.0.1.ffn.0.conv,model.22.m.0.1.ffn.0.conv,Conv2d,prune_out_channels,True,1,107,204,203
96,2,DG026,model.22.m.0.1.ffn.0.conv,model.22.m.0.1.ffn.0.bn,BatchNorm2d,prune_out_channels,True,1,107,,
96,3,DG026,model.22.m.0.1.ffn.0.conv,<unresolved>,_ElementWiseOp,prune_out_channels,True,1,107,,
96,4,DG026,model.22.m.0.1.ffn.0.conv,model.22.m.0.1.ffn.1.conv,Conv2d,prune_in_channels,False,1,107,,
97,1,DG033,model.6.m.0.cv2.conv,model.6.m.0.cv2.conv,Conv2d,prune_out_channels,True,1,8,27,26
97,2,DG033,model.6.m.0.cv2.conv,model.6.m.0.cv2.bn,BatchNorm2d,prune_out_channels,True,1,8,,
97,3,DG033,model.6.m.0.cv2.conv,<unresolved>,_ElementWiseOp,prune_out_channels,True,1,8,,
97,4,DG033,model.6.m.0.cv2.conv,<unresolved>,_ConcatOp,prune_out_channels,True,1,40,,
97,5,DG033,model.6.m.0.cv2.conv,model.6.m.0.cv3.conv,Conv2d,prune_in_channels,False,1,40,,
98,1,DG026,model.22.m.0.1.ffn.0.conv,model.22.m.0.1.ffn.0.conv,Conv2d,prune_out_channels,True,1,52,203,202
98,2,DG026,model.22.m.0.1.ffn.0.conv,model.22.m.0.1.ffn.0.bn,BatchNorm2d,prune_out_channels,True,1,52,,
98,3,DG026,model.22.m.0.1.ffn.0.conv,<unresolved>,_ElementWiseOp,prune_out_channels,True,1,52,,
98,4,DG026,model.22.m.0.1.ffn.0.conv,model.22.m.0.1.ffn.1.conv,Conv2d,prune_in_channels,False,1,52,,
99,1,DG026,model.22.m.0.1.ffn.0.conv,model.22.m.0.1.ffn.0.conv,Conv2d,prune_out_channels,True,1,90,202,201
99,2,DG026,model.22.m.0.1.ffn.0.conv,model.22.m.0.1.ffn.0.bn,BatchNorm2d,prune_out_channels,True,1,90,,
99,3,DG026,model.22.m.0.1.ffn.0.conv,<unresolved>,_ElementWiseOp,prune_out_channels,True,1,90,,
99,4,DG026,model.22.m.0.1.ffn.0.conv,model.22.m.0.1.ffn.1.conv,Conv2d,prune_in_channels,False,1,90,,
100,1,DG026,model.22.m.0.1.ffn.0.conv,model.22.m.0.1.ffn.0.conv,Conv2d,prune_out_channels,True,1,183,201,200
100,2,DG026,model.22.m.0.1.ffn.0.conv,model.22.m.0.1.ffn.0.bn,BatchNorm2d,prune_out_channels,True,1,183,,
100,3,DG026,model.22.m.0.1.ffn.0.conv,<unresolved>,_ElementWiseOp,prune_out_channels,True,1,183,,
100,4,DG026,model.22.m.0.1.ffn.0.conv,model.22.m.0.1.ffn.1.conv,Conv2d,prune_in_channels,False,1,183,,
101,1,DG026,model.22.m.0.1.ffn.0.conv,model.22.m.0.1.ffn.0.conv,Conv2d,prune_out_channels,True,1,72,200,199
101,2,DG026,model.22.m.0.1.ffn.0.conv,model.22.m.0.1.ffn.0.bn,BatchNorm2d,prune_out_channels,True,1,72,,
101,3,DG026,model.22.m.0.1.ffn.0.conv,<unresolved>,_ElementWiseOp,prune_out_channels,True,1,72,,
101,4,DG026,model.22.m.0.1.ffn.0.conv,model.22.m.0.1.ffn.1.conv,Conv2d,prune_in_channels,False,1,72,,
102,1,DG026,model.22.m.0.1.ffn.0.conv,model.22.m.0.1.ffn.0.conv,Conv2d,prune_out_channels,True,1,133,199,198
102,2,DG026,model.22.m.0.1.ffn.0.conv,model.22.m.0.1.ffn.0.bn,BatchNorm2d,prune_out_channels,True,1,133,,
102,3,DG026,model.22.m.0.1.ffn.0.conv,<unresolved>,_ElementWiseOp,prune_out_channels,True,1,133,,
102,4,DG026,model.22.m.0.1.ffn.0.conv,model.22.m.0.1.ffn.1.conv,Conv2d,prune_in_channels,False,1,133,,
103,1,DG026,model.22.m.0.1.ffn.0.conv,model.22.m.0.1.ffn.0.conv,Conv2d,prune_out_channels,True,1,101,198,197
103,2,DG026,model.22.m.0.1.ffn.0.conv,model.22.m.0.1.ffn.0.bn,BatchNorm2d,prune_out_channels,True,1,101,,
103,3,DG026,model.22.m.0.1.ffn.0.conv,<unresolved>,_ElementWiseOp,prune_out_channels,True,1,101,,
103,4,DG026,model.22.m.0.1.ffn.0.conv,model.22.m.0.1.ffn.1.conv,Conv2d,prune_in_channels,False,1,101,,
104,1,DG026,model.22.m.0.1.ffn.0.conv,model.22.m.0.1.ffn.0.conv,Conv2d,prune_out_channels,True,1,83,197,196
104,2,DG026,model.22.m.0.1.ffn.0.conv,model.22.m.0.1.ffn.0.bn,BatchNorm2d,prune_out_channels,True,1,83,,
104,3,DG026,model.22.m.0.1.ffn.0.conv,<unresolved>,_ElementWiseOp,prune_out_channels,True,1,83,,
104,4,DG026,model.22.m.0.1.ffn.0.conv,model.22.m.0.1.ffn.1.conv,Conv2d,prune_in_channels,False,1,83,,
105,1,DG026,model.22.m.0.1.ffn.0.conv,model.22.m.0.1.ffn.0.conv,Conv2d,prune_out_channels,True,1,191,196,195
105,2,DG026,model.22.m.0.1.ffn.0.conv,model.22.m.0.1.ffn.0.bn,BatchNorm2d,prune_out_channels,True,1,191,,
105,3,DG026,model.22.m.0.1.ffn.0.conv,<unresolved>,_ElementWiseOp,prune_out_channels,True,1,191,,
105,4,DG026,model.22.m.0.1.ffn.0.conv,model.22.m.0.1.ffn.1.conv,Conv2d,prune_in_channels,False,1,191,,
106,1,DG026,model.22.m.0.1.ffn.0.conv,model.22.m.0.1.ffn.0.conv,Conv2d,prune_out_channels,True,1,53,195,194
106,2,DG026,model.22.m.0.1.ffn.0.conv,model.22.m.0.1.ffn.0.bn,BatchNorm2d,prune_out_channels,True,1,53,,
106,3,DG026,model.22.m.0.1.ffn.0.conv,<unresolved>,_ElementWiseOp,prune_out_channels,True,1,53,,
106,4,DG026,model.22.m.0.1.ffn.0.conv,model.22.m.0.1.ffn.1.conv,Conv2d,prune_in_channels,False,1,53,,
107,1,DG026,model.22.m.0.1.ffn.0.conv,model.22.m.0.1.ffn.0.conv,Conv2d,prune_out_channels,True,1,33,194,193
107,2,DG026,model.22.m.0.1.ffn.0.conv,model.22.m.0.1.ffn.0.bn,BatchNorm2d,prune_out_channels,True,1,33,,
107,3,DG026,model.22.m.0.1.ffn.0.conv,<unresolved>,_ElementWiseOp,prune_out_channels,True,1,33,,
107,4,DG026,model.22.m.0.1.ffn.0.conv,model.22.m.0.1.ffn.1.conv,Conv2d,prune_in_channels,False,1,33,,
108,1,DG026,model.22.m.0.1.ffn.0.conv,model.22.m.0.1.ffn.0.conv,Conv2d,prune_out_channels,True,1,81,193,192
108,2,DG026,model.22.m.0.1.ffn.0.conv,model.22.m.0.1.ffn.0.bn,BatchNorm2d,prune_out_channels,True,1,81,,
108,3,DG026,model.22.m.0.1.ffn.0.conv,<unresolved>,_ElementWiseOp,prune_out_channels,True,1,81,,
108,4,DG026,model.22.m.0.1.ffn.0.conv,model.22.m.0.1.ffn.1.conv,Conv2d,prune_in_channels,False,1,81,,
109,1,DG026,model.22.m.0.1.ffn.0.conv,model.22.m.0.1.ffn.0.conv,Conv2d,prune_out_channels,True,1,163,192,191
109,2,DG026,model.22.m.0.1.ffn.0.conv,model.22.m.0.1.ffn.0.bn,BatchNorm2d,prune_out_channels,True,1,163,,
109,3,DG026,model.22.m.0.1.ffn.0.conv,<unresolved>,_ElementWiseOp,prune_out_channels,True,1,163,,
109,4,DG026,model.22.m.0.1.ffn.0.conv,model.22.m.0.1.ffn.1.conv,Conv2d,prune_in_channels,False,1,163,,
110,1,DG026,model.22.m.0.1.ffn.0.conv,model.22.m.0.1.ffn.0.conv,Conv2d,prune_out_channels,True,1,69,191,190
110,2,DG026,model.22.m.0.1.ffn.0.conv,model.22.m.0.1.ffn.0.bn,BatchNorm2d,prune_out_channels,True,1,69,,
110,3,DG026,model.22.m.0.1.ffn.0.conv,<unresolved>,_ElementWiseOp,prune_out_channels,True,1,69,,
110,4,DG026,model.22.m.0.1.ffn.0.conv,model.22.m.0.1.ffn.1.conv,Conv2d,prune_in_channels,False,1,69,,
111,1,DG026,model.22.m.0.1.ffn.0.conv,model.22.m.0.1.ffn.0.conv,Conv2d,prune_out_channels,True,1,99,190,189
111,2,DG026,model.22.m.0.1.ffn.0.conv,model.22.m.0.1.ffn.0.bn,BatchNorm2d,prune_out_channels,True,1,99,,
111,3,DG026,model.22.m.0.1.ffn.0.conv,<unresolved>,_ElementWiseOp,prune_out_channels,True,1,99,,
111,4,DG026,model.22.m.0.1.ffn.0.conv,model.22.m.0.1.ffn.1.conv,Conv2d,prune_in_channels,False,1,99,,
112,1,DG026,model.22.m.0.1.ffn.0.conv,model.22.m.0.1.ffn.0.conv,Conv2d,prune_out_channels,True,1,138,189,188
112,2,DG026,model.22.m.0.1.ffn.0.conv,model.22.m.0.1.ffn.0.bn,BatchNorm2d,prune_out_channels,True,1,138,,
112,3,DG026,model.22.m.0.1.ffn.0.conv,<unresolved>,_ElementWiseOp,prune_out_channels,True,1,138,,
112,4,DG026,model.22.m.0.1.ffn.0.conv,model.22.m.0.1.ffn.1.conv,Conv2d,prune_in_channels,False,1,138,,
113,1,DG026,model.22.m.0.1.ffn.0.conv,model.22.m.0.1.ffn.0.conv,Conv2d,prune_out_channels,True,1,102,188,187
113,2,DG026,model.22.m.0.1.ffn.0.conv,model.22.m.0.1.ffn.0.bn,BatchNorm2d,prune_out_channels,True,1,102,,
113,3,DG026,model.22.m.0.1.ffn.0.conv,<unresolved>,_ElementWiseOp,prune_out_channels,True,1,102,,
113,4,DG026,model.22.m.0.1.ffn.0.conv,model.22.m.0.1.ffn.1.conv,Conv2d,prune_in_channels,False,1,102,,
114,1,DG026,model.22.m.0.1.ffn.0.conv,model.22.m.0.1.ffn.0.conv,Conv2d,prune_out_channels,True,1,148,187,186
114,2,DG026,model.22.m.0.1.ffn.0.conv,model.22.m.0.1.ffn.0.bn,BatchNorm2d,prune_out_channels,True,1,148,,
114,3,DG026,model.22.m.0.1.ffn.0.conv,<unresolved>,_ElementWiseOp,prune_out_channels,True,1,148,,
114,4,DG026,model.22.m.0.1.ffn.0.conv,model.22.m.0.1.ffn.1.conv,Conv2d,prune_in_channels,False,1,148,,
115,1,DG021,model.2.cv2.conv,model.2.cv2.conv,Conv2d,prune_out_channels,True,1,23,56,55
115,2,DG021,model.2.cv2.conv,model.2.cv2.bn,BatchNorm2d,prune_out_channels,True,1,23,,
115,3,DG021,model.2.cv2.conv,<unresolved>,_ElementWiseOp,prune_out_channels,True,1,23,,
115,4,DG021,model.2.cv2.conv,model.3.conv,Conv2d,prune_in_channels,False,1,23,,
116,1,DG026,model.22.m.0.1.ffn.0.conv,model.22.m.0.1.ffn.0.conv,Conv2d,prune_out_channels,True,1,119,186,185
116,2,DG026,model.22.m.0.1.ffn.0.conv,model.22.m.0.1.ffn.0.bn,BatchNorm2d,prune_out_channels,True,1,119,,
116,3,DG026,model.22.m.0.1.ffn.0.conv,<unresolved>,_ElementWiseOp,prune_out_channels,True,1,119,,
116,4,DG026,model.22.m.0.1.ffn.0.conv,model.22.m.0.1.ffn.1.conv,Conv2d,prune_in_channels,False,1,119,,
117,1,DG021,model.2.cv2.conv,model.2.cv2.conv,Conv2d,prune_out_channels,True,1,25,55,54
117,2,DG021,model.2.cv2.conv,model.2.cv2.bn,BatchNorm2d,prune_out_channels,True,1,25,,
117,3,DG021,model.2.cv2.conv,<unresolved>,_ElementWiseOp,prune_out_channels,True,1,25,,
117,4,DG021,model.2.cv2.conv,model.3.conv,Conv2d,prune_in_channels,False,1,25,,
118,1,DG026,model.22.m.0.1.ffn.0.conv,model.22.m.0.1.ffn.0.conv,Conv2d,prune_out_channels,True,1,102,185,184
118,2,DG026,model.22.m.0.1.ffn.0.conv,model.22.m.0.1.ffn.0.bn,BatchNorm2d,prune_out_channels,True,1,102,,
118,3,DG026,model.22.m.0.1.ffn.0.conv,<unresolved>,_ElementWiseOp,prune_out_channels,True,1,102,,
118,4,DG026,model.22.m.0.1.ffn.0.conv,model.22.m.0.1.ffn.1.conv,Conv2d,prune_in_channels,False,1,102,,
119,1,DG026,model.22.m.0.1.ffn.0.conv,model.22.m.0.1.ffn.0.conv,Conv2d,prune_out_channels,True,1,27,184,183
119,2,DG026,model.22.m.0.1.ffn.0.conv,model.22.m.0.1.ffn.0.bn,BatchNorm2d,prune_out_channels,True,1,27,,
119,3,DG026,model.22.m.0.1.ffn.0.conv,<unresolved>,_ElementWiseOp,prune_out_channels,True,1,27,,
119,4,DG026,model.22.m.0.1.ffn.0.conv,model.22.m.0.1.ffn.1.conv,Conv2d,prune_in_channels,False,1,27,,
120,1,DG026,model.22.m.0.1.ffn.0.conv,model.22.m.0.1.ffn.0.conv,Conv2d,prune_out_channels,True,1,151,183,182
120,2,DG026,model.22.m.0.1.ffn.0.conv,model.22.m.0.1.ffn.0.bn,BatchNorm2d,prune_out_channels,True,1,151,,
120,3,DG026,model.22.m.0.1.ffn.0.conv,<unresolved>,_ElementWiseOp,prune_out_channels,True,1,151,,
120,4,DG026,model.22.m.0.1.ffn.0.conv,model.22.m.0.1.ffn.1.conv,Conv2d,prune_in_channels,False,1,151,,
121,1,DG026,model.22.m.0.1.ffn.0.conv,model.22.m.0.1.ffn.0.conv,Conv2d,prune_out_channels,True,1,88,182,181
121,2,DG026,model.22.m.0.1.ffn.0.conv,model.22.m.0.1.ffn.0.bn,BatchNorm2d,prune_out_channels,True,1,88,,
121,3,DG026,model.22.m.0.1.ffn.0.conv,<unresolved>,_ElementWiseOp,prune_out_channels,True,1,88,,
121,4,DG026,model.22.m.0.1.ffn.0.conv,model.22.m.0.1.ffn.1.conv,Conv2d,prune_in_channels,False,1,88,,
122,1,DG026,model.22.m.0.1.ffn.0.conv,model.22.m.0.1.ffn.0.conv,Conv2d,prune_out_channels,True,1,48,181,180
122,2,DG026,model.22.m.0.1.ffn.0.conv,model.22.m.0.1.ffn.0.bn,BatchNorm2d,prune_out_channels,True,1,48,,
122,3,DG026,model.22.m.0.1.ffn.0.conv,<unresolved>,_ElementWiseOp,prune_out_channels,True,1,48,,
122,4,DG026,model.22.m.0.1.ffn.0.conv,model.22.m.0.1.ffn.1.conv,Conv2d,prune_in_channels,False,1,48,,
123,1,DG026,model.22.m.0.1.ffn.0.conv,model.22.m.0.1.ffn.0.conv,Conv2d,prune_out_channels,True,1,70,180,179
123,2,DG026,model.22.m.0.1.ffn.0.conv,model.22.m.0.1.ffn.0.bn,BatchNorm2d,prune_out_channels,True,1,70,,
123,3,DG026,model.22.m.0.1.ffn.0.conv,<unresolved>,_ElementWiseOp,prune_out_channels,True,1,70,,
123,4,DG026,model.22.m.0.1.ffn.0.conv,model.22.m.0.1.ffn.1.conv,Conv2d,prune_in_channels,False,1,70,,
124,1,DG021,model.2.cv2.conv,model.2.cv2.conv,Conv2d,prune_out_channels,True,1,45,54,53
124,2,DG021,model.2.cv2.conv,model.2.cv2.bn,BatchNorm2d,prune_out_channels,True,1,45,,
124,3,DG021,model.2.cv2.conv,<unresolved>,_ElementWiseOp,prune_out_channels,True,1,45,,
124,4,DG021,model.2.cv2.conv,model.3.conv,Conv2d,prune_in_channels,False,1,45,,
125,1,DG026,model.22.m.0.1.ffn.0.conv,model.22.m.0.1.ffn.0.conv,Conv2d,prune_out_channels,True,1,68,179,178
125,2,DG026,model.22.m.0.1.ffn.0.conv,model.22.m.0.1.ffn.0.bn,BatchNorm2d,prune_out_channels,True,1,68,,
125,3,DG026,model.22.m.0.1.ffn.0.conv,<unresolved>,_ElementWiseOp,prune_out_channels,True,1,68,,
125,4,DG026,model.22.m.0.1.ffn.0.conv,model.22.m.0.1.ffn.1.conv,Conv2d,prune_in_channels,False,1,68,,
126,1,DG026,model.22.m.0.1.ffn.0.conv,model.22.m.0.1.ffn.0.conv,Conv2d,prune_out_channels,True,1,81,178,177
126,2,DG026,model.22.m.0.1.ffn.0.conv,model.22.m.0.1.ffn.0.bn,BatchNorm2d,prune_out_channels,True,1,81,,
126,3,DG026,model.22.m.0.1.ffn.0.conv,<unresolved>,_ElementWiseOp,prune_out_channels,True,1,81,,
126,4,DG026,model.22.m.0.1.ffn.0.conv,model.22.m.0.1.ffn.1.conv,Conv2d,prune_in_channels,False,1,81,,
127,1,DG017,model.19.m.0.cv1.conv,model.19.m.0.cv1.conv,Conv2d,prune_out_channels,True,1,30,32,31
127,2,DG017,model.19.m.0.cv1.conv,model.19.m.0.cv1.bn,BatchNorm2d,prune_out_channels,True,1,30,,
127,3,DG017,model.19.m.0.cv1.conv,<unresolved>,_ElementWiseOp,prune_out_channels,True,1,30,,
127,4,DG017,model.19.m.0.cv1.conv,<unresolved>,_ElementWiseOp,prune_out_channels,True,1,30,,
127,5,DG017,model.19.m.0.cv1.conv,model.19.m.0.m.0.cv1.conv,Conv2d,prune_in_channels,False,1,30,,
127,6,DG017,model.19.m.0.cv1.conv,<unresolved>,_ElementWiseOp,prune_out_channels,True,1,30,,
127,7,DG017,model.19.m.0.cv1.conv,<unresolved>,_ElementWiseOp,prune_out_channels,True,1,30,,
127,8,DG017,model.19.m.0.cv1.conv,model.19.m.0.m.1.cv1.conv,Conv2d,prune_in_channels,False,1,30,,
127,9,DG017,model.19.m.0.cv1.conv,<unresolved>,_ElementWiseOp,prune_out_channels,True,1,30,,
127,10,DG017,model.19.m.0.cv1.conv,<unresolved>,_ConcatOp,prune_out_channels,True,1,30,,
127,11,DG017,model.19.m.0.cv1.conv,model.19.m.0.cv3.conv,Conv2d,prune_in_channels,False,1,30,,
127,12,DG017,model.19.m.0.cv1.conv,model.19.m.0.m.1.cv2.bn,BatchNorm2d,prune_out_channels,True,1,30,,
127,13,DG017,model.19.m.0.cv1.conv,model.19.m.0.m.1.cv2.conv,Conv2d,prune_out_channels,True,1,30,32,31
127,14,DG017,model.19.m.0.cv1.conv,model.19.m.0.m.0.cv2.bn,BatchNorm2d,prune_out_channels,True,1,30,,
127,15,DG017,model.19.m.0.cv1.conv,model.19.m.0.m.0.cv2.conv,Conv2d,prune_out_channels,True,1,30,32,31
128,1,DG026,model.22.m.0.1.ffn.0.conv,model.22.m.0.1.ffn.0.conv,Conv2d,prune_out_channels,True,1,134,177,176
128,2,DG026,model.22.m.0.1.ffn.0.conv,model.22.m.0.1.ffn.0.bn,BatchNorm2d,prune_out_channels,True,1,134,,
128,3,DG026,model.22.m.0.1.ffn.0.conv,<unresolved>,_ElementWiseOp,prune_out_channels,True,1,134,,
128,4,DG026,model.22.m.0.1.ffn.0.conv,model.22.m.0.1.ffn.1.conv,Conv2d,prune_in_channels,False,1,134,,
129,1,DG026,model.22.m.0.1.ffn.0.conv,model.22.m.0.1.ffn.0.conv,Conv2d,prune_out_channels,True,1,82,176,175
129,2,DG026,model.22.m.0.1.ffn.0.conv,model.22.m.0.1.ffn.0.bn,BatchNorm2d,prune_out_channels,True,1,82,,
129,3,DG026,model.22.m.0.1.ffn.0.conv,<unresolved>,_ElementWiseOp,prune_out_channels,True,1,82,,
129,4,DG026,model.22.m.0.1.ffn.0.conv,model.22.m.0.1.ffn.1.conv,Conv2d,prune_in_channels,False,1,82,,
130,1,DG026,model.22.m.0.1.ffn.0.conv,model.22.m.0.1.ffn.0.conv,Conv2d,prune_out_channels,True,1,121,175,174
130,2,DG026,model.22.m.0.1.ffn.0.conv,model.22.m.0.1.ffn.0.bn,BatchNorm2d,prune_out_channels,True,1,121,,
130,3,DG026,model.22.m.0.1.ffn.0.conv,<unresolved>,_ElementWiseOp,prune_out_channels,True,1,121,,
130,4,DG026,model.22.m.0.1.ffn.0.conv,model.22.m.0.1.ffn.1.conv,Conv2d,prune_in_channels,False,1,121,,
131,1,DG026,model.22.m.0.1.ffn.0.conv,model.22.m.0.1.ffn.0.conv,Conv2d,prune_out_channels,True,1,42,174,173
131,2,DG026,model.22.m.0.1.ffn.0.conv,model.22.m.0.1.ffn.0.bn,BatchNorm2d,prune_out_channels,True,1,42,,
131,3,DG026,model.22.m.0.1.ffn.0.conv,<unresolved>,_ElementWiseOp,prune_out_channels,True,1,42,,
131,4,DG026,model.22.m.0.1.ffn.0.conv,model.22.m.0.1.ffn.1.conv,Conv2d,prune_in_channels,False,1,42,,
132,1,DG026,model.22.m.0.1.ffn.0.conv,model.22.m.0.1.ffn.0.conv,Conv2d,prune_out_channels,True,1,38,173,172
132,2,DG026,model.22.m.0.1.ffn.0.conv,model.22.m.0.1.ffn.0.bn,BatchNorm2d,prune_out_channels,True,1,38,,
132,3,DG026,model.22.m.0.1.ffn.0.conv,<unresolved>,_ElementWiseOp,prune_out_channels,True,1,38,,
132,4,DG026,model.22.m.0.1.ffn.0.conv,model.22.m.0.1.ffn.1.conv,Conv2d,prune_in_channels,False,1,38,,
133,1,DG026,model.22.m.0.1.ffn.0.conv,model.22.m.0.1.ffn.0.conv,Conv2d,prune_out_channels,True,1,111,172,171
133,2,DG026,model.22.m.0.1.ffn.0.conv,model.22.m.0.1.ffn.0.bn,BatchNorm2d,prune_out_channels,True,1,111,,
133,3,DG026,model.22.m.0.1.ffn.0.conv,<unresolved>,_ElementWiseOp,prune_out_channels,True,1,111,,
133,4,DG026,model.22.m.0.1.ffn.0.conv,model.22.m.0.1.ffn.1.conv,Conv2d,prune_in_channels,False,1,111,,
134,1,DG026,model.22.m.0.1.ffn.0.conv,model.22.m.0.1.ffn.0.conv,Conv2d,prune_out_channels,True,1,54,171,170
134,2,DG026,model.22.m.0.1.ffn.0.conv,model.22.m.0.1.ffn.0.bn,BatchNorm2d,prune_out_channels,True,1,54,,
134,3,DG026,model.22.m.0.1.ffn.0.conv,<unresolved>,_ElementWiseOp,prune_out_channels,True,1,54,,
134,4,DG026,model.22.m.0.1.ffn.0.conv,model.22.m.0.1.ffn.1.conv,Conv2d,prune_in_channels,False,1,54,,
135,1,DG026,model.22.m.0.1.ffn.0.conv,model.22.m.0.1.ffn.0.conv,Conv2d,prune_out_channels,True,1,37,170,169
135,2,DG026,model.22.m.0.1.ffn.0.conv,model.22.m.0.1.ffn.0.bn,BatchNorm2d,prune_out_channels,True,1,37,,
135,3,DG026,model.22.m.0.1.ffn.0.conv,<unresolved>,_ElementWiseOp,prune_out_channels,True,1,37,,
135,4,DG026,model.22.m.0.1.ffn.0.conv,model.22.m.0.1.ffn.1.conv,Conv2d,prune_in_channels,False,1,37,,
136,1,DG026,model.22.m.0.1.ffn.0.conv,model.22.m.0.1.ffn.0.conv,Conv2d,prune_out_channels,True,1,54,169,168
136,2,DG026,model.22.m.0.1.ffn.0.conv,model.22.m.0.1.ffn.0.bn,BatchNorm2d,prune_out_channels,True,1,54,,
136,3,DG026,model.22.m.0.1.ffn.0.conv,<unresolved>,_ElementWiseOp,prune_out_channels,True,1,54,,
136,4,DG026,model.22.m.0.1.ffn.0.conv,model.22.m.0.1.ffn.1.conv,Conv2d,prune_in_channels,False,1,54,,
137,1,DG026,model.22.m.0.1.ffn.0.conv,model.22.m.0.1.ffn.0.conv,Conv2d,prune_out_channels,True,1,49,168,167
137,2,DG026,model.22.m.0.1.ffn.0.conv,model.22.m.0.1.ffn.0.bn,BatchNorm2d,prune_out_channels,True,1,49,,
137,3,DG026,model.22.m.0.1.ffn.0.conv,<unresolved>,_ElementWiseOp,prune_out_channels,True,1,49,,
137,4,DG026,model.22.m.0.1.ffn.0.conv,model.22.m.0.1.ffn.1.conv,Conv2d,prune_in_channels,False,1,49,,
138,1,DG026,model.22.m.0.1.ffn.0.conv,model.22.m.0.1.ffn.0.conv,Conv2d,prune_out_channels,True,1,143,167,166
138,2,DG026,model.22.m.0.1.ffn.0.conv,model.22.m.0.1.ffn.0.bn,BatchNorm2d,prune_out_channels,True,1,143,,
138,3,DG026,model.22.m.0.1.ffn.0.conv,<unresolved>,_ElementWiseOp,prune_out_channels,True,1,143,,
138,4,DG026,model.22.m.0.1.ffn.0.conv,model.22.m.0.1.ffn.1.conv,Conv2d,prune_in_channels,False,1,143,,
139,1,DG026,model.22.m.0.1.ffn.0.conv,model.22.m.0.1.ffn.0.conv,Conv2d,prune_out_channels,True,1,149,166,165
139,2,DG026,model.22.m.0.1.ffn.0.conv,model.22.m.0.1.ffn.0.bn,BatchNorm2d,prune_out_channels,True,1,149,,
139,3,DG026,model.22.m.0.1.ffn.0.conv,<unresolved>,_ElementWiseOp,prune_out_channels,True,1,149,,
139,4,DG026,model.22.m.0.1.ffn.0.conv,model.22.m.0.1.ffn.1.conv,Conv2d,prune_in_channels,False,1,149,,
140,1,DG026,model.22.m.0.1.ffn.0.conv,model.22.m.0.1.ffn.0.conv,Conv2d,prune_out_channels,True,1,38,165,164
140,2,DG026,model.22.m.0.1.ffn.0.conv,model.22.m.0.1.ffn.0.bn,BatchNorm2d,prune_out_channels,True,1,38,,
140,3,DG026,model.22.m.0.1.ffn.0.conv,<unresolved>,_ElementWiseOp,prune_out_channels,True,1,38,,
140,4,DG026,model.22.m.0.1.ffn.0.conv,model.22.m.0.1.ffn.1.conv,Conv2d,prune_in_channels,False,1,38,,
141,1,DG021,model.2.cv2.conv,model.2.cv2.conv,Conv2d,prune_out_channels,True,1,2,53,52
141,2,DG021,model.2.cv2.conv,model.2.cv2.bn,BatchNorm2d,prune_out_channels,True,1,2,,
141,3,DG021,model.2.cv2.conv,<unresolved>,_ElementWiseOp,prune_out_channels,True,1,2,,
141,4,DG021,model.2.cv2.conv,model.3.conv,Conv2d,prune_in_channels,False,1,2,,
142,1,DG026,model.22.m.0.1.ffn.0.conv,model.22.m.0.1.ffn.0.conv,Conv2d,prune_out_channels,True,1,117,164,163
142,2,DG026,model.22.m.0.1.ffn.0.conv,model.22.m.0.1.ffn.0.bn,BatchNorm2d,prune_out_channels,True,1,117,,
142,3,DG026,model.22.m.0.1.ffn.0.conv,<unresolved>,_ElementWiseOp,prune_out_channels,True,1,117,,
142,4,DG026,model.22.m.0.1.ffn.0.conv,model.22.m.0.1.ffn.1.conv,Conv2d,prune_in_channels,False,1,117,,
143,1,DG026,model.22.m.0.1.ffn.0.conv,model.22.m.0.1.ffn.0.conv,Conv2d,prune_out_channels,True,1,31,163,162
143,2,DG026,model.22.m.0.1.ffn.0.conv,model.22.m.0.1.ffn.0.bn,BatchNorm2d,prune_out_channels,True,1,31,,
143,3,DG026,model.22.m.0.1.ffn.0.conv,<unresolved>,_ElementWiseOp,prune_out_channels,True,1,31,,
143,4,DG026,model.22.m.0.1.ffn.0.conv,model.22.m.0.1.ffn.1.conv,Conv2d,prune_in_channels,False,1,31,,
144,1,DG026,model.22.m.0.1.ffn.0.conv,model.22.m.0.1.ffn.0.conv,Conv2d,prune_out_channels,True,1,79,162,161
144,2,DG026,model.22.m.0.1.ffn.0.conv,model.22.m.0.1.ffn.0.bn,BatchNorm2d,prune_out_channels,True,1,79,,
144,3,DG026,model.22.m.0.1.ffn.0.conv,<unresolved>,_ElementWiseOp,prune_out_channels,True,1,79,,
144,4,DG026,model.22.m.0.1.ffn.0.conv,model.22.m.0.1.ffn.1.conv,Conv2d,prune_in_channels,False,1,79,,
145,1,DG026,model.22.m.0.1.ffn.0.conv,model.22.m.0.1.ffn.0.conv,Conv2d,prune_out_channels,True,1,38,161,160
145,2,DG026,model.22.m.0.1.ffn.0.conv,model.22.m.0.1.ffn.0.bn,BatchNorm2d,prune_out_channels,True,1,38,,
145,3,DG026,model.22.m.0.1.ffn.0.conv,<unresolved>,_ElementWiseOp,prune_out_channels,True,1,38,,
145,4,DG026,model.22.m.0.1.ffn.0.conv,model.22.m.0.1.ffn.1.conv,Conv2d,prune_in_channels,False,1,38,,
146,1,DG026,model.22.m.0.1.ffn.0.conv,model.22.m.0.1.ffn.0.conv,Conv2d,prune_out_channels,True,1,37,160,159
146,2,DG026,model.22.m.0.1.ffn.0.conv,model.22.m.0.1.ffn.0.bn,BatchNorm2d,prune_out_channels,True,1,37,,
146,3,DG026,model.22.m.0.1.ffn.0.conv,<unresolved>,_ElementWiseOp,prune_out_channels,True,1,37,,
146,4,DG026,model.22.m.0.1.ffn.0.conv,model.22.m.0.1.ffn.1.conv,Conv2d,prune_in_channels,False,1,37,,
147,1,DG011,model.16.m.0.cv1.conv,model.16.m.0.cv1.conv,Conv2d,prune_out_channels,True,1,7,13,12
147,2,DG011,model.16.m.0.cv1.conv,model.16.m.0.cv1.bn,BatchNorm2d,prune_out_channels,True,1,7,,
147,3,DG011,model.16.m.0.cv1.conv,<unresolved>,_ElementWiseOp,prune_out_channels,True,1,7,,
147,4,DG011,model.16.m.0.cv1.conv,<unresolved>,_ElementWiseOp,prune_out_channels,True,1,7,,
147,5,DG011,model.16.m.0.cv1.conv,model.16.m.0.m.0.cv1.conv,Conv2d,prune_in_channels,False,1,7,,
147,6,DG011,model.16.m.0.cv1.conv,<unresolved>,_ElementWiseOp,prune_out_channels,True,1,7,,
147,7,DG011,model.16.m.0.cv1.conv,<unresolved>,_ElementWiseOp,prune_out_channels,True,1,7,,
147,8,DG011,model.16.m.0.cv1.conv,model.16.m.0.m.1.cv1.conv,Conv2d,prune_in_channels,False,1,7,,
147,9,DG011,model.16.m.0.cv1.conv,<unresolved>,_ElementWiseOp,prune_out_channels,True,1,7,,
147,10,DG011,model.16.m.0.cv1.conv,<unresolved>,_ConcatOp,prune_out_channels,True,1,7,,
147,11,DG011,model.16.m.0.cv1.conv,model.16.m.0.cv3.conv,Conv2d,prune_in_channels,False,1,7,,
147,12,DG011,model.16.m.0.cv1.conv,model.16.m.0.m.1.cv2.bn,BatchNorm2d,prune_out_channels,True,1,7,,
147,13,DG011,model.16.m.0.cv1.conv,model.16.m.0.m.1.cv2.conv,Conv2d,prune_out_channels,True,1,7,13,12
147,14,DG011,model.16.m.0.cv1.conv,model.16.m.0.m.0.cv2.bn,BatchNorm2d,prune_out_channels,True,1,7,,
147,15,DG011,model.16.m.0.cv1.conv,model.16.m.0.m.0.cv2.conv,Conv2d,prune_out_channels,True,1,7,13,12
148,1,DG026,model.22.m.0.1.ffn.0.conv,model.22.m.0.1.ffn.0.conv,Conv2d,prune_out_channels,True,1,88,159,158
148,2,DG026,model.22.m.0.1.ffn.0.conv,model.22.m.0.1.ffn.0.bn,BatchNorm2d,prune_out_channels,True,1,88,,
148,3,DG026,model.22.m.0.1.ffn.0.conv,<unresolved>,_ElementWiseOp,prune_out_channels,True,1,88,,
148,4,DG026,model.22.m.0.1.ffn.0.conv,model.22.m.0.1.ffn.1.conv,Conv2d,prune_in_channels,False,1,88,,
149,1,DG026,model.22.m.0.1.ffn.0.conv,model.22.m.0.1.ffn.0.conv,Conv2d,prune_out_channels,True,1,155,158,157
149,2,DG026,model.22.m.0.1.ffn.0.conv,model.22.m.0.1.ffn.0.bn,BatchNorm2d,prune_out_channels,True,1,155,,
149,3,DG026,model.22.m.0.1.ffn.0.conv,<unresolved>,_ElementWiseOp,prune_out_channels,True,1,155,,
149,4,DG026,model.22.m.0.1.ffn.0.conv,model.22.m.0.1.ffn.1.conv,Conv2d,prune_in_channels,False,1,155,,
150,1,DG011,model.16.m.0.cv1.conv,model.16.m.0.cv1.conv,Conv2d,prune_out_channels,True,1,11,12,11
150,2,DG011,model.16.m.0.cv1.conv,model.16.m.0.cv1.bn,BatchNorm2d,prune_out_channels,True,1,11,,
150,3,DG011,model.16.m.0.cv1.conv,<unresolved>,_ElementWiseOp,prune_out_channels,True,1,11,,
150,4,DG011,model.16.m.0.cv1.conv,<unresolved>,_ElementWiseOp,prune_out_channels,True,1,11,,
150,5,DG011,model.16.m.0.cv1.conv,model.16.m.0.m.0.cv1.conv,Conv2d,prune_in_channels,False,1,11,,
150,6,DG011,model.16.m.0.cv1.conv,<unresolved>,_ElementWiseOp,prune_out_channels,True,1,11,,
150,7,DG011,model.16.m.0.cv1.conv,<unresolved>,_ElementWiseOp,prune_out_channels,True,1,11,,
150,8,DG011,model.16.m.0.cv1.conv,model.16.m.0.m.1.cv1.conv,Conv2d,prune_in_channels,False,1,11,,
150,9,DG011,model.16.m.0.cv1.conv,<unresolved>,_ElementWiseOp,prune_out_channels,True,1,11,,
150,10,DG011,model.16.m.0.cv1.conv,<unresolved>,_ConcatOp,prune_out_channels,True,1,11,,
150,11,DG011,model.16.m.0.cv1.conv,model.16.m.0.cv3.conv,Conv2d,prune_in_channels,False,1,11,,
150,12,DG011,model.16.m.0.cv1.conv,model.16.m.0.m.1.cv2.bn,BatchNorm2d,prune_out_channels,True,1,11,,
150,13,DG011,model.16.m.0.cv1.conv,model.16.m.0.m.1.cv2.conv,Conv2d,prune_out_channels,True,1,11,12,11
150,14,DG011,model.16.m.0.cv1.conv,model.16.m.0.m.0.cv2.bn,BatchNorm2d,prune_out_channels,True,1,11,,
150,15,DG011,model.16.m.0.cv1.conv,model.16.m.0.m.0.cv2.conv,Conv2d,prune_out_channels,True,1,11,12,11
151,1,DG026,model.22.m.0.1.ffn.0.conv,model.22.m.0.1.ffn.0.conv,Conv2d,prune_out_channels,True,1,61,157,156
151,2,DG026,model.22.m.0.1.ffn.0.conv,model.22.m.0.1.ffn.0.bn,BatchNorm2d,prune_out_channels,True,1,61,,
151,3,DG026,model.22.m.0.1.ffn.0.conv,<unresolved>,_ElementWiseOp,prune_out_channels,True,1,61,,
151,4,DG026,model.22.m.0.1.ffn.0.conv,model.22.m.0.1.ffn.1.conv,Conv2d,prune_in_channels,False,1,61,,
152,1,DG026,model.22.m.0.1.ffn.0.conv,model.22.m.0.1.ffn.0.conv,Conv2d,prune_out_channels,True,1,10,156,155
152,2,DG026,model.22.m.0.1.ffn.0.conv,model.22.m.0.1.ffn.0.bn,BatchNorm2d,prune_out_channels,True,1,10,,
152,3,DG026,model.22.m.0.1.ffn.0.conv,<unresolved>,_ElementWiseOp,prune_out_channels,True,1,10,,
152,4,DG026,model.22.m.0.1.ffn.0.conv,model.22.m.0.1.ffn.1.conv,Conv2d,prune_in_channels,False,1,10,,
153,1,DG026,model.22.m.0.1.ffn.0.conv,model.22.m.0.1.ffn.0.conv,Conv2d,prune_out_channels,True,1,52,155,154
153,2,DG026,model.22.m.0.1.ffn.0.conv,model.22.m.0.1.ffn.0.bn,BatchNorm2d,prune_out_channels,True,1,52,,
153,3,DG026,model.22.m.0.1.ffn.0.conv,<unresolved>,_ElementWiseOp,prune_out_channels,True,1,52,,
153,4,DG026,model.22.m.0.1.ffn.0.conv,model.22.m.0.1.ffn.1.conv,Conv2d,prune_in_channels,False,1,52,,
154,1,DG011,model.16.m.0.cv1.conv,model.16.m.0.cv1.conv,Conv2d,prune_out_channels,True,1,8,11,10
154,2,DG011,model.16.m.0.cv1.conv,model.16.m.0.cv1.bn,BatchNorm2d,prune_out_channels,True,1,8,,
154,3,DG011,model.16.m.0.cv1.conv,<unresolved>,_ElementWiseOp,prune_out_channels,True,1,8,,
154,4,DG011,model.16.m.0.cv1.conv,<unresolved>,_ElementWiseOp,prune_out_channels,True,1,8,,
154,5,DG011,model.16.m.0.cv1.conv,model.16.m.0.m.0.cv1.conv,Conv2d,prune_in_channels,False,1,8,,
154,6,DG011,model.16.m.0.cv1.conv,<unresolved>,_ElementWiseOp,prune_out_channels,True,1,8,,
154,7,DG011,model.16.m.0.cv1.conv,<unresolved>,_ElementWiseOp,prune_out_channels,True,1,8,,
154,8,DG011,model.16.m.0.cv1.conv,model.16.m.0.m.1.cv1.conv,Conv2d,prune_in_channels,False,1,8,,
154,9,DG011,model.16.m.0.cv1.conv,<unresolved>,_ElementWiseOp,prune_out_channels,True,1,8,,
154,10,DG011,model.16.m.0.cv1.conv,<unresolved>,_ConcatOp,prune_out_channels,True,1,8,,
154,11,DG011,model.16.m.0.cv1.conv,model.16.m.0.cv3.conv,Conv2d,prune_in_channels,False,1,8,,
154,12,DG011,model.16.m.0.cv1.conv,model.16.m.0.m.1.cv2.bn,BatchNorm2d,prune_out_channels,True,1,8,,
154,13,DG011,model.16.m.0.cv1.conv,model.16.m.0.m.1.cv2.conv,Conv2d,prune_out_channels,True,1,8,11,10
154,14,DG011,model.16.m.0.cv1.conv,model.16.m.0.m.0.cv2.bn,BatchNorm2d,prune_out_channels,True,1,8,,
154,15,DG011,model.16.m.0.cv1.conv,model.16.m.0.m.0.cv2.conv,Conv2d,prune_out_channels,True,1,8,11,10
155,1,DG026,model.22.m.0.1.ffn.0.conv,model.22.m.0.1.ffn.0.conv,Conv2d,prune_out_channels,True,1,123,154,153
155,2,DG026,model.22.m.0.1.ffn.0.conv,model.22.m.0.1.ffn.0.bn,BatchNorm2d,prune_out_channels,True,1,123,,
155,3,DG026,model.22.m.0.1.ffn.0.conv,<unresolved>,_ElementWiseOp,prune_out_channels,True,1,123,,
155,4,DG026,model.22.m.0.1.ffn.0.conv,model.22.m.0.1.ffn.1.conv,Conv2d,prune_in_channels,False,1,123,,
156,1,DG026,model.22.m.0.1.ffn.0.conv,model.22.m.0.1.ffn.0.conv,Conv2d,prune_out_channels,True,1,110,153,152
156,2,DG026,model.22.m.0.1.ffn.0.conv,model.22.m.0.1.ffn.0.bn,BatchNorm2d,prune_out_channels,True,1,110,,
156,3,DG026,model.22.m.0.1.ffn.0.conv,<unresolved>,_ElementWiseOp,prune_out_channels,True,1,110,,
156,4,DG026,model.22.m.0.1.ffn.0.conv,model.22.m.0.1.ffn.1.conv,Conv2d,prune_in_channels,False,1,110,,
157,1,DG026,model.22.m.0.1.ffn.0.conv,model.22.m.0.1.ffn.0.conv,Conv2d,prune_out_channels,True,1,118,152,151
157,2,DG026,model.22.m.0.1.ffn.0.conv,model.22.m.0.1.ffn.0.bn,BatchNorm2d,prune_out_channels,True,1,118,,
157,3,DG026,model.22.m.0.1.ffn.0.conv,<unresolved>,_ElementWiseOp,prune_out_channels,True,1,118,,
157,4,DG026,model.22.m.0.1.ffn.0.conv,model.22.m.0.1.ffn.1.conv,Conv2d,prune_in_channels,False,1,118,,
158,1,DG011,model.16.m.0.cv1.conv,model.16.m.0.cv1.conv,Conv2d,prune_out_channels,True,1,3,10,9
158,2,DG011,model.16.m.0.cv1.conv,model.16.m.0.cv1.bn,BatchNorm2d,prune_out_channels,True,1,3,,
158,3,DG011,model.16.m.0.cv1.conv,<unresolved>,_ElementWiseOp,prune_out_channels,True,1,3,,
158,4,DG011,model.16.m.0.cv1.conv,<unresolved>,_ElementWiseOp,prune_out_channels,True,1,3,,
158,5,DG011,model.16.m.0.cv1.conv,model.16.m.0.m.0.cv1.conv,Conv2d,prune_in_channels,False,1,3,,
158,6,DG011,model.16.m.0.cv1.conv,<unresolved>,_ElementWiseOp,prune_out_channels,True,1,3,,
158,7,DG011,model.16.m.0.cv1.conv,<unresolved>,_ElementWiseOp,prune_out_channels,True,1,3,,
158,8,DG011,model.16.m.0.cv1.conv,model.16.m.0.m.1.cv1.conv,Conv2d,prune_in_channels,False,1,3,,
158,9,DG011,model.16.m.0.cv1.conv,<unresolved>,_ElementWiseOp,prune_out_channels,True,1,3,,
158,10,DG011,model.16.m.0.cv1.conv,<unresolved>,_ConcatOp,prune_out_channels,True,1,3,,
158,11,DG011,model.16.m.0.cv1.conv,model.16.m.0.cv3.conv,Conv2d,prune_in_channels,False,1,3,,
158,12,DG011,model.16.m.0.cv1.conv,model.16.m.0.m.1.cv2.bn,BatchNorm2d,prune_out_channels,True,1,3,,
158,13,DG011,model.16.m.0.cv1.conv,model.16.m.0.m.1.cv2.conv,Conv2d,prune_out_channels,True,1,3,10,9
158,14,DG011,model.16.m.0.cv1.conv,model.16.m.0.m.0.cv2.bn,BatchNorm2d,prune_out_channels,True,1,3,,
158,15,DG011,model.16.m.0.cv1.conv,model.16.m.0.m.0.cv2.conv,Conv2d,prune_out_channels,True,1,3,10,9
159,1,DG014,model.16.m.0.m.1.cv1.conv,model.16.m.0.m.1.cv1.conv,Conv2d,prune_out_channels,True,1,9,16,15
159,2,DG014,model.16.m.0.m.1.cv1.conv,model.16.m.0.m.1.cv1.bn,BatchNorm2d,prune_out_channels,True,1,9,,
159,3,DG014,model.16.m.0.m.1.cv1.conv,<unresolved>,_ElementWiseOp,prune_out_channels,True,1,9,,
159,4,DG014,model.16.m.0.m.1.cv1.conv,model.16.m.0.m.1.cv2.conv,Conv2d,prune_in_channels,False,1,9,,
160,1,DG014,model.16.m.0.m.1.cv1.conv,model.16.m.0.m.1.cv1.conv,Conv2d,prune_out_channels,True,1,14,15,14
160,2,DG014,model.16.m.0.m.1.cv1.conv,model.16.m.0.m.1.cv1.bn,BatchNorm2d,prune_out_channels,True,1,14,,
160,3,DG014,model.16.m.0.m.1.cv1.conv,<unresolved>,_ElementWiseOp,prune_out_channels,True,1,14,,
160,4,DG014,model.16.m.0.m.1.cv1.conv,model.16.m.0.m.1.cv2.conv,Conv2d,prune_in_channels,False,1,14,,
161,1,DG014,model.16.m.0.m.1.cv1.conv,model.16.m.0.m.1.cv1.conv,Conv2d,prune_out_channels,True,1,7,14,13
161,2,DG014,model.16.m.0.m.1.cv1.conv,model.16.m.0.m.1.cv1.bn,BatchNorm2d,prune_out_channels,True,1,7,,
161,3,DG014,model.16.m.0.m.1.cv1.conv,<unresolved>,_ElementWiseOp,prune_out_channels,True,1,7,,
161,4,DG014,model.16.m.0.m.1.cv1.conv,model.16.m.0.m.1.cv2.conv,Conv2d,prune_in_channels,False,1,7,,
162,1,DG014,model.16.m.0.m.1.cv1.conv,model.16.m.0.m.1.cv1.conv,Conv2d,prune_out_channels,True,1,0,13,12
162,2,DG014,model.16.m.0.m.1.cv1.conv,model.16.m.0.m.1.cv1.bn,BatchNorm2d,prune_out_channels,True,1,0,,
162,3,DG014,model.16.m.0.m.1.cv1.conv,<unresolved>,_ElementWiseOp,prune_out_channels,True,1,0,,
162,4,DG014,model.16.m.0.m.1.cv1.conv,model.16.m.0.m.1.cv2.conv,Conv2d,prune_in_channels,False,1,0,,
163,1,DG021,model.2.cv2.conv,model.2.cv2.conv,Conv2d,prune_out_channels,True,1,35,52,51
163,2,DG021,model.2.cv2.conv,model.2.cv2.bn,BatchNorm2d,prune_out_channels,True,1,35,,
163,3,DG021,model.2.cv2.conv,<unresolved>,_ElementWiseOp,prune_out_channels,True,1,35,,
163,4,DG021,model.2.cv2.conv,model.3.conv,Conv2d,prune_in_channels,False,1,35,,
164,1,DG026,model.22.m.0.1.ffn.0.conv,model.22.m.0.1.ffn.0.conv,Conv2d,prune_out_channels,True,1,3,151,150
164,2,DG026,model.22.m.0.1.ffn.0.conv,model.22.m.0.1.ffn.0.bn,BatchNorm2d,prune_out_channels,True,1,3,,
164,3,DG026,model.22.m.0.1.ffn.0.conv,<unresolved>,_ElementWiseOp,prune_out_channels,True,1,3,,
164,4,DG026,model.22.m.0.1.ffn.0.conv,model.22.m.0.1.ffn.1.conv,Conv2d,prune_in_channels,False,1,3,,
165,1,DG026,model.22.m.0.1.ffn.0.conv,model.22.m.0.1.ffn.0.conv,Conv2d,prune_out_channels,True,1,101,150,149
165,2,DG026,model.22.m.0.1.ffn.0.conv,model.22.m.0.1.ffn.0.bn,BatchNorm2d,prune_out_channels,True,1,101,,
165,3,DG026,model.22.m.0.1.ffn.0.conv,<unresolved>,_ElementWiseOp,prune_out_channels,True,1,101,,
165,4,DG026,model.22.m.0.1.ffn.0.conv,model.22.m.0.1.ffn.1.conv,Conv2d,prune_in_channels,False,1,101,,
166,1,DG026,model.22.m.0.1.ffn.0.conv,model.22.m.0.1.ffn.0.conv,Conv2d,prune_out_channels,True,1,101,149,148
166,2,DG026,model.22.m.0.1.ffn.0.conv,model.22.m.0.1.ffn.0.bn,BatchNorm2d,prune_out_channels,True,1,101,,
166,3,DG026,model.22.m.0.1.ffn.0.conv,<unresolved>,_ElementWiseOp,prune_out_channels,True,1,101,,
166,4,DG026,model.22.m.0.1.ffn.0.conv,model.22.m.0.1.ffn.1.conv,Conv2d,prune_in_channels,False,1,101,,
167,1,DG026,model.22.m.0.1.ffn.0.conv,model.22.m.0.1.ffn.0.conv,Conv2d,prune_out_channels,True,1,4,148,147
167,2,DG026,model.22.m.0.1.ffn.0.conv,model.22.m.0.1.ffn.0.bn,BatchNorm2d,prune_out_channels,True,1,4,,
167,3,DG026,model.22.m.0.1.ffn.0.conv,<unresolved>,_ElementWiseOp,prune_out_channels,True,1,4,,
167,4,DG026,model.22.m.0.1.ffn.0.conv,model.22.m.0.1.ffn.1.conv,Conv2d,prune_in_channels,False,1,4,,
168,1,DG026,model.22.m.0.1.ffn.0.conv,model.22.m.0.1.ffn.0.conv,Conv2d,prune_out_channels,True,1,87,147,146
168,2,DG026,model.22.m.0.1.ffn.0.conv,model.22.m.0.1.ffn.0.bn,BatchNorm2d,prune_out_channels,True,1,87,,
168,3,DG026,model.22.m.0.1.ffn.0.conv,<unresolved>,_ElementWiseOp,prune_out_channels,True,1,87,,
168,4,DG026,model.22.m.0.1.ffn.0.conv,model.22.m.0.1.ffn.1.conv,Conv2d,prune_in_channels,False,1,87,,
169,1,DG021,model.2.cv2.conv,model.2.cv2.conv,Conv2d,prune_out_channels,True,1,12,51,50
169,2,DG021,model.2.cv2.conv,model.2.cv2.bn,BatchNorm2d,prune_out_channels,True,1,12,,
169,3,DG021,model.2.cv2.conv,<unresolved>,_ElementWiseOp,prune_out_channels,True,1,12,,
169,4,DG021,model.2.cv2.conv,model.3.conv,Conv2d,prune_in_channels,False,1,12,,
170,1,DG026,model.22.m.0.1.ffn.0.conv,model.22.m.0.1.ffn.0.conv,Conv2d,prune_out_channels,True,1,46,146,145
170,2,DG026,model.22.m.0.1.ffn.0.conv,model.22.m.0.1.ffn.0.bn,BatchNorm2d,prune_out_channels,True,1,46,,
170,3,DG026,model.22.m.0.1.ffn.0.conv,<unresolved>,_ElementWiseOp,prune_out_channels,True,1,46,,
170,4,DG026,model.22.m.0.1.ffn.0.conv,model.22.m.0.1.ffn.1.conv,Conv2d,prune_in_channels,False,1,46,,
171,1,DG026,model.22.m.0.1.ffn.0.conv,model.22.m.0.1.ffn.0.conv,Conv2d,prune_out_channels,True,1,79,145,144
171,2,DG026,model.22.m.0.1.ffn.0.conv,model.22.m.0.1.ffn.0.bn,BatchNorm2d,prune_out_channels,True,1,79,,
171,3,DG026,model.22.m.0.1.ffn.0.conv,<unresolved>,_ElementWiseOp,prune_out_channels,True,1,79,,
171,4,DG026,model.22.m.0.1.ffn.0.conv,model.22.m.0.1.ffn.1.conv,Conv2d,prune_in_channels,False,1,79,,
172,1,DG026,model.22.m.0.1.ffn.0.conv,model.22.m.0.1.ffn.0.conv,Conv2d,prune_out_channels,True,1,128,144,143
172,2,DG026,model.22.m.0.1.ffn.0.conv,model.22.m.0.1.ffn.0.bn,BatchNorm2d,prune_out_channels,True,1,128,,
172,3,DG026,model.22.m.0.1.ffn.0.conv,<unresolved>,_ElementWiseOp,prune_out_channels,True,1,128,,
172,4,DG026,model.22.m.0.1.ffn.0.conv,model.22.m.0.1.ffn.1.conv,Conv2d,prune_in_channels,False,1,128,,
173,1,DG026,model.22.m.0.1.ffn.0.conv,model.22.m.0.1.ffn.0.conv,Conv2d,prune_out_channels,True,1,51,143,142
173,2,DG026,model.22.m.0.1.ffn.0.conv,model.22.m.0.1.ffn.0.bn,BatchNorm2d,prune_out_channels,True,1,51,,
173,3,DG026,model.22.m.0.1.ffn.0.conv,<unresolved>,_ElementWiseOp,prune_out_channels,True,1,51,,
173,4,DG026,model.22.m.0.1.ffn.0.conv,model.22.m.0.1.ffn.1.conv,Conv2d,prune_in_channels,False,1,51,,
174,1,DG026,model.22.m.0.1.ffn.0.conv,model.22.m.0.1.ffn.0.conv,Conv2d,prune_out_channels,True,1,50,142,141
174,2,DG026,model.22.m.0.1.ffn.0.conv,model.22.m.0.1.ffn.0.bn,BatchNorm2d,prune_out_channels,True,1,50,,
174,3,DG026,model.22.m.0.1.ffn.0.conv,<unresolved>,_ElementWiseOp,prune_out_channels,True,1,50,,
174,4,DG026,model.22.m.0.1.ffn.0.conv,model.22.m.0.1.ffn.1.conv,Conv2d,prune_in_channels,False,1,50,,
175,1,DG011,model.16.m.0.cv1.conv,model.16.m.0.cv1.conv,Conv2d,prune_out_channels,True,1,7,9,8
175,2,DG011,model.16.m.0.cv1.conv,model.16.m.0.cv1.bn,BatchNorm2d,prune_out_channels,True,1,7,,
175,3,DG011,model.16.m.0.cv1.conv,<unresolved>,_ElementWiseOp,prune_out_channels,True,1,7,,
175,4,DG011,model.16.m.0.cv1.conv,<unresolved>,_ElementWiseOp,prune_out_channels,True,1,7,,
175,5,DG011,model.16.m.0.cv1.conv,model.16.m.0.m.0.cv1.conv,Conv2d,prune_in_channels,False,1,7,,
175,6,DG011,model.16.m.0.cv1.conv,<unresolved>,_ElementWiseOp,prune_out_channels,True,1,7,,
175,7,DG011,model.16.m.0.cv1.conv,<unresolved>,_ElementWiseOp,prune_out_channels,True,1,7,,
175,8,DG011,model.16.m.0.cv1.conv,model.16.m.0.m.1.cv1.conv,Conv2d,prune_in_channels,False,1,7,,
175,9,DG011,model.16.m.0.cv1.conv,<unresolved>,_ElementWiseOp,prune_out_channels,True,1,7,,
175,10,DG011,model.16.m.0.cv1.conv,<unresolved>,_ConcatOp,prune_out_channels,True,1,7,,
175,11,DG011,model.16.m.0.cv1.conv,model.16.m.0.cv3.conv,Conv2d,prune_in_channels,False,1,7,,
175,12,DG011,model.16.m.0.cv1.conv,model.16.m.0.m.1.cv2.bn,BatchNorm2d,prune_out_channels,True,1,7,,
175,13,DG011,model.16.m.0.cv1.conv,model.16.m.0.m.1.cv2.conv,Conv2d,prune_out_channels,True,1,7,9,8
175,14,DG011,model.16.m.0.cv1.conv,model.16.m.0.m.0.cv2.bn,BatchNorm2d,prune_out_channels,True,1,7,,
175,15,DG011,model.16.m.0.cv1.conv,model.16.m.0.m.0.cv2.conv,Conv2d,prune_out_channels,True,1,7,9,8
176,1,DG014,model.16.m.0.m.1.cv1.conv,model.16.m.0.m.1.cv1.conv,Conv2d,prune_out_channels,True,1,2,12,11
176,2,DG014,model.16.m.0.m.1.cv1.conv,model.16.m.0.m.1.cv1.bn,BatchNorm2d,prune_out_channels,True,1,2,,
176,3,DG014,model.16.m.0.m.1.cv1.conv,<unresolved>,_ElementWiseOp,prune_out_channels,True,1,2,,
176,4,DG014,model.16.m.0.m.1.cv1.conv,model.16.m.0.m.1.cv2.conv,Conv2d,prune_in_channels,False,1,2,,
177,1,DG014,model.16.m.0.m.1.cv1.conv,model.16.m.0.m.1.cv1.conv,Conv2d,prune_out_channels,True,1,8,11,10
177,2,DG014,model.16.m.0.m.1.cv1.conv,model.16.m.0.m.1.cv1.bn,BatchNorm2d,prune_out_channels,True,1,8,,
177,3,DG014,model.16.m.0.m.1.cv1.conv,<unresolved>,_ElementWiseOp,prune_out_channels,True,1,8,,
177,4,DG014,model.16.m.0.m.1.cv1.conv,model.16.m.0.m.1.cv2.conv,Conv2d,prune_in_channels,False,1,8,,
178,1,DG013,model.16.m.0.m.0.cv1.conv,model.16.m.0.m.0.cv1.conv,Conv2d,prune_out_channels,True,1,14,16,15
178,2,DG013,model.16.m.0.m.0.cv1.conv,model.16.m.0.m.0.cv1.bn,BatchNorm2d,prune_out_channels,True,1,14,,
178,3,DG013,model.16.m.0.m.0.cv1.conv,<unresolved>,_ElementWiseOp,prune_out_channels,True,1,14,,
178,4,DG013,model.16.m.0.m.0.cv1.conv,model.16.m.0.m.0.cv2.conv,Conv2d,prune_in_channels,False,1,14,,
179,1,DG026,model.22.m.0.1.ffn.0.conv,model.22.m.0.1.ffn.0.conv,Conv2d,prune_out_channels,True,1,36,141,140
179,2,DG026,model.22.m.0.1.ffn.0.conv,model.22.m.0.1.ffn.0.bn,BatchNorm2d,prune_out_channels,True,1,36,,
179,3,DG026,model.22.m.0.1.ffn.0.conv,<unresolved>,_ElementWiseOp,prune_out_channels,True,1,36,,
179,4,DG026,model.22.m.0.1.ffn.0.conv,model.22.m.0.1.ffn.1.conv,Conv2d,prune_in_channels,False,1,36,,
180,1,DG026,model.22.m.0.1.ffn.0.conv,model.22.m.0.1.ffn.0.conv,Conv2d,prune_out_channels,True,1,6,140,139
180,2,DG026,model.22.m.0.1.ffn.0.conv,model.22.m.0.1.ffn.0.bn,BatchNorm2d,prune_out_channels,True,1,6,,
180,3,DG026,model.22.m.0.1.ffn.0.conv,<unresolved>,_ElementWiseOp,prune_out_channels,True,1,6,,
180,4,DG026,model.22.m.0.1.ffn.0.conv,model.22.m.0.1.ffn.1.conv,Conv2d,prune_in_channels,False,1,6,,
181,1,DG026,model.22.m.0.1.ffn.0.conv,model.22.m.0.1.ffn.0.conv,Conv2d,prune_out_channels,True,1,82,139,138
181,2,DG026,model.22.m.0.1.ffn.0.conv,model.22.m.0.1.ffn.0.bn,BatchNorm2d,prune_out_channels,True,1,82,,
181,3,DG026,model.22.m.0.1.ffn.0.conv,<unresolved>,_ElementWiseOp,prune_out_channels,True,1,82,,
181,4,DG026,model.22.m.0.1.ffn.0.conv,model.22.m.0.1.ffn.1.conv,Conv2d,prune_in_channels,False,1,82,,
182,1,DG026,model.22.m.0.1.ffn.0.conv,model.22.m.0.1.ffn.0.conv,Conv2d,prune_out_channels,True,1,0,138,137
182,2,DG026,model.22.m.0.1.ffn.0.conv,model.22.m.0.1.ffn.0.bn,BatchNorm2d,prune_out_channels,True,1,0,,
182,3,DG026,model.22.m.0.1.ffn.0.conv,<unresolved>,_ElementWiseOp,prune_out_channels,True,1,0,,
182,4,DG026,model.22.m.0.1.ffn.0.conv,model.22.m.0.1.ffn.1.conv,Conv2d,prune_in_channels,False,1,0,,
183,1,DG033,model.6.m.0.cv2.conv,model.6.m.0.cv2.conv,Conv2d,prune_out_channels,True,1,18,26,25
183,2,DG033,model.6.m.0.cv2.conv,model.6.m.0.cv2.bn,BatchNorm2d,prune_out_channels,True,1,18,,
183,3,DG033,model.6.m.0.cv2.conv,<unresolved>,_ElementWiseOp,prune_out_channels,True,1,18,,
183,4,DG033,model.6.m.0.cv2.conv,<unresolved>,_ConcatOp,prune_out_channels,True,1,50,,
183,5,DG033,model.6.m.0.cv2.conv,model.6.m.0.cv3.conv,Conv2d,prune_in_channels,False,1,50,,
184,1,DG026,model.22.m.0.1.ffn.0.conv,model.22.m.0.1.ffn.0.conv,Conv2d,prune_out_channels,True,1,24,137,136
184,2,DG026,model.22.m.0.1.ffn.0.conv,model.22.m.0.1.ffn.0.bn,BatchNorm2d,prune_out_channels,True,1,24,,
184,3,DG026,model.22.m.0.1.ffn.0.conv,<unresolved>,_ElementWiseOp,prune_out_channels,True,1,24,,
184,4,DG026,model.22.m.0.1.ffn.0.conv,model.22.m.0.1.ffn.1.conv,Conv2d,prune_in_channels,False,1,24,,
185,1,DG026,model.22.m.0.1.ffn.0.conv,model.22.m.0.1.ffn.0.conv,Conv2d,prune_out_channels,True,1,79,136,135
185,2,DG026,model.22.m.0.1.ffn.0.conv,model.22.m.0.1.ffn.0.bn,BatchNorm2d,prune_out_channels,True,1,79,,
185,3,DG026,model.22.m.0.1.ffn.0.conv,<unresolved>,_ElementWiseOp,prune_out_channels,True,1,79,,
185,4,DG026,model.22.m.0.1.ffn.0.conv,model.22.m.0.1.ffn.1.conv,Conv2d,prune_in_channels,False,1,79,,
186,1,DG026,model.22.m.0.1.ffn.0.conv,model.22.m.0.1.ffn.0.conv,Conv2d,prune_out_channels,True,1,97,135,134
186,2,DG026,model.22.m.0.1.ffn.0.conv,model.22.m.0.1.ffn.0.bn,BatchNorm2d,prune_out_channels,True,1,97,,
186,3,DG026,model.22.m.0.1.ffn.0.conv,<unresolved>,_ElementWiseOp,prune_out_channels,True,1,97,,
186,4,DG026,model.22.m.0.1.ffn.0.conv,model.22.m.0.1.ffn.1.conv,Conv2d,prune_in_channels,False,1,97,,
187,1,DG013,model.16.m.0.m.0.cv1.conv,model.16.m.0.m.0.cv1.conv,Conv2d,prune_out_channels,True,1,14,15,14
187,2,DG013,model.16.m.0.m.0.cv1.conv,model.16.m.0.m.0.cv1.bn,BatchNorm2d,prune_out_channels,True,1,14,,
187,3,DG013,model.16.m.0.m.0.cv1.conv,<unresolved>,_ElementWiseOp,prune_out_channels,True,1,14,,
187,4,DG013,model.16.m.0.m.0.cv1.conv,model.16.m.0.m.0.cv2.conv,Conv2d,prune_in_channels,False,1,14,,
188,1,DG017,model.19.m.0.cv1.conv,model.19.m.0.cv1.conv,Conv2d,prune_out_channels,True,1,14,31,30
188,2,DG017,model.19.m.0.cv1.conv,model.19.m.0.cv1.bn,BatchNorm2d,prune_out_channels,True,1,14,,
188,3,DG017,model.19.m.0.cv1.conv,<unresolved>,_ElementWiseOp,prune_out_channels,True,1,14,,
188,4,DG017,model.19.m.0.cv1.conv,<unresolved>,_ElementWiseOp,prune_out_channels,True,1,14,,
188,5,DG017,model.19.m.0.cv1.conv,model.19.m.0.m.0.cv1.conv,Conv2d,prune_in_channels,False,1,14,,
188,6,DG017,model.19.m.0.cv1.conv,<unresolved>,_ElementWiseOp,prune_out_channels,True,1,14,,
188,7,DG017,model.19.m.0.cv1.conv,<unresolved>,_ElementWiseOp,prune_out_channels,True,1,14,,
188,8,DG017,model.19.m.0.cv1.conv,model.19.m.0.m.1.cv1.conv,Conv2d,prune_in_channels,False,1,14,,
188,9,DG017,model.19.m.0.cv1.conv,<unresolved>,_ElementWiseOp,prune_out_channels,True,1,14,,
188,10,DG017,model.19.m.0.cv1.conv,<unresolved>,_ConcatOp,prune_out_channels,True,1,14,,
188,11,DG017,model.19.m.0.cv1.conv,model.19.m.0.cv3.conv,Conv2d,prune_in_channels,False,1,14,,
188,12,DG017,model.19.m.0.cv1.conv,model.19.m.0.m.1.cv2.bn,BatchNorm2d,prune_out_channels,True,1,14,,
188,13,DG017,model.19.m.0.cv1.conv,model.19.m.0.m.1.cv2.conv,Conv2d,prune_out_channels,True,1,14,31,30
188,14,DG017,model.19.m.0.cv1.conv,model.19.m.0.m.0.cv2.bn,BatchNorm2d,prune_out_channels,True,1,14,,
188,15,DG017,model.19.m.0.cv1.conv,model.19.m.0.m.0.cv2.conv,Conv2d,prune_out_channels,True,1,14,31,30
189,1,DG026,model.22.m.0.1.ffn.0.conv,model.22.m.0.1.ffn.0.conv,Conv2d,prune_out_channels,True,1,33,134,133
189,2,DG026,model.22.m.0.1.ffn.0.conv,model.22.m.0.1.ffn.0.bn,BatchNorm2d,prune_out_channels,True,1,33,,
189,3,DG026,model.22.m.0.1.ffn.0.conv,<unresolved>,_ElementWiseOp,prune_out_channels,True,1,33,,
189,4,DG026,model.22.m.0.1.ffn.0.conv,model.22.m.0.1.ffn.1.conv,Conv2d,prune_in_channels,False,1,33,,
190,1,DG026,model.22.m.0.1.ffn.0.conv,model.22.m.0.1.ffn.0.conv,Conv2d,prune_out_channels,True,1,109,133,132
190,2,DG026,model.22.m.0.1.ffn.0.conv,model.22.m.0.1.ffn.0.bn,BatchNorm2d,prune_out_channels,True,1,109,,
190,3,DG026,model.22.m.0.1.ffn.0.conv,<unresolved>,_ElementWiseOp,prune_out_channels,True,1,109,,
190,4,DG026,model.22.m.0.1.ffn.0.conv,model.22.m.0.1.ffn.1.conv,Conv2d,prune_in_channels,False,1,109,,
191,1,DG033,model.6.m.0.cv2.conv,model.6.m.0.cv2.conv,Conv2d,prune_out_channels,True,1,17,25,24
191,2,DG033,model.6.m.0.cv2.conv,model.6.m.0.cv2.bn,BatchNorm2d,prune_out_channels,True,1,17,,
191,3,DG033,model.6.m.0.cv2.conv,<unresolved>,_ElementWiseOp,prune_out_channels,True,1,17,,
191,4,DG033,model.6.m.0.cv2.conv,<unresolved>,_ConcatOp,prune_out_channels,True,1,49,,
191,5,DG033,model.6.m.0.cv2.conv,model.6.m.0.cv3.conv,Conv2d,prune_in_channels,False,1,49,,
192,1,DG026,model.22.m.0.1.ffn.0.conv,model.22.m.0.1.ffn.0.conv,Conv2d,prune_out_channels,True,1,56,132,131
192,2,DG026,model.22.m.0.1.ffn.0.conv,model.22.m.0.1.ffn.0.bn,BatchNorm2d,prune_out_channels,True,1,56,,
192,3,DG026,model.22.m.0.1.ffn.0.conv,<unresolved>,_ElementWiseOp,prune_out_channels,True,1,56,,
192,4,DG026,model.22.m.0.1.ffn.0.conv,model.22.m.0.1.ffn.1.conv,Conv2d,prune_in_channels,False,1,56,,
193,1,DG013,model.16.m.0.m.0.cv1.conv,model.16.m.0.m.0.cv1.conv,Conv2d,prune_out_channels,True,1,7,14,13
193,2,DG013,model.16.m.0.m.0.cv1.conv,model.16.m.0.m.0.cv1.bn,BatchNorm2d,prune_out_channels,True,1,7,,
193,3,DG013,model.16.m.0.m.0.cv1.conv,<unresolved>,_ElementWiseOp,prune_out_channels,True,1,7,,
193,4,DG013,model.16.m.0.m.0.cv1.conv,model.16.m.0.m.0.cv2.conv,Conv2d,prune_in_channels,False,1,7,,
194,1,DG026,model.22.m.0.1.ffn.0.conv,model.22.m.0.1.ffn.0.conv,Conv2d,prune_out_channels,True,1,109,131,130
194,2,DG026,model.22.m.0.1.ffn.0.conv,model.22.m.0.1.ffn.0.bn,BatchNorm2d,prune_out_channels,True,1,109,,
194,3,DG026,model.22.m.0.1.ffn.0.conv,<unresolved>,_ElementWiseOp,prune_out_channels,True,1,109,,
194,4,DG026,model.22.m.0.1.ffn.0.conv,model.22.m.0.1.ffn.1.conv,Conv2d,prune_in_channels,False,1,109,,
195,1,DG026,model.22.m.0.1.ffn.0.conv,model.22.m.0.1.ffn.0.conv,Conv2d,prune_out_channels,True,1,110,130,129
195,2,DG026,model.22.m.0.1.ffn.0.conv,model.22.m.0.1.ffn.0.bn,BatchNorm2d,prune_out_channels,True,1,110,,
195,3,DG026,model.22.m.0.1.ffn.0.conv,<unresolved>,_ElementWiseOp,prune_out_channels,True,1,110,,
195,4,DG026,model.22.m.0.1.ffn.0.conv,model.22.m.0.1.ffn.1.conv,Conv2d,prune_in_channels,False,1,110,,
196,1,DG026,model.22.m.0.1.ffn.0.conv,model.22.m.0.1.ffn.0.conv,Conv2d,prune_out_channels,True,1,44,129,128
196,2,DG026,model.22.m.0.1.ffn.0.conv,model.22.m.0.1.ffn.0.bn,BatchNorm2d,prune_out_channels,True,1,44,,
196,3,DG026,model.22.m.0.1.ffn.0.conv,<unresolved>,_ElementWiseOp,prune_out_channels,True,1,44,,
196,4,DG026,model.22.m.0.1.ffn.0.conv,model.22.m.0.1.ffn.1.conv,Conv2d,prune_in_channels,False,1,44,,
197,1,DG014,model.16.m.0.m.1.cv1.conv,model.16.m.0.m.1.cv1.conv,Conv2d,prune_out_channels,True,1,0,10,9
197,2,DG014,model.16.m.0.m.1.cv1.conv,model.16.m.0.m.1.cv1.bn,BatchNorm2d,prune_out_channels,True,1,0,,
197,3,DG014,model.16.m.0.m.1.cv1.conv,<unresolved>,_ElementWiseOp,prune_out_channels,True,1,0,,
197,4,DG014,model.16.m.0.m.1.cv1.conv,model.16.m.0.m.1.cv2.conv,Conv2d,prune_in_channels,False,1,0,,
198,1,DG033,model.6.m.0.cv2.conv,model.6.m.0.cv2.conv,Conv2d,prune_out_channels,True,1,5,24,23
198,2,DG033,model.6.m.0.cv2.conv,model.6.m.0.cv2.bn,BatchNorm2d,prune_out_channels,True,1,5,,
198,3,DG033,model.6.m.0.cv2.conv,<unresolved>,_ElementWiseOp,prune_out_channels,True,1,5,,
198,4,DG033,model.6.m.0.cv2.conv,<unresolved>,_ConcatOp,prune_out_channels,True,1,37,,
198,5,DG033,model.6.m.0.cv2.conv,model.6.m.0.cv3.conv,Conv2d,prune_in_channels,False,1,37,,
199,1,DG014,model.16.m.0.m.1.cv1.conv,model.16.m.0.m.1.cv1.conv,Conv2d,prune_out_channels,True,1,8,9,8
199,2,DG014,model.16.m.0.m.1.cv1.conv,model.16.m.0.m.1.cv1.bn,BatchNorm2d,prune_out_channels,True,1,8,,
199,3,DG014,model.16.m.0.m.1.cv1.conv,<unresolved>,_ElementWiseOp,prune_out_channels,True,1,8,,
199,4,DG014,model.16.m.0.m.1.cv1.conv,model.16.m.0.m.1.cv2.conv,Conv2d,prune_in_channels,False,1,8,,
200,1,DG017,model.19.m.0.cv1.conv,model.19.m.0.cv1.conv,Conv2d,prune_out_channels,True,1,12,30,29
200,2,DG017,model.19.m.0.cv1.conv,model.19.m.0.cv1.bn,BatchNorm2d,prune_out_channels,True,1,12,,
200,3,DG017,model.19.m.0.cv1.conv,<unresolved>,_ElementWiseOp,prune_out_channels,True,1,12,,
200,4,DG017,model.19.m.0.cv1.conv,<unresolved>,_ElementWiseOp,prune_out_channels,True,1,12,,
200,5,DG017,model.19.m.0.cv1.conv,model.19.m.0.m.0.cv1.conv,Conv2d,prune_in_channels,False,1,12,,
200,6,DG017,model.19.m.0.cv1.conv,<unresolved>,_ElementWiseOp,prune_out_channels,True,1,12,,
200,7,DG017,model.19.m.0.cv1.conv,<unresolved>,_ElementWiseOp,prune_out_channels,True,1,12,,
200,8,DG017,model.19.m.0.cv1.conv,model.19.m.0.m.1.cv1.conv,Conv2d,prune_in_channels,False,1,12,,
200,9,DG017,model.19.m.0.cv1.conv,<unresolved>,_ElementWiseOp,prune_out_channels,True,1,12,,
200,10,DG017,model.19.m.0.cv1.conv,<unresolved>,_ConcatOp,prune_out_channels,True,1,12,,
200,11,DG017,model.19.m.0.cv1.conv,model.19.m.0.cv3.conv,Conv2d,prune_in_channels,False,1,12,,
200,12,DG017,model.19.m.0.cv1.conv,model.19.m.0.m.1.cv2.bn,BatchNorm2d,prune_out_channels,True,1,12,,
200,13,DG017,model.19.m.0.cv1.conv,model.19.m.0.m.1.cv2.conv,Conv2d,prune_out_channels,True,1,12,30,29
200,14,DG017,model.19.m.0.cv1.conv,model.19.m.0.m.0.cv2.bn,BatchNorm2d,prune_out_channels,True,1,12,,
200,15,DG017,model.19.m.0.cv1.conv,model.19.m.0.m.0.cv2.conv,Conv2d,prune_out_channels,True,1,12,30,29
201,1,DG021,model.2.cv2.conv,model.2.cv2.conv,Conv2d,prune_out_channels,True,1,42,50,49
201,2,DG021,model.2.cv2.conv,model.2.cv2.bn,BatchNorm2d,prune_out_channels,True,1,42,,
201,3,DG021,model.2.cv2.conv,<unresolved>,_ElementWiseOp,prune_out_channels,True,1,42,,
201,4,DG021,model.2.cv2.conv,model.3.conv,Conv2d,prune_in_channels,False,1,42,,
202,1,DG021,model.2.cv2.conv,model.2.cv2.conv,Conv2d,prune_out_channels,True,1,22,49,48
202,2,DG021,model.2.cv2.conv,model.2.cv2.bn,BatchNorm2d,prune_out_channels,True,1,22,,
202,3,DG021,model.2.cv2.conv,<unresolved>,_ElementWiseOp,prune_out_channels,True,1,22,,
202,4,DG021,model.2.cv2.conv,model.3.conv,Conv2d,prune_in_channels,False,1,22,,
203,1,DG017,model.19.m.0.cv1.conv,model.19.m.0.cv1.conv,Conv2d,prune_out_channels,True,1,27,29,28
203,2,DG017,model.19.m.0.cv1.conv,model.19.m.0.cv1.bn,BatchNorm2d,prune_out_channels,True,1,27,,
203,3,DG017,model.19.m.0.cv1.conv,<unresolved>,_ElementWiseOp,prune_out_channels,True,1,27,,
203,4,DG017,model.19.m.0.cv1.conv,<unresolved>,_ElementWiseOp,prune_out_channels,True,1,27,,
203,5,DG017,model.19.m.0.cv1.conv,model.19.m.0.m.0.cv1.conv,Conv2d,prune_in_channels,False,1,27,,
203,6,DG017,model.19.m.0.cv1.conv,<unresolved>,_ElementWiseOp,prune_out_channels,True,1,27,,
203,7,DG017,model.19.m.0.cv1.conv,<unresolved>,_ElementWiseOp,prune_out_channels,True,1,27,,
203,8,DG017,model.19.m.0.cv1.conv,model.19.m.0.m.1.cv1.conv,Conv2d,prune_in_channels,False,1,27,,
203,9,DG017,model.19.m.0.cv1.conv,<unresolved>,_ElementWiseOp,prune_out_channels,True,1,27,,
203,10,DG017,model.19.m.0.cv1.conv,<unresolved>,_ConcatOp,prune_out_channels,True,1,27,,
203,11,DG017,model.19.m.0.cv1.conv,model.19.m.0.cv3.conv,Conv2d,prune_in_channels,False,1,27,,
203,12,DG017,model.19.m.0.cv1.conv,model.19.m.0.m.1.cv2.bn,BatchNorm2d,prune_out_channels,True,1,27,,
203,13,DG017,model.19.m.0.cv1.conv,model.19.m.0.m.1.cv2.conv,Conv2d,prune_out_channels,True,1,27,29,28
203,14,DG017,model.19.m.0.cv1.conv,model.19.m.0.m.0.cv2.bn,BatchNorm2d,prune_out_channels,True,1,27,,
203,15,DG017,model.19.m.0.cv1.conv,model.19.m.0.m.0.cv2.conv,Conv2d,prune_out_channels,True,1,27,29,28
204,1,DG021,model.2.cv2.conv,model.2.cv2.conv,Conv2d,prune_out_channels,True,1,7,48,47
204,2,DG021,model.2.cv2.conv,model.2.cv2.bn,BatchNorm2d,prune_out_channels,True,1,7,,
204,3,DG021,model.2.cv2.conv,<unresolved>,_ElementWiseOp,prune_out_channels,True,1,7,,
204,4,DG021,model.2.cv2.conv,model.3.conv,Conv2d,prune_in_channels,False,1,7,,
205,1,DG033,model.6.m.0.cv2.conv,model.6.m.0.cv2.conv,Conv2d,prune_out_channels,True,1,22,23,22
205,2,DG033,model.6.m.0.cv2.conv,model.6.m.0.cv2.bn,BatchNorm2d,prune_out_channels,True,1,22,,
205,3,DG033,model.6.m.0.cv2.conv,<unresolved>,_ElementWiseOp,prune_out_channels,True,1,22,,
205,4,DG033,model.6.m.0.cv2.conv,<unresolved>,_ConcatOp,prune_out_channels,True,1,54,,
205,5,DG033,model.6.m.0.cv2.conv,model.6.m.0.cv3.conv,Conv2d,prune_in_channels,False,1,54,,
206,1,DG021,model.2.cv2.conv,model.2.cv2.conv,Conv2d,prune_out_channels,True,1,11,47,46
206,2,DG021,model.2.cv2.conv,model.2.cv2.bn,BatchNorm2d,prune_out_channels,True,1,11,,
206,3,DG021,model.2.cv2.conv,<unresolved>,_ElementWiseOp,prune_out_channels,True,1,11,,
206,4,DG021,model.2.cv2.conv,model.3.conv,Conv2d,prune_in_channels,False,1,11,,
207,1,DG007,model.13.m.0.cv2.conv,model.13.m.0.cv2.conv,Conv2d,prune_out_channels,True,1,20,32,31
207,2,DG007,model.13.m.0.cv2.conv,model.13.m.0.cv2.bn,BatchNorm2d,prune_out_channels,True,1,20,,
207,3,DG007,model.13.m.0.cv2.conv,<unresolved>,_ElementWiseOp,prune_out_channels,True,1,20,,
207,4,DG007,model.13.m.0.cv2.conv,<unresolved>,_ConcatOp,prune_out_channels,True,1,52,,
207,5,DG007,model.13.m.0.cv2.conv,model.13.m.0.cv3.conv,Conv2d,prune_in_channels,False,1,52,,
208,1,DG007,model.13.m.0.cv2.conv,model.13.m.0.cv2.conv,Conv2d,prune_out_channels,True,1,2,31,30
208,2,DG007,model.13.m.0.cv2.conv,model.13.m.0.cv2.bn,BatchNorm2d,prune_out_channels,True,1,2,,
208,3,DG007,model.13.m.0.cv2.conv,<unresolved>,_ElementWiseOp,prune_out_channels,True,1,2,,
208,4,DG007,model.13.m.0.cv2.conv,<unresolved>,_ConcatOp,prune_out_channels,True,1,34,,
208,5,DG007,model.13.m.0.cv2.conv,model.13.m.0.cv3.conv,Conv2d,prune_in_channels,False,1,34,,
209,1,DG013,model.16.m.0.m.0.cv1.conv,model.16.m.0.m.0.cv1.conv,Conv2d,prune_out_channels,True,1,3,13,12
209,2,DG013,model.16.m.0.m.0.cv1.conv,model.16.m.0.m.0.cv1.bn,BatchNorm2d,prune_out_channels,True,1,3,,
209,3,DG013,model.16.m.0.m.0.cv1.conv,<unresolved>,_ElementWiseOp,prune_out_channels,True,1,3,,
209,4,DG013,model.16.m.0.m.0.cv1.conv,model.16.m.0.m.0.cv2.conv,Conv2d,prune_in_channels,False,1,3,,
210,1,DG004,model.10.m.0.ffn.0.conv,model.10.m.0.ffn.0.conv,Conv2d,prune_out_channels,True,1,202,256,255
210,2,DG004,model.10.m.0.ffn.0.conv,model.10.m.0.ffn.0.bn,BatchNorm2d,prune_out_channels,True,1,202,,
210,3,DG004,model.10.m.0.ffn.0.conv,<unresolved>,_ElementWiseOp,prune_out_channels,True,1,202,,
210,4,DG004,model.10.m.0.ffn.0.conv,model.10.m.0.ffn.1.conv,Conv2d,prune_in_channels,False,1,202,,
211,1,DG021,model.2.cv2.conv,model.2.cv2.conv,Conv2d,prune_out_channels,True,1,34,46,45
211,2,DG021,model.2.cv2.conv,model.2.cv2.bn,BatchNorm2d,prune_out_channels,True,1,34,,
211,3,DG021,model.2.cv2.conv,<unresolved>,_ElementWiseOp,prune_out_channels,True,1,34,,
211,4,DG021,model.2.cv2.conv,model.3.conv,Conv2d,prune_in_channels,False,1,34,,
212,1,DG021,model.2.cv2.conv,model.2.cv2.conv,Conv2d,prune_out_channels,True,1,1,45,44
212,2,DG021,model.2.cv2.conv,model.2.cv2.bn,BatchNorm2d,prune_out_channels,True,1,1,,
212,3,DG021,model.2.cv2.conv,<unresolved>,_ElementWiseOp,prune_out_channels,True,1,1,,
212,4,DG021,model.2.cv2.conv,model.3.conv,Conv2d,prune_in_channels,False,1,1,,
213,1,DG017,model.19.m.0.cv1.conv,model.19.m.0.cv1.conv,Conv2d,prune_out_channels,True,1,19,28,27
213,2,DG017,model.19.m.0.cv1.conv,model.19.m.0.cv1.bn,BatchNorm2d,prune_out_channels,True,1,19,,
213,3,DG017,model.19.m.0.cv1.conv,<unresolved>,_ElementWiseOp,prune_out_channels,True,1,19,,
213,4,DG017,model.19.m.0.cv1.conv,<unresolved>,_ElementWiseOp,prune_out_channels,True,1,19,,
213,5,DG017,model.19.m.0.cv1.conv,model.19.m.0.m.0.cv1.conv,Conv2d,prune_in_channels,False,1,19,,
213,6,DG017,model.19.m.0.cv1.conv,<unresolved>,_ElementWiseOp,prune_out_channels,True,1,19,,
213,7,DG017,model.19.m.0.cv1.conv,<unresolved>,_ElementWiseOp,prune_out_channels,True,1,19,,
213,8,DG017,model.19.m.0.cv1.conv,model.19.m.0.m.1.cv1.conv,Conv2d,prune_in_channels,False,1,19,,
213,9,DG017,model.19.m.0.cv1.conv,<unresolved>,_ElementWiseOp,prune_out_channels,True,1,19,,
213,10,DG017,model.19.m.0.cv1.conv,<unresolved>,_ConcatOp,prune_out_channels,True,1,19,,
213,11,DG017,model.19.m.0.cv1.conv,model.19.m.0.cv3.conv,Conv2d,prune_in_channels,False,1,19,,
213,12,DG017,model.19.m.0.cv1.conv,model.19.m.0.m.1.cv2.bn,BatchNorm2d,prune_out_channels,True,1,19,,
213,13,DG017,model.19.m.0.cv1.conv,model.19.m.0.m.1.cv2.conv,Conv2d,prune_out_channels,True,1,19,28,27
213,14,DG017,model.19.m.0.cv1.conv,model.19.m.0.m.0.cv2.bn,BatchNorm2d,prune_out_channels,True,1,19,,
213,15,DG017,model.19.m.0.cv1.conv,model.19.m.0.m.0.cv2.conv,Conv2d,prune_out_channels,True,1,19,28,27
214,1,DG021,model.2.cv2.conv,model.2.cv2.conv,Conv2d,prune_out_channels,True,1,8,44,43
214,2,DG021,model.2.cv2.conv,model.2.cv2.bn,BatchNorm2d,prune_out_channels,True,1,8,,
214,3,DG021,model.2.cv2.conv,<unresolved>,_ElementWiseOp,prune_out_channels,True,1,8,,
214,4,DG021,model.2.cv2.conv,model.3.conv,Conv2d,prune_in_channels,False,1,8,,
215,1,DG017,model.19.m.0.cv1.conv,model.19.m.0.cv1.conv,Conv2d,prune_out_channels,True,1,10,27,26
215,2,DG017,model.19.m.0.cv1.conv,model.19.m.0.cv1.bn,BatchNorm2d,prune_out_channels,True,1,10,,
215,3,DG017,model.19.m.0.cv1.conv,<unresolved>,_ElementWiseOp,prune_out_channels,True,1,10,,
215,4,DG017,model.19.m.0.cv1.conv,<unresolved>,_ElementWiseOp,prune_out_channels,True,1,10,,
215,5,DG017,model.19.m.0.cv1.conv,model.19.m.0.m.0.cv1.conv,Conv2d,prune_in_channels,False,1,10,,
215,6,DG017,model.19.m.0.cv1.conv,<unresolved>,_ElementWiseOp,prune_out_channels,True,1,10,,
215,7,DG017,model.19.m.0.cv1.conv,<unresolved>,_ElementWiseOp,prune_out_channels,True,1,10,,
215,8,DG017,model.19.m.0.cv1.conv,model.19.m.0.m.1.cv1.conv,Conv2d,prune_in_channels,False,1,10,,
215,9,DG017,model.19.m.0.cv1.conv,<unresolved>,_ElementWiseOp,prune_out_channels,True,1,10,,
215,10,DG017,model.19.m.0.cv1.conv,<unresolved>,_ConcatOp,prune_out_channels,True,1,10,,
215,11,DG017,model.19.m.0.cv1.conv,model.19.m.0.cv3.conv,Conv2d,prune_in_channels,False,1,10,,
215,12,DG017,model.19.m.0.cv1.conv,model.19.m.0.m.1.cv2.bn,BatchNorm2d,prune_out_channels,True,1,10,,
215,13,DG017,model.19.m.0.cv1.conv,model.19.m.0.m.1.cv2.conv,Conv2d,prune_out_channels,True,1,10,27,26
215,14,DG017,model.19.m.0.cv1.conv,model.19.m.0.m.0.cv2.bn,BatchNorm2d,prune_out_channels,True,1,10,,
215,15,DG017,model.19.m.0.cv1.conv,model.19.m.0.m.0.cv2.conv,Conv2d,prune_out_channels,True,1,10,27,26
216,1,DG013,model.16.m.0.m.0.cv1.conv,model.16.m.0.m.0.cv1.conv,Conv2d,prune_out_channels,True,1,1,12,11
216,2,DG013,model.16.m.0.m.0.cv1.conv,model.16.m.0.m.0.cv1.bn,BatchNorm2d,prune_out_channels,True,1,1,,
216,3,DG013,model.16.m.0.m.0.cv1.conv,<unresolved>,_ElementWiseOp,prune_out_channels,True,1,1,,
216,4,DG013,model.16.m.0.m.0.cv1.conv,model.16.m.0.m.0.cv2.conv,Conv2d,prune_in_channels,False,1,1,,
217,1,DG021,model.2.cv2.conv,model.2.cv2.conv,Conv2d,prune_out_channels,True,1,41,43,42
217,2,DG021,model.2.cv2.conv,model.2.cv2.bn,BatchNorm2d,prune_out_channels,True,1,41,,
217,3,DG021,model.2.cv2.conv,<unresolved>,_ElementWiseOp,prune_out_channels,True,1,41,,
217,4,DG021,model.2.cv2.conv,model.3.conv,Conv2d,prune_in_channels,False,1,41,,
218,1,DG013,model.16.m.0.m.0.cv1.conv,model.16.m.0.m.0.cv1.conv,Conv2d,prune_out_channels,True,1,5,11,10
218,2,DG013,model.16.m.0.m.0.cv1.conv,model.16.m.0.m.0.cv1.bn,BatchNorm2d,prune_out_channels,True,1,5,,
218,3,DG013,model.16.m.0.m.0.cv1.conv,<unresolved>,_ElementWiseOp,prune_out_channels,True,1,5,,
218,4,DG013,model.16.m.0.m.0.cv1.conv,model.16.m.0.m.0.cv2.conv,Conv2d,prune_in_channels,False,1,5,,
219,1,DG007,model.13.m.0.cv2.conv,model.13.m.0.cv2.conv,Conv2d,prune_out_channels,True,1,24,30,29
219,2,DG007,model.13.m.0.cv2.conv,model.13.m.0.cv2.bn,BatchNorm2d,prune_out_channels,True,1,24,,
219,3,DG007,model.13.m.0.cv2.conv,<unresolved>,_ElementWiseOp,prune_out_channels,True,1,24,,
219,4,DG007,model.13.m.0.cv2.conv,<unresolved>,_ConcatOp,prune_out_channels,True,1,56,,
219,5,DG007,model.13.m.0.cv2.conv,model.13.m.0.cv3.conv,Conv2d,prune_in_channels,False,1,56,,
220,1,DG004,model.10.m.0.ffn.0.conv,model.10.m.0.ffn.0.conv,Conv2d,prune_out_channels,True,1,156,255,254
220,2,DG004,model.10.m.0.ffn.0.conv,model.10.m.0.ffn.0.bn,BatchNorm2d,prune_out_channels,True,1,156,,
220,3,DG004,model.10.m.0.ffn.0.conv,<unresolved>,_ElementWiseOp,prune_out_channels,True,1,156,,
220,4,DG004,model.10.m.0.ffn.0.conv,model.10.m.0.ffn.1.conv,Conv2d,prune_in_channels,False,1,156,,
221,1,DG004,model.10.m.0.ffn.0.conv,model.10.m.0.ffn.0.conv,Conv2d,prune_out_channels,True,1,1,254,253
221,2,DG004,model.10.m.0.ffn.0.conv,model.10.m.0.ffn.0.bn,BatchNorm2d,prune_out_channels,True,1,1,,
221,3,DG004,model.10.m.0.ffn.0.conv,<unresolved>,_ElementWiseOp,prune_out_channels,True,1,1,,
221,4,DG004,model.10.m.0.ffn.0.conv,model.10.m.0.ffn.1.conv,Conv2d,prune_in_channels,False,1,1,,
222,1,DG033,model.6.m.0.cv2.conv,model.6.m.0.cv2.conv,Conv2d,prune_out_channels,True,1,2,22,21
222,2,DG033,model.6.m.0.cv2.conv,model.6.m.0.cv2.bn,BatchNorm2d,prune_out_channels,True,1,2,,
222,3,DG033,model.6.m.0.cv2.conv,<unresolved>,_ElementWiseOp,prune_out_channels,True,1,2,,
222,4,DG033,model.6.m.0.cv2.conv,<unresolved>,_ConcatOp,prune_out_channels,True,1,34,,
222,5,DG033,model.6.m.0.cv2.conv,model.6.m.0.cv3.conv,Conv2d,prune_in_channels,False,1,34,,
223,1,DG007,model.13.m.0.cv2.conv,model.13.m.0.cv2.conv,Conv2d,prune_out_channels,True,1,16,29,28
223,2,DG007,model.13.m.0.cv2.conv,model.13.m.0.cv2.bn,BatchNorm2d,prune_out_channels,True,1,16,,
223,3,DG007,model.13.m.0.cv2.conv,<unresolved>,_ElementWiseOp,prune_out_channels,True,1,16,,
223,4,DG007,model.13.m.0.cv2.conv,<unresolved>,_ConcatOp,prune_out_channels,True,1,48,,
223,5,DG007,model.13.m.0.cv2.conv,model.13.m.0.cv3.conv,Conv2d,prune_in_channels,False,1,48,,
224,1,DG004,model.10.m.0.ffn.0.conv,model.10.m.0.ffn.0.conv,Conv2d,prune_out_channels,True,1,151,253,252
224,2,DG004,model.10.m.0.ffn.0.conv,model.10.m.0.ffn.0.bn,BatchNorm2d,prune_out_channels,True,1,151,,
224,3,DG004,model.10.m.0.ffn.0.conv,<unresolved>,_ElementWiseOp,prune_out_channels,True,1,151,,
224,4,DG004,model.10.m.0.ffn.0.conv,model.10.m.0.ffn.1.conv,Conv2d,prune_in_channels,False,1,151,,
225,1,DG013,model.16.m.0.m.0.cv1.conv,model.16.m.0.m.0.cv1.conv,Conv2d,prune_out_channels,True,1,2,10,9
225,2,DG013,model.16.m.0.m.0.cv1.conv,model.16.m.0.m.0.cv1.bn,BatchNorm2d,prune_out_channels,True,1,2,,
225,3,DG013,model.16.m.0.m.0.cv1.conv,<unresolved>,_ElementWiseOp,prune_out_channels,True,1,2,,
225,4,DG013,model.16.m.0.m.0.cv1.conv,model.16.m.0.m.0.cv2.conv,Conv2d,prune_in_channels,False,1,2,,
226,1,DG033,model.6.m.0.cv2.conv,model.6.m.0.cv2.conv,Conv2d,prune_out_channels,True,1,18,21,20
226,2,DG033,model.6.m.0.cv2.conv,model.6.m.0.cv2.bn,BatchNorm2d,prune_out_channels,True,1,18,,
226,3,DG033,model.6.m.0.cv2.conv,<unresolved>,_ElementWiseOp,prune_out_channels,True,1,18,,
226,4,DG033,model.6.m.0.cv2.conv,<unresolved>,_ConcatOp,prune_out_channels,True,1,50,,
226,5,DG033,model.6.m.0.cv2.conv,model.6.m.0.cv3.conv,Conv2d,prune_in_channels,False,1,50,,
227,1,DG007,model.13.m.0.cv2.conv,model.13.m.0.cv2.conv,Conv2d,prune_out_channels,True,1,21,28,27
227,2,DG007,model.13.m.0.cv2.conv,model.13.m.0.cv2.bn,BatchNorm2d,prune_out_channels,True,1,21,,
227,3,DG007,model.13.m.0.cv2.conv,<unresolved>,_ElementWiseOp,prune_out_channels,True,1,21,,
227,4,DG007,model.13.m.0.cv2.conv,<unresolved>,_ConcatOp,prune_out_channels,True,1,53,,
227,5,DG007,model.13.m.0.cv2.conv,model.13.m.0.cv3.conv,Conv2d,prune_in_channels,False,1,53,,
228,1,DG017,model.19.m.0.cv1.conv,model.19.m.0.cv1.conv,Conv2d,prune_out_channels,True,1,7,26,25
228,2,DG017,model.19.m.0.cv1.conv,model.19.m.0.cv1.bn,BatchNorm2d,prune_out_channels,True,1,7,,
228,3,DG017,model.19.m.0.cv1.conv,<unresolved>,_ElementWiseOp,prune_out_channels,True,1,7,,
228,4,DG017,model.19.m.0.cv1.conv,<unresolved>,_ElementWiseOp,prune_out_channels,True,1,7,,
228,5,DG017,model.19.m.0.cv1.conv,model.19.m.0.m.0.cv1.conv,Conv2d,prune_in_channels,False,1,7,,
228,6,DG017,model.19.m.0.cv1.conv,<unresolved>,_ElementWiseOp,prune_out_channels,True,1,7,,
228,7,DG017,model.19.m.0.cv1.conv,<unresolved>,_ElementWiseOp,prune_out_channels,True,1,7,,
228,8,DG017,model.19.m.0.cv1.conv,model.19.m.0.m.1.cv1.conv,Conv2d,prune_in_channels,False,1,7,,
228,9,DG017,model.19.m.0.cv1.conv,<unresolved>,_ElementWiseOp,prune_out_channels,True,1,7,,
228,10,DG017,model.19.m.0.cv1.conv,<unresolved>,_ConcatOp,prune_out_channels,True,1,7,,
228,11,DG017,model.19.m.0.cv1.conv,model.19.m.0.cv3.conv,Conv2d,prune_in_channels,False,1,7,,
228,12,DG017,model.19.m.0.cv1.conv,model.19.m.0.m.1.cv2.bn,BatchNorm2d,prune_out_channels,True,1,7,,
228,13,DG017,model.19.m.0.cv1.conv,model.19.m.0.m.1.cv2.conv,Conv2d,prune_out_channels,True,1,7,26,25
228,14,DG017,model.19.m.0.cv1.conv,model.19.m.0.m.0.cv2.bn,BatchNorm2d,prune_out_channels,True,1,7,,
228,15,DG017,model.19.m.0.cv1.conv,model.19.m.0.m.0.cv2.conv,Conv2d,prune_out_channels,True,1,7,26,25
229,1,DG013,model.16.m.0.m.0.cv1.conv,model.16.m.0.m.0.cv1.conv,Conv2d,prune_out_channels,True,1,1,9,8
229,2,DG013,model.16.m.0.m.0.cv1.conv,model.16.m.0.m.0.cv1.bn,BatchNorm2d,prune_out_channels,True,1,1,,
229,3,DG013,model.16.m.0.m.0.cv1.conv,<unresolved>,_ElementWiseOp,prune_out_channels,True,1,1,,
229,4,DG013,model.16.m.0.m.0.cv1.conv,model.16.m.0.m.0.cv2.conv,Conv2d,prune_in_channels,False,1,1,,
230,1,DG021,model.2.cv2.conv,model.2.cv2.conv,Conv2d,prune_out_channels,True,1,9,42,41
230,2,DG021,model.2.cv2.conv,model.2.cv2.bn,BatchNorm2d,prune_out_channels,True,1,9,,
230,3,DG021,model.2.cv2.conv,<unresolved>,_ElementWiseOp,prune_out_channels,True,1,9,,
230,4,DG021,model.2.cv2.conv,model.3.conv,Conv2d,prune_in_channels,False,1,9,,
231,1,DG007,model.13.m.0.cv2.conv,model.13.m.0.cv2.conv,Conv2d,prune_out_channels,True,1,15,27,26
231,2,DG007,model.13.m.0.cv2.conv,model.13.m.0.cv2.bn,BatchNorm2d,prune_out_channels,True,1,15,,
231,3,DG007,model.13.m.0.cv2.conv,<unresolved>,_ElementWiseOp,prune_out_channels,True,1,15,,
231,4,DG007,model.13.m.0.cv2.conv,<unresolved>,_ConcatOp,prune_out_channels,True,1,47,,
231,5,DG007,model.13.m.0.cv2.conv,model.13.m.0.cv3.conv,Conv2d,prune_in_channels,False,1,47,,
232,1,DG033,model.6.m.0.cv2.conv,model.6.m.0.cv2.conv,Conv2d,prune_out_channels,True,1,17,20,19
232,2,DG033,model.6.m.0.cv2.conv,model.6.m.0.cv2.bn,BatchNorm2d,prune_out_channels,True,1,17,,
232,3,DG033,model.6.m.0.cv2.conv,<unresolved>,_ElementWiseOp,prune_out_channels,True,1,17,,
232,4,DG033,model.6.m.0.cv2.conv,<unresolved>,_ConcatOp,prune_out_channels,True,1,49,,
232,5,DG033,model.6.m.0.cv2.conv,model.6.m.0.cv3.conv,Conv2d,prune_in_channels,False,1,49,,
233,1,DG021,model.2.cv2.conv,model.2.cv2.conv,Conv2d,prune_out_channels,True,1,19,41,40
233,2,DG021,model.2.cv2.conv,model.2.cv2.bn,BatchNorm2d,prune_out_channels,True,1,19,,
233,3,DG021,model.2.cv2.conv,<unresolved>,_ElementWiseOp,prune_out_channels,True,1,19,,
233,4,DG021,model.2.cv2.conv,model.3.conv,Conv2d,prune_in_channels,False,1,19,,
234,1,DG007,model.13.m.0.cv2.conv,model.13.m.0.cv2.conv,Conv2d,prune_out_channels,True,1,16,26,25
234,2,DG007,model.13.m.0.cv2.conv,model.13.m.0.cv2.bn,BatchNorm2d,prune_out_channels,True,1,16,,
234,3,DG007,model.13.m.0.cv2.conv,<unresolved>,_ElementWiseOp,prune_out_channels,True,1,16,,
234,4,DG007,model.13.m.0.cv2.conv,<unresolved>,_ConcatOp,prune_out_channels,True,1,48,,
234,5,DG007,model.13.m.0.cv2.conv,model.13.m.0.cv3.conv,Conv2d,prune_in_channels,False,1,48,,
235,1,DG007,model.13.m.0.cv2.conv,model.13.m.0.cv2.conv,Conv2d,prune_out_channels,True,1,15,25,24
235,2,DG007,model.13.m.0.cv2.conv,model.13.m.0.cv2.bn,BatchNorm2d,prune_out_channels,True,1,15,,
235,3,DG007,model.13.m.0.cv2.conv,<unresolved>,_ElementWiseOp,prune_out_channels,True,1,15,,
235,4,DG007,model.13.m.0.cv2.conv,<unresolved>,_ConcatOp,prune_out_channels,True,1,47,,
235,5,DG007,model.13.m.0.cv2.conv,model.13.m.0.cv3.conv,Conv2d,prune_in_channels,False,1,47,,
236,1,DG007,model.13.m.0.cv2.conv,model.13.m.0.cv2.conv,Conv2d,prune_out_channels,True,1,17,24,23
236,2,DG007,model.13.m.0.cv2.conv,model.13.m.0.cv2.bn,BatchNorm2d,prune_out_channels,True,1,17,,
236,3,DG007,model.13.m.0.cv2.conv,<unresolved>,_ElementWiseOp,prune_out_channels,True,1,17,,
236,4,DG007,model.13.m.0.cv2.conv,<unresolved>,_ConcatOp,prune_out_channels,True,1,49,,
236,5,DG007,model.13.m.0.cv2.conv,model.13.m.0.cv3.conv,Conv2d,prune_in_channels,False,1,49,,
237,1,DG007,model.13.m.0.cv2.conv,model.13.m.0.cv2.conv,Conv2d,prune_out_channels,True,1,12,23,22
237,2,DG007,model.13.m.0.cv2.conv,model.13.m.0.cv2.bn,BatchNorm2d,prune_out_channels,True,1,12,,
237,3,DG007,model.13.m.0.cv2.conv,<unresolved>,_ElementWiseOp,prune_out_channels,True,1,12,,
237,4,DG007,model.13.m.0.cv2.conv,<unresolved>,_ConcatOp,prune_out_channels,True,1,44,,
237,5,DG007,model.13.m.0.cv2.conv,model.13.m.0.cv3.conv,Conv2d,prune_in_channels,False,1,44,,
238,1,DG007,model.13.m.0.cv2.conv,model.13.m.0.cv2.conv,Conv2d,prune_out_channels,True,1,6,22,21
238,2,DG007,model.13.m.0.cv2.conv,model.13.m.0.cv2.bn,BatchNorm2d,prune_out_channels,True,1,6,,
238,3,DG007,model.13.m.0.cv2.conv,<unresolved>,_ElementWiseOp,prune_out_channels,True,1,6,,
238,4,DG007,model.13.m.0.cv2.conv,<unresolved>,_ConcatOp,prune_out_channels,True,1,38,,
238,5,DG007,model.13.m.0.cv2.conv,model.13.m.0.cv3.conv,Conv2d,prune_in_channels,False,1,38,,
239,1,DG032,model.6.m.0.cv1.conv,model.6.m.0.cv1.conv,Conv2d,prune_out_channels,True,1,24,32,31
239,2,DG032,model.6.m.0.cv1.conv,model.6.m.0.cv1.bn,BatchNorm2d,prune_out_channels,True,1,24,,
239,3,DG032,model.6.m.0.cv1.conv,<unresolved>,_ElementWiseOp,prune_out_channels,True,1,24,,
239,4,DG032,model.6.m.0.cv1.conv,<unresolved>,_ElementWiseOp,prune_out_channels,True,1,24,,
239,5,DG032,model.6.m.0.cv1.conv,model.6.m.0.m.0.cv1.conv,Conv2d,prune_in_channels,False,1,24,,
239,6,DG032,model.6.m.0.cv1.conv,<unresolved>,_ElementWiseOp,prune_out_channels,True,1,24,,
239,7,DG032,model.6.m.0.cv1.conv,<unresolved>,_ElementWiseOp,prune_out_channels,True,1,24,,
239,8,DG032,model.6.m.0.cv1.conv,model.6.m.0.m.1.cv1.conv,Conv2d,prune_in_channels,False,1,24,,
239,9,DG032,model.6.m.0.cv1.conv,<unresolved>,_ElementWiseOp,prune_out_channels,True,1,24,,
239,10,DG032,model.6.m.0.cv1.conv,<unresolved>,_ConcatOp,prune_out_channels,True,1,24,,
239,11,DG032,model.6.m.0.cv1.conv,model.6.m.0.cv3.conv,Conv2d,prune_in_channels,False,1,24,,
239,12,DG032,model.6.m.0.cv1.conv,model.6.m.0.m.1.cv2.bn,BatchNorm2d,prune_out_channels,True,1,24,,
239,13,DG032,model.6.m.0.cv1.conv,model.6.m.0.m.1.cv2.conv,Conv2d,prune_out_channels,True,1,24,32,31
239,14,DG032,model.6.m.0.cv1.conv,model.6.m.0.m.0.cv2.bn,BatchNorm2d,prune_out_channels,True,1,24,,
239,15,DG032,model.6.m.0.cv1.conv,model.6.m.0.m.0.cv2.conv,Conv2d,prune_out_channels,True,1,24,32,31
240,1,DG007,model.13.m.0.cv2.conv,model.13.m.0.cv2.conv,Conv2d,prune_out_channels,True,1,20,21,20
240,2,DG007,model.13.m.0.cv2.conv,model.13.m.0.cv2.bn,BatchNorm2d,prune_out_channels,True,1,20,,
240,3,DG007,model.13.m.0.cv2.conv,<unresolved>,_ElementWiseOp,prune_out_channels,True,1,20,,
240,4,DG007,model.13.m.0.cv2.conv,<unresolved>,_ConcatOp,prune_out_channels,True,1,52,,
240,5,DG007,model.13.m.0.cv2.conv,model.13.m.0.cv3.conv,Conv2d,prune_in_channels,False,1,52,,
241,1,DG007,model.13.m.0.cv2.conv,model.13.m.0.cv2.conv,Conv2d,prune_out_channels,True,1,14,20,19
241,2,DG007,model.13.m.0.cv2.conv,model.13.m.0.cv2.bn,BatchNorm2d,prune_out_channels,True,1,14,,
241,3,DG007,model.13.m.0.cv2.conv,<unresolved>,_ElementWiseOp,prune_out_channels,True,1,14,,
241,4,DG007,model.13.m.0.cv2.conv,<unresolved>,_ConcatOp,prune_out_channels,True,1,46,,
241,5,DG007,model.13.m.0.cv2.conv,model.13.m.0.cv3.conv,Conv2d,prune_in_channels,False,1,46,,
242,1,DG021,model.2.cv2.conv,model.2.cv2.conv,Conv2d,prune_out_channels,True,1,37,40,39
242,2,DG021,model.2.cv2.conv,model.2.cv2.bn,BatchNorm2d,prune_out_channels,True,1,37,,
242,3,DG021,model.2.cv2.conv,<unresolved>,_ElementWiseOp,prune_out_channels,True,1,37,,
242,4,DG021,model.2.cv2.conv,model.3.conv,Conv2d,prune_in_channels,False,1,37,,
243,1,DG033,model.6.m.0.cv2.conv,model.6.m.0.cv2.conv,Conv2d,prune_out_channels,True,1,9,19,18
243,2,DG033,model.6.m.0.cv2.conv,model.6.m.0.cv2.bn,BatchNorm2d,prune_out_channels,True,1,9,,
243,3,DG033,model.6.m.0.cv2.conv,<unresolved>,_ElementWiseOp,prune_out_channels,True,1,9,,
243,4,DG033,model.6.m.0.cv2.conv,<unresolved>,_ConcatOp,prune_out_channels,True,1,40,,
243,5,DG033,model.6.m.0.cv2.conv,model.6.m.0.cv3.conv,Conv2d,prune_in_channels,False,1,40,,
244,1,DG017,model.19.m.0.cv1.conv,model.19.m.0.cv1.conv,Conv2d,prune_out_channels,True,1,7,25,24
244,2,DG017,model.19.m.0.cv1.conv,model.19.m.0.cv1.bn,BatchNorm2d,prune_out_channels,True,1,7,,
244,3,DG017,model.19.m.0.cv1.conv,<unresolved>,_ElementWiseOp,prune_out_channels,True,1,7,,
244,4,DG017,model.19.m.0.cv1.conv,<unresolved>,_ElementWiseOp,prune_out_channels,True,1,7,,
244,5,DG017,model.19.m.0.cv1.conv,model.19.m.0.m.0.cv1.conv,Conv2d,prune_in_channels,False,1,7,,
244,6,DG017,model.19.m.0.cv1.conv,<unresolved>,_ElementWiseOp,prune_out_channels,True,1,7,,
244,7,DG017,model.19.m.0.cv1.conv,<unresolved>,_ElementWiseOp,prune_out_channels,True,1,7,,
244,8,DG017,model.19.m.0.cv1.conv,model.19.m.0.m.1.cv1.conv,Conv2d,prune_in_channels,False,1,7,,
244,9,DG017,model.19.m.0.cv1.conv,<unresolved>,_ElementWiseOp,prune_out_channels,True,1,7,,
244,10,DG017,model.19.m.0.cv1.conv,<unresolved>,_ConcatOp,prune_out_channels,True,1,7,,
244,11,DG017,model.19.m.0.cv1.conv,model.19.m.0.cv3.conv,Conv2d,prune_in_channels,False,1,7,,
244,12,DG017,model.19.m.0.cv1.conv,model.19.m.0.m.1.cv2.bn,BatchNorm2d,prune_out_channels,True,1,7,,
244,13,DG017,model.19.m.0.cv1.conv,model.19.m.0.m.1.cv2.conv,Conv2d,prune_out_channels,True,1,7,25,24
244,14,DG017,model.19.m.0.cv1.conv,model.19.m.0.m.0.cv2.bn,BatchNorm2d,prune_out_channels,True,1,7,,
244,15,DG017,model.19.m.0.cv1.conv,model.19.m.0.m.0.cv2.conv,Conv2d,prune_out_channels,True,1,7,25,24
245,1,DG032,model.6.m.0.cv1.conv,model.6.m.0.cv1.conv,Conv2d,prune_out_channels,True,1,11,31,30
245,2,DG032,model.6.m.0.cv1.conv,model.6.m.0.cv1.bn,BatchNorm2d,prune_out_channels,True,1,11,,
245,3,DG032,model.6.m.0.cv1.conv,<unresolved>,_ElementWiseOp,prune_out_channels,True,1,11,,
245,4,DG032,model.6.m.0.cv1.conv,<unresolved>,_ElementWiseOp,prune_out_channels,True,1,11,,
245,5,DG032,model.6.m.0.cv1.conv,model.6.m.0.m.0.cv1.conv,Conv2d,prune_in_channels,False,1,11,,
245,6,DG032,model.6.m.0.cv1.conv,<unresolved>,_ElementWiseOp,prune_out_channels,True,1,11,,
245,7,DG032,model.6.m.0.cv1.conv,<unresolved>,_ElementWiseOp,prune_out_channels,True,1,11,,
245,8,DG032,model.6.m.0.cv1.conv,model.6.m.0.m.1.cv1.conv,Conv2d,prune_in_channels,False,1,11,,
245,9,DG032,model.6.m.0.cv1.conv,<unresolved>,_ElementWiseOp,prune_out_channels,True,1,11,,
245,10,DG032,model.6.m.0.cv1.conv,<unresolved>,_ConcatOp,prune_out_channels,True,1,11,,
245,11,DG032,model.6.m.0.cv1.conv,model.6.m.0.cv3.conv,Conv2d,prune_in_channels,False,1,11,,
245,12,DG032,model.6.m.0.cv1.conv,model.6.m.0.m.1.cv2.bn,BatchNorm2d,prune_out_channels,True,1,11,,
245,13,DG032,model.6.m.0.cv1.conv,model.6.m.0.m.1.cv2.conv,Conv2d,prune_out_channels,True,1,11,31,30
245,14,DG032,model.6.m.0.cv1.conv,model.6.m.0.m.0.cv2.bn,BatchNorm2d,prune_out_channels,True,1,11,,
245,15,DG032,model.6.m.0.cv1.conv,model.6.m.0.m.0.cv2.conv,Conv2d,prune_out_channels,True,1,11,31,30
246,1,DG007,model.13.m.0.cv2.conv,model.13.m.0.cv2.conv,Conv2d,prune_out_channels,True,1,10,19,18
246,2,DG007,model.13.m.0.cv2.conv,model.13.m.0.cv2.bn,BatchNorm2d,prune_out_channels,True,1,10,,
246,3,DG007,model.13.m.0.cv2.conv,<unresolved>,_ElementWiseOp,prune_out_channels,True,1,10,,
246,4,DG007,model.13.m.0.cv2.conv,<unresolved>,_ConcatOp,prune_out_channels,True,1,42,,
246,5,DG007,model.13.m.0.cv2.conv,model.13.m.0.cv3.conv,Conv2d,prune_in_channels,False,1,42,,
247,1,DG006,model.13.m.0.cv1.conv,model.13.m.0.cv1.conv,Conv2d,prune_out_channels,True,1,19,32,31
247,2,DG006,model.13.m.0.cv1.conv,model.13.m.0.cv1.bn,BatchNorm2d,prune_out_channels,True,1,19,,
247,3,DG006,model.13.m.0.cv1.conv,<unresolved>,_ElementWiseOp,prune_out_channels,True,1,19,,
247,4,DG006,model.13.m.0.cv1.conv,<unresolved>,_ElementWiseOp,prune_out_channels,True,1,19,,
247,5,DG006,model.13.m.0.cv1.conv,model.13.m.0.m.0.cv1.conv,Conv2d,prune_in_channels,False,1,19,,
247,6,DG006,model.13.m.0.cv1.conv,<unresolved>,_ElementWiseOp,prune_out_channels,True,1,19,,
247,7,DG006,model.13.m.0.cv1.conv,<unresolved>,_ElementWiseOp,prune_out_channels,True,1,19,,
247,8,DG006,model.13.m.0.cv1.conv,model.13.m.0.m.1.cv1.conv,Conv2d,prune_in_channels,False,1,19,,
247,9,DG006,model.13.m.0.cv1.conv,<unresolved>,_ElementWiseOp,prune_out_channels,True,1,19,,
247,10,DG006,model.13.m.0.cv1.conv,<unresolved>,_ConcatOp,prune_out_channels,True,1,19,,
247,11,DG006,model.13.m.0.cv1.conv,model.13.m.0.cv3.conv,Conv2d,prune_in_channels,False,1,19,,
247,12,DG006,model.13.m.0.cv1.conv,model.13.m.0.m.1.cv2.bn,BatchNorm2d,prune_out_channels,True,1,19,,
247,13,DG006,model.13.m.0.cv1.conv,model.13.m.0.m.1.cv2.conv,Conv2d,prune_out_channels,True,1,19,32,31
247,14,DG006,model.13.m.0.cv1.conv,model.13.m.0.m.0.cv2.bn,BatchNorm2d,prune_out_channels,True,1,19,,
247,15,DG006,model.13.m.0.cv1.conv,model.13.m.0.m.0.cv2.conv,Conv2d,prune_out_channels,True,1,19,32,31
248,1,DG021,model.2.cv2.conv,model.2.cv2.conv,Conv2d,prune_out_channels,True,1,20,39,38
248,2,DG021,model.2.cv2.conv,model.2.cv2.bn,BatchNorm2d,prune_out_channels,True,1,20,,
248,3,DG021,model.2.cv2.conv,<unresolved>,_ElementWiseOp,prune_out_channels,True,1,20,,
248,4,DG021,model.2.cv2.conv,model.3.conv,Conv2d,prune_in_channels,False,1,20,,
249,1,DG004,model.10.m.0.ffn.0.conv,model.10.m.0.ffn.0.conv,Conv2d,prune_out_channels,True,1,116,252,251
249,2,DG004,model.10.m.0.ffn.0.conv,model.10.m.0.ffn.0.bn,BatchNorm2d,prune_out_channels,True,1,116,,
249,3,DG004,model.10.m.0.ffn.0.conv,<unresolved>,_ElementWiseOp,prune_out_channels,True,1,116,,
249,4,DG004,model.10.m.0.ffn.0.conv,model.10.m.0.ffn.1.conv,Conv2d,prune_in_channels,False,1,116,,
250,1,DG021,model.2.cv2.conv,model.2.cv2.conv,Conv2d,prune_out_channels,True,1,22,38,37
250,2,DG021,model.2.cv2.conv,model.2.cv2.bn,BatchNorm2d,prune_out_channels,True,1,22,,
250,3,DG021,model.2.cv2.conv,<unresolved>,_ElementWiseOp,prune_out_channels,True,1,22,,
250,4,DG021,model.2.cv2.conv,model.3.conv,Conv2d,prune_in_channels,False,1,22,,
251,1,DG004,model.10.m.0.ffn.0.conv,model.10.m.0.ffn.0.conv,Conv2d,prune_out_channels,True,1,137,251,250
251,2,DG004,model.10.m.0.ffn.0.conv,model.10.m.0.ffn.0.bn,BatchNorm2d,prune_out_channels,True,1,137,,
251,3,DG004,model.10.m.0.ffn.0.conv,<unresolved>,_ElementWiseOp,prune_out_channels,True,1,137,,
251,4,DG004,model.10.m.0.ffn.0.conv,model.10.m.0.ffn.1.conv,Conv2d,prune_in_channels,False,1,137,,
252,1,DG007,model.13.m.0.cv2.conv,model.13.m.0.cv2.conv,Conv2d,prune_out_channels,True,1,15,18,17
252,2,DG007,model.13.m.0.cv2.conv,model.13.m.0.cv2.bn,BatchNorm2d,prune_out_channels,True,1,15,,
252,3,DG007,model.13.m.0.cv2.conv,<unresolved>,_ElementWiseOp,prune_out_channels,True,1,15,,
252,4,DG007,model.13.m.0.cv2.conv,<unresolved>,_ConcatOp,prune_out_channels,True,1,46,,
252,5,DG007,model.13.m.0.cv2.conv,model.13.m.0.cv3.conv,Conv2d,prune_in_channels,False,1,46,,
253,1,DG007,model.13.m.0.cv2.conv,model.13.m.0.cv2.conv,Conv2d,prune_out_channels,True,1,12,17,16
253,2,DG007,model.13.m.0.cv2.conv,model.13.m.0.cv2.bn,BatchNorm2d,prune_out_channels,True,1,12,,
253,3,DG007,model.13.m.0.cv2.conv,<unresolved>,_ElementWiseOp,prune_out_channels,True,1,12,,
253,4,DG007,model.13.m.0.cv2.conv,<unresolved>,_ConcatOp,prune_out_channels,True,1,43,,
253,5,DG007,model.13.m.0.cv2.conv,model.13.m.0.cv3.conv,Conv2d,prune_in_channels,False,1,43,,
254,1,DG004,model.10.m.0.ffn.0.conv,model.10.m.0.ffn.0.conv,Conv2d,prune_out_channels,True,1,129,250,249
254,2,DG004,model.10.m.0.ffn.0.conv,model.10.m.0.ffn.0.bn,BatchNorm2d,prune_out_channels,True,1,129,,
254,3,DG004,model.10.m.0.ffn.0.conv,<unresolved>,_ElementWiseOp,prune_out_channels,True,1,129,,
254,4,DG004,model.10.m.0.ffn.0.conv,model.10.m.0.ffn.1.conv,Conv2d,prune_in_channels,False,1,129,,
255,1,DG004,model.10.m.0.ffn.0.conv,model.10.m.0.ffn.0.conv,Conv2d,prune_out_channels,True,1,119,249,248
255,2,DG004,model.10.m.0.ffn.0.conv,model.10.m.0.ffn.0.bn,BatchNorm2d,prune_out_channels,True,1,119,,
255,3,DG004,model.10.m.0.ffn.0.conv,<unresolved>,_ElementWiseOp,prune_out_channels,True,1,119,,
255,4,DG004,model.10.m.0.ffn.0.conv,model.10.m.0.ffn.1.conv,Conv2d,prune_in_channels,False,1,119,,
256,1,DG004,model.10.m.0.ffn.0.conv,model.10.m.0.ffn.0.conv,Conv2d,prune_out_channels,True,1,134,248,247
256,2,DG004,model.10.m.0.ffn.0.conv,model.10.m.0.ffn.0.bn,BatchNorm2d,prune_out_channels,True,1,134,,
256,3,DG004,model.10.m.0.ffn.0.conv,<unresolved>,_ElementWiseOp,prune_out_channels,True,1,134,,
256,4,DG004,model.10.m.0.ffn.0.conv,model.10.m.0.ffn.1.conv,Conv2d,prune_in_channels,False,1,134,,
257,1,DG017,model.19.m.0.cv1.conv,model.19.m.0.cv1.conv,Conv2d,prune_out_channels,True,1,18,24,23
257,2,DG017,model.19.m.0.cv1.conv,model.19.m.0.cv1.bn,BatchNorm2d,prune_out_channels,True,1,18,,
257,3,DG017,model.19.m.0.cv1.conv,<unresolved>,_ElementWiseOp,prune_out_channels,True,1,18,,
257,4,DG017,model.19.m.0.cv1.conv,<unresolved>,_ElementWiseOp,prune_out_channels,True,1,18,,
257,5,DG017,model.19.m.0.cv1.conv,model.19.m.0.m.0.cv1.conv,Conv2d,prune_in_channels,False,1,18,,
257,6,DG017,model.19.m.0.cv1.conv,<unresolved>,_ElementWiseOp,prune_out_channels,True,1,18,,
257,7,DG017,model.19.m.0.cv1.conv,<unresolved>,_ElementWiseOp,prune_out_channels,True,1,18,,
257,8,DG017,model.19.m.0.cv1.conv,model.19.m.0.m.1.cv1.conv,Conv2d,prune_in_channels,False,1,18,,
257,9,DG017,model.19.m.0.cv1.conv,<unresolved>,_ElementWiseOp,prune_out_channels,True,1,18,,
257,10,DG017,model.19.m.0.cv1.conv,<unresolved>,_ConcatOp,prune_out_channels,True,1,18,,
257,11,DG017,model.19.m.0.cv1.conv,model.19.m.0.cv3.conv,Conv2d,prune_in_channels,False,1,18,,
257,12,DG017,model.19.m.0.cv1.conv,model.19.m.0.m.1.cv2.bn,BatchNorm2d,prune_out_channels,True,1,18,,
257,13,DG017,model.19.m.0.cv1.conv,model.19.m.0.m.1.cv2.conv,Conv2d,prune_out_channels,True,1,18,24,23
257,14,DG017,model.19.m.0.cv1.conv,model.19.m.0.m.0.cv2.bn,BatchNorm2d,prune_out_channels,True,1,18,,
257,15,DG017,model.19.m.0.cv1.conv,model.19.m.0.m.0.cv2.conv,Conv2d,prune_out_channels,True,1,18,24,23
258,1,DG033,model.6.m.0.cv2.conv,model.6.m.0.cv2.conv,Conv2d,prune_out_channels,True,1,16,18,17
258,2,DG033,model.6.m.0.cv2.conv,model.6.m.0.cv2.bn,BatchNorm2d,prune_out_channels,True,1,16,,
258,3,DG033,model.6.m.0.cv2.conv,<unresolved>,_ElementWiseOp,prune_out_channels,True,1,16,,
258,4,DG033,model.6.m.0.cv2.conv,<unresolved>,_ConcatOp,prune_out_channels,True,1,46,,
258,5,DG033,model.6.m.0.cv2.conv,model.6.m.0.cv3.conv,Conv2d,prune_in_channels,False,1,46,,
259,1,DG033,model.6.m.0.cv2.conv,model.6.m.0.cv2.conv,Conv2d,prune_out_channels,True,1,15,17,16
259,2,DG033,model.6.m.0.cv2.conv,model.6.m.0.cv2.bn,BatchNorm2d,prune_out_channels,True,1,15,,
259,3,DG033,model.6.m.0.cv2.conv,<unresolved>,_ElementWiseOp,prune_out_channels,True,1,15,,
259,4,DG033,model.6.m.0.cv2.conv,<unresolved>,_ConcatOp,prune_out_channels,True,1,45,,
259,5,DG033,model.6.m.0.cv2.conv,model.6.m.0.cv3.conv,Conv2d,prune_in_channels,False,1,45,,
260,1,DG006,model.13.m.0.cv1.conv,model.13.m.0.cv1.conv,Conv2d,prune_out_channels,True,1,11,31,30
260,2,DG006,model.13.m.0.cv1.conv,model.13.m.0.cv1.bn,BatchNorm2d,prune_out_channels,True,1,11,,
260,3,DG006,model.13.m.0.cv1.conv,<unresolved>,_ElementWiseOp,prune_out_channels,True,1,11,,
260,4,DG006,model.13.m.0.cv1.conv,<unresolved>,_ElementWiseOp,prune_out_channels,True,1,11,,
260,5,DG006,model.13.m.0.cv1.conv,model.13.m.0.m.0.cv1.conv,Conv2d,prune_in_channels,False,1,11,,
260,6,DG006,model.13.m.0.cv1.conv,<unresolved>,_ElementWiseOp,prune_out_channels,True,1,11,,
260,7,DG006,model.13.m.0.cv1.conv,<unresolved>,_ElementWiseOp,prune_out_channels,True,1,11,,
260,8,DG006,model.13.m.0.cv1.conv,model.13.m.0.m.1.cv1.conv,Conv2d,prune_in_channels,False,1,11,,
260,9,DG006,model.13.m.0.cv1.conv,<unresolved>,_ElementWiseOp,prune_out_channels,True,1,11,,
260,10,DG006,model.13.m.0.cv1.conv,<unresolved>,_ConcatOp,prune_out_channels,True,1,11,,
260,11,DG006,model.13.m.0.cv1.conv,model.13.m.0.cv3.conv,Conv2d,prune_in_channels,False,1,11,,
260,12,DG006,model.13.m.0.cv1.conv,model.13.m.0.m.1.cv2.bn,BatchNorm2d,prune_out_channels,True,1,11,,
260,13,DG006,model.13.m.0.cv1.conv,model.13.m.0.m.1.cv2.conv,Conv2d,prune_out_channels,True,1,11,31,30
260,14,DG006,model.13.m.0.cv1.conv,model.13.m.0.m.0.cv2.bn,BatchNorm2d,prune_out_channels,True,1,11,,
260,15,DG006,model.13.m.0.cv1.conv,model.13.m.0.m.0.cv2.conv,Conv2d,prune_out_channels,True,1,11,31,30
261,1,DG032,model.6.m.0.cv1.conv,model.6.m.0.cv1.conv,Conv2d,prune_out_channels,True,1,24,30,29
261,2,DG032,model.6.m.0.cv1.conv,model.6.m.0.cv1.bn,BatchNorm2d,prune_out_channels,True,1,24,,
261,3,DG032,model.6.m.0.cv1.conv,<unresolved>,_ElementWiseOp,prune_out_channels,True,1,24,,
261,4,DG032,model.6.m.0.cv1.conv,<unresolved>,_ElementWiseOp,prune_out_channels,True,1,24,,
261,5,DG032,model.6.m.0.cv1.conv,model.6.m.0.m.0.cv1.conv,Conv2d,prune_in_channels,False,1,24,,
261,6,DG032,model.6.m.0.cv1.conv,<unresolved>,_ElementWiseOp,prune_out_channels,True,1,24,,
261,7,DG032,model.6.m.0.cv1.conv,<unresolved>,_ElementWiseOp,prune_out_channels,True,1,24,,
261,8,DG032,model.6.m.0.cv1.conv,model.6.m.0.m.1.cv1.conv,Conv2d,prune_in_channels,False,1,24,,
261,9,DG032,model.6.m.0.cv1.conv,<unresolved>,_ElementWiseOp,prune_out_channels,True,1,24,,
261,10,DG032,model.6.m.0.cv1.conv,<unresolved>,_ConcatOp,prune_out_channels,True,1,24,,
261,11,DG032,model.6.m.0.cv1.conv,model.6.m.0.cv3.conv,Conv2d,prune_in_channels,False,1,24,,
261,12,DG032,model.6.m.0.cv1.conv,model.6.m.0.m.1.cv2.bn,BatchNorm2d,prune_out_channels,True,1,24,,
261,13,DG032,model.6.m.0.cv1.conv,model.6.m.0.m.1.cv2.conv,Conv2d,prune_out_channels,True,1,24,30,29
261,14,DG032,model.6.m.0.cv1.conv,model.6.m.0.m.0.cv2.bn,BatchNorm2d,prune_out_channels,True,1,24,,
261,15,DG032,model.6.m.0.cv1.conv,model.6.m.0.m.0.cv2.conv,Conv2d,prune_out_channels,True,1,24,30,29
262,1,DG004,model.10.m.0.ffn.0.conv,model.10.m.0.ffn.0.conv,Conv2d,prune_out_channels,True,1,145,247,246
262,2,DG004,model.10.m.0.ffn.0.conv,model.10.m.0.ffn.0.bn,BatchNorm2d,prune_out_channels,True,1,145,,
262,3,DG004,model.10.m.0.ffn.0.conv,<unresolved>,_ElementWiseOp,prune_out_channels,True,1,145,,
262,4,DG004,model.10.m.0.ffn.0.conv,model.10.m.0.ffn.1.conv,Conv2d,prune_in_channels,False,1,145,,
263,1,DG032,model.6.m.0.cv1.conv,model.6.m.0.cv1.conv,Conv2d,prune_out_channels,True,1,9,29,28
263,2,DG032,model.6.m.0.cv1.conv,model.6.m.0.cv1.bn,BatchNorm2d,prune_out_channels,True,1,9,,
263,3,DG032,model.6.m.0.cv1.conv,<unresolved>,_ElementWiseOp,prune_out_channels,True,1,9,,
263,4,DG032,model.6.m.0.cv1.conv,<unresolved>,_ElementWiseOp,prune_out_channels,True,1,9,,
263,5,DG032,model.6.m.0.cv1.conv,model.6.m.0.m.0.cv1.conv,Conv2d,prune_in_channels,False,1,9,,
263,6,DG032,model.6.m.0.cv1.conv,<unresolved>,_ElementWiseOp,prune_out_channels,True,1,9,,
263,7,DG032,model.6.m.0.cv1.conv,<unresolved>,_ElementWiseOp,prune_out_channels,True,1,9,,
263,8,DG032,model.6.m.0.cv1.conv,model.6.m.0.m.1.cv1.conv,Conv2d,prune_in_channels,False,1,9,,
263,9,DG032,model.6.m.0.cv1.conv,<unresolved>,_ElementWiseOp,prune_out_channels,True,1,9,,
263,10,DG032,model.6.m.0.cv1.conv,<unresolved>,_ConcatOp,prune_out_channels,True,1,9,,
263,11,DG032,model.6.m.0.cv1.conv,model.6.m.0.cv3.conv,Conv2d,prune_in_channels,False,1,9,,
263,12,DG032,model.6.m.0.cv1.conv,model.6.m.0.m.1.cv2.bn,BatchNorm2d,prune_out_channels,True,1,9,,
263,13,DG032,model.6.m.0.cv1.conv,model.6.m.0.m.1.cv2.conv,Conv2d,prune_out_channels,True,1,9,29,28
263,14,DG032,model.6.m.0.cv1.conv,model.6.m.0.m.0.cv2.bn,BatchNorm2d,prune_out_channels,True,1,9,,
263,15,DG032,model.6.m.0.cv1.conv,model.6.m.0.m.0.cv2.conv,Conv2d,prune_out_channels,True,1,9,29,28
264,1,DG006,model.13.m.0.cv1.conv,model.13.m.0.cv1.conv,Conv2d,prune_out_channels,True,1,21,30,29
264,2,DG006,model.13.m.0.cv1.conv,model.13.m.0.cv1.bn,BatchNorm2d,prune_out_channels,True,1,21,,
264,3,DG006,model.13.m.0.cv1.conv,<unresolved>,_ElementWiseOp,prune_out_channels,True,1,21,,
264,4,DG006,model.13.m.0.cv1.conv,<unresolved>,_ElementWiseOp,prune_out_channels,True,1,21,,
264,5,DG006,model.13.m.0.cv1.conv,model.13.m.0.m.0.cv1.conv,Conv2d,prune_in_channels,False,1,21,,
264,6,DG006,model.13.m.0.cv1.conv,<unresolved>,_ElementWiseOp,prune_out_channels,True,1,21,,
264,7,DG006,model.13.m.0.cv1.conv,<unresolved>,_ElementWiseOp,prune_out_channels,True,1,21,,
264,8,DG006,model.13.m.0.cv1.conv,model.13.m.0.m.1.cv1.conv,Conv2d,prune_in_channels,False,1,21,,
264,9,DG006,model.13.m.0.cv1.conv,<unresolved>,_ElementWiseOp,prune_out_channels,True,1,21,,
264,10,DG006,model.13.m.0.cv1.conv,<unresolved>,_ConcatOp,prune_out_channels,True,1,21,,
264,11,DG006,model.13.m.0.cv1.conv,model.13.m.0.cv3.conv,Conv2d,prune_in_channels,False,1,21,,
264,12,DG006,model.13.m.0.cv1.conv,model.13.m.0.m.1.cv2.bn,BatchNorm2d,prune_out_channels,True,1,21,,
264,13,DG006,model.13.m.0.cv1.conv,model.13.m.0.m.1.cv2.conv,Conv2d,prune_out_channels,True,1,21,30,29
264,14,DG006,model.13.m.0.cv1.conv,model.13.m.0.m.0.cv2.bn,BatchNorm2d,prune_out_channels,True,1,21,,
264,15,DG006,model.13.m.0.cv1.conv,model.13.m.0.m.0.cv2.conv,Conv2d,prune_out_channels,True,1,21,30,29
265,1,DG017,model.19.m.0.cv1.conv,model.19.m.0.cv1.conv,Conv2d,prune_out_channels,True,1,22,23,22
265,2,DG017,model.19.m.0.cv1.conv,model.19.m.0.cv1.bn,BatchNorm2d,prune_out_channels,True,1,22,,
265,3,DG017,model.19.m.0.cv1.conv,<unresolved>,_ElementWiseOp,prune_out_channels,True,1,22,,
265,4,DG017,model.19.m.0.cv1.conv,<unresolved>,_ElementWiseOp,prune_out_channels,True,1,22,,
265,5,DG017,model.19.m.0.cv1.conv,model.19.m.0.m.0.cv1.conv,Conv2d,prune_in_channels,False,1,22,,
265,6,DG017,model.19.m.0.cv1.conv,<unresolved>,_ElementWiseOp,prune_out_channels,True,1,22,,
265,7,DG017,model.19.m.0.cv1.conv,<unresolved>,_ElementWiseOp,prune_out_channels,True,1,22,,
265,8,DG017,model.19.m.0.cv1.conv,model.19.m.0.m.1.cv1.conv,Conv2d,prune_in_channels,False,1,22,,
265,9,DG017,model.19.m.0.cv1.conv,<unresolved>,_ElementWiseOp,prune_out_channels,True,1,22,,
265,10,DG017,model.19.m.0.cv1.conv,<unresolved>,_ConcatOp,prune_out_channels,True,1,22,,
265,11,DG017,model.19.m.0.cv1.conv,model.19.m.0.cv3.conv,Conv2d,prune_in_channels,False,1,22,,
265,12,DG017,model.19.m.0.cv1.conv,model.19.m.0.m.1.cv2.bn,BatchNorm2d,prune_out_channels,True,1,22,,
265,13,DG017,model.19.m.0.cv1.conv,model.19.m.0.m.1.cv2.conv,Conv2d,prune_out_channels,True,1,22,23,22
265,14,DG017,model.19.m.0.cv1.conv,model.19.m.0.m.0.cv2.bn,BatchNorm2d,prune_out_channels,True,1,22,,
265,15,DG017,model.19.m.0.cv1.conv,model.19.m.0.m.0.cv2.conv,Conv2d,prune_out_channels,True,1,22,23,22
266,1,DG032,model.6.m.0.cv1.conv,model.6.m.0.cv1.conv,Conv2d,prune_out_channels,True,1,14,28,27
266,2,DG032,model.6.m.0.cv1.conv,model.6.m.0.cv1.bn,BatchNorm2d,prune_out_channels,True,1,14,,
266,3,DG032,model.6.m.0.cv1.conv,<unresolved>,_ElementWiseOp,prune_out_channels,True,1,14,,
266,4,DG032,model.6.m.0.cv1.conv,<unresolved>,_ElementWiseOp,prune_out_channels,True,1,14,,
266,5,DG032,model.6.m.0.cv1.conv,model.6.m.0.m.0.cv1.conv,Conv2d,prune_in_channels,False,1,14,,
266,6,DG032,model.6.m.0.cv1.conv,<unresolved>,_ElementWiseOp,prune_out_channels,True,1,14,,
266,7,DG032,model.6.m.0.cv1.conv,<unresolved>,_ElementWiseOp,prune_out_channels,True,1,14,,
266,8,DG032,model.6.m.0.cv1.conv,model.6.m.0.m.1.cv1.conv,Conv2d,prune_in_channels,False,1,14,,
266,9,DG032,model.6.m.0.cv1.conv,<unresolved>,_ElementWiseOp,prune_out_channels,True,1,14,,
266,10,DG032,model.6.m.0.cv1.conv,<unresolved>,_ConcatOp,prune_out_channels,True,1,14,,
266,11,DG032,model.6.m.0.cv1.conv,model.6.m.0.cv3.conv,Conv2d,prune_in_channels,False,1,14,,
266,12,DG032,model.6.m.0.cv1.conv,model.6.m.0.m.1.cv2.bn,BatchNorm2d,prune_out_channels,True,1,14,,
266,13,DG032,model.6.m.0.cv1.conv,model.6.m.0.m.1.cv2.conv,Conv2d,prune_out_channels,True,1,14,28,27
266,14,DG032,model.6.m.0.cv1.conv,model.6.m.0.m.0.cv2.bn,BatchNorm2d,prune_out_channels,True,1,14,,
266,15,DG032,model.6.m.0.cv1.conv,model.6.m.0.m.0.cv2.conv,Conv2d,prune_out_channels,True,1,14,28,27
267,1,DG004,model.10.m.0.ffn.0.conv,model.10.m.0.ffn.0.conv,Conv2d,prune_out_channels,True,1,56,246,245
267,2,DG004,model.10.m.0.ffn.0.conv,model.10.m.0.ffn.0.bn,BatchNorm2d,prune_out_channels,True,1,56,,
267,3,DG004,model.10.m.0.ffn.0.conv,<unresolved>,_ElementWiseOp,prune_out_channels,True,1,56,,
267,4,DG004,model.10.m.0.ffn.0.conv,model.10.m.0.ffn.1.conv,Conv2d,prune_in_channels,False,1,56,,
268,1,DG038,model.8.m.0.cv1.conv,model.8.m.0.cv1.conv,Conv2d,prune_out_channels,True,1,42,64,63
268,2,DG038,model.8.m.0.cv1.conv,model.8.m.0.cv1.bn,BatchNorm2d,prune_out_channels,True,1,42,,
268,3,DG038,model.8.m.0.cv1.conv,<unresolved>,_ElementWiseOp,prune_out_channels,True,1,42,,
268,4,DG038,model.8.m.0.cv1.conv,<unresolved>,_ElementWiseOp,prune_out_channels,True,1,42,,
268,5,DG038,model.8.m.0.cv1.conv,model.8.m.0.m.0.cv1.conv,Conv2d,prune_in_channels,False,1,42,,
268,6,DG038,model.8.m.0.cv1.conv,<unresolved>,_ElementWiseOp,prune_out_channels,True,1,42,,
268,7,DG038,model.8.m.0.cv1.conv,<unresolved>,_ElementWiseOp,prune_out_channels,True,1,42,,
268,8,DG038,model.8.m.0.cv1.conv,model.8.m.0.m.1.cv1.conv,Conv2d,prune_in_channels,False,1,42,,
268,9,DG038,model.8.m.0.cv1.conv,<unresolved>,_ElementWiseOp,prune_out_channels,True,1,42,,
268,10,DG038,model.8.m.0.cv1.conv,<unresolved>,_ConcatOp,prune_out_channels,True,1,42,,
268,11,DG038,model.8.m.0.cv1.conv,model.8.m.0.cv3.conv,Conv2d,prune_in_channels,False,1,42,,
268,12,DG038,model.8.m.0.cv1.conv,model.8.m.0.m.1.cv2.bn,BatchNorm2d,prune_out_channels,True,1,42,,
268,13,DG038,model.8.m.0.cv1.conv,model.8.m.0.m.1.cv2.conv,Conv2d,prune_out_channels,True,1,42,64,63
268,14,DG038,model.8.m.0.cv1.conv,model.8.m.0.m.0.cv2.bn,BatchNorm2d,prune_out_channels,True,1,42,,
268,15,DG038,model.8.m.0.cv1.conv,model.8.m.0.m.0.cv2.conv,Conv2d,prune_out_channels,True,1,42,64,63
269,1,DG021,model.2.cv2.conv,model.2.cv2.conv,Conv2d,prune_out_channels,True,1,24,37,36
269,2,DG021,model.2.cv2.conv,model.2.cv2.bn,BatchNorm2d,prune_out_channels,True,1,24,,
269,3,DG021,model.2.cv2.conv,<unresolved>,_ElementWiseOp,prune_out_channels,True,1,24,,
269,4,DG021,model.2.cv2.conv,model.3.conv,Conv2d,prune_in_channels,False,1,24,,
270,1,DG021,model.2.cv2.conv,model.2.cv2.conv,Conv2d,prune_out_channels,True,1,19,36,35
270,2,DG021,model.2.cv2.conv,model.2.cv2.bn,BatchNorm2d,prune_out_channels,True,1,19,,
270,3,DG021,model.2.cv2.conv,<unresolved>,_ElementWiseOp,prune_out_channels,True,1,19,,
270,4,DG021,model.2.cv2.conv,model.3.conv,Conv2d,prune_in_channels,False,1,19,,
271,1,DG004,model.10.m.0.ffn.0.conv,model.10.m.0.ffn.0.conv,Conv2d,prune_out_channels,True,1,36,245,244
271,2,DG004,model.10.m.0.ffn.0.conv,model.10.m.0.ffn.0.bn,BatchNorm2d,prune_out_channels,True,1,36,,
271,3,DG004,model.10.m.0.ffn.0.conv,<unresolved>,_ElementWiseOp,prune_out_channels,True,1,36,,
271,4,DG004,model.10.m.0.ffn.0.conv,model.10.m.0.ffn.1.conv,Conv2d,prune_in_channels,False,1,36,,
272,1,DG021,model.2.cv2.conv,model.2.cv2.conv,Conv2d,prune_out_channels,True,1,23,35,34
272,2,DG021,model.2.cv2.conv,model.2.cv2.bn,BatchNorm2d,prune_out_channels,True,1,23,,
272,3,DG021,model.2.cv2.conv,<unresolved>,_ElementWiseOp,prune_out_channels,True,1,23,,
272,4,DG021,model.2.cv2.conv,model.3.conv,Conv2d,prune_in_channels,False,1,23,,
273,1,DG004,model.10.m.0.ffn.0.conv,model.10.m.0.ffn.0.conv,Conv2d,prune_out_channels,True,1,138,244,243
273,2,DG004,model.10.m.0.ffn.0.conv,model.10.m.0.ffn.0.bn,BatchNorm2d,prune_out_channels,True,1,138,,
273,3,DG004,model.10.m.0.ffn.0.conv,<unresolved>,_ElementWiseOp,prune_out_channels,True,1,138,,
273,4,DG004,model.10.m.0.ffn.0.conv,model.10.m.0.ffn.1.conv,Conv2d,prune_in_channels,False,1,138,,
274,1,DG004,model.10.m.0.ffn.0.conv,model.10.m.0.ffn.0.conv,Conv2d,prune_out_channels,True,1,173,243,242
274,2,DG004,model.10.m.0.ffn.0.conv,model.10.m.0.ffn.0.bn,BatchNorm2d,prune_out_channels,True,1,173,,
274,3,DG004,model.10.m.0.ffn.0.conv,<unresolved>,_ElementWiseOp,prune_out_channels,True,1,173,,
274,4,DG004,model.10.m.0.ffn.0.conv,model.10.m.0.ffn.1.conv,Conv2d,prune_in_channels,False,1,173,,
275,1,DG021,model.2.cv2.conv,model.2.cv2.conv,Conv2d,prune_out_channels,True,1,8,34,33
275,2,DG021,model.2.cv2.conv,model.2.cv2.bn,BatchNorm2d,prune_out_channels,True,1,8,,
275,3,DG021,model.2.cv2.conv,<unresolved>,_ElementWiseOp,prune_out_channels,True,1,8,,
275,4,DG021,model.2.cv2.conv,model.3.conv,Conv2d,prune_in_channels,False,1,8,,
276,1,DG017,model.19.m.0.cv1.conv,model.19.m.0.cv1.conv,Conv2d,prune_out_channels,True,1,14,22,21
276,2,DG017,model.19.m.0.cv1.conv,model.19.m.0.cv1.bn,BatchNorm2d,prune_out_channels,True,1,14,,
276,3,DG017,model.19.m.0.cv1.conv,<unresolved>,_ElementWiseOp,prune_out_channels,True,1,14,,
276,4,DG017,model.19.m.0.cv1.conv,<unresolved>,_ElementWiseOp,prune_out_channels,True,1,14,,
276,5,DG017,model.19.m.0.cv1.conv,model.19.m.0.m.0.cv1.conv,Conv2d,prune_in_channels,False,1,14,,
276,6,DG017,model.19.m.0.cv1.conv,<unresolved>,_ElementWiseOp,prune_out_channels,True,1,14,,
276,7,DG017,model.19.m.0.cv1.conv,<unresolved>,_ElementWiseOp,prune_out_channels,True,1,14,,
276,8,DG017,model.19.m.0.cv1.conv,model.19.m.0.m.1.cv1.conv,Conv2d,prune_in_channels,False,1,14,,
276,9,DG017,model.19.m.0.cv1.conv,<unresolved>,_ElementWiseOp,prune_out_channels,True,1,14,,
276,10,DG017,model.19.m.0.cv1.conv,<unresolved>,_ConcatOp,prune_out_channels,True,1,14,,
276,11,DG017,model.19.m.0.cv1.conv,model.19.m.0.cv3.conv,Conv2d,prune_in_channels,False,1,14,,
276,12,DG017,model.19.m.0.cv1.conv,model.19.m.0.m.1.cv2.bn,BatchNorm2d,prune_out_channels,True,1,14,,
276,13,DG017,model.19.m.0.cv1.conv,model.19.m.0.m.1.cv2.conv,Conv2d,prune_out_channels,True,1,14,22,21
276,14,DG017,model.19.m.0.cv1.conv,model.19.m.0.m.0.cv2.bn,BatchNorm2d,prune_out_channels,True,1,14,,
276,15,DG017,model.19.m.0.cv1.conv,model.19.m.0.m.0.cv2.conv,Conv2d,prune_out_channels,True,1,14,22,21
277,1,DG006,model.13.m.0.cv1.conv,model.13.m.0.cv1.conv,Conv2d,prune_out_channels,True,1,12,29,28
277,2,DG006,model.13.m.0.cv1.conv,model.13.m.0.cv1.bn,BatchNorm2d,prune_out_channels,True,1,12,,
277,3,DG006,model.13.m.0.cv1.conv,<unresolved>,_ElementWiseOp,prune_out_channels,True,1,12,,
277,4,DG006,model.13.m.0.cv1.conv,<unresolved>,_ElementWiseOp,prune_out_channels,True,1,12,,
277,5,DG006,model.13.m.0.cv1.conv,model.13.m.0.m.0.cv1.conv,Conv2d,prune_in_channels,False,1,12,,
277,6,DG006,model.13.m.0.cv1.conv,<unresolved>,_ElementWiseOp,prune_out_channels,True,1,12,,
277,7,DG006,model.13.m.0.cv1.conv,<unresolved>,_ElementWiseOp,prune_out_channels,True,1,12,,
277,8,DG006,model.13.m.0.cv1.conv,model.13.m.0.m.1.cv1.conv,Conv2d,prune_in_channels,False,1,12,,
277,9,DG006,model.13.m.0.cv1.conv,<unresolved>,_ElementWiseOp,prune_out_channels,True,1,12,,
277,10,DG006,model.13.m.0.cv1.conv,<unresolved>,_ConcatOp,prune_out_channels,True,1,12,,
277,11,DG006,model.13.m.0.cv1.conv,model.13.m.0.cv3.conv,Conv2d,prune_in_channels,False,1,12,,
277,12,DG006,model.13.m.0.cv1.conv,model.13.m.0.m.1.cv2.bn,BatchNorm2d,prune_out_channels,True,1,12,,
277,13,DG006,model.13.m.0.cv1.conv,model.13.m.0.m.1.cv2.conv,Conv2d,prune_out_channels,True,1,12,29,28
277,14,DG006,model.13.m.0.cv1.conv,model.13.m.0.m.0.cv2.bn,BatchNorm2d,prune_out_channels,True,1,12,,
277,15,DG006,model.13.m.0.cv1.conv,model.13.m.0.m.0.cv2.conv,Conv2d,prune_out_channels,True,1,12,29,28
278,1,DG004,model.10.m.0.ffn.0.conv,model.10.m.0.ffn.0.conv,Conv2d,prune_out_channels,True,1,141,242,241
278,2,DG004,model.10.m.0.ffn.0.conv,model.10.m.0.ffn.0.bn,BatchNorm2d,prune_out_channels,True,1,141,,
278,3,DG004,model.10.m.0.ffn.0.conv,<unresolved>,_ElementWiseOp,prune_out_channels,True,1,141,,
278,4,DG004,model.10.m.0.ffn.0.conv,model.10.m.0.ffn.1.conv,Conv2d,prune_in_channels,False,1,141,,
279,1,DG004,model.10.m.0.ffn.0.conv,model.10.m.0.ffn.0.conv,Conv2d,prune_out_channels,True,1,166,241,240
279,2,DG004,model.10.m.0.ffn.0.conv,model.10.m.0.ffn.0.bn,BatchNorm2d,prune_out_channels,True,1,166,,
279,3,DG004,model.10.m.0.ffn.0.conv,<unresolved>,_ElementWiseOp,prune_out_channels,True,1,166,,
279,4,DG004,model.10.m.0.ffn.0.conv,model.10.m.0.ffn.1.conv,Conv2d,prune_in_channels,False,1,166,,
280,1,DG017,model.19.m.0.cv1.conv,model.19.m.0.cv1.conv,Conv2d,prune_out_channels,True,1,9,21,20
280,2,DG017,model.19.m.0.cv1.conv,model.19.m.0.cv1.bn,BatchNorm2d,prune_out_channels,True,1,9,,
280,3,DG017,model.19.m.0.cv1.conv,<unresolved>,_ElementWiseOp,prune_out_channels,True,1,9,,
280,4,DG017,model.19.m.0.cv1.conv,<unresolved>,_ElementWiseOp,prune_out_channels,True,1,9,,
280,5,DG017,model.19.m.0.cv1.conv,model.19.m.0.m.0.cv1.conv,Conv2d,prune_in_channels,False,1,9,,
280,6,DG017,model.19.m.0.cv1.conv,<unresolved>,_ElementWiseOp,prune_out_channels,True,1,9,,
280,7,DG017,model.19.m.0.cv1.conv,<unresolved>,_ElementWiseOp,prune_out_channels,True,1,9,,
280,8,DG017,model.19.m.0.cv1.conv,model.19.m.0.m.1.cv1.conv,Conv2d,prune_in_channels,False,1,9,,
280,9,DG017,model.19.m.0.cv1.conv,<unresolved>,_ElementWiseOp,prune_out_channels,True,1,9,,
280,10,DG017,model.19.m.0.cv1.conv,<unresolved>,_ConcatOp,prune_out_channels,True,1,9,,
280,11,DG017,model.19.m.0.cv1.conv,model.19.m.0.cv3.conv,Conv2d,prune_in_channels,False,1,9,,
280,12,DG017,model.19.m.0.cv1.conv,model.19.m.0.m.1.cv2.bn,BatchNorm2d,prune_out_channels,True,1,9,,
280,13,DG017,model.19.m.0.cv1.conv,model.19.m.0.m.1.cv2.conv,Conv2d,prune_out_channels,True,1,9,21,20
280,14,DG017,model.19.m.0.cv1.conv,model.19.m.0.m.0.cv2.bn,BatchNorm2d,prune_out_channels,True,1,9,,
280,15,DG017,model.19.m.0.cv1.conv,model.19.m.0.m.0.cv2.conv,Conv2d,prune_out_channels,True,1,9,21,20
281,1,DG004,model.10.m.0.ffn.0.conv,model.10.m.0.ffn.0.conv,Conv2d,prune_out_channels,True,1,225,240,239
281,2,DG004,model.10.m.0.ffn.0.conv,model.10.m.0.ffn.0.bn,BatchNorm2d,prune_out_channels,True,1,225,,
281,3,DG004,model.10.m.0.ffn.0.conv,<unresolved>,_ElementWiseOp,prune_out_channels,True,1,225,,
281,4,DG004,model.10.m.0.ffn.0.conv,model.10.m.0.ffn.1.conv,Conv2d,prune_in_channels,False,1,225,,
282,1,DG032,model.6.m.0.cv1.conv,model.6.m.0.cv1.conv,Conv2d,prune_out_channels,True,1,23,27,26
282,2,DG032,model.6.m.0.cv1.conv,model.6.m.0.cv1.bn,BatchNorm2d,prune_out_channels,True,1,23,,
282,3,DG032,model.6.m.0.cv1.conv,<unresolved>,_ElementWiseOp,prune_out_channels,True,1,23,,
282,4,DG032,model.6.m.0.cv1.conv,<unresolved>,_ElementWiseOp,prune_out_channels,True,1,23,,
282,5,DG032,model.6.m.0.cv1.conv,model.6.m.0.m.0.cv1.conv,Conv2d,prune_in_channels,False,1,23,,
282,6,DG032,model.6.m.0.cv1.conv,<unresolved>,_ElementWiseOp,prune_out_channels,True,1,23,,
282,7,DG032,model.6.m.0.cv1.conv,<unresolved>,_ElementWiseOp,prune_out_channels,True,1,23,,
282,8,DG032,model.6.m.0.cv1.conv,model.6.m.0.m.1.cv1.conv,Conv2d,prune_in_channels,False,1,23,,
282,9,DG032,model.6.m.0.cv1.conv,<unresolved>,_ElementWiseOp,prune_out_channels,True,1,23,,
282,10,DG032,model.6.m.0.cv1.conv,<unresolved>,_ConcatOp,prune_out_channels,True,1,23,,
282,11,DG032,model.6.m.0.cv1.conv,model.6.m.0.cv3.conv,Conv2d,prune_in_channels,False,1,23,,
282,12,DG032,model.6.m.0.cv1.conv,model.6.m.0.m.1.cv2.bn,BatchNorm2d,prune_out_channels,True,1,23,,
282,13,DG032,model.6.m.0.cv1.conv,model.6.m.0.m.1.cv2.conv,Conv2d,prune_out_channels,True,1,23,27,26
282,14,DG032,model.6.m.0.cv1.conv,model.6.m.0.m.0.cv2.bn,BatchNorm2d,prune_out_channels,True,1,23,,
282,15,DG032,model.6.m.0.cv1.conv,model.6.m.0.m.0.cv2.conv,Conv2d,prune_out_channels,True,1,23,27,26
283,1,DG017,model.19.m.0.cv1.conv,model.19.m.0.cv1.conv,Conv2d,prune_out_channels,True,1,7,20,19
283,2,DG017,model.19.m.0.cv1.conv,model.19.m.0.cv1.bn,BatchNorm2d,prune_out_channels,True,1,7,,
283,3,DG017,model.19.m.0.cv1.conv,<unresolved>,_ElementWiseOp,prune_out_channels,True,1,7,,
283,4,DG017,model.19.m.0.cv1.conv,<unresolved>,_ElementWiseOp,prune_out_channels,True,1,7,,
283,5,DG017,model.19.m.0.cv1.conv,model.19.m.0.m.0.cv1.conv,Conv2d,prune_in_channels,False,1,7,,
283,6,DG017,model.19.m.0.cv1.conv,<unresolved>,_ElementWiseOp,prune_out_channels,True,1,7,,
283,7,DG017,model.19.m.0.cv1.conv,<unresolved>,_ElementWiseOp,prune_out_channels,True,1,7,,
283,8,DG017,model.19.m.0.cv1.conv,model.19.m.0.m.1.cv1.conv,Conv2d,prune_in_channels,False,1,7,,
283,9,DG017,model.19.m.0.cv1.conv,<unresolved>,_ElementWiseOp,prune_out_channels,True,1,7,,
283,10,DG017,model.19.m.0.cv1.conv,<unresolved>,_ConcatOp,prune_out_channels,True,1,7,,
283,11,DG017,model.19.m.0.cv1.conv,model.19.m.0.cv3.conv,Conv2d,prune_in_channels,False,1,7,,
283,12,DG017,model.19.m.0.cv1.conv,model.19.m.0.m.1.cv2.bn,BatchNorm2d,prune_out_channels,True,1,7,,
283,13,DG017,model.19.m.0.cv1.conv,model.19.m.0.m.1.cv2.conv,Conv2d,prune_out_channels,True,1,7,20,19
283,14,DG017,model.19.m.0.cv1.conv,model.19.m.0.m.0.cv2.bn,BatchNorm2d,prune_out_channels,True,1,7,,
283,15,DG017,model.19.m.0.cv1.conv,model.19.m.0.m.0.cv2.conv,Conv2d,prune_out_channels,True,1,7,20,19
284,1,DG017,model.19.m.0.cv1.conv,model.19.m.0.cv1.conv,Conv2d,prune_out_channels,True,1,9,19,18
284,2,DG017,model.19.m.0.cv1.conv,model.19.m.0.cv1.bn,BatchNorm2d,prune_out_channels,True,1,9,,
284,3,DG017,model.19.m.0.cv1.conv,<unresolved>,_ElementWiseOp,prune_out_channels,True,1,9,,
284,4,DG017,model.19.m.0.cv1.conv,<unresolved>,_ElementWiseOp,prune_out_channels,True,1,9,,
284,5,DG017,model.19.m.0.cv1.conv,model.19.m.0.m.0.cv1.conv,Conv2d,prune_in_channels,False,1,9,,
284,6,DG017,model.19.m.0.cv1.conv,<unresolved>,_ElementWiseOp,prune_out_channels,True,1,9,,
284,7,DG017,model.19.m.0.cv1.conv,<unresolved>,_ElementWiseOp,prune_out_channels,True,1,9,,
284,8,DG017,model.19.m.0.cv1.conv,model.19.m.0.m.1.cv1.conv,Conv2d,prune_in_channels,False,1,9,,
284,9,DG017,model.19.m.0.cv1.conv,<unresolved>,_ElementWiseOp,prune_out_channels,True,1,9,,
284,10,DG017,model.19.m.0.cv1.conv,<unresolved>,_ConcatOp,prune_out_channels,True,1,9,,
284,11,DG017,model.19.m.0.cv1.conv,model.19.m.0.cv3.conv,Conv2d,prune_in_channels,False,1,9,,
284,12,DG017,model.19.m.0.cv1.conv,model.19.m.0.m.1.cv2.bn,BatchNorm2d,prune_out_channels,True,1,9,,
284,13,DG017,model.19.m.0.cv1.conv,model.19.m.0.m.1.cv2.conv,Conv2d,prune_out_channels,True,1,9,19,18
284,14,DG017,model.19.m.0.cv1.conv,model.19.m.0.m.0.cv2.bn,BatchNorm2d,prune_out_channels,True,1,9,,
284,15,DG017,model.19.m.0.cv1.conv,model.19.m.0.m.0.cv2.conv,Conv2d,prune_out_channels,True,1,9,19,18
285,1,DG032,model.6.m.0.cv1.conv,model.6.m.0.cv1.conv,Conv2d,prune_out_channels,True,1,8,26,25
285,2,DG032,model.6.m.0.cv1.conv,model.6.m.0.cv1.bn,BatchNorm2d,prune_out_channels,True,1,8,,
285,3,DG032,model.6.m.0.cv1.conv,<unresolved>,_ElementWiseOp,prune_out_channels,True,1,8,,
285,4,DG032,model.6.m.0.cv1.conv,<unresolved>,_ElementWiseOp,prune_out_channels,True,1,8,,
285,5,DG032,model.6.m.0.cv1.conv,model.6.m.0.m.0.cv1.conv,Conv2d,prune_in_channels,False,1,8,,
285,6,DG032,model.6.m.0.cv1.conv,<unresolved>,_ElementWiseOp,prune_out_channels,True,1,8,,
285,7,DG032,model.6.m.0.cv1.conv,<unresolved>,_ElementWiseOp,prune_out_channels,True,1,8,,
285,8,DG032,model.6.m.0.cv1.conv,model.6.m.0.m.1.cv1.conv,Conv2d,prune_in_channels,False,1,8,,
285,9,DG032,model.6.m.0.cv1.conv,<unresolved>,_ElementWiseOp,prune_out_channels,True,1,8,,
285,10,DG032,model.6.m.0.cv1.conv,<unresolved>,_ConcatOp,prune_out_channels,True,1,8,,
285,11,DG032,model.6.m.0.cv1.conv,model.6.m.0.cv3.conv,Conv2d,prune_in_channels,False,1,8,,
285,12,DG032,model.6.m.0.cv1.conv,model.6.m.0.m.1.cv2.bn,BatchNorm2d,prune_out_channels,True,1,8,,
285,13,DG032,model.6.m.0.cv1.conv,model.6.m.0.m.1.cv2.conv,Conv2d,prune_out_channels,True,1,8,26,25
285,14,DG032,model.6.m.0.cv1.conv,model.6.m.0.m.0.cv2.bn,BatchNorm2d,prune_out_channels,True,1,8,,
285,15,DG032,model.6.m.0.cv1.conv,model.6.m.0.m.0.cv2.conv,Conv2d,prune_out_channels,True,1,8,26,25
286,1,DG006,model.13.m.0.cv1.conv,model.13.m.0.cv1.conv,Conv2d,prune_out_channels,True,1,6,28,27
286,2,DG006,model.13.m.0.cv1.conv,model.13.m.0.cv1.bn,BatchNorm2d,prune_out_channels,True,1,6,,
286,3,DG006,model.13.m.0.cv1.conv,<unresolved>,_ElementWiseOp,prune_out_channels,True,1,6,,
286,4,DG006,model.13.m.0.cv1.conv,<unresolved>,_ElementWiseOp,prune_out_channels,True,1,6,,
286,5,DG006,model.13.m.0.cv1.conv,model.13.m.0.m.0.cv1.conv,Conv2d,prune_in_channels,False,1,6,,
286,6,DG006,model.13.m.0.cv1.conv,<unresolved>,_ElementWiseOp,prune_out_channels,True,1,6,,
286,7,DG006,model.13.m.0.cv1.conv,<unresolved>,_ElementWiseOp,prune_out_channels,True,1,6,,
286,8,DG006,model.13.m.0.cv1.conv,model.13.m.0.m.1.cv1.conv,Conv2d,prune_in_channels,False,1,6,,
286,9,DG006,model.13.m.0.cv1.conv,<unresolved>,_ElementWiseOp,prune_out_channels,True,1,6,,
286,10,DG006,model.13.m.0.cv1.conv,<unresolved>,_ConcatOp,prune_out_channels,True,1,6,,
286,11,DG006,model.13.m.0.cv1.conv,model.13.m.0.cv3.conv,Conv2d,prune_in_channels,False,1,6,,
286,12,DG006,model.13.m.0.cv1.conv,model.13.m.0.m.1.cv2.bn,BatchNorm2d,prune_out_channels,True,1,6,,
286,13,DG006,model.13.m.0.cv1.conv,model.13.m.0.m.1.cv2.conv,Conv2d,prune_out_channels,True,1,6,28,27
286,14,DG006,model.13.m.0.cv1.conv,model.13.m.0.m.0.cv2.bn,BatchNorm2d,prune_out_channels,True,1,6,,
286,15,DG006,model.13.m.0.cv1.conv,model.13.m.0.m.0.cv2.conv,Conv2d,prune_out_channels,True,1,6,28,27
287,1,DG032,model.6.m.0.cv1.conv,model.6.m.0.cv1.conv,Conv2d,prune_out_channels,True,1,6,25,24
287,2,DG032,model.6.m.0.cv1.conv,model.6.m.0.cv1.bn,BatchNorm2d,prune_out_channels,True,1,6,,
287,3,DG032,model.6.m.0.cv1.conv,<unresolved>,_ElementWiseOp,prune_out_channels,True,1,6,,
287,4,DG032,model.6.m.0.cv1.conv,<unresolved>,_ElementWiseOp,prune_out_channels,True,1,6,,
287,5,DG032,model.6.m.0.cv1.conv,model.6.m.0.m.0.cv1.conv,Conv2d,prune_in_channels,False,1,6,,
287,6,DG032,model.6.m.0.cv1.conv,<unresolved>,_ElementWiseOp,prune_out_channels,True,1,6,,
287,7,DG032,model.6.m.0.cv1.conv,<unresolved>,_ElementWiseOp,prune_out_channels,True,1,6,,
287,8,DG032,model.6.m.0.cv1.conv,model.6.m.0.m.1.cv1.conv,Conv2d,prune_in_channels,False,1,6,,
287,9,DG032,model.6.m.0.cv1.conv,<unresolved>,_ElementWiseOp,prune_out_channels,True,1,6,,
287,10,DG032,model.6.m.0.cv1.conv,<unresolved>,_ConcatOp,prune_out_channels,True,1,6,,
287,11,DG032,model.6.m.0.cv1.conv,model.6.m.0.cv3.conv,Conv2d,prune_in_channels,False,1,6,,
287,12,DG032,model.6.m.0.cv1.conv,model.6.m.0.m.1.cv2.bn,BatchNorm2d,prune_out_channels,True,1,6,,
287,13,DG032,model.6.m.0.cv1.conv,model.6.m.0.m.1.cv2.conv,Conv2d,prune_out_channels,True,1,6,25,24
287,14,DG032,model.6.m.0.cv1.conv,model.6.m.0.m.0.cv2.bn,BatchNorm2d,prune_out_channels,True,1,6,,
287,15,DG032,model.6.m.0.cv1.conv,model.6.m.0.m.0.cv2.conv,Conv2d,prune_out_channels,True,1,6,25,24
288,1,DG017,model.19.m.0.cv1.conv,model.19.m.0.cv1.conv,Conv2d,prune_out_channels,True,1,7,18,17
288,2,DG017,model.19.m.0.cv1.conv,model.19.m.0.cv1.bn,BatchNorm2d,prune_out_channels,True,1,7,,
288,3,DG017,model.19.m.0.cv1.conv,<unresolved>,_ElementWiseOp,prune_out_channels,True,1,7,,
288,4,DG017,model.19.m.0.cv1.conv,<unresolved>,_ElementWiseOp,prune_out_channels,True,1,7,,
288,5,DG017,model.19.m.0.cv1.conv,model.19.m.0.m.0.cv1.conv,Conv2d,prune_in_channels,False,1,7,,
288,6,DG017,model.19.m.0.cv1.conv,<unresolved>,_ElementWiseOp,prune_out_channels,True,1,7,,
288,7,DG017,model.19.m.0.cv1.conv,<unresolved>,_ElementWiseOp,prune_out_channels,True,1,7,,
288,8,DG017,model.19.m.0.cv1.conv,model.19.m.0.m.1.cv1.conv,Conv2d,prune_in_channels,False,1,7,,
288,9,DG017,model.19.m.0.cv1.conv,<unresolved>,_ElementWiseOp,prune_out_channels,True,1,7,,
288,10,DG017,model.19.m.0.cv1.conv,<unresolved>,_ConcatOp,prune_out_channels,True,1,7,,
288,11,DG017,model.19.m.0.cv1.conv,model.19.m.0.cv3.conv,Conv2d,prune_in_channels,False,1,7,,
288,12,DG017,model.19.m.0.cv1.conv,model.19.m.0.m.1.cv2.bn,BatchNorm2d,prune_out_channels,True,1,7,,
288,13,DG017,model.19.m.0.cv1.conv,model.19.m.0.m.1.cv2.conv,Conv2d,prune_out_channels,True,1,7,18,17
288,14,DG017,model.19.m.0.cv1.conv,model.19.m.0.m.0.cv2.bn,BatchNorm2d,prune_out_channels,True,1,7,,
288,15,DG017,model.19.m.0.cv1.conv,model.19.m.0.m.0.cv2.conv,Conv2d,prune_out_channels,True,1,7,18,17
289,1,DG020,model.19.m.0.m.1.cv1.conv,model.19.m.0.m.1.cv1.conv,Conv2d,prune_out_channels,True,1,13,32,31
289,2,DG020,model.19.m.0.m.1.cv1.conv,model.19.m.0.m.1.cv1.bn,BatchNorm2d,prune_out_channels,True,1,13,,
289,3,DG020,model.19.m.0.m.1.cv1.conv,<unresolved>,_ElementWiseOp,prune_out_channels,True,1,13,,
289,4,DG020,model.19.m.0.m.1.cv1.conv,model.19.m.0.m.1.cv2.conv,Conv2d,prune_in_channels,False,1,13,,
290,1,DG020,model.19.m.0.m.1.cv1.conv,model.19.m.0.m.1.cv1.conv,Conv2d,prune_out_channels,True,1,0,31,30
290,2,DG020,model.19.m.0.m.1.cv1.conv,model.19.m.0.m.1.cv1.bn,BatchNorm2d,prune_out_channels,True,1,0,,
290,3,DG020,model.19.m.0.m.1.cv1.conv,<unresolved>,_ElementWiseOp,prune_out_channels,True,1,0,,
290,4,DG020,model.19.m.0.m.1.cv1.conv,model.19.m.0.m.1.cv2.conv,Conv2d,prune_in_channels,False,1,0,,
291,1,DG020,model.19.m.0.m.1.cv1.conv,model.19.m.0.m.1.cv1.conv,Conv2d,prune_out_channels,True,1,1,30,29
291,2,DG020,model.19.m.0.m.1.cv1.conv,model.19.m.0.m.1.cv1.bn,BatchNorm2d,prune_out_channels,True,1,1,,
291,3,DG020,model.19.m.0.m.1.cv1.conv,<unresolved>,_ElementWiseOp,prune_out_channels,True,1,1,,
291,4,DG020,model.19.m.0.m.1.cv1.conv,model.19.m.0.m.1.cv2.conv,Conv2d,prune_in_channels,False,1,1,,
292,1,DG019,model.19.m.0.m.0.cv1.conv,model.19.m.0.m.0.cv1.conv,Conv2d,prune_out_channels,True,1,27,32,31
292,2,DG019,model.19.m.0.m.0.cv1.conv,model.19.m.0.m.0.cv1.bn,BatchNorm2d,prune_out_channels,True,1,27,,
292,3,DG019,model.19.m.0.m.0.cv1.conv,<unresolved>,_ElementWiseOp,prune_out_channels,True,1,27,,
292,4,DG019,model.19.m.0.m.0.cv1.conv,model.19.m.0.m.0.cv2.conv,Conv2d,prune_in_channels,False,1,27,,
293,1,DG006,model.13.m.0.cv1.conv,model.13.m.0.cv1.conv,Conv2d,prune_out_channels,True,1,3,27,26
293,2,DG006,model.13.m.0.cv1.conv,model.13.m.0.cv1.bn,BatchNorm2d,prune_out_channels,True,1,3,,
293,3,DG006,model.13.m.0.cv1.conv,<unresolved>,_ElementWiseOp,prune_out_channels,True,1,3,,
293,4,DG006,model.13.m.0.cv1.conv,<unresolved>,_ElementWiseOp,prune_out_channels,True,1,3,,
293,5,DG006,model.13.m.0.cv1.conv,model.13.m.0.m.0.cv1.conv,Conv2d,prune_in_channels,False,1,3,,
293,6,DG006,model.13.m.0.cv1.conv,<unresolved>,_ElementWiseOp,prune_out_channels,True,1,3,,
293,7,DG006,model.13.m.0.cv1.conv,<unresolved>,_ElementWiseOp,prune_out_channels,True,1,3,,
293,8,DG006,model.13.m.0.cv1.conv,model.13.m.0.m.1.cv1.conv,Conv2d,prune_in_channels,False,1,3,,
293,9,DG006,model.13.m.0.cv1.conv,<unresolved>,_ElementWiseOp,prune_out_channels,True,1,3,,
293,10,DG006,model.13.m.0.cv1.conv,<unresolved>,_ConcatOp,prune_out_channels,True,1,3,,
293,11,DG006,model.13.m.0.cv1.conv,model.13.m.0.cv3.conv,Conv2d,prune_in_channels,False,1,3,,
293,12,DG006,model.13.m.0.cv1.conv,model.13.m.0.m.1.cv2.bn,BatchNorm2d,prune_out_channels,True,1,3,,
293,13,DG006,model.13.m.0.cv1.conv,model.13.m.0.m.1.cv2.conv,Conv2d,prune_out_channels,True,1,3,27,26
293,14,DG006,model.13.m.0.cv1.conv,model.13.m.0.m.0.cv2.bn,BatchNorm2d,prune_out_channels,True,1,3,,
293,15,DG006,model.13.m.0.cv1.conv,model.13.m.0.m.0.cv2.conv,Conv2d,prune_out_channels,True,1,3,27,26
294,1,DG032,model.6.m.0.cv1.conv,model.6.m.0.cv1.conv,Conv2d,prune_out_channels,True,1,9,24,23
294,2,DG032,model.6.m.0.cv1.conv,model.6.m.0.cv1.bn,BatchNorm2d,prune_out_channels,True,1,9,,
294,3,DG032,model.6.m.0.cv1.conv,<unresolved>,_ElementWiseOp,prune_out_channels,True,1,9,,
294,4,DG032,model.6.m.0.cv1.conv,<unresolved>,_ElementWiseOp,prune_out_channels,True,1,9,,
294,5,DG032,model.6.m.0.cv1.conv,model.6.m.0.m.0.cv1.conv,Conv2d,prune_in_channels,False,1,9,,
294,6,DG032,model.6.m.0.cv1.conv,<unresolved>,_ElementWiseOp,prune_out_channels,True,1,9,,
294,7,DG032,model.6.m.0.cv1.conv,<unresolved>,_ElementWiseOp,prune_out_channels,True,1,9,,
294,8,DG032,model.6.m.0.cv1.conv,model.6.m.0.m.1.cv1.conv,Conv2d,prune_in_channels,False,1,9,,
294,9,DG032,model.6.m.0.cv1.conv,<unresolved>,_ElementWiseOp,prune_out_channels,True,1,9,,
294,10,DG032,model.6.m.0.cv1.conv,<unresolved>,_ConcatOp,prune_out_channels,True,1,9,,
294,11,DG032,model.6.m.0.cv1.conv,model.6.m.0.cv3.conv,Conv2d,prune_in_channels,False,1,9,,
294,12,DG032,model.6.m.0.cv1.conv,model.6.m.0.m.1.cv2.bn,BatchNorm2d,prune_out_channels,True,1,9,,
294,13,DG032,model.6.m.0.cv1.conv,model.6.m.0.m.1.cv2.conv,Conv2d,prune_out_channels,True,1,9,24,23
294,14,DG032,model.6.m.0.cv1.conv,model.6.m.0.m.0.cv2.bn,BatchNorm2d,prune_out_channels,True,1,9,,
294,15,DG032,model.6.m.0.cv1.conv,model.6.m.0.m.0.cv2.conv,Conv2d,prune_out_channels,True,1,9,24,23
295,1,DG004,model.10.m.0.ffn.0.conv,model.10.m.0.ffn.0.conv,Conv2d,prune_out_channels,True,1,216,239,238
295,2,DG004,model.10.m.0.ffn.0.conv,model.10.m.0.ffn.0.bn,BatchNorm2d,prune_out_channels,True,1,216,,
295,3,DG004,model.10.m.0.ffn.0.conv,<unresolved>,_ElementWiseOp,prune_out_channels,True,1,216,,
295,4,DG004,model.10.m.0.ffn.0.conv,model.10.m.0.ffn.1.conv,Conv2d,prune_in_channels,False,1,216,,
296,1,DG021,model.2.cv2.conv,model.2.cv2.conv,Conv2d,prune_out_channels,True,1,7,33,32
296,2,DG021,model.2.cv2.conv,model.2.cv2.bn,BatchNorm2d,prune_out_channels,True,1,7,,
296,3,DG021,model.2.cv2.conv,<unresolved>,_ElementWiseOp,prune_out_channels,True,1,7,,
296,4,DG021,model.2.cv2.conv,model.3.conv,Conv2d,prune_in_channels,False,1,7,,
297,1,DG038,model.8.m.0.cv1.conv,model.8.m.0.cv1.conv,Conv2d,prune_out_channels,True,1,19,63,62
297,2,DG038,model.8.m.0.cv1.conv,model.8.m.0.cv1.bn,BatchNorm2d,prune_out_channels,True,1,19,,
297,3,DG038,model.8.m.0.cv1.conv,<unresolved>,_ElementWiseOp,prune_out_channels,True,1,19,,
297,4,DG038,model.8.m.0.cv1.conv,<unresolved>,_ElementWiseOp,prune_out_channels,True,1,19,,
297,5,DG038,model.8.m.0.cv1.conv,model.8.m.0.m.0.cv1.conv,Conv2d,prune_in_channels,False,1,19,,
297,6,DG038,model.8.m.0.cv1.conv,<unresolved>,_ElementWiseOp,prune_out_channels,True,1,19,,
297,7,DG038,model.8.m.0.cv1.conv,<unresolved>,_ElementWiseOp,prune_out_channels,True,1,19,,
297,8,DG038,model.8.m.0.cv1.conv,model.8.m.0.m.1.cv1.conv,Conv2d,prune_in_channels,False,1,19,,
297,9,DG038,model.8.m.0.cv1.conv,<unresolved>,_ElementWiseOp,prune_out_channels,True,1,19,,
297,10,DG038,model.8.m.0.cv1.conv,<unresolved>,_ConcatOp,prune_out_channels,True,1,19,,
297,11,DG038,model.8.m.0.cv1.conv,model.8.m.0.cv3.conv,Conv2d,prune_in_channels,False,1,19,,
297,12,DG038,model.8.m.0.cv1.conv,model.8.m.0.m.1.cv2.bn,BatchNorm2d,prune_out_channels,True,1,19,,
297,13,DG038,model.8.m.0.cv1.conv,model.8.m.0.m.1.cv2.conv,Conv2d,prune_out_channels,True,1,19,63,62
297,14,DG038,model.8.m.0.cv1.conv,model.8.m.0.m.0.cv2.bn,BatchNorm2d,prune_out_channels,True,1,19,,
297,15,DG038,model.8.m.0.cv1.conv,model.8.m.0.m.0.cv2.conv,Conv2d,prune_out_channels,True,1,19,63,62
298,1,DG019,model.19.m.0.m.0.cv1.conv,model.19.m.0.m.0.cv1.conv,Conv2d,prune_out_channels,True,1,8,31,30
298,2,DG019,model.19.m.0.m.0.cv1.conv,model.19.m.0.m.0.cv1.bn,BatchNorm2d,prune_out_channels,True,1,8,,
298,3,DG019,model.19.m.0.m.0.cv1.conv,<unresolved>,_ElementWiseOp,prune_out_channels,True,1,8,,
298,4,DG019,model.19.m.0.m.0.cv1.conv,model.19.m.0.m.0.cv2.conv,Conv2d,prune_in_channels,False,1,8,,
299,1,DG004,model.10.m.0.ffn.0.conv,model.10.m.0.ffn.0.conv,Conv2d,prune_out_channels,True,1,185,238,237
299,2,DG004,model.10.m.0.ffn.0.conv,model.10.m.0.ffn.0.bn,BatchNorm2d,prune_out_channels,True,1,185,,
299,3,DG004,model.10.m.0.ffn.0.conv,<unresolved>,_ElementWiseOp,prune_out_channels,True,1,185,,
299,4,DG004,model.10.m.0.ffn.0.conv,model.10.m.0.ffn.1.conv,Conv2d,prune_in_channels,False,1,185,,
300,1,DG004,model.10.m.0.ffn.0.conv,model.10.m.0.ffn.0.conv,Conv2d,prune_out_channels,True,1,63,237,236
300,2,DG004,model.10.m.0.ffn.0.conv,model.10.m.0.ffn.0.bn,BatchNorm2d,prune_out_channels,True,1,63,,
300,3,DG004,model.10.m.0.ffn.0.conv,<unresolved>,_ElementWiseOp,prune_out_channels,True,1,63,,
300,4,DG004,model.10.m.0.ffn.0.conv,model.10.m.0.ffn.1.conv,Conv2d,prune_in_channels,False,1,63,,
301,1,DG017,model.19.m.0.cv1.conv,model.19.m.0.cv1.conv,Conv2d,prune_out_channels,True,1,12,17,16
301,2,DG017,model.19.m.0.cv1.conv,model.19.m.0.cv1.bn,BatchNorm2d,prune_out_channels,True,1,12,,
301,3,DG017,model.19.m.0.cv1.conv,<unresolved>,_ElementWiseOp,prune_out_channels,True,1,12,,
301,4,DG017,model.19.m.0.cv1.conv,<unresolved>,_ElementWiseOp,prune_out_channels,True,1,12,,
301,5,DG017,model.19.m.0.cv1.conv,model.19.m.0.m.0.cv1.conv,Conv2d,prune_in_channels,False,1,12,,
301,6,DG017,model.19.m.0.cv1.conv,<unresolved>,_ElementWiseOp,prune_out_channels,True,1,12,,
301,7,DG017,model.19.m.0.cv1.conv,<unresolved>,_ElementWiseOp,prune_out_channels,True,1,12,,
301,8,DG017,model.19.m.0.cv1.conv,model.19.m.0.m.1.cv1.conv,Conv2d,prune_in_channels,False,1,12,,
301,9,DG017,model.19.m.0.cv1.conv,<unresolved>,_ElementWiseOp,prune_out_channels,True,1,12,,
301,10,DG017,model.19.m.0.cv1.conv,<unresolved>,_ConcatOp,prune_out_channels,True,1,12,,
301,11,DG017,model.19.m.0.cv1.conv,model.19.m.0.cv3.conv,Conv2d,prune_in_channels,False,1,12,,
301,12,DG017,model.19.m.0.cv1.conv,model.19.m.0.m.1.cv2.bn,BatchNorm2d,prune_out_channels,True,1,12,,
301,13,DG017,model.19.m.0.cv1.conv,model.19.m.0.m.1.cv2.conv,Conv2d,prune_out_channels,True,1,12,17,16
301,14,DG017,model.19.m.0.cv1.conv,model.19.m.0.m.0.cv2.bn,BatchNorm2d,prune_out_channels,True,1,12,,
301,15,DG017,model.19.m.0.cv1.conv,model.19.m.0.m.0.cv2.conv,Conv2d,prune_out_channels,True,1,12,17,16
302,1,DG020,model.19.m.0.m.1.cv1.conv,model.19.m.0.m.1.cv1.conv,Conv2d,prune_out_channels,True,1,24,29,28
302,2,DG020,model.19.m.0.m.1.cv1.conv,model.19.m.0.m.1.cv1.bn,BatchNorm2d,prune_out_channels,True,1,24,,
302,3,DG020,model.19.m.0.m.1.cv1.conv,<unresolved>,_ElementWiseOp,prune_out_channels,True,1,24,,
302,4,DG020,model.19.m.0.m.1.cv1.conv,model.19.m.0.m.1.cv2.conv,Conv2d,prune_in_channels,False,1,24,,
303,1,DG020,model.19.m.0.m.1.cv1.conv,model.19.m.0.m.1.cv1.conv,Conv2d,prune_out_channels,True,1,18,28,27
303,2,DG020,model.19.m.0.m.1.cv1.conv,model.19.m.0.m.1.cv1.bn,BatchNorm2d,prune_out_channels,True,1,18,,
303,3,DG020,model.19.m.0.m.1.cv1.conv,<unresolved>,_ElementWiseOp,prune_out_channels,True,1,18,,
303,4,DG020,model.19.m.0.m.1.cv1.conv,model.19.m.0.m.1.cv2.conv,Conv2d,prune_in_channels,False,1,18,,
304,1,DG019,model.19.m.0.m.0.cv1.conv,model.19.m.0.m.0.cv1.conv,Conv2d,prune_out_channels,True,1,28,30,29
304,2,DG019,model.19.m.0.m.0.cv1.conv,model.19.m.0.m.0.cv1.bn,BatchNorm2d,prune_out_channels,True,1,28,,
304,3,DG019,model.19.m.0.m.0.cv1.conv,<unresolved>,_ElementWiseOp,prune_out_channels,True,1,28,,
304,4,DG019,model.19.m.0.m.0.cv1.conv,model.19.m.0.m.0.cv2.conv,Conv2d,prune_in_channels,False,1,28,,
305,1,DG019,model.19.m.0.m.0.cv1.conv,model.19.m.0.m.0.cv1.conv,Conv2d,prune_out_channels,True,1,28,29,28
305,2,DG019,model.19.m.0.m.0.cv1.conv,model.19.m.0.m.0.cv1.bn,BatchNorm2d,prune_out_channels,True,1,28,,
305,3,DG019,model.19.m.0.m.0.cv1.conv,<unresolved>,_ElementWiseOp,prune_out_channels,True,1,28,,
305,4,DG019,model.19.m.0.m.0.cv1.conv,model.19.m.0.m.0.cv2.conv,Conv2d,prune_in_channels,False,1,28,,
306,1,DG020,model.19.m.0.m.1.cv1.conv,model.19.m.0.m.1.cv1.conv,Conv2d,prune_out_channels,True,1,24,27,26
306,2,DG020,model.19.m.0.m.1.cv1.conv,model.19.m.0.m.1.cv1.bn,BatchNorm2d,prune_out_channels,True,1,24,,
306,3,DG020,model.19.m.0.m.1.cv1.conv,<unresolved>,_ElementWiseOp,prune_out_channels,True,1,24,,
306,4,DG020,model.19.m.0.m.1.cv1.conv,model.19.m.0.m.1.cv2.conv,Conv2d,prune_in_channels,False,1,24,,
307,1,DG020,model.19.m.0.m.1.cv1.conv,model.19.m.0.m.1.cv1.conv,Conv2d,prune_out_channels,True,1,0,26,25
307,2,DG020,model.19.m.0.m.1.cv1.conv,model.19.m.0.m.1.cv1.bn,BatchNorm2d,prune_out_channels,True,1,0,,
307,3,DG020,model.19.m.0.m.1.cv1.conv,<unresolved>,_ElementWiseOp,prune_out_channels,True,1,0,,
307,4,DG020,model.19.m.0.m.1.cv1.conv,model.19.m.0.m.1.cv2.conv,Conv2d,prune_in_channels,False,1,0,,
308,1,DG004,model.10.m.0.ffn.0.conv,model.10.m.0.ffn.0.conv,Conv2d,prune_out_channels,True,1,171,236,235
308,2,DG004,model.10.m.0.ffn.0.conv,model.10.m.0.ffn.0.bn,BatchNorm2d,prune_out_channels,True,1,171,,
308,3,DG004,model.10.m.0.ffn.0.conv,<unresolved>,_ElementWiseOp,prune_out_channels,True,1,171,,
308,4,DG004,model.10.m.0.ffn.0.conv,model.10.m.0.ffn.1.conv,Conv2d,prune_in_channels,False,1,171,,
309,1,DG004,model.10.m.0.ffn.0.conv,model.10.m.0.ffn.0.conv,Conv2d,prune_out_channels,True,1,169,235,234
309,2,DG004,model.10.m.0.ffn.0.conv,model.10.m.0.ffn.0.bn,BatchNorm2d,prune_out_channels,True,1,169,,
309,3,DG004,model.10.m.0.ffn.0.conv,<unresolved>,_ElementWiseOp,prune_out_channels,True,1,169,,
309,4,DG004,model.10.m.0.ffn.0.conv,model.10.m.0.ffn.1.conv,Conv2d,prune_in_channels,False,1,169,,
310,1,DG004,model.10.m.0.ffn.0.conv,model.10.m.0.ffn.0.conv,Conv2d,prune_out_channels,True,1,89,234,233
310,2,DG004,model.10.m.0.ffn.0.conv,model.10.m.0.ffn.0.bn,BatchNorm2d,prune_out_channels,True,1,89,,
310,3,DG004,model.10.m.0.ffn.0.conv,<unresolved>,_ElementWiseOp,prune_out_channels,True,1,89,,
310,4,DG004,model.10.m.0.ffn.0.conv,model.10.m.0.ffn.1.conv,Conv2d,prune_in_channels,False,1,89,,
311,1,DG004,model.10.m.0.ffn.0.conv,model.10.m.0.ffn.0.conv,Conv2d,prune_out_channels,True,1,18,233,232
311,2,DG004,model.10.m.0.ffn.0.conv,model.10.m.0.ffn.0.bn,BatchNorm2d,prune_out_channels,True,1,18,,
311,3,DG004,model.10.m.0.ffn.0.conv,<unresolved>,_ElementWiseOp,prune_out_channels,True,1,18,,
311,4,DG004,model.10.m.0.ffn.0.conv,model.10.m.0.ffn.1.conv,Conv2d,prune_in_channels,False,1,18,,
312,1,DG004,model.10.m.0.ffn.0.conv,model.10.m.0.ffn.0.conv,Conv2d,prune_out_channels,True,1,93,232,231
312,2,DG004,model.10.m.0.ffn.0.conv,model.10.m.0.ffn.0.bn,BatchNorm2d,prune_out_channels,True,1,93,,
312,3,DG004,model.10.m.0.ffn.0.conv,<unresolved>,_ElementWiseOp,prune_out_channels,True,1,93,,
312,4,DG004,model.10.m.0.ffn.0.conv,model.10.m.0.ffn.1.conv,Conv2d,prune_in_channels,False,1,93,,
313,1,DG020,model.19.m.0.m.1.cv1.conv,model.19.m.0.m.1.cv1.conv,Conv2d,prune_out_channels,True,1,19,25,24
313,2,DG020,model.19.m.0.m.1.cv1.conv,model.19.m.0.m.1.cv1.bn,BatchNorm2d,prune_out_channels,True,1,19,,
313,3,DG020,model.19.m.0.m.1.cv1.conv,<unresolved>,_ElementWiseOp,prune_out_channels,True,1,19,,
313,4,DG020,model.19.m.0.m.1.cv1.conv,model.19.m.0.m.1.cv2.conv,Conv2d,prune_in_channels,False,1,19,,
314,1,DG004,model.10.m.0.ffn.0.conv,model.10.m.0.ffn.0.conv,Conv2d,prune_out_channels,True,1,104,231,230
314,2,DG004,model.10.m.0.ffn.0.conv,model.10.m.0.ffn.0.bn,BatchNorm2d,prune_out_channels,True,1,104,,
314,3,DG004,model.10.m.0.ffn.0.conv,<unresolved>,_ElementWiseOp,prune_out_channels,True,1,104,,
314,4,DG004,model.10.m.0.ffn.0.conv,model.10.m.0.ffn.1.conv,Conv2d,prune_in_channels,False,1,104,,
315,1,DG004,model.10.m.0.ffn.0.conv,model.10.m.0.ffn.0.conv,Conv2d,prune_out_channels,True,1,89,230,229
315,2,DG004,model.10.m.0.ffn.0.conv,model.10.m.0.ffn.0.bn,BatchNorm2d,prune_out_channels,True,1,89,,
315,3,DG004,model.10.m.0.ffn.0.conv,<unresolved>,_ElementWiseOp,prune_out_channels,True,1,89,,
315,4,DG004,model.10.m.0.ffn.0.conv,model.10.m.0.ffn.1.conv,Conv2d,prune_in_channels,False,1,89,,
316,1,DG006,model.13.m.0.cv1.conv,model.13.m.0.cv1.conv,Conv2d,prune_out_channels,True,1,25,26,25
316,2,DG006,model.13.m.0.cv1.conv,model.13.m.0.cv1.bn,BatchNorm2d,prune_out_channels,True,1,25,,
316,3,DG006,model.13.m.0.cv1.conv,<unresolved>,_ElementWiseOp,prune_out_channels,True,1,25,,
316,4,DG006,model.13.m.0.cv1.conv,<unresolved>,_ElementWiseOp,prune_out_channels,True,1,25,,
316,5,DG006,model.13.m.0.cv1.conv,model.13.m.0.m.0.cv1.conv,Conv2d,prune_in_channels,False,1,25,,
316,6,DG006,model.13.m.0.cv1.conv,<unresolved>,_ElementWiseOp,prune_out_channels,True,1,25,,
316,7,DG006,model.13.m.0.cv1.conv,<unresolved>,_ElementWiseOp,prune_out_channels,True,1,25,,
316,8,DG006,model.13.m.0.cv1.conv,model.13.m.0.m.1.cv1.conv,Conv2d,prune_in_channels,False,1,25,,
316,9,DG006,model.13.m.0.cv1.conv,<unresolved>,_ElementWiseOp,prune_out_channels,True,1,25,,
316,10,DG006,model.13.m.0.cv1.conv,<unresolved>,_ConcatOp,prune_out_channels,True,1,25,,
316,11,DG006,model.13.m.0.cv1.conv,model.13.m.0.cv3.conv,Conv2d,prune_in_channels,False,1,25,,
316,12,DG006,model.13.m.0.cv1.conv,model.13.m.0.m.1.cv2.bn,BatchNorm2d,prune_out_channels,True,1,25,,
316,13,DG006,model.13.m.0.cv1.conv,model.13.m.0.m.1.cv2.conv,Conv2d,prune_out_channels,True,1,25,26,25
316,14,DG006,model.13.m.0.cv1.conv,model.13.m.0.m.0.cv2.bn,BatchNorm2d,prune_out_channels,True,1,25,,
316,15,DG006,model.13.m.0.cv1.conv,model.13.m.0.m.0.cv2.conv,Conv2d,prune_out_channels,True,1,25,26,25
317,1,DG004,model.10.m.0.ffn.0.conv,model.10.m.0.ffn.0.conv,Conv2d,prune_out_channels,True,1,176,229,228
317,2,DG004,model.10.m.0.ffn.0.conv,model.10.m.0.ffn.0.bn,BatchNorm2d,prune_out_channels,True,1,176,,
317,3,DG004,model.10.m.0.ffn.0.conv,<unresolved>,_ElementWiseOp,prune_out_channels,True,1,176,,
317,4,DG004,model.10.m.0.ffn.0.conv,model.10.m.0.ffn.1.conv,Conv2d,prune_in_channels,False,1,176,,
318,1,DG004,model.10.m.0.ffn.0.conv,model.10.m.0.ffn.0.conv,Conv2d,prune_out_channels,True,1,101,228,227
318,2,DG004,model.10.m.0.ffn.0.conv,model.10.m.0.ffn.0.bn,BatchNorm2d,prune_out_channels,True,1,101,,
318,3,DG004,model.10.m.0.ffn.0.conv,<unresolved>,_ElementWiseOp,prune_out_channels,True,1,101,,
318,4,DG004,model.10.m.0.ffn.0.conv,model.10.m.0.ffn.1.conv,Conv2d,prune_in_channels,False,1,101,,
319,1,DG004,model.10.m.0.ffn.0.conv,model.10.m.0.ffn.0.conv,Conv2d,prune_out_channels,True,1,116,227,226
319,2,DG004,model.10.m.0.ffn.0.conv,model.10.m.0.ffn.0.bn,BatchNorm2d,prune_out_channels,True,1,116,,
319,3,DG004,model.10.m.0.ffn.0.conv,<unresolved>,_ElementWiseOp,prune_out_channels,True,1,116,,
319,4,DG004,model.10.m.0.ffn.0.conv,model.10.m.0.ffn.1.conv,Conv2d,prune_in_channels,False,1,116,,
320,1,DG032,model.6.m.0.cv1.conv,model.6.m.0.cv1.conv,Conv2d,prune_out_channels,True,1,7,23,22
320,2,DG032,model.6.m.0.cv1.conv,model.6.m.0.cv1.bn,BatchNorm2d,prune_out_channels,True,1,7,,
320,3,DG032,model.6.m.0.cv1.conv,<unresolved>,_ElementWiseOp,prune_out_channels,True,1,7,,
320,4,DG032,model.6.m.0.cv1.conv,<unresolved>,_ElementWiseOp,prune_out_channels,True,1,7,,
320,5,DG032,model.6.m.0.cv1.conv,model.6.m.0.m.0.cv1.conv,Conv2d,prune_in_channels,False,1,7,,
320,6,DG032,model.6.m.0.cv1.conv,<unresolved>,_ElementWiseOp,prune_out_channels,True,1,7,,
320,7,DG032,model.6.m.0.cv1.conv,<unresolved>,_ElementWiseOp,prune_out_channels,True,1,7,,
320,8,DG032,model.6.m.0.cv1.conv,model.6.m.0.m.1.cv1.conv,Conv2d,prune_in_channels,False,1,7,,
320,9,DG032,model.6.m.0.cv1.conv,<unresolved>,_ElementWiseOp,prune_out_channels,True,1,7,,
320,10,DG032,model.6.m.0.cv1.conv,<unresolved>,_ConcatOp,prune_out_channels,True,1,7,,
320,11,DG032,model.6.m.0.cv1.conv,model.6.m.0.cv3.conv,Conv2d,prune_in_channels,False,1,7,,
320,12,DG032,model.6.m.0.cv1.conv,model.6.m.0.m.1.cv2.bn,BatchNorm2d,prune_out_channels,True,1,7,,
320,13,DG032,model.6.m.0.cv1.conv,model.6.m.0.m.1.cv2.conv,Conv2d,prune_out_channels,True,1,7,23,22
320,14,DG032,model.6.m.0.cv1.conv,model.6.m.0.m.0.cv2.bn,BatchNorm2d,prune_out_channels,True,1,7,,
320,15,DG032,model.6.m.0.cv1.conv,model.6.m.0.m.0.cv2.conv,Conv2d,prune_out_channels,True,1,7,23,22
321,1,DG006,model.13.m.0.cv1.conv,model.13.m.0.cv1.conv,Conv2d,prune_out_channels,True,1,9,25,24
321,2,DG006,model.13.m.0.cv1.conv,model.13.m.0.cv1.bn,BatchNorm2d,prune_out_channels,True,1,9,,
321,3,DG006,model.13.m.0.cv1.conv,<unresolved>,_ElementWiseOp,prune_out_channels,True,1,9,,
321,4,DG006,model.13.m.0.cv1.conv,<unresolved>,_ElementWiseOp,prune_out_channels,True,1,9,,
321,5,DG006,model.13.m.0.cv1.conv,model.13.m.0.m.0.cv1.conv,Conv2d,prune_in_channels,False,1,9,,
321,6,DG006,model.13.m.0.cv1.conv,<unresolved>,_ElementWiseOp,prune_out_channels,True,1,9,,
321,7,DG006,model.13.m.0.cv1.conv,<unresolved>,_ElementWiseOp,prune_out_channels,True,1,9,,
321,8,DG006,model.13.m.0.cv1.conv,model.13.m.0.m.1.cv1.conv,Conv2d,prune_in_channels,False,1,9,,
321,9,DG006,model.13.m.0.cv1.conv,<unresolved>,_ElementWiseOp,prune_out_channels,True,1,9,,
321,10,DG006,model.13.m.0.cv1.conv,<unresolved>,_ConcatOp,prune_out_channels,True,1,9,,
321,11,DG006,model.13.m.0.cv1.conv,model.13.m.0.cv3.conv,Conv2d,prune_in_channels,False,1,9,,
321,12,DG006,model.13.m.0.cv1.conv,model.13.m.0.m.1.cv2.bn,BatchNorm2d,prune_out_channels,True,1,9,,
321,13,DG006,model.13.m.0.cv1.conv,model.13.m.0.m.1.cv2.conv,Conv2d,prune_out_channels,True,1,9,25,24
321,14,DG006,model.13.m.0.cv1.conv,model.13.m.0.m.0.cv2.bn,BatchNorm2d,prune_out_channels,True,1,9,,
321,15,DG006,model.13.m.0.cv1.conv,model.13.m.0.m.0.cv2.conv,Conv2d,prune_out_channels,True,1,9,25,24
322,1,DG004,model.10.m.0.ffn.0.conv,model.10.m.0.ffn.0.conv,Conv2d,prune_out_channels,True,1,119,226,225
322,2,DG004,model.10.m.0.ffn.0.conv,model.10.m.0.ffn.0.bn,BatchNorm2d,prune_out_channels,True,1,119,,
322,3,DG004,model.10.m.0.ffn.0.conv,<unresolved>,_ElementWiseOp,prune_out_channels,True,1,119,,
322,4,DG004,model.10.m.0.ffn.0.conv,model.10.m.0.ffn.1.conv,Conv2d,prune_in_channels,False,1,119,,
323,1,DG019,model.19.m.0.m.0.cv1.conv,model.19.m.0.m.0.cv1.conv,Conv2d,prune_out_channels,True,1,3,28,27
323,2,DG019,model.19.m.0.m.0.cv1.conv,model.19.m.0.m.0.cv1.bn,BatchNorm2d,prune_out_channels,True,1,3,,
323,3,DG019,model.19.m.0.m.0.cv1.conv,<unresolved>,_ElementWiseOp,prune_out_channels,True,1,3,,
323,4,DG019,model.19.m.0.m.0.cv1.conv,model.19.m.0.m.0.cv2.conv,Conv2d,prune_in_channels,False,1,3,,
324,1,DG020,model.19.m.0.m.1.cv1.conv,model.19.m.0.m.1.cv1.conv,Conv2d,prune_out_channels,True,1,14,24,23
324,2,DG020,model.19.m.0.m.1.cv1.conv,model.19.m.0.m.1.cv1.bn,BatchNorm2d,prune_out_channels,True,1,14,,
324,3,DG020,model.19.m.0.m.1.cv1.conv,<unresolved>,_ElementWiseOp,prune_out_channels,True,1,14,,
324,4,DG020,model.19.m.0.m.1.cv1.conv,model.19.m.0.m.1.cv2.conv,Conv2d,prune_in_channels,False,1,14,,
325,1,DG004,model.10.m.0.ffn.0.conv,model.10.m.0.ffn.0.conv,Conv2d,prune_out_channels,True,1,167,225,224
325,2,DG004,model.10.m.0.ffn.0.conv,model.10.m.0.ffn.0.bn,BatchNorm2d,prune_out_channels,True,1,167,,
325,3,DG004,model.10.m.0.ffn.0.conv,<unresolved>,_ElementWiseOp,prune_out_channels,True,1,167,,
325,4,DG004,model.10.m.0.ffn.0.conv,model.10.m.0.ffn.1.conv,Conv2d,prune_in_channels,False,1,167,,
326,1,DG006,model.13.m.0.cv1.conv,model.13.m.0.cv1.conv,Conv2d,prune_out_channels,True,1,10,24,23
326,2,DG006,model.13.m.0.cv1.conv,model.13.m.0.cv1.bn,BatchNorm2d,prune_out_channels,True,1,10,,
326,3,DG006,model.13.m.0.cv1.conv,<unresolved>,_ElementWiseOp,prune_out_channels,True,1,10,,
326,4,DG006,model.13.m.0.cv1.conv,<unresolved>,_ElementWiseOp,prune_out_channels,True,1,10,,
326,5,DG006,model.13.m.0.cv1.conv,model.13.m.0.m.0.cv1.conv,Conv2d,prune_in_channels,False,1,10,,
326,6,DG006,model.13.m.0.cv1.conv,<unresolved>,_ElementWiseOp,prune_out_channels,True,1,10,,
326,7,DG006,model.13.m.0.cv1.conv,<unresolved>,_ElementWiseOp,prune_out_channels,True,1,10,,
326,8,DG006,model.13.m.0.cv1.conv,model.13.m.0.m.1.cv1.conv,Conv2d,prune_in_channels,False,1,10,,
326,9,DG006,model.13.m.0.cv1.conv,<unresolved>,_ElementWiseOp,prune_out_channels,True,1,10,,
326,10,DG006,model.13.m.0.cv1.conv,<unresolved>,_ConcatOp,prune_out_channels,True,1,10,,
326,11,DG006,model.13.m.0.cv1.conv,model.13.m.0.cv3.conv,Conv2d,prune_in_channels,False,1,10,,
326,12,DG006,model.13.m.0.cv1.conv,model.13.m.0.m.1.cv2.bn,BatchNorm2d,prune_out_channels,True,1,10,,
326,13,DG006,model.13.m.0.cv1.conv,model.13.m.0.m.1.cv2.conv,Conv2d,prune_out_channels,True,1,10,24,23
326,14,DG006,model.13.m.0.cv1.conv,model.13.m.0.m.0.cv2.bn,BatchNorm2d,prune_out_channels,True,1,10,,
326,15,DG006,model.13.m.0.cv1.conv,model.13.m.0.m.0.cv2.conv,Conv2d,prune_out_channels,True,1,10,24,23
327,1,DG004,model.10.m.0.ffn.0.conv,model.10.m.0.ffn.0.conv,Conv2d,prune_out_channels,True,1,123,224,223
327,2,DG004,model.10.m.0.ffn.0.conv,model.10.m.0.ffn.0.bn,BatchNorm2d,prune_out_channels,True,1,123,,
327,3,DG004,model.10.m.0.ffn.0.conv,<unresolved>,_ElementWiseOp,prune_out_channels,True,1,123,,
327,4,DG004,model.10.m.0.ffn.0.conv,model.10.m.0.ffn.1.conv,Conv2d,prune_in_channels,False,1,123,,
328,1,DG032,model.6.m.0.cv1.conv,model.6.m.0.cv1.conv,Conv2d,prune_out_channels,True,1,13,22,21
328,2,DG032,model.6.m.0.cv1.conv,model.6.m.0.cv1.bn,BatchNorm2d,prune_out_channels,True,1,13,,
328,3,DG032,model.6.m.0.cv1.conv,<unresolved>,_ElementWiseOp,prune_out_channels,True,1,13,,
328,4,DG032,model.6.m.0.cv1.conv,<unresolved>,_ElementWiseOp,prune_out_channels,True,1,13,,
328,5,DG032,model.6.m.0.cv1.conv,model.6.m.0.m.0.cv1.conv,Conv2d,prune_in_channels,False,1,13,,
328,6,DG032,model.6.m.0.cv1.conv,<unresolved>,_ElementWiseOp,prune_out_channels,True,1,13,,
328,7,DG032,model.6.m.0.cv1.conv,<unresolved>,_ElementWiseOp,prune_out_channels,True,1,13,,
328,8,DG032,model.6.m.0.cv1.conv,model.6.m.0.m.1.cv1.conv,Conv2d,prune_in_channels,False,1,13,,
328,9,DG032,model.6.m.0.cv1.conv,<unresolved>,_ElementWiseOp,prune_out_channels,True,1,13,,
328,10,DG032,model.6.m.0.cv1.conv,<unresolved>,_ConcatOp,prune_out_channels,True,1,13,,
328,11,DG032,model.6.m.0.cv1.conv,model.6.m.0.cv3.conv,Conv2d,prune_in_channels,False,1,13,,
328,12,DG032,model.6.m.0.cv1.conv,model.6.m.0.m.1.cv2.bn,BatchNorm2d,prune_out_channels,True,1,13,,
328,13,DG032,model.6.m.0.cv1.conv,model.6.m.0.m.1.cv2.conv,Conv2d,prune_out_channels,True,1,13,22,21
328,14,DG032,model.6.m.0.cv1.conv,model.6.m.0.m.0.cv2.bn,BatchNorm2d,prune_out_channels,True,1,13,,
328,15,DG032,model.6.m.0.cv1.conv,model.6.m.0.m.0.cv2.conv,Conv2d,prune_out_channels,True,1,13,22,21
329,1,DG034,model.6.m.0.m.0.cv1.conv,model.6.m.0.m.0.cv1.conv,Conv2d,prune_out_channels,True,1,20,32,31
329,2,DG034,model.6.m.0.m.0.cv1.conv,model.6.m.0.m.0.cv1.bn,BatchNorm2d,prune_out_channels,True,1,20,,
329,3,DG034,model.6.m.0.m.0.cv1.conv,<unresolved>,_ElementWiseOp,prune_out_channels,True,1,20,,
329,4,DG034,model.6.m.0.m.0.cv1.conv,model.6.m.0.m.0.cv2.conv,Conv2d,prune_in_channels,False,1,20,,
330,1,DG001,model.0.conv,model.0.conv,Conv2d,prune_out_channels,True,1,10,13,12
330,2,DG001,model.0.conv,model.0.bn,BatchNorm2d,prune_out_channels,True,1,10,,
330,3,DG001,model.0.conv,<unresolved>,_ElementWiseOp,prune_out_channels,True,1,10,,
330,4,DG001,model.0.conv,model.1.conv,Conv2d,prune_in_channels,False,1,10,,
331,1,DG020,model.19.m.0.m.1.cv1.conv,model.19.m.0.m.1.cv1.conv,Conv2d,prune_out_channels,True,1,10,23,22
331,2,DG020,model.19.m.0.m.1.cv1.conv,model.19.m.0.m.1.cv1.bn,BatchNorm2d,prune_out_channels,True,1,10,,
331,3,DG020,model.19.m.0.m.1.cv1.conv,<unresolved>,_ElementWiseOp,prune_out_channels,True,1,10,,
331,4,DG020,model.19.m.0.m.1.cv1.conv,model.19.m.0.m.1.cv2.conv,Conv2d,prune_in_channels,False,1,10,,
332,1,DG006,model.13.m.0.cv1.conv,model.13.m.0.cv1.conv,Conv2d,prune_out_channels,True,1,2,23,22
332,2,DG006,model.13.m.0.cv1.conv,model.13.m.0.cv1.bn,BatchNorm2d,prune_out_channels,True,1,2,,
332,3,DG006,model.13.m.0.cv1.conv,<unresolved>,_ElementWiseOp,prune_out_channels,True,1,2,,
332,4,DG006,model.13.m.0.cv1.conv,<unresolved>,_ElementWiseOp,prune_out_channels,True,1,2,,
332,5,DG006,model.13.m.0.cv1.conv,model.13.m.0.m.0.cv1.conv,Conv2d,prune_in_channels,False,1,2,,
332,6,DG006,model.13.m.0.cv1.conv,<unresolved>,_ElementWiseOp,prune_out_channels,True,1,2,,
332,7,DG006,model.13.m.0.cv1.conv,<unresolved>,_ElementWiseOp,prune_out_channels,True,1,2,,
332,8,DG006,model.13.m.0.cv1.conv,model.13.m.0.m.1.cv1.conv,Conv2d,prune_in_channels,False,1,2,,
332,9,DG006,model.13.m.0.cv1.conv,<unresolved>,_ElementWiseOp,prune_out_channels,True,1,2,,
332,10,DG006,model.13.m.0.cv1.conv,<unresolved>,_ConcatOp,prune_out_channels,True,1,2,,
332,11,DG006,model.13.m.0.cv1.conv,model.13.m.0.cv3.conv,Conv2d,prune_in_channels,False,1,2,,
332,12,DG006,model.13.m.0.cv1.conv,model.13.m.0.m.1.cv2.bn,BatchNorm2d,prune_out_channels,True,1,2,,
332,13,DG006,model.13.m.0.cv1.conv,model.13.m.0.m.1.cv2.conv,Conv2d,prune_out_channels,True,1,2,23,22
332,14,DG006,model.13.m.0.cv1.conv,model.13.m.0.m.0.cv2.bn,BatchNorm2d,prune_out_channels,True,1,2,,
332,15,DG006,model.13.m.0.cv1.conv,model.13.m.0.m.0.cv2.conv,Conv2d,prune_out_channels,True,1,2,23,22
333,1,DG032,model.6.m.0.cv1.conv,model.6.m.0.cv1.conv,Conv2d,prune_out_channels,True,1,1,21,20
333,2,DG032,model.6.m.0.cv1.conv,model.6.m.0.cv1.bn,BatchNorm2d,prune_out_channels,True,1,1,,
333,3,DG032,model.6.m.0.cv1.conv,<unresolved>,_ElementWiseOp,prune_out_channels,True,1,1,,
333,4,DG032,model.6.m.0.cv1.conv,<unresolved>,_ElementWiseOp,prune_out_channels,True,1,1,,
333,5,DG032,model.6.m.0.cv1.conv,model.6.m.0.m.0.cv1.conv,Conv2d,prune_in_channels,False,1,1,,
333,6,DG032,model.6.m.0.cv1.conv,<unresolved>,_ElementWiseOp,prune_out_channels,True,1,1,,
333,7,DG032,model.6.m.0.cv1.conv,<unresolved>,_ElementWiseOp,prune_out_channels,True,1,1,,
333,8,DG032,model.6.m.0.cv1.conv,model.6.m.0.m.1.cv1.conv,Conv2d,prune_in_channels,False,1,1,,
333,9,DG032,model.6.m.0.cv1.conv,<unresolved>,_ElementWiseOp,prune_out_channels,True,1,1,,
333,10,DG032,model.6.m.0.cv1.conv,<unresolved>,_ConcatOp,prune_out_channels,True,1,1,,
333,11,DG032,model.6.m.0.cv1.conv,model.6.m.0.cv3.conv,Conv2d,prune_in_channels,False,1,1,,
333,12,DG032,model.6.m.0.cv1.conv,model.6.m.0.m.1.cv2.bn,BatchNorm2d,prune_out_channels,True,1,1,,
333,13,DG032,model.6.m.0.cv1.conv,model.6.m.0.m.1.cv2.conv,Conv2d,prune_out_channels,True,1,1,21,20
333,14,DG032,model.6.m.0.cv1.conv,model.6.m.0.m.0.cv2.bn,BatchNorm2d,prune_out_channels,True,1,1,,
333,15,DG032,model.6.m.0.cv1.conv,model.6.m.0.m.0.cv2.conv,Conv2d,prune_out_channels,True,1,1,21,20
334,1,DG034,model.6.m.0.m.0.cv1.conv,model.6.m.0.m.0.cv1.conv,Conv2d,prune_out_channels,True,1,2,31,30
334,2,DG034,model.6.m.0.m.0.cv1.conv,model.6.m.0.m.0.cv1.bn,BatchNorm2d,prune_out_channels,True,1,2,,
334,3,DG034,model.6.m.0.m.0.cv1.conv,<unresolved>,_ElementWiseOp,prune_out_channels,True,1,2,,
334,4,DG034,model.6.m.0.m.0.cv1.conv,model.6.m.0.m.0.cv2.conv,Conv2d,prune_in_channels,False,1,2,,
335,1,DG038,model.8.m.0.cv1.conv,model.8.m.0.cv1.conv,Conv2d,prune_out_channels,True,1,30,62,61
335,2,DG038,model.8.m.0.cv1.conv,model.8.m.0.cv1.bn,BatchNorm2d,prune_out_channels,True,1,30,,
335,3,DG038,model.8.m.0.cv1.conv,<unresolved>,_ElementWiseOp,prune_out_channels,True,1,30,,
335,4,DG038,model.8.m.0.cv1.conv,<unresolved>,_ElementWiseOp,prune_out_channels,True,1,30,,
335,5,DG038,model.8.m.0.cv1.conv,model.8.m.0.m.0.cv1.conv,Conv2d,prune_in_channels,False,1,30,,
335,6,DG038,model.8.m.0.cv1.conv,<unresolved>,_ElementWiseOp,prune_out_channels,True,1,30,,
335,7,DG038,model.8.m.0.cv1.conv,<unresolved>,_ElementWiseOp,prune_out_channels,True,1,30,,
335,8,DG038,model.8.m.0.cv1.conv,model.8.m.0.m.1.cv1.conv,Conv2d,prune_in_channels,False,1,30,,
335,9,DG038,model.8.m.0.cv1.conv,<unresolved>,_ElementWiseOp,prune_out_channels,True,1,30,,
335,10,DG038,model.8.m.0.cv1.conv,<unresolved>,_ConcatOp,prune_out_channels,True,1,30,,
335,11,DG038,model.8.m.0.cv1.conv,model.8.m.0.cv3.conv,Conv2d,prune_in_channels,False,1,30,,
335,12,DG038,model.8.m.0.cv1.conv,model.8.m.0.m.1.cv2.bn,BatchNorm2d,prune_out_channels,True,1,30,,
335,13,DG038,model.8.m.0.cv1.conv,model.8.m.0.m.1.cv2.conv,Conv2d,prune_out_channels,True,1,30,62,61
335,14,DG038,model.8.m.0.cv1.conv,model.8.m.0.m.0.cv2.bn,BatchNorm2d,prune_out_channels,True,1,30,,
335,15,DG038,model.8.m.0.cv1.conv,model.8.m.0.m.0.cv2.conv,Conv2d,prune_out_channels,True,1,30,62,61
336,1,DG004,model.10.m.0.ffn.0.conv,model.10.m.0.ffn.0.conv,Conv2d,prune_out_channels,True,1,138,223,222
336,2,DG004,model.10.m.0.ffn.0.conv,model.10.m.0.ffn.0.bn,BatchNorm2d,prune_out_channels,True,1,138,,
336,3,DG004,model.10.m.0.ffn.0.conv,<unresolved>,_ElementWiseOp,prune_out_channels,True,1,138,,
336,4,DG004,model.10.m.0.ffn.0.conv,model.10.m.0.ffn.1.conv,Conv2d,prune_in_channels,False,1,138,,
337,1,DG004,model.10.m.0.ffn.0.conv,model.10.m.0.ffn.0.conv,Conv2d,prune_out_channels,True,1,200,222,221
337,2,DG004,model.10.m.0.ffn.0.conv,model.10.m.0.ffn.0.bn,BatchNorm2d,prune_out_channels,True,1,200,,
337,3,DG004,model.10.m.0.ffn.0.conv,<unresolved>,_ElementWiseOp,prune_out_channels,True,1,200,,
337,4,DG004,model.10.m.0.ffn.0.conv,model.10.m.0.ffn.1.conv,Conv2d,prune_in_channels,False,1,200,,
338,1,DG004,model.10.m.0.ffn.0.conv,model.10.m.0.ffn.0.conv,Conv2d,prune_out_channels,True,1,183,221,220
338,2,DG004,model.10.m.0.ffn.0.conv,model.10.m.0.ffn.0.bn,BatchNorm2d,prune_out_channels,True,1,183,,
338,3,DG004,model.10.m.0.ffn.0.conv,<unresolved>,_ElementWiseOp,prune_out_channels,True,1,183,,
338,4,DG004,model.10.m.0.ffn.0.conv,model.10.m.0.ffn.1.conv,Conv2d,prune_in_channels,False,1,183,,
339,1,DG004,model.10.m.0.ffn.0.conv,model.10.m.0.ffn.0.conv,Conv2d,prune_out_channels,True,1,19,220,219
339,2,DG004,model.10.m.0.ffn.0.conv,model.10.m.0.ffn.0.bn,BatchNorm2d,prune_out_channels,True,1,19,,
339,3,DG004,model.10.m.0.ffn.0.conv,<unresolved>,_ElementWiseOp,prune_out_channels,True,1,19,,
339,4,DG004,model.10.m.0.ffn.0.conv,model.10.m.0.ffn.1.conv,Conv2d,prune_in_channels,False,1,19,,
340,1,DG004,model.10.m.0.ffn.0.conv,model.10.m.0.ffn.0.conv,Conv2d,prune_out_channels,True,1,36,219,218
340,2,DG004,model.10.m.0.ffn.0.conv,model.10.m.0.ffn.0.bn,BatchNorm2d,prune_out_channels,True,1,36,,
340,3,DG004,model.10.m.0.ffn.0.conv,<unresolved>,_ElementWiseOp,prune_out_channels,True,1,36,,
340,4,DG004,model.10.m.0.ffn.0.conv,model.10.m.0.ffn.1.conv,Conv2d,prune_in_channels,False,1,36,,
341,1,DG004,model.10.m.0.ffn.0.conv,model.10.m.0.ffn.0.conv,Conv2d,prune_out_channels,True,1,71,218,217
341,2,DG004,model.10.m.0.ffn.0.conv,model.10.m.0.ffn.0.bn,BatchNorm2d,prune_out_channels,True,1,71,,
341,3,DG004,model.10.m.0.ffn.0.conv,<unresolved>,_ElementWiseOp,prune_out_channels,True,1,71,,
341,4,DG004,model.10.m.0.ffn.0.conv,model.10.m.0.ffn.1.conv,Conv2d,prune_in_channels,False,1,71,,
342,1,DG004,model.10.m.0.ffn.0.conv,model.10.m.0.ffn.0.conv,Conv2d,prune_out_channels,True,1,161,217,216
342,2,DG004,model.10.m.0.ffn.0.conv,model.10.m.0.ffn.0.bn,BatchNorm2d,prune_out_channels,True,1,161,,
342,3,DG004,model.10.m.0.ffn.0.conv,<unresolved>,_ElementWiseOp,prune_out_channels,True,1,161,,
342,4,DG004,model.10.m.0.ffn.0.conv,model.10.m.0.ffn.1.conv,Conv2d,prune_in_channels,False,1,161,,
343,1,DG004,model.10.m.0.ffn.0.conv,model.10.m.0.ffn.0.conv,Conv2d,prune_out_channels,True,1,199,216,215
343,2,DG004,model.10.m.0.ffn.0.conv,model.10.m.0.ffn.0.bn,BatchNorm2d,prune_out_channels,True,1,199,,
343,3,DG004,model.10.m.0.ffn.0.conv,<unresolved>,_ElementWiseOp,prune_out_channels,True,1,199,,
343,4,DG004,model.10.m.0.ffn.0.conv,model.10.m.0.ffn.1.conv,Conv2d,prune_in_channels,False,1,199,,
344,1,DG004,model.10.m.0.ffn.0.conv,model.10.m.0.ffn.0.conv,Conv2d,prune_out_channels,True,1,130,215,214
344,2,DG004,model.10.m.0.ffn.0.conv,model.10.m.0.ffn.0.bn,BatchNorm2d,prune_out_channels,True,1,130,,
344,3,DG004,model.10.m.0.ffn.0.conv,<unresolved>,_ElementWiseOp,prune_out_channels,True,1,130,,
344,4,DG004,model.10.m.0.ffn.0.conv,model.10.m.0.ffn.1.conv,Conv2d,prune_in_channels,False,1,130,,
345,1,DG032,model.6.m.0.cv1.conv,model.6.m.0.cv1.conv,Conv2d,prune_out_channels,True,1,2,20,19
345,2,DG032,model.6.m.0.cv1.conv,model.6.m.0.cv1.bn,BatchNorm2d,prune_out_channels,True,1,2,,
345,3,DG032,model.6.m.0.cv1.conv,<unresolved>,_ElementWiseOp,prune_out_channels,True,1,2,,
345,4,DG032,model.6.m.0.cv1.conv,<unresolved>,_ElementWiseOp,prune_out_channels,True,1,2,,
345,5,DG032,model.6.m.0.cv1.conv,model.6.m.0.m.0.cv1.conv,Conv2d,prune_in_channels,False,1,2,,
345,6,DG032,model.6.m.0.cv1.conv,<unresolved>,_ElementWiseOp,prune_out_channels,True,1,2,,
345,7,DG032,model.6.m.0.cv1.conv,<unresolved>,_ElementWiseOp,prune_out_channels,True,1,2,,
345,8,DG032,model.6.m.0.cv1.conv,model.6.m.0.m.1.cv1.conv,Conv2d,prune_in_channels,False,1,2,,
345,9,DG032,model.6.m.0.cv1.conv,<unresolved>,_ElementWiseOp,prune_out_channels,True,1,2,,
345,10,DG032,model.6.m.0.cv1.conv,<unresolved>,_ConcatOp,prune_out_channels,True,1,2,,
345,11,DG032,model.6.m.0.cv1.conv,model.6.m.0.cv3.conv,Conv2d,prune_in_channels,False,1,2,,
345,12,DG032,model.6.m.0.cv1.conv,model.6.m.0.m.1.cv2.bn,BatchNorm2d,prune_out_channels,True,1,2,,
345,13,DG032,model.6.m.0.cv1.conv,model.6.m.0.m.1.cv2.conv,Conv2d,prune_out_channels,True,1,2,20,19
345,14,DG032,model.6.m.0.cv1.conv,model.6.m.0.m.0.cv2.bn,BatchNorm2d,prune_out_channels,True,1,2,,
345,15,DG032,model.6.m.0.cv1.conv,model.6.m.0.m.0.cv2.conv,Conv2d,prune_out_channels,True,1,2,20,19
346,1,DG004,model.10.m.0.ffn.0.conv,model.10.m.0.ffn.0.conv,Conv2d,prune_out_channels,True,1,145,214,213
346,2,DG004,model.10.m.0.ffn.0.conv,model.10.m.0.ffn.0.bn,BatchNorm2d,prune_out_channels,True,1,145,,
346,3,DG004,model.10.m.0.ffn.0.conv,<unresolved>,_ElementWiseOp,prune_out_channels,True,1,145,,
346,4,DG004,model.10.m.0.ffn.0.conv,model.10.m.0.ffn.1.conv,Conv2d,prune_in_channels,False,1,145,,
347,1,DG032,model.6.m.0.cv1.conv,model.6.m.0.cv1.conv,Conv2d,prune_out_channels,True,1,0,19,18
347,2,DG032,model.6.m.0.cv1.conv,model.6.m.0.cv1.bn,BatchNorm2d,prune_out_channels,True,1,0,,
347,3,DG032,model.6.m.0.cv1.conv,<unresolved>,_ElementWiseOp,prune_out_channels,True,1,0,,
347,4,DG032,model.6.m.0.cv1.conv,<unresolved>,_ElementWiseOp,prune_out_channels,True,1,0,,
347,5,DG032,model.6.m.0.cv1.conv,model.6.m.0.m.0.cv1.conv,Conv2d,prune_in_channels,False,1,0,,
347,6,DG032,model.6.m.0.cv1.conv,<unresolved>,_ElementWiseOp,prune_out_channels,True,1,0,,
347,7,DG032,model.6.m.0.cv1.conv,<unresolved>,_ElementWiseOp,prune_out_channels,True,1,0,,
347,8,DG032,model.6.m.0.cv1.conv,model.6.m.0.m.1.cv1.conv,Conv2d,prune_in_channels,False,1,0,,
347,9,DG032,model.6.m.0.cv1.conv,<unresolved>,_ElementWiseOp,prune_out_channels,True,1,0,,
347,10,DG032,model.6.m.0.cv1.conv,<unresolved>,_ConcatOp,prune_out_channels,True,1,0,,
347,11,DG032,model.6.m.0.cv1.conv,model.6.m.0.cv3.conv,Conv2d,prune_in_channels,False,1,0,,
347,12,DG032,model.6.m.0.cv1.conv,model.6.m.0.m.1.cv2.bn,BatchNorm2d,prune_out_channels,True,1,0,,
347,13,DG032,model.6.m.0.cv1.conv,model.6.m.0.m.1.cv2.conv,Conv2d,prune_out_channels,True,1,0,19,18
347,14,DG032,model.6.m.0.cv1.conv,model.6.m.0.m.0.cv2.bn,BatchNorm2d,prune_out_channels,True,1,0,,
347,15,DG032,model.6.m.0.cv1.conv,model.6.m.0.m.0.cv2.conv,Conv2d,prune_out_channels,True,1,0,19,18
348,1,DG032,model.6.m.0.cv1.conv,model.6.m.0.cv1.conv,Conv2d,prune_out_channels,True,1,9,18,17
348,2,DG032,model.6.m.0.cv1.conv,model.6.m.0.cv1.bn,BatchNorm2d,prune_out_channels,True,1,9,,
348,3,DG032,model.6.m.0.cv1.conv,<unresolved>,_ElementWiseOp,prune_out_channels,True,1,9,,
348,4,DG032,model.6.m.0.cv1.conv,<unresolved>,_ElementWiseOp,prune_out_channels,True,1,9,,
348,5,DG032,model.6.m.0.cv1.conv,model.6.m.0.m.0.cv1.conv,Conv2d,prune_in_channels,False,1,9,,
348,6,DG032,model.6.m.0.cv1.conv,<unresolved>,_ElementWiseOp,prune_out_channels,True,1,9,,
348,7,DG032,model.6.m.0.cv1.conv,<unresolved>,_ElementWiseOp,prune_out_channels,True,1,9,,
348,8,DG032,model.6.m.0.cv1.conv,model.6.m.0.m.1.cv1.conv,Conv2d,prune_in_channels,False,1,9,,
348,9,DG032,model.6.m.0.cv1.conv,<unresolved>,_ElementWiseOp,prune_out_channels,True,1,9,,
348,10,DG032,model.6.m.0.cv1.conv,<unresolved>,_ConcatOp,prune_out_channels,True,1,9,,
348,11,DG032,model.6.m.0.cv1.conv,model.6.m.0.cv3.conv,Conv2d,prune_in_channels,False,1,9,,
348,12,DG032,model.6.m.0.cv1.conv,model.6.m.0.m.1.cv2.bn,BatchNorm2d,prune_out_channels,True,1,9,,
348,13,DG032,model.6.m.0.cv1.conv,model.6.m.0.m.1.cv2.conv,Conv2d,prune_out_channels,True,1,9,18,17
348,14,DG032,model.6.m.0.cv1.conv,model.6.m.0.m.0.cv2.bn,BatchNorm2d,prune_out_channels,True,1,9,,
348,15,DG032,model.6.m.0.cv1.conv,model.6.m.0.m.0.cv2.conv,Conv2d,prune_out_channels,True,1,9,18,17
349,1,DG034,model.6.m.0.m.0.cv1.conv,model.6.m.0.m.0.cv1.conv,Conv2d,prune_out_channels,True,1,7,30,29
349,2,DG034,model.6.m.0.m.0.cv1.conv,model.6.m.0.m.0.cv1.bn,BatchNorm2d,prune_out_channels,True,1,7,,
349,3,DG034,model.6.m.0.m.0.cv1.conv,<unresolved>,_ElementWiseOp,prune_out_channels,True,1,7,,
349,4,DG034,model.6.m.0.m.0.cv1.conv,model.6.m.0.m.0.cv2.conv,Conv2d,prune_in_channels,False,1,7,,
350,1,DG004,model.10.m.0.ffn.0.conv,model.10.m.0.ffn.0.conv,Conv2d,prune_out_channels,True,1,11,213,212
350,2,DG004,model.10.m.0.ffn.0.conv,model.10.m.0.ffn.0.bn,BatchNorm2d,prune_out_channels,True,1,11,,
350,3,DG004,model.10.m.0.ffn.0.conv,<unresolved>,_ElementWiseOp,prune_out_channels,True,1,11,,
350,4,DG004,model.10.m.0.ffn.0.conv,model.10.m.0.ffn.1.conv,Conv2d,prune_in_channels,False,1,11,,
351,1,DG004,model.10.m.0.ffn.0.conv,model.10.m.0.ffn.0.conv,Conv2d,prune_out_channels,True,1,50,212,211
351,2,DG004,model.10.m.0.ffn.0.conv,model.10.m.0.ffn.0.bn,BatchNorm2d,prune_out_channels,True,1,50,,
351,3,DG004,model.10.m.0.ffn.0.conv,<unresolved>,_ElementWiseOp,prune_out_channels,True,1,50,,
351,4,DG004,model.10.m.0.ffn.0.conv,model.10.m.0.ffn.1.conv,Conv2d,prune_in_channels,False,1,50,,
352,1,DG004,model.10.m.0.ffn.0.conv,model.10.m.0.ffn.0.conv,Conv2d,prune_out_channels,True,1,55,211,210
352,2,DG004,model.10.m.0.ffn.0.conv,model.10.m.0.ffn.0.bn,BatchNorm2d,prune_out_channels,True,1,55,,
352,3,DG004,model.10.m.0.ffn.0.conv,<unresolved>,_ElementWiseOp,prune_out_channels,True,1,55,,
352,4,DG004,model.10.m.0.ffn.0.conv,model.10.m.0.ffn.1.conv,Conv2d,prune_in_channels,False,1,55,,
353,1,DG004,model.10.m.0.ffn.0.conv,model.10.m.0.ffn.0.conv,Conv2d,prune_out_channels,True,1,57,210,209
353,2,DG004,model.10.m.0.ffn.0.conv,model.10.m.0.ffn.0.bn,BatchNorm2d,prune_out_channels,True,1,57,,
353,3,DG004,model.10.m.0.ffn.0.conv,<unresolved>,_ElementWiseOp,prune_out_channels,True,1,57,,
353,4,DG004,model.10.m.0.ffn.0.conv,model.10.m.0.ffn.1.conv,Conv2d,prune_in_channels,False,1,57,,
354,1,DG004,model.10.m.0.ffn.0.conv,model.10.m.0.ffn.0.conv,Conv2d,prune_out_channels,True,1,179,209,208
354,2,DG004,model.10.m.0.ffn.0.conv,model.10.m.0.ffn.0.bn,BatchNorm2d,prune_out_channels,True,1,179,,
354,3,DG004,model.10.m.0.ffn.0.conv,<unresolved>,_ElementWiseOp,prune_out_channels,True,1,179,,
354,4,DG004,model.10.m.0.ffn.0.conv,model.10.m.0.ffn.1.conv,Conv2d,prune_in_channels,False,1,179,,
355,1,DG004,model.10.m.0.ffn.0.conv,model.10.m.0.ffn.0.conv,Conv2d,prune_out_channels,True,1,111,208,207
355,2,DG004,model.10.m.0.ffn.0.conv,model.10.m.0.ffn.0.bn,BatchNorm2d,prune_out_channels,True,1,111,,
355,3,DG004,model.10.m.0.ffn.0.conv,<unresolved>,_ElementWiseOp,prune_out_channels,True,1,111,,
355,4,DG004,model.10.m.0.ffn.0.conv,model.10.m.0.ffn.1.conv,Conv2d,prune_in_channels,False,1,111,,
356,1,DG004,model.10.m.0.ffn.0.conv,model.10.m.0.ffn.0.conv,Conv2d,prune_out_channels,True,1,32,207,206
356,2,DG004,model.10.m.0.ffn.0.conv,model.10.m.0.ffn.0.bn,BatchNorm2d,prune_out_channels,True,1,32,,
356,3,DG004,model.10.m.0.ffn.0.conv,<unresolved>,_ElementWiseOp,prune_out_channels,True,1,32,,
356,4,DG004,model.10.m.0.ffn.0.conv,model.10.m.0.ffn.1.conv,Conv2d,prune_in_channels,False,1,32,,
357,1,DG004,model.10.m.0.ffn.0.conv,model.10.m.0.ffn.0.conv,Conv2d,prune_out_channels,True,1,159,206,205
357,2,DG004,model.10.m.0.ffn.0.conv,model.10.m.0.ffn.0.bn,BatchNorm2d,prune_out_channels,True,1,159,,
357,3,DG004,model.10.m.0.ffn.0.conv,<unresolved>,_ElementWiseOp,prune_out_channels,True,1,159,,
357,4,DG004,model.10.m.0.ffn.0.conv,model.10.m.0.ffn.1.conv,Conv2d,prune_in_channels,False,1,159,,
358,1,DG004,model.10.m.0.ffn.0.conv,model.10.m.0.ffn.0.conv,Conv2d,prune_out_channels,True,1,8,205,204
358,2,DG004,model.10.m.0.ffn.0.conv,model.10.m.0.ffn.0.bn,BatchNorm2d,prune_out_channels,True,1,8,,
358,3,DG004,model.10.m.0.ffn.0.conv,<unresolved>,_ElementWiseOp,prune_out_channels,True,1,8,,
358,4,DG004,model.10.m.0.ffn.0.conv,model.10.m.0.ffn.1.conv,Conv2d,prune_in_channels,False,1,8,,
359,1,DG006,model.13.m.0.cv1.conv,model.13.m.0.cv1.conv,Conv2d,prune_out_channels,True,1,14,22,21
359,2,DG006,model.13.m.0.cv1.conv,model.13.m.0.cv1.bn,BatchNorm2d,prune_out_channels,True,1,14,,
359,3,DG006,model.13.m.0.cv1.conv,<unresolved>,_ElementWiseOp,prune_out_channels,True,1,14,,
359,4,DG006,model.13.m.0.cv1.conv,<unresolved>,_ElementWiseOp,prune_out_channels,True,1,14,,
359,5,DG006,model.13.m.0.cv1.conv,model.13.m.0.m.0.cv1.conv,Conv2d,prune_in_channels,False,1,14,,
359,6,DG006,model.13.m.0.cv1.conv,<unresolved>,_ElementWiseOp,prune_out_channels,True,1,14,,
359,7,DG006,model.13.m.0.cv1.conv,<unresolved>,_ElementWiseOp,prune_out_channels,True,1,14,,
359,8,DG006,model.13.m.0.cv1.conv,model.13.m.0.m.1.cv1.conv,Conv2d,prune_in_channels,False,1,14,,
359,9,DG006,model.13.m.0.cv1.conv,<unresolved>,_ElementWiseOp,prune_out_channels,True,1,14,,
359,10,DG006,model.13.m.0.cv1.conv,<unresolved>,_ConcatOp,prune_out_channels,True,1,14,,
359,11,DG006,model.13.m.0.cv1.conv,model.13.m.0.cv3.conv,Conv2d,prune_in_channels,False,1,14,,
359,12,DG006,model.13.m.0.cv1.conv,model.13.m.0.m.1.cv2.bn,BatchNorm2d,prune_out_channels,True,1,14,,
359,13,DG006,model.13.m.0.cv1.conv,model.13.m.0.m.1.cv2.conv,Conv2d,prune_out_channels,True,1,14,22,21
359,14,DG006,model.13.m.0.cv1.conv,model.13.m.0.m.0.cv2.bn,BatchNorm2d,prune_out_channels,True,1,14,,
359,15,DG006,model.13.m.0.cv1.conv,model.13.m.0.m.0.cv2.conv,Conv2d,prune_out_channels,True,1,14,22,21
360,1,DG004,model.10.m.0.ffn.0.conv,model.10.m.0.ffn.0.conv,Conv2d,prune_out_channels,True,1,75,204,203
360,2,DG004,model.10.m.0.ffn.0.conv,model.10.m.0.ffn.0.bn,BatchNorm2d,prune_out_channels,True,1,75,,
360,3,DG004,model.10.m.0.ffn.0.conv,<unresolved>,_ElementWiseOp,prune_out_channels,True,1,75,,
360,4,DG004,model.10.m.0.ffn.0.conv,model.10.m.0.ffn.1.conv,Conv2d,prune_in_channels,False,1,75,,
361,1,DG032,model.6.m.0.cv1.conv,model.6.m.0.cv1.conv,Conv2d,prune_out_channels,True,1,0,17,16
361,2,DG032,model.6.m.0.cv1.conv,model.6.m.0.cv1.bn,BatchNorm2d,prune_out_channels,True,1,0,,
361,3,DG032,model.6.m.0.cv1.conv,<unresolved>,_ElementWiseOp,prune_out_channels,True,1,0,,
361,4,DG032,model.6.m.0.cv1.conv,<unresolved>,_ElementWiseOp,prune_out_channels,True,1,0,,
361,5,DG032,model.6.m.0.cv1.conv,model.6.m.0.m.0.cv1.conv,Conv2d,prune_in_channels,False,1,0,,
361,6,DG032,model.6.m.0.cv1.conv,<unresolved>,_ElementWiseOp,prune_out_channels,True,1,0,,
361,7,DG032,model.6.m.0.cv1.conv,<unresolved>,_ElementWiseOp,prune_out_channels,True,1,0,,
361,8,DG032,model.6.m.0.cv1.conv,model.6.m.0.m.1.cv1.conv,Conv2d,prune_in_channels,False,1,0,,
361,9,DG032,model.6.m.0.cv1.conv,<unresolved>,_ElementWiseOp,prune_out_channels,True,1,0,,
361,10,DG032,model.6.m.0.cv1.conv,<unresolved>,_ConcatOp,prune_out_channels,True,1,0,,
361,11,DG032,model.6.m.0.cv1.conv,model.6.m.0.cv3.conv,Conv2d,prune_in_channels,False,1,0,,
361,12,DG032,model.6.m.0.cv1.conv,model.6.m.0.m.1.cv2.bn,BatchNorm2d,prune_out_channels,True,1,0,,
361,13,DG032,model.6.m.0.cv1.conv,model.6.m.0.m.1.cv2.conv,Conv2d,prune_out_channels,True,1,0,17,16
361,14,DG032,model.6.m.0.cv1.conv,model.6.m.0.m.0.cv2.bn,BatchNorm2d,prune_out_channels,True,1,0,,
361,15,DG032,model.6.m.0.cv1.conv,model.6.m.0.m.0.cv2.conv,Conv2d,prune_out_channels,True,1,0,17,16
362,1,DG034,model.6.m.0.m.0.cv1.conv,model.6.m.0.m.0.cv1.conv,Conv2d,prune_out_channels,True,1,13,29,28
362,2,DG034,model.6.m.0.m.0.cv1.conv,model.6.m.0.m.0.cv1.bn,BatchNorm2d,prune_out_channels,True,1,13,,
362,3,DG034,model.6.m.0.m.0.cv1.conv,<unresolved>,_ElementWiseOp,prune_out_channels,True,1,13,,
362,4,DG034,model.6.m.0.m.0.cv1.conv,model.6.m.0.m.0.cv2.conv,Conv2d,prune_in_channels,False,1,13,,
363,1,DG034,model.6.m.0.m.0.cv1.conv,model.6.m.0.m.0.cv1.conv,Conv2d,prune_out_channels,True,1,4,28,27
363,2,DG034,model.6.m.0.m.0.cv1.conv,model.6.m.0.m.0.cv1.bn,BatchNorm2d,prune_out_channels,True,1,4,,
363,3,DG034,model.6.m.0.m.0.cv1.conv,<unresolved>,_ElementWiseOp,prune_out_channels,True,1,4,,
363,4,DG034,model.6.m.0.m.0.cv1.conv,model.6.m.0.m.0.cv2.conv,Conv2d,prune_in_channels,False,1,4,,
364,1,DG006,model.13.m.0.cv1.conv,model.13.m.0.cv1.conv,Conv2d,prune_out_channels,True,1,13,21,20
364,2,DG006,model.13.m.0.cv1.conv,model.13.m.0.cv1.bn,BatchNorm2d,prune_out_channels,True,1,13,,
364,3,DG006,model.13.m.0.cv1.conv,<unresolved>,_ElementWiseOp,prune_out_channels,True,1,13,,
364,4,DG006,model.13.m.0.cv1.conv,<unresolved>,_ElementWiseOp,prune_out_channels,True,1,13,,
364,5,DG006,model.13.m.0.cv1.conv,model.13.m.0.m.0.cv1.conv,Conv2d,prune_in_channels,False,1,13,,
364,6,DG006,model.13.m.0.cv1.conv,<unresolved>,_ElementWiseOp,prune_out_channels,True,1,13,,
364,7,DG006,model.13.m.0.cv1.conv,<unresolved>,_ElementWiseOp,prune_out_channels,True,1,13,,
364,8,DG006,model.13.m.0.cv1.conv,model.13.m.0.m.1.cv1.conv,Conv2d,prune_in_channels,False,1,13,,
364,9,DG006,model.13.m.0.cv1.conv,<unresolved>,_ElementWiseOp,prune_out_channels,True,1,13,,
364,10,DG006,model.13.m.0.cv1.conv,<unresolved>,_ConcatOp,prune_out_channels,True,1,13,,
364,11,DG006,model.13.m.0.cv1.conv,model.13.m.0.cv3.conv,Conv2d,prune_in_channels,False,1,13,,
364,12,DG006,model.13.m.0.cv1.conv,model.13.m.0.m.1.cv2.bn,BatchNorm2d,prune_out_channels,True,1,13,,
364,13,DG006,model.13.m.0.cv1.conv,model.13.m.0.m.1.cv2.conv,Conv2d,prune_out_channels,True,1,13,21,20
364,14,DG006,model.13.m.0.cv1.conv,model.13.m.0.m.0.cv2.bn,BatchNorm2d,prune_out_channels,True,1,13,,
364,15,DG006,model.13.m.0.cv1.conv,model.13.m.0.m.0.cv2.conv,Conv2d,prune_out_channels,True,1,13,21,20
365,1,DG038,model.8.m.0.cv1.conv,model.8.m.0.cv1.conv,Conv2d,prune_out_channels,True,1,5,61,60
365,2,DG038,model.8.m.0.cv1.conv,model.8.m.0.cv1.bn,BatchNorm2d,prune_out_channels,True,1,5,,
365,3,DG038,model.8.m.0.cv1.conv,<unresolved>,_ElementWiseOp,prune_out_channels,True,1,5,,
365,4,DG038,model.8.m.0.cv1.conv,<unresolved>,_ElementWiseOp,prune_out_channels,True,1,5,,
365,5,DG038,model.8.m.0.cv1.conv,model.8.m.0.m.0.cv1.conv,Conv2d,prune_in_channels,False,1,5,,
365,6,DG038,model.8.m.0.cv1.conv,<unresolved>,_ElementWiseOp,prune_out_channels,True,1,5,,
365,7,DG038,model.8.m.0.cv1.conv,<unresolved>,_ElementWiseOp,prune_out_channels,True,1,5,,
365,8,DG038,model.8.m.0.cv1.conv,model.8.m.0.m.1.cv1.conv,Conv2d,prune_in_channels,False,1,5,,
365,9,DG038,model.8.m.0.cv1.conv,<unresolved>,_ElementWiseOp,prune_out_channels,True,1,5,,
365,10,DG038,model.8.m.0.cv1.conv,<unresolved>,_ConcatOp,prune_out_channels,True,1,5,,
365,11,DG038,model.8.m.0.cv1.conv,model.8.m.0.cv3.conv,Conv2d,prune_in_channels,False,1,5,,
365,12,DG038,model.8.m.0.cv1.conv,model.8.m.0.m.1.cv2.bn,BatchNorm2d,prune_out_channels,True,1,5,,
365,13,DG038,model.8.m.0.cv1.conv,model.8.m.0.m.1.cv2.conv,Conv2d,prune_out_channels,True,1,5,61,60
365,14,DG038,model.8.m.0.cv1.conv,model.8.m.0.m.0.cv2.bn,BatchNorm2d,prune_out_channels,True,1,5,,
365,15,DG038,model.8.m.0.cv1.conv,model.8.m.0.m.0.cv2.conv,Conv2d,prune_out_channels,True,1,5,61,60
366,1,DG004,model.10.m.0.ffn.0.conv,model.10.m.0.ffn.0.conv,Conv2d,prune_out_channels,True,1,194,203,202
366,2,DG004,model.10.m.0.ffn.0.conv,model.10.m.0.ffn.0.bn,BatchNorm2d,prune_out_channels,True,1,194,,
366,3,DG004,model.10.m.0.ffn.0.conv,<unresolved>,_ElementWiseOp,prune_out_channels,True,1,194,,
366,4,DG004,model.10.m.0.ffn.0.conv,model.10.m.0.ffn.1.conv,Conv2d,prune_in_channels,False,1,194,,
367,1,DG004,model.10.m.0.ffn.0.conv,model.10.m.0.ffn.0.conv,Conv2d,prune_out_channels,True,1,50,202,201
367,2,DG004,model.10.m.0.ffn.0.conv,model.10.m.0.ffn.0.bn,BatchNorm2d,prune_out_channels,True,1,50,,
367,3,DG004,model.10.m.0.ffn.0.conv,<unresolved>,_ElementWiseOp,prune_out_channels,True,1,50,,
367,4,DG004,model.10.m.0.ffn.0.conv,model.10.m.0.ffn.1.conv,Conv2d,prune_in_channels,False,1,50,,
368,1,DG004,model.10.m.0.ffn.0.conv,model.10.m.0.ffn.0.conv,Conv2d,prune_out_channels,True,1,154,201,200
368,2,DG004,model.10.m.0.ffn.0.conv,model.10.m.0.ffn.0.bn,BatchNorm2d,prune_out_channels,True,1,154,,
368,3,DG004,model.10.m.0.ffn.0.conv,<unresolved>,_ElementWiseOp,prune_out_channels,True,1,154,,
368,4,DG004,model.10.m.0.ffn.0.conv,model.10.m.0.ffn.1.conv,Conv2d,prune_in_channels,False,1,154,,
369,1,DG006,model.13.m.0.cv1.conv,model.13.m.0.cv1.conv,Conv2d,prune_out_channels,True,1,17,20,19
369,2,DG006,model.13.m.0.cv1.conv,model.13.m.0.cv1.bn,BatchNorm2d,prune_out_channels,True,1,17,,
369,3,DG006,model.13.m.0.cv1.conv,<unresolved>,_ElementWiseOp,prune_out_channels,True,1,17,,
369,4,DG006,model.13.m.0.cv1.conv,<unresolved>,_ElementWiseOp,prune_out_channels,True,1,17,,
369,5,DG006,model.13.m.0.cv1.conv,model.13.m.0.m.0.cv1.conv,Conv2d,prune_in_channels,False,1,17,,
369,6,DG006,model.13.m.0.cv1.conv,<unresolved>,_ElementWiseOp,prune_out_channels,True,1,17,,
369,7,DG006,model.13.m.0.cv1.conv,<unresolved>,_ElementWiseOp,prune_out_channels,True,1,17,,
369,8,DG006,model.13.m.0.cv1.conv,model.13.m.0.m.1.cv1.conv,Conv2d,prune_in_channels,False,1,17,,
369,9,DG006,model.13.m.0.cv1.conv,<unresolved>,_ElementWiseOp,prune_out_channels,True,1,17,,
369,10,DG006,model.13.m.0.cv1.conv,<unresolved>,_ConcatOp,prune_out_channels,True,1,17,,
369,11,DG006,model.13.m.0.cv1.conv,model.13.m.0.cv3.conv,Conv2d,prune_in_channels,False,1,17,,
369,12,DG006,model.13.m.0.cv1.conv,model.13.m.0.m.1.cv2.bn,BatchNorm2d,prune_out_channels,True,1,17,,
369,13,DG006,model.13.m.0.cv1.conv,model.13.m.0.m.1.cv2.conv,Conv2d,prune_out_channels,True,1,17,20,19
369,14,DG006,model.13.m.0.cv1.conv,model.13.m.0.m.0.cv2.bn,BatchNorm2d,prune_out_channels,True,1,17,,
369,15,DG006,model.13.m.0.cv1.conv,model.13.m.0.m.0.cv2.conv,Conv2d,prune_out_channels,True,1,17,20,19
370,1,DG004,model.10.m.0.ffn.0.conv,model.10.m.0.ffn.0.conv,Conv2d,prune_out_channels,True,1,26,200,199
370,2,DG004,model.10.m.0.ffn.0.conv,model.10.m.0.ffn.0.bn,BatchNorm2d,prune_out_channels,True,1,26,,
370,3,DG004,model.10.m.0.ffn.0.conv,<unresolved>,_ElementWiseOp,prune_out_channels,True,1,26,,
370,4,DG004,model.10.m.0.ffn.0.conv,model.10.m.0.ffn.1.conv,Conv2d,prune_in_channels,False,1,26,,
371,1,DG034,model.6.m.0.m.0.cv1.conv,model.6.m.0.m.0.cv1.conv,Conv2d,prune_out_channels,True,1,16,27,26
371,2,DG034,model.6.m.0.m.0.cv1.conv,model.6.m.0.m.0.cv1.bn,BatchNorm2d,prune_out_channels,True,1,16,,
371,3,DG034,model.6.m.0.m.0.cv1.conv,<unresolved>,_ElementWiseOp,prune_out_channels,True,1,16,,
371,4,DG034,model.6.m.0.m.0.cv1.conv,model.6.m.0.m.0.cv2.conv,Conv2d,prune_in_channels,False,1,16,,
372,1,DG004,model.10.m.0.ffn.0.conv,model.10.m.0.ffn.0.conv,Conv2d,prune_out_channels,True,1,5,199,198
372,2,DG004,model.10.m.0.ffn.0.conv,model.10.m.0.ffn.0.bn,BatchNorm2d,prune_out_channels,True,1,5,,
372,3,DG004,model.10.m.0.ffn.0.conv,<unresolved>,_ElementWiseOp,prune_out_channels,True,1,5,,
372,4,DG004,model.10.m.0.ffn.0.conv,model.10.m.0.ffn.1.conv,Conv2d,prune_in_channels,False,1,5,,
373,1,DG004,model.10.m.0.ffn.0.conv,model.10.m.0.ffn.0.conv,Conv2d,prune_out_channels,True,1,125,198,197
373,2,DG004,model.10.m.0.ffn.0.conv,model.10.m.0.ffn.0.bn,BatchNorm2d,prune_out_channels,True,1,125,,
373,3,DG004,model.10.m.0.ffn.0.conv,<unresolved>,_ElementWiseOp,prune_out_channels,True,1,125,,
373,4,DG004,model.10.m.0.ffn.0.conv,model.10.m.0.ffn.1.conv,Conv2d,prune_in_channels,False,1,125,,
374,1,DG039,model.8.m.0.cv2.conv,model.8.m.0.cv2.conv,Conv2d,prune_out_channels,True,1,37,64,63
374,2,DG039,model.8.m.0.cv2.conv,model.8.m.0.cv2.bn,BatchNorm2d,prune_out_channels,True,1,37,,
374,3,DG039,model.8.m.0.cv2.conv,<unresolved>,_ElementWiseOp,prune_out_channels,True,1,37,,
374,4,DG039,model.8.m.0.cv2.conv,<unresolved>,_ConcatOp,prune_out_channels,True,1,97,,
374,5,DG039,model.8.m.0.cv2.conv,model.8.m.0.cv3.conv,Conv2d,prune_in_channels,False,1,97,,
375,1,DG004,model.10.m.0.ffn.0.conv,model.10.m.0.ffn.0.conv,Conv2d,prune_out_channels,True,1,44,197,196
375,2,DG004,model.10.m.0.ffn.0.conv,model.10.m.0.ffn.0.bn,BatchNorm2d,prune_out_channels,True,1,44,,
375,3,DG004,model.10.m.0.ffn.0.conv,<unresolved>,_ElementWiseOp,prune_out_channels,True,1,44,,
375,4,DG004,model.10.m.0.ffn.0.conv,model.10.m.0.ffn.1.conv,Conv2d,prune_in_channels,False,1,44,,
376,1,DG004,model.10.m.0.ffn.0.conv,model.10.m.0.ffn.0.conv,Conv2d,prune_out_channels,True,1,69,196,195
376,2,DG004,model.10.m.0.ffn.0.conv,model.10.m.0.ffn.0.bn,BatchNorm2d,prune_out_channels,True,1,69,,
376,3,DG004,model.10.m.0.ffn.0.conv,<unresolved>,_ElementWiseOp,prune_out_channels,True,1,69,,
376,4,DG004,model.10.m.0.ffn.0.conv,model.10.m.0.ffn.1.conv,Conv2d,prune_in_channels,False,1,69,,
377,1,DG004,model.10.m.0.ffn.0.conv,model.10.m.0.ffn.0.conv,Conv2d,prune_out_channels,True,1,15,195,194
377,2,DG004,model.10.m.0.ffn.0.conv,model.10.m.0.ffn.0.bn,BatchNorm2d,prune_out_channels,True,1,15,,
377,3,DG004,model.10.m.0.ffn.0.conv,<unresolved>,_ElementWiseOp,prune_out_channels,True,1,15,,
377,4,DG004,model.10.m.0.ffn.0.conv,model.10.m.0.ffn.1.conv,Conv2d,prune_in_channels,False,1,15,,
378,1,DG035,model.6.m.0.m.1.cv1.conv,model.6.m.0.m.1.cv1.conv,Conv2d,prune_out_channels,True,1,22,32,31
378,2,DG035,model.6.m.0.m.1.cv1.conv,model.6.m.0.m.1.cv1.bn,BatchNorm2d,prune_out_channels,True,1,22,,
378,3,DG035,model.6.m.0.m.1.cv1.conv,<unresolved>,_ElementWiseOp,prune_out_channels,True,1,22,,
378,4,DG035,model.6.m.0.m.1.cv1.conv,model.6.m.0.m.1.cv2.conv,Conv2d,prune_in_channels,False,1,22,,
379,1,DG020,model.19.m.0.m.1.cv1.conv,model.19.m.0.m.1.cv1.conv,Conv2d,prune_out_channels,True,1,10,22,21
379,2,DG020,model.19.m.0.m.1.cv1.conv,model.19.m.0.m.1.cv1.bn,BatchNorm2d,prune_out_channels,True,1,10,,
379,3,DG020,model.19.m.0.m.1.cv1.conv,<unresolved>,_ElementWiseOp,prune_out_channels,True,1,10,,
379,4,DG020,model.19.m.0.m.1.cv1.conv,model.19.m.0.m.1.cv2.conv,Conv2d,prune_in_channels,False,1,10,,
380,1,DG038,model.8.m.0.cv1.conv,model.8.m.0.cv1.conv,Conv2d,prune_out_channels,True,1,44,60,59
380,2,DG038,model.8.m.0.cv1.conv,model.8.m.0.cv1.bn,BatchNorm2d,prune_out_channels,True,1,44,,
380,3,DG038,model.8.m.0.cv1.conv,<unresolved>,_ElementWiseOp,prune_out_channels,True,1,44,,
380,4,DG038,model.8.m.0.cv1.conv,<unresolved>,_ElementWiseOp,prune_out_channels,True,1,44,,
380,5,DG038,model.8.m.0.cv1.conv,model.8.m.0.m.0.cv1.conv,Conv2d,prune_in_channels,False,1,44,,
380,6,DG038,model.8.m.0.cv1.conv,<unresolved>,_ElementWiseOp,prune_out_channels,True,1,44,,
380,7,DG038,model.8.m.0.cv1.conv,<unresolved>,_ElementWiseOp,prune_out_channels,True,1,44,,
380,8,DG038,model.8.m.0.cv1.conv,model.8.m.0.m.1.cv1.conv,Conv2d,prune_in_channels,False,1,44,,
380,9,DG038,model.8.m.0.cv1.conv,<unresolved>,_ElementWiseOp,prune_out_channels,True,1,44,,
380,10,DG038,model.8.m.0.cv1.conv,<unresolved>,_ConcatOp,prune_out_channels,True,1,44,,
380,11,DG038,model.8.m.0.cv1.conv,model.8.m.0.cv3.conv,Conv2d,prune_in_channels,False,1,44,,
380,12,DG038,model.8.m.0.cv1.conv,model.8.m.0.m.1.cv2.bn,BatchNorm2d,prune_out_channels,True,1,44,,
380,13,DG038,model.8.m.0.cv1.conv,model.8.m.0.m.1.cv2.conv,Conv2d,prune_out_channels,True,1,44,60,59
380,14,DG038,model.8.m.0.cv1.conv,model.8.m.0.m.0.cv2.bn,BatchNorm2d,prune_out_channels,True,1,44,,
380,15,DG038,model.8.m.0.cv1.conv,model.8.m.0.m.0.cv2.conv,Conv2d,prune_out_channels,True,1,44,60,59
381,1,DG004,model.10.m.0.ffn.0.conv,model.10.m.0.ffn.0.conv,Conv2d,prune_out_channels,True,1,123,194,193
381,2,DG004,model.10.m.0.ffn.0.conv,model.10.m.0.ffn.0.bn,BatchNorm2d,prune_out_channels,True,1,123,,
381,3,DG004,model.10.m.0.ffn.0.conv,<unresolved>,_ElementWiseOp,prune_out_channels,True,1,123,,
381,4,DG004,model.10.m.0.ffn.0.conv,model.10.m.0.ffn.1.conv,Conv2d,prune_in_channels,False,1,123,,
382,1,DG004,model.10.m.0.ffn.0.conv,model.10.m.0.ffn.0.conv,Conv2d,prune_out_channels,True,1,138,193,192
382,2,DG004,model.10.m.0.ffn.0.conv,model.10.m.0.ffn.0.bn,BatchNorm2d,prune_out_channels,True,1,138,,
382,3,DG004,model.10.m.0.ffn.0.conv,<unresolved>,_ElementWiseOp,prune_out_channels,True,1,138,,
382,4,DG004,model.10.m.0.ffn.0.conv,model.10.m.0.ffn.1.conv,Conv2d,prune_in_channels,False,1,138,,
383,1,DG004,model.10.m.0.ffn.0.conv,model.10.m.0.ffn.0.conv,Conv2d,prune_out_channels,True,1,93,192,191
383,2,DG004,model.10.m.0.ffn.0.conv,model.10.m.0.ffn.0.bn,BatchNorm2d,prune_out_channels,True,1,93,,
383,3,DG004,model.10.m.0.ffn.0.conv,<unresolved>,_ElementWiseOp,prune_out_channels,True,1,93,,
383,4,DG004,model.10.m.0.ffn.0.conv,model.10.m.0.ffn.1.conv,Conv2d,prune_in_channels,False,1,93,,
384,1,DG020,model.19.m.0.m.1.cv1.conv,model.19.m.0.m.1.cv1.conv,Conv2d,prune_out_channels,True,1,18,21,20
384,2,DG020,model.19.m.0.m.1.cv1.conv,model.19.m.0.m.1.cv1.bn,BatchNorm2d,prune_out_channels,True,1,18,,
384,3,DG020,model.19.m.0.m.1.cv1.conv,<unresolved>,_ElementWiseOp,prune_out_channels,True,1,18,,
384,4,DG020,model.19.m.0.m.1.cv1.conv,model.19.m.0.m.1.cv2.conv,Conv2d,prune_in_channels,False,1,18,,
385,1,DG020,model.19.m.0.m.1.cv1.conv,model.19.m.0.m.1.cv1.conv,Conv2d,prune_out_channels,True,1,12,20,19
385,2,DG020,model.19.m.0.m.1.cv1.conv,model.19.m.0.m.1.cv1.bn,BatchNorm2d,prune_out_channels,True,1,12,,
385,3,DG020,model.19.m.0.m.1.cv1.conv,<unresolved>,_ElementWiseOp,prune_out_channels,True,1,12,,
385,4,DG020,model.19.m.0.m.1.cv1.conv,model.19.m.0.m.1.cv2.conv,Conv2d,prune_in_channels,False,1,12,,
386,1,DG038,model.8.m.0.cv1.conv,model.8.m.0.cv1.conv,Conv2d,prune_out_channels,True,1,55,59,58
386,2,DG038,model.8.m.0.cv1.conv,model.8.m.0.cv1.bn,BatchNorm2d,prune_out_channels,True,1,55,,
386,3,DG038,model.8.m.0.cv1.conv,<unresolved>,_ElementWiseOp,prune_out_channels,True,1,55,,
386,4,DG038,model.8.m.0.cv1.conv,<unresolved>,_ElementWiseOp,prune_out_channels,True,1,55,,
386,5,DG038,model.8.m.0.cv1.conv,model.8.m.0.m.0.cv1.conv,Conv2d,prune_in_channels,False,1,55,,
386,6,DG038,model.8.m.0.cv1.conv,<unresolved>,_ElementWiseOp,prune_out_channels,True,1,55,,
386,7,DG038,model.8.m.0.cv1.conv,<unresolved>,_ElementWiseOp,prune_out_channels,True,1,55,,
386,8,DG038,model.8.m.0.cv1.conv,model.8.m.0.m.1.cv1.conv,Conv2d,prune_in_channels,False,1,55,,
386,9,DG038,model.8.m.0.cv1.conv,<unresolved>,_ElementWiseOp,prune_out_channels,True,1,55,,
386,10,DG038,model.8.m.0.cv1.conv,<unresolved>,_ConcatOp,prune_out_channels,True,1,55,,
386,11,DG038,model.8.m.0.cv1.conv,model.8.m.0.cv3.conv,Conv2d,prune_in_channels,False,1,55,,
386,12,DG038,model.8.m.0.cv1.conv,model.8.m.0.m.1.cv2.bn,BatchNorm2d,prune_out_channels,True,1,55,,
386,13,DG038,model.8.m.0.cv1.conv,model.8.m.0.m.1.cv2.conv,Conv2d,prune_out_channels,True,1,55,59,58
386,14,DG038,model.8.m.0.cv1.conv,model.8.m.0.m.0.cv2.bn,BatchNorm2d,prune_out_channels,True,1,55,,
386,15,DG038,model.8.m.0.cv1.conv,model.8.m.0.m.0.cv2.conv,Conv2d,prune_out_channels,True,1,55,59,58
387,1,DG020,model.19.m.0.m.1.cv1.conv,model.19.m.0.m.1.cv1.conv,Conv2d,prune_out_channels,True,1,10,19,18
387,2,DG020,model.19.m.0.m.1.cv1.conv,model.19.m.0.m.1.cv1.bn,BatchNorm2d,prune_out_channels,True,1,10,,
387,3,DG020,model.19.m.0.m.1.cv1.conv,<unresolved>,_ElementWiseOp,prune_out_channels,True,1,10,,
387,4,DG020,model.19.m.0.m.1.cv1.conv,model.19.m.0.m.1.cv2.conv,Conv2d,prune_in_channels,False,1,10,,
388,1,DG020,model.19.m.0.m.1.cv1.conv,model.19.m.0.m.1.cv1.conv,Conv2d,prune_out_channels,True,1,9,18,17
388,2,DG020,model.19.m.0.m.1.cv1.conv,model.19.m.0.m.1.cv1.bn,BatchNorm2d,prune_out_channels,True,1,9,,
388,3,DG020,model.19.m.0.m.1.cv1.conv,<unresolved>,_ElementWiseOp,prune_out_channels,True,1,9,,
388,4,DG020,model.19.m.0.m.1.cv1.conv,model.19.m.0.m.1.cv2.conv,Conv2d,prune_in_channels,False,1,9,,
389,1,DG035,model.6.m.0.m.1.cv1.conv,model.6.m.0.m.1.cv1.conv,Conv2d,prune_out_channels,True,1,28,31,30
389,2,DG035,model.6.m.0.m.1.cv1.conv,model.6.m.0.m.1.cv1.bn,BatchNorm2d,prune_out_channels,True,1,28,,
389,3,DG035,model.6.m.0.m.1.cv1.conv,<unresolved>,_ElementWiseOp,prune_out_channels,True,1,28,,
389,4,DG035,model.6.m.0.m.1.cv1.conv,model.6.m.0.m.1.cv2.conv,Conv2d,prune_in_channels,False,1,28,,
390,1,DG004,model.10.m.0.ffn.0.conv,model.10.m.0.ffn.0.conv,Conv2d,prune_out_channels,True,1,163,191,190
390,2,DG004,model.10.m.0.ffn.0.conv,model.10.m.0.ffn.0.bn,BatchNorm2d,prune_out_channels,True,1,163,,
390,3,DG004,model.10.m.0.ffn.0.conv,<unresolved>,_ElementWiseOp,prune_out_channels,True,1,163,,
390,4,DG004,model.10.m.0.ffn.0.conv,model.10.m.0.ffn.1.conv,Conv2d,prune_in_channels,False,1,163,,
391,1,DG001,model.0.conv,model.0.conv,Conv2d,prune_out_channels,True,1,11,12,11
391,2,DG001,model.0.conv,model.0.bn,BatchNorm2d,prune_out_channels,True,1,11,,
391,3,DG001,model.0.conv,<unresolved>,_ElementWiseOp,prune_out_channels,True,1,11,,
391,4,DG001,model.0.conv,model.1.conv,Conv2d,prune_in_channels,False,1,11,,
392,1,DG002,model.1.conv,model.1.conv,Conv2d,prune_out_channels,True,1,12,32,31
392,2,DG002,model.1.conv,model.1.bn,BatchNorm2d,prune_out_channels,True,1,12,,
392,3,DG002,model.1.conv,<unresolved>,_ElementWiseOp,prune_out_channels,True,1,12,,
392,4,DG002,model.1.conv,model.2.cv1.conv,Conv2d,prune_in_channels,False,1,12,,
393,1,DG006,model.13.m.0.cv1.conv,model.13.m.0.cv1.conv,Conv2d,prune_out_channels,True,1,12,19,18
393,2,DG006,model.13.m.0.cv1.conv,model.13.m.0.cv1.bn,BatchNorm2d,prune_out_channels,True,1,12,,
393,3,DG006,model.13.m.0.cv1.conv,<unresolved>,_ElementWiseOp,prune_out_channels,True,1,12,,
393,4,DG006,model.13.m.0.cv1.conv,<unresolved>,_ElementWiseOp,prune_out_channels,True,1,12,,
393,5,DG006,model.13.m.0.cv1.conv,model.13.m.0.m.0.cv1.conv,Conv2d,prune_in_channels,False,1,12,,
393,6,DG006,model.13.m.0.cv1.conv,<unresolved>,_ElementWiseOp,prune_out_channels,True,1,12,,
393,7,DG006,model.13.m.0.cv1.conv,<unresolved>,_ElementWiseOp,prune_out_channels,True,1,12,,
393,8,DG006,model.13.m.0.cv1.conv,model.13.m.0.m.1.cv1.conv,Conv2d,prune_in_channels,False,1,12,,
393,9,DG006,model.13.m.0.cv1.conv,<unresolved>,_ElementWiseOp,prune_out_channels,True,1,12,,
393,10,DG006,model.13.m.0.cv1.conv,<unresolved>,_ConcatOp,prune_out_channels,True,1,12,,
393,11,DG006,model.13.m.0.cv1.conv,model.13.m.0.cv3.conv,Conv2d,prune_in_channels,False,1,12,,
393,12,DG006,model.13.m.0.cv1.conv,model.13.m.0.m.1.cv2.bn,BatchNorm2d,prune_out_channels,True,1,12,,
393,13,DG006,model.13.m.0.cv1.conv,model.13.m.0.m.1.cv2.conv,Conv2d,prune_out_channels,True,1,12,19,18
393,14,DG006,model.13.m.0.cv1.conv,model.13.m.0.m.0.cv2.bn,BatchNorm2d,prune_out_channels,True,1,12,,
393,15,DG006,model.13.m.0.cv1.conv,model.13.m.0.m.0.cv2.conv,Conv2d,prune_out_channels,True,1,12,19,18
394,1,DG004,model.10.m.0.ffn.0.conv,model.10.m.0.ffn.0.conv,Conv2d,prune_out_channels,True,1,133,190,189
394,2,DG004,model.10.m.0.ffn.0.conv,model.10.m.0.ffn.0.bn,BatchNorm2d,prune_out_channels,True,1,133,,
394,3,DG004,model.10.m.0.ffn.0.conv,<unresolved>,_ElementWiseOp,prune_out_channels,True,1,133,,
394,4,DG004,model.10.m.0.ffn.0.conv,model.10.m.0.ffn.1.conv,Conv2d,prune_in_channels,False,1,133,,
395,1,DG006,model.13.m.0.cv1.conv,model.13.m.0.cv1.conv,Conv2d,prune_out_channels,True,1,16,18,17
395,2,DG006,model.13.m.0.cv1.conv,model.13.m.0.cv1.bn,BatchNorm2d,prune_out_channels,True,1,16,,
395,3,DG006,model.13.m.0.cv1.conv,<unresolved>,_ElementWiseOp,prune_out_channels,True,1,16,,
395,4,DG006,model.13.m.0.cv1.conv,<unresolved>,_ElementWiseOp,prune_out_channels,True,1,16,,
395,5,DG006,model.13.m.0.cv1.conv,model.13.m.0.m.0.cv1.conv,Conv2d,prune_in_channels,False,1,16,,
395,6,DG006,model.13.m.0.cv1.conv,<unresolved>,_ElementWiseOp,prune_out_channels,True,1,16,,
395,7,DG006,model.13.m.0.cv1.conv,<unresolved>,_ElementWiseOp,prune_out_channels,True,1,16,,
395,8,DG006,model.13.m.0.cv1.conv,model.13.m.0.m.1.cv1.conv,Conv2d,prune_in_channels,False,1,16,,
395,9,DG006,model.13.m.0.cv1.conv,<unresolved>,_ElementWiseOp,prune_out_channels,True,1,16,,
395,10,DG006,model.13.m.0.cv1.conv,<unresolved>,_ConcatOp,prune_out_channels,True,1,16,,
395,11,DG006,model.13.m.0.cv1.conv,model.13.m.0.cv3.conv,Conv2d,prune_in_channels,False,1,16,,
395,12,DG006,model.13.m.0.cv1.conv,model.13.m.0.m.1.cv2.bn,BatchNorm2d,prune_out_channels,True,1,16,,
395,13,DG006,model.13.m.0.cv1.conv,model.13.m.0.m.1.cv2.conv,Conv2d,prune_out_channels,True,1,16,18,17
395,14,DG006,model.13.m.0.cv1.conv,model.13.m.0.m.0.cv2.bn,BatchNorm2d,prune_out_channels,True,1,16,,
395,15,DG006,model.13.m.0.cv1.conv,model.13.m.0.m.0.cv2.conv,Conv2d,prune_out_channels,True,1,16,18,17
396,1,DG008,model.13.m.0.m.0.cv1.conv,model.13.m.0.m.0.cv1.conv,Conv2d,prune_out_channels,True,1,13,32,31
396,2,DG008,model.13.m.0.m.0.cv1.conv,model.13.m.0.m.0.cv1.bn,BatchNorm2d,prune_out_channels,True,1,13,,
396,3,DG008,model.13.m.0.m.0.cv1.conv,<unresolved>,_ElementWiseOp,prune_out_channels,True,1,13,,
396,4,DG008,model.13.m.0.m.0.cv1.conv,model.13.m.0.m.0.cv2.conv,Conv2d,prune_in_channels,False,1,13,,
397,1,DG004,model.10.m.0.ffn.0.conv,model.10.m.0.ffn.0.conv,Conv2d,prune_out_channels,True,1,105,189,188
397,2,DG004,model.10.m.0.ffn.0.conv,model.10.m.0.ffn.0.bn,BatchNorm2d,prune_out_channels,True,1,105,,
397,3,DG004,model.10.m.0.ffn.0.conv,<unresolved>,_ElementWiseOp,prune_out_channels,True,1,105,,
397,4,DG004,model.10.m.0.ffn.0.conv,model.10.m.0.ffn.1.conv,Conv2d,prune_in_channels,False,1,105,,
398,1,DG004,model.10.m.0.ffn.0.conv,model.10.m.0.ffn.0.conv,Conv2d,prune_out_channels,True,1,61,188,187
398,2,DG004,model.10.m.0.ffn.0.conv,model.10.m.0.ffn.0.bn,BatchNorm2d,prune_out_channels,True,1,61,,
398,3,DG004,model.10.m.0.ffn.0.conv,<unresolved>,_ElementWiseOp,prune_out_channels,True,1,61,,
398,4,DG004,model.10.m.0.ffn.0.conv,model.10.m.0.ffn.1.conv,Conv2d,prune_in_channels,False,1,61,,
399,1,DG019,model.19.m.0.m.0.cv1.conv,model.19.m.0.m.0.cv1.conv,Conv2d,prune_out_channels,True,1,11,27,26
399,2,DG019,model.19.m.0.m.0.cv1.conv,model.19.m.0.m.0.cv1.bn,BatchNorm2d,prune_out_channels,True,1,11,,
399,3,DG019,model.19.m.0.m.0.cv1.conv,<unresolved>,_ElementWiseOp,prune_out_channels,True,1,11,,
399,4,DG019,model.19.m.0.m.0.cv1.conv,model.19.m.0.m.0.cv2.conv,Conv2d,prune_in_channels,False,1,11,,
400,1,DG004,model.10.m.0.ffn.0.conv,model.10.m.0.ffn.0.conv,Conv2d,prune_out_channels,True,1,92,187,186
400,2,DG004,model.10.m.0.ffn.0.conv,model.10.m.0.ffn.0.bn,BatchNorm2d,prune_out_channels,True,1,92,,
400,3,DG004,model.10.m.0.ffn.0.conv,<unresolved>,_ElementWiseOp,prune_out_channels,True,1,92,,
400,4,DG004,model.10.m.0.ffn.0.conv,model.10.m.0.ffn.1.conv,Conv2d,prune_in_channels,False,1,92,,
401,1,DG004,model.10.m.0.ffn.0.conv,model.10.m.0.ffn.0.conv,Conv2d,prune_out_channels,True,1,130,186,185
401,2,DG004,model.10.m.0.ffn.0.conv,model.10.m.0.ffn.0.bn,BatchNorm2d,prune_out_channels,True,1,130,,
401,3,DG004,model.10.m.0.ffn.0.conv,<unresolved>,_ElementWiseOp,prune_out_channels,True,1,130,,
401,4,DG004,model.10.m.0.ffn.0.conv,model.10.m.0.ffn.1.conv,Conv2d,prune_in_channels,False,1,130,,
402,1,DG006,model.13.m.0.cv1.conv,model.13.m.0.cv1.conv,Conv2d,prune_out_channels,True,1,6,17,16
402,2,DG006,model.13.m.0.cv1.conv,model.13.m.0.cv1.bn,BatchNorm2d,prune_out_channels,True,1,6,,
402,3,DG006,model.13.m.0.cv1.conv,<unresolved>,_ElementWiseOp,prune_out_channels,True,1,6,,
402,4,DG006,model.13.m.0.cv1.conv,<unresolved>,_ElementWiseOp,prune_out_channels,True,1,6,,
402,5,DG006,model.13.m.0.cv1.conv,model.13.m.0.m.0.cv1.conv,Conv2d,prune_in_channels,False,1,6,,
402,6,DG006,model.13.m.0.cv1.conv,<unresolved>,_ElementWiseOp,prune_out_channels,True,1,6,,
402,7,DG006,model.13.m.0.cv1.conv,<unresolved>,_ElementWiseOp,prune_out_channels,True,1,6,,
402,8,DG006,model.13.m.0.cv1.conv,model.13.m.0.m.1.cv1.conv,Conv2d,prune_in_channels,False,1,6,,
402,9,DG006,model.13.m.0.cv1.conv,<unresolved>,_ElementWiseOp,prune_out_channels,True,1,6,,
402,10,DG006,model.13.m.0.cv1.conv,<unresolved>,_ConcatOp,prune_out_channels,True,1,6,,
402,11,DG006,model.13.m.0.cv1.conv,model.13.m.0.cv3.conv,Conv2d,prune_in_channels,False,1,6,,
402,12,DG006,model.13.m.0.cv1.conv,model.13.m.0.m.1.cv2.bn,BatchNorm2d,prune_out_channels,True,1,6,,
402,13,DG006,model.13.m.0.cv1.conv,model.13.m.0.m.1.cv2.conv,Conv2d,prune_out_channels,True,1,6,17,16
402,14,DG006,model.13.m.0.cv1.conv,model.13.m.0.m.0.cv2.bn,BatchNorm2d,prune_out_channels,True,1,6,,
402,15,DG006,model.13.m.0.cv1.conv,model.13.m.0.m.0.cv2.conv,Conv2d,prune_out_channels,True,1,6,17,16
403,1,DG009,model.13.m.0.m.1.cv1.conv,model.13.m.0.m.1.cv1.conv,Conv2d,prune_out_channels,True,1,21,32,31
403,2,DG009,model.13.m.0.m.1.cv1.conv,model.13.m.0.m.1.cv1.bn,BatchNorm2d,prune_out_channels,True,1,21,,
403,3,DG009,model.13.m.0.m.1.cv1.conv,<unresolved>,_ElementWiseOp,prune_out_channels,True,1,21,,
403,4,DG009,model.13.m.0.m.1.cv1.conv,model.13.m.0.m.1.cv2.conv,Conv2d,prune_in_channels,False,1,21,,
404,1,DG004,model.10.m.0.ffn.0.conv,model.10.m.0.ffn.0.conv,Conv2d,prune_out_channels,True,1,159,185,184
404,2,DG004,model.10.m.0.ffn.0.conv,model.10.m.0.ffn.0.bn,BatchNorm2d,prune_out_channels,True,1,159,,
404,3,DG004,model.10.m.0.ffn.0.conv,<unresolved>,_ElementWiseOp,prune_out_channels,True,1,159,,
404,4,DG004,model.10.m.0.ffn.0.conv,model.10.m.0.ffn.1.conv,Conv2d,prune_in_channels,False,1,159,,
405,1,DG004,model.10.m.0.ffn.0.conv,model.10.m.0.ffn.0.conv,Conv2d,prune_out_channels,True,1,91,184,183
405,2,DG004,model.10.m.0.ffn.0.conv,model.10.m.0.ffn.0.bn,BatchNorm2d,prune_out_channels,True,1,91,,
405,3,DG004,model.10.m.0.ffn.0.conv,<unresolved>,_ElementWiseOp,prune_out_channels,True,1,91,,
405,4,DG004,model.10.m.0.ffn.0.conv,model.10.m.0.ffn.1.conv,Conv2d,prune_in_channels,False,1,91,,
406,1,DG004,model.10.m.0.ffn.0.conv,model.10.m.0.ffn.0.conv,Conv2d,prune_out_channels,True,1,162,183,182
406,2,DG004,model.10.m.0.ffn.0.conv,model.10.m.0.ffn.0.bn,BatchNorm2d,prune_out_channels,True,1,162,,
406,3,DG004,model.10.m.0.ffn.0.conv,<unresolved>,_ElementWiseOp,prune_out_channels,True,1,162,,
406,4,DG004,model.10.m.0.ffn.0.conv,model.10.m.0.ffn.1.conv,Conv2d,prune_in_channels,False,1,162,,
407,1,DG004,model.10.m.0.ffn.0.conv,model.10.m.0.ffn.0.conv,Conv2d,prune_out_channels,True,1,95,182,181
407,2,DG004,model.10.m.0.ffn.0.conv,model.10.m.0.ffn.0.bn,BatchNorm2d,prune_out_channels,True,1,95,,
407,3,DG004,model.10.m.0.ffn.0.conv,<unresolved>,_ElementWiseOp,prune_out_channels,True,1,95,,
407,4,DG004,model.10.m.0.ffn.0.conv,model.10.m.0.ffn.1.conv,Conv2d,prune_in_channels,False,1,95,,
408,1,DG004,model.10.m.0.ffn.0.conv,model.10.m.0.ffn.0.conv,Conv2d,prune_out_channels,True,1,43,181,180
408,2,DG004,model.10.m.0.ffn.0.conv,model.10.m.0.ffn.0.bn,BatchNorm2d,prune_out_channels,True,1,43,,
408,3,DG004,model.10.m.0.ffn.0.conv,<unresolved>,_ElementWiseOp,prune_out_channels,True,1,43,,
408,4,DG004,model.10.m.0.ffn.0.conv,model.10.m.0.ffn.1.conv,Conv2d,prune_in_channels,False,1,43,,
409,1,DG004,model.10.m.0.ffn.0.conv,model.10.m.0.ffn.0.conv,Conv2d,prune_out_channels,True,1,8,180,179
409,2,DG004,model.10.m.0.ffn.0.conv,model.10.m.0.ffn.0.bn,BatchNorm2d,prune_out_channels,True,1,8,,
409,3,DG004,model.10.m.0.ffn.0.conv,<unresolved>,_ElementWiseOp,prune_out_channels,True,1,8,,
409,4,DG004,model.10.m.0.ffn.0.conv,model.10.m.0.ffn.1.conv,Conv2d,prune_in_channels,False,1,8,,
410,1,DG004,model.10.m.0.ffn.0.conv,model.10.m.0.ffn.0.conv,Conv2d,prune_out_channels,True,1,5,179,178
410,2,DG004,model.10.m.0.ffn.0.conv,model.10.m.0.ffn.0.bn,BatchNorm2d,prune_out_channels,True,1,5,,
410,3,DG004,model.10.m.0.ffn.0.conv,<unresolved>,_ElementWiseOp,prune_out_channels,True,1,5,,
410,4,DG004,model.10.m.0.ffn.0.conv,model.10.m.0.ffn.1.conv,Conv2d,prune_in_channels,False,1,5,,
411,1,DG004,model.10.m.0.ffn.0.conv,model.10.m.0.ffn.0.conv,Conv2d,prune_out_channels,True,1,143,178,177
411,2,DG004,model.10.m.0.ffn.0.conv,model.10.m.0.ffn.0.bn,BatchNorm2d,prune_out_channels,True,1,143,,
411,3,DG004,model.10.m.0.ffn.0.conv,<unresolved>,_ElementWiseOp,prune_out_channels,True,1,143,,
411,4,DG004,model.10.m.0.ffn.0.conv,model.10.m.0.ffn.1.conv,Conv2d,prune_in_channels,False,1,143,,
412,1,DG004,model.10.m.0.ffn.0.conv,model.10.m.0.ffn.0.conv,Conv2d,prune_out_channels,True,1,158,177,176
412,2,DG004,model.10.m.0.ffn.0.conv,model.10.m.0.ffn.0.bn,BatchNorm2d,prune_out_channels,True,1,158,,
412,3,DG004,model.10.m.0.ffn.0.conv,<unresolved>,_ElementWiseOp,prune_out_channels,True,1,158,,
412,4,DG004,model.10.m.0.ffn.0.conv,model.10.m.0.ffn.1.conv,Conv2d,prune_in_channels,False,1,158,,
413,1,DG001,model.0.conv,model.0.conv,Conv2d,prune_out_channels,True,1,1,11,10
413,2,DG001,model.0.conv,model.0.bn,BatchNorm2d,prune_out_channels,True,1,1,,
413,3,DG001,model.0.conv,<unresolved>,_ElementWiseOp,prune_out_channels,True,1,1,,
413,4,DG001,model.0.conv,model.1.conv,Conv2d,prune_in_channels,False,1,1,,
414,1,DG002,model.1.conv,model.1.conv,Conv2d,prune_out_channels,True,1,8,31,30
414,2,DG002,model.1.conv,model.1.bn,BatchNorm2d,prune_out_channels,True,1,8,,
414,3,DG002,model.1.conv,<unresolved>,_ElementWiseOp,prune_out_channels,True,1,8,,
414,4,DG002,model.1.conv,model.2.cv1.conv,Conv2d,prune_in_channels,False,1,8,,
415,1,DG002,model.1.conv,model.1.conv,Conv2d,prune_out_channels,True,1,29,30,29
415,2,DG002,model.1.conv,model.1.bn,BatchNorm2d,prune_out_channels,True,1,29,,
415,3,DG002,model.1.conv,<unresolved>,_ElementWiseOp,prune_out_channels,True,1,29,,
415,4,DG002,model.1.conv,model.2.cv1.conv,Conv2d,prune_in_channels,False,1,29,,
416,1,DG002,model.1.conv,model.1.conv,Conv2d,prune_out_channels,True,1,21,29,28
416,2,DG002,model.1.conv,model.1.bn,BatchNorm2d,prune_out_channels,True,1,21,,
416,3,DG002,model.1.conv,<unresolved>,_ElementWiseOp,prune_out_channels,True,1,21,,
416,4,DG002,model.1.conv,model.2.cv1.conv,Conv2d,prune_in_channels,False,1,21,,
417,1,DG042,model.9.cv1.conv,model.9.cv1.conv,Conv2d,prune_out_channels,True,1,93,128,127
417,2,DG042,model.9.cv1.conv,model.9.cv1.bn,BatchNorm2d,prune_out_channels,True,1,93,,
417,3,DG042,model.9.cv1.conv,<unresolved>,_ConcatOp,prune_out_channels,True,4,93;221;349;477,,
417,4,DG042,model.9.cv1.conv,<unresolved>,_ElementWiseOp,prune_out_channels,True,1,93,,
417,5,DG042,model.9.cv1.conv,<unresolved>,_ElementWiseOp,prune_out_channels,True,1,93,,
417,6,DG042,model.9.cv1.conv,<unresolved>,_ElementWiseOp,prune_out_channels,True,1,93,,
417,7,DG042,model.9.cv1.conv,model.9.cv2.conv,Conv2d,prune_in_channels,False,4,93;221;349;477,,
418,1,DG004,model.10.m.0.ffn.0.conv,model.10.m.0.ffn.0.conv,Conv2d,prune_out_channels,True,1,106,176,175
418,2,DG004,model.10.m.0.ffn.0.conv,model.10.m.0.ffn.0.bn,BatchNorm2d,prune_out_channels,True,1,106,,
418,3,DG004,model.10.m.0.ffn.0.conv,<unresolved>,_ElementWiseOp,prune_out_channels,True,1,106,,
418,4,DG004,model.10.m.0.ffn.0.conv,model.10.m.0.ffn.1.conv,Conv2d,prune_in_channels,False,1,106,,
419,1,DG019,model.19.m.0.m.0.cv1.conv,model.19.m.0.m.0.cv1.conv,Conv2d,prune_out_channels,True,1,21,26,25
419,2,DG019,model.19.m.0.m.0.cv1.conv,model.19.m.0.m.0.cv1.bn,BatchNorm2d,prune_out_channels,True,1,21,,
419,3,DG019,model.19.m.0.m.0.cv1.conv,<unresolved>,_ElementWiseOp,prune_out_channels,True,1,21,,
419,4,DG019,model.19.m.0.m.0.cv1.conv,model.19.m.0.m.0.cv2.conv,Conv2d,prune_in_channels,False,1,21,,
420,1,DG004,model.10.m.0.ffn.0.conv,model.10.m.0.ffn.0.conv,Conv2d,prune_out_channels,True,1,16,175,174
420,2,DG004,model.10.m.0.ffn.0.conv,model.10.m.0.ffn.0.bn,BatchNorm2d,prune_out_channels,True,1,16,,
420,3,DG004,model.10.m.0.ffn.0.conv,<unresolved>,_ElementWiseOp,prune_out_channels,True,1,16,,
420,4,DG004,model.10.m.0.ffn.0.conv,model.10.m.0.ffn.1.conv,Conv2d,prune_in_channels,False,1,16,,
421,1,DG004,model.10.m.0.ffn.0.conv,model.10.m.0.ffn.0.conv,Conv2d,prune_out_channels,True,1,38,174,173
421,2,DG004,model.10.m.0.ffn.0.conv,model.10.m.0.ffn.0.bn,BatchNorm2d,prune_out_channels,True,1,38,,
421,3,DG004,model.10.m.0.ffn.0.conv,<unresolved>,_ElementWiseOp,prune_out_channels,True,1,38,,
421,4,DG004,model.10.m.0.ffn.0.conv,model.10.m.0.ffn.1.conv,Conv2d,prune_in_channels,False,1,38,,
422,1,DG020,model.19.m.0.m.1.cv1.conv,model.19.m.0.m.1.cv1.conv,Conv2d,prune_out_channels,True,1,13,17,16
422,2,DG020,model.19.m.0.m.1.cv1.conv,model.19.m.0.m.1.cv1.bn,BatchNorm2d,prune_out_channels,True,1,13,,
422,3,DG020,model.19.m.0.m.1.cv1.conv,<unresolved>,_ElementWiseOp,prune_out_channels,True,1,13,,
422,4,DG020,model.19.m.0.m.1.cv1.conv,model.19.m.0.m.1.cv2.conv,Conv2d,prune_in_channels,False,1,13,,
423,1,DG004,model.10.m.0.ffn.0.conv,model.10.m.0.ffn.0.conv,Conv2d,prune_out_channels,True,1,152,173,172
423,2,DG004,model.10.m.0.ffn.0.conv,model.10.m.0.ffn.0.bn,BatchNorm2d,prune_out_channels,True,1,152,,
423,3,DG004,model.10.m.0.ffn.0.conv,<unresolved>,_ElementWiseOp,prune_out_channels,True,1,152,,
423,4,DG004,model.10.m.0.ffn.0.conv,model.10.m.0.ffn.1.conv,Conv2d,prune_in_channels,False,1,152,,
424,1,DG004,model.10.m.0.ffn.0.conv,model.10.m.0.ffn.0.conv,Conv2d,prune_out_channels,True,1,76,172,171
424,2,DG004,model.10.m.0.ffn.0.conv,model.10.m.0.ffn.0.bn,BatchNorm2d,prune_out_channels,True,1,76,,
424,3,DG004,model.10.m.0.ffn.0.conv,<unresolved>,_ElementWiseOp,prune_out_channels,True,1,76,,
424,4,DG004,model.10.m.0.ffn.0.conv,model.10.m.0.ffn.1.conv,Conv2d,prune_in_channels,False,1,76,,
425,1,DG004,model.10.m.0.ffn.0.conv,model.10.m.0.ffn.0.conv,Conv2d,prune_out_channels,True,1,138,171,170
425,2,DG004,model.10.m.0.ffn.0.conv,model.10.m.0.ffn.0.bn,BatchNorm2d,prune_out_channels,True,1,138,,
425,3,DG004,model.10.m.0.ffn.0.conv,<unresolved>,_ElementWiseOp,prune_out_channels,True,1,138,,
425,4,DG004,model.10.m.0.ffn.0.conv,model.10.m.0.ffn.1.conv,Conv2d,prune_in_channels,False,1,138,,
426,1,DG004,model.10.m.0.ffn.0.conv,model.10.m.0.ffn.0.conv,Conv2d,prune_out_channels,True,1,69,170,169
426,2,DG004,model.10.m.0.ffn.0.conv,model.10.m.0.ffn.0.bn,BatchNorm2d,prune_out_channels,True,1,69,,
426,3,DG004,model.10.m.0.ffn.0.conv,<unresolved>,_ElementWiseOp,prune_out_channels,True,1,69,,
426,4,DG004,model.10.m.0.ffn.0.conv,model.10.m.0.ffn.1.conv,Conv2d,prune_in_channels,False,1,69,,
427,1,DG004,model.10.m.0.ffn.0.conv,model.10.m.0.ffn.0.conv,Conv2d,prune_out_channels,True,1,128,169,168
427,2,DG004,model.10.m.0.ffn.0.conv,model.10.m.0.ffn.0.bn,BatchNorm2d,prune_out_channels,True,1,128,,
427,3,DG004,model.10.m.0.ffn.0.conv,<unresolved>,_ElementWiseOp,prune_out_channels,True,1,128,,
427,4,DG004,model.10.m.0.ffn.0.conv,model.10.m.0.ffn.1.conv,Conv2d,prune_in_channels,False,1,128,,
428,1,DG004,model.10.m.0.ffn.0.conv,model.10.m.0.ffn.0.conv,Conv2d,prune_out_channels,True,1,23,168,167
428,2,DG004,model.10.m.0.ffn.0.conv,model.10.m.0.ffn.0.bn,BatchNorm2d,prune_out_channels,True,1,23,,
428,3,DG004,model.10.m.0.ffn.0.conv,<unresolved>,_ElementWiseOp,prune_out_channels,True,1,23,,
428,4,DG004,model.10.m.0.ffn.0.conv,model.10.m.0.ffn.1.conv,Conv2d,prune_in_channels,False,1,23,,
429,1,DG002,model.1.conv,model.1.conv,Conv2d,prune_out_channels,True,1,9,28,27
429,2,DG002,model.1.conv,model.1.bn,BatchNorm2d,prune_out_channels,True,1,9,,
429,3,DG002,model.1.conv,<unresolved>,_ElementWiseOp,prune_out_channels,True,1,9,,
429,4,DG002,model.1.conv,model.2.cv1.conv,Conv2d,prune_in_channels,False,1,9,,
430,1,DG004,model.10.m.0.ffn.0.conv,model.10.m.0.ffn.0.conv,Conv2d,prune_out_channels,True,1,146,167,166
430,2,DG004,model.10.m.0.ffn.0.conv,model.10.m.0.ffn.0.bn,BatchNorm2d,prune_out_channels,True,1,146,,
430,3,DG004,model.10.m.0.ffn.0.conv,<unresolved>,_ElementWiseOp,prune_out_channels,True,1,146,,
430,4,DG004,model.10.m.0.ffn.0.conv,model.10.m.0.ffn.1.conv,Conv2d,prune_in_channels,False,1,146,,
431,1,DG004,model.10.m.0.ffn.0.conv,model.10.m.0.ffn.0.conv,Conv2d,prune_out_channels,True,1,131,166,165
431,2,DG004,model.10.m.0.ffn.0.conv,model.10.m.0.ffn.0.bn,BatchNorm2d,prune_out_channels,True,1,131,,
431,3,DG004,model.10.m.0.ffn.0.conv,<unresolved>,_ElementWiseOp,prune_out_channels,True,1,131,,
431,4,DG004,model.10.m.0.ffn.0.conv,model.10.m.0.ffn.1.conv,Conv2d,prune_in_channels,False,1,131,,
432,1,DG004,model.10.m.0.ffn.0.conv,model.10.m.0.ffn.0.conv,Conv2d,prune_out_channels,True,1,122,165,164
432,2,DG004,model.10.m.0.ffn.0.conv,model.10.m.0.ffn.0.bn,BatchNorm2d,prune_out_channels,True,1,122,,
432,3,DG004,model.10.m.0.ffn.0.conv,<unresolved>,_ElementWiseOp,prune_out_channels,True,1,122,,
432,4,DG004,model.10.m.0.ffn.0.conv,model.10.m.0.ffn.1.conv,Conv2d,prune_in_channels,False,1,122,,
433,1,DG004,model.10.m.0.ffn.0.conv,model.10.m.0.ffn.0.conv,Conv2d,prune_out_channels,True,1,79,164,163
433,2,DG004,model.10.m.0.ffn.0.conv,model.10.m.0.ffn.0.bn,BatchNorm2d,prune_out_channels,True,1,79,,
433,3,DG004,model.10.m.0.ffn.0.conv,<unresolved>,_ElementWiseOp,prune_out_channels,True,1,79,,
433,4,DG004,model.10.m.0.ffn.0.conv,model.10.m.0.ffn.1.conv,Conv2d,prune_in_channels,False,1,79,,
434,1,DG002,model.1.conv,model.1.conv,Conv2d,prune_out_channels,True,1,20,27,26
434,2,DG002,model.1.conv,model.1.bn,BatchNorm2d,prune_out_channels,True,1,20,,
434,3,DG002,model.1.conv,<unresolved>,_ElementWiseOp,prune_out_channels,True,1,20,,
434,4,DG002,model.1.conv,model.2.cv1.conv,Conv2d,prune_in_channels,False,1,20,,
435,1,DG004,model.10.m.0.ffn.0.conv,model.10.m.0.ffn.0.conv,Conv2d,prune_out_channels,True,1,32,163,162
435,2,DG004,model.10.m.0.ffn.0.conv,model.10.m.0.ffn.0.bn,BatchNorm2d,prune_out_channels,True,1,32,,
435,3,DG004,model.10.m.0.ffn.0.conv,<unresolved>,_ElementWiseOp,prune_out_channels,True,1,32,,
435,4,DG004,model.10.m.0.ffn.0.conv,model.10.m.0.ffn.1.conv,Conv2d,prune_in_channels,False,1,32,,
436,1,DG004,model.10.m.0.ffn.0.conv,model.10.m.0.ffn.0.conv,Conv2d,prune_out_channels,True,1,89,162,161
436,2,DG004,model.10.m.0.ffn.0.conv,model.10.m.0.ffn.0.bn,BatchNorm2d,prune_out_channels,True,1,89,,
436,3,DG004,model.10.m.0.ffn.0.conv,<unresolved>,_ElementWiseOp,prune_out_channels,True,1,89,,
436,4,DG004,model.10.m.0.ffn.0.conv,model.10.m.0.ffn.1.conv,Conv2d,prune_in_channels,False,1,89,,
437,1,DG004,model.10.m.0.ffn.0.conv,model.10.m.0.ffn.0.conv,Conv2d,prune_out_channels,True,1,137,161,160
437,2,DG004,model.10.m.0.ffn.0.conv,model.10.m.0.ffn.0.bn,BatchNorm2d,prune_out_channels,True,1,137,,
437,3,DG004,model.10.m.0.ffn.0.conv,<unresolved>,_ElementWiseOp,prune_out_channels,True,1,137,,
437,4,DG004,model.10.m.0.ffn.0.conv,model.10.m.0.ffn.1.conv,Conv2d,prune_in_channels,False,1,137,,
438,1,DG004,model.10.m.0.ffn.0.conv,model.10.m.0.ffn.0.conv,Conv2d,prune_out_channels,True,1,48,160,159
438,2,DG004,model.10.m.0.ffn.0.conv,model.10.m.0.ffn.0.bn,BatchNorm2d,prune_out_channels,True,1,48,,
438,3,DG004,model.10.m.0.ffn.0.conv,<unresolved>,_ElementWiseOp,prune_out_channels,True,1,48,,
438,4,DG004,model.10.m.0.ffn.0.conv,model.10.m.0.ffn.1.conv,Conv2d,prune_in_channels,False,1,48,,
439,1,DG004,model.10.m.0.ffn.0.conv,model.10.m.0.ffn.0.conv,Conv2d,prune_out_channels,True,1,82,159,158
439,2,DG004,model.10.m.0.ffn.0.conv,model.10.m.0.ffn.0.bn,BatchNorm2d,prune_out_channels,True,1,82,,
439,3,DG004,model.10.m.0.ffn.0.conv,<unresolved>,_ElementWiseOp,prune_out_channels,True,1,82,,
439,4,DG004,model.10.m.0.ffn.0.conv,model.10.m.0.ffn.1.conv,Conv2d,prune_in_channels,False,1,82,,
440,1,DG004,model.10.m.0.ffn.0.conv,model.10.m.0.ffn.0.conv,Conv2d,prune_out_channels,True,1,9,158,157
440,2,DG004,model.10.m.0.ffn.0.conv,model.10.m.0.ffn.0.bn,BatchNorm2d,prune_out_channels,True,1,9,,
440,3,DG004,model.10.m.0.ffn.0.conv,<unresolved>,_ElementWiseOp,prune_out_channels,True,1,9,,
440,4,DG004,model.10.m.0.ffn.0.conv,model.10.m.0.ffn.1.conv,Conv2d,prune_in_channels,False,1,9,,
441,1,DG004,model.10.m.0.ffn.0.conv,model.10.m.0.ffn.0.conv,Conv2d,prune_out_channels,True,1,80,157,156
441,2,DG004,model.10.m.0.ffn.0.conv,model.10.m.0.ffn.0.bn,BatchNorm2d,prune_out_channels,True,1,80,,
441,3,DG004,model.10.m.0.ffn.0.conv,<unresolved>,_ElementWiseOp,prune_out_channels,True,1,80,,
441,4,DG004,model.10.m.0.ffn.0.conv,model.10.m.0.ffn.1.conv,Conv2d,prune_in_channels,False,1,80,,
442,1,DG004,model.10.m.0.ffn.0.conv,model.10.m.0.ffn.0.conv,Conv2d,prune_out_channels,True,1,73,156,155
442,2,DG004,model.10.m.0.ffn.0.conv,model.10.m.0.ffn.0.bn,BatchNorm2d,prune_out_channels,True,1,73,,
442,3,DG004,model.10.m.0.ffn.0.conv,<unresolved>,_ElementWiseOp,prune_out_channels,True,1,73,,
442,4,DG004,model.10.m.0.ffn.0.conv,model.10.m.0.ffn.1.conv,Conv2d,prune_in_channels,False,1,73,,
443,1,DG004,model.10.m.0.ffn.0.conv,model.10.m.0.ffn.0.conv,Conv2d,prune_out_channels,True,1,14,155,154
443,2,DG004,model.10.m.0.ffn.0.conv,model.10.m.0.ffn.0.bn,BatchNorm2d,prune_out_channels,True,1,14,,
443,3,DG004,model.10.m.0.ffn.0.conv,<unresolved>,_ElementWiseOp,prune_out_channels,True,1,14,,
443,4,DG004,model.10.m.0.ffn.0.conv,model.10.m.0.ffn.1.conv,Conv2d,prune_in_channels,False,1,14,,
444,1,DG034,model.6.m.0.m.0.cv1.conv,model.6.m.0.m.0.cv1.conv,Conv2d,prune_out_channels,True,1,25,26,25
444,2,DG034,model.6.m.0.m.0.cv1.conv,model.6.m.0.m.0.cv1.bn,BatchNorm2d,prune_out_channels,True,1,25,,
444,3,DG034,model.6.m.0.m.0.cv1.conv,<unresolved>,_ElementWiseOp,prune_out_channels,True,1,25,,
444,4,DG034,model.6.m.0.m.0.cv1.conv,model.6.m.0.m.0.cv2.conv,Conv2d,prune_in_channels,False,1,25,,
445,1,DG004,model.10.m.0.ffn.0.conv,model.10.m.0.ffn.0.conv,Conv2d,prune_out_channels,True,1,112,154,153
445,2,DG004,model.10.m.0.ffn.0.conv,model.10.m.0.ffn.0.bn,BatchNorm2d,prune_out_channels,True,1,112,,
445,3,DG004,model.10.m.0.ffn.0.conv,<unresolved>,_ElementWiseOp,prune_out_channels,True,1,112,,
445,4,DG004,model.10.m.0.ffn.0.conv,model.10.m.0.ffn.1.conv,Conv2d,prune_in_channels,False,1,112,,
446,1,DG034,model.6.m.0.m.0.cv1.conv,model.6.m.0.m.0.cv1.conv,Conv2d,prune_out_channels,True,1,13,25,24
446,2,DG034,model.6.m.0.m.0.cv1.conv,model.6.m.0.m.0.cv1.bn,BatchNorm2d,prune_out_channels,True,1,13,,
446,3,DG034,model.6.m.0.m.0.cv1.conv,<unresolved>,_ElementWiseOp,prune_out_channels,True,1,13,,
446,4,DG034,model.6.m.0.m.0.cv1.conv,model.6.m.0.m.0.cv2.conv,Conv2d,prune_in_channels,False,1,13,,
447,1,DG004,model.10.m.0.ffn.0.conv,model.10.m.0.ffn.0.conv,Conv2d,prune_out_channels,True,1,127,153,152
447,2,DG004,model.10.m.0.ffn.0.conv,model.10.m.0.ffn.0.bn,BatchNorm2d,prune_out_channels,True,1,127,,
447,3,DG004,model.10.m.0.ffn.0.conv,<unresolved>,_ElementWiseOp,prune_out_channels,True,1,127,,
447,4,DG004,model.10.m.0.ffn.0.conv,model.10.m.0.ffn.1.conv,Conv2d,prune_in_channels,False,1,127,,
448,1,DG008,model.13.m.0.m.0.cv1.conv,model.13.m.0.m.0.cv1.conv,Conv2d,prune_out_channels,True,1,0,31,30
448,2,DG008,model.13.m.0.m.0.cv1.conv,model.13.m.0.m.0.cv1.bn,BatchNorm2d,prune_out_channels,True,1,0,,
448,3,DG008,model.13.m.0.m.0.cv1.conv,<unresolved>,_ElementWiseOp,prune_out_channels,True,1,0,,
448,4,DG008,model.13.m.0.m.0.cv1.conv,model.13.m.0.m.0.cv2.conv,Conv2d,prune_in_channels,False,1,0,,
449,1,DG004,model.10.m.0.ffn.0.conv,model.10.m.0.ffn.0.conv,Conv2d,prune_out_channels,True,1,131,152,151
449,2,DG004,model.10.m.0.ffn.0.conv,model.10.m.0.ffn.0.bn,BatchNorm2d,prune_out_channels,True,1,131,,
449,3,DG004,model.10.m.0.ffn.0.conv,<unresolved>,_ElementWiseOp,prune_out_channels,True,1,131,,
449,4,DG004,model.10.m.0.ffn.0.conv,model.10.m.0.ffn.1.conv,Conv2d,prune_in_channels,False,1,131,,
450,1,DG002,model.1.conv,model.1.conv,Conv2d,prune_out_channels,True,1,13,26,25
450,2,DG002,model.1.conv,model.1.bn,BatchNorm2d,prune_out_channels,True,1,13,,
450,3,DG002,model.1.conv,<unresolved>,_ElementWiseOp,prune_out_channels,True,1,13,,
450,4,DG002,model.1.conv,model.2.cv1.conv,Conv2d,prune_in_channels,False,1,13,,
451,1,DG034,model.6.m.0.m.0.cv1.conv,model.6.m.0.m.0.cv1.conv,Conv2d,prune_out_channels,True,1,5,24,23
451,2,DG034,model.6.m.0.m.0.cv1.conv,model.6.m.0.m.0.cv1.bn,BatchNorm2d,prune_out_channels,True,1,5,,
451,3,DG034,model.6.m.0.m.0.cv1.conv,<unresolved>,_ElementWiseOp,prune_out_channels,True,1,5,,
451,4,DG034,model.6.m.0.m.0.cv1.conv,model.6.m.0.m.0.cv2.conv,Conv2d,prune_in_channels,False,1,5,,
452,1,DG004,model.10.m.0.ffn.0.conv,model.10.m.0.ffn.0.conv,Conv2d,prune_out_channels,True,1,149,151,150
452,2,DG004,model.10.m.0.ffn.0.conv,model.10.m.0.ffn.0.bn,BatchNorm2d,prune_out_channels,True,1,149,,
452,3,DG004,model.10.m.0.ffn.0.conv,<unresolved>,_ElementWiseOp,prune_out_channels,True,1,149,,
452,4,DG004,model.10.m.0.ffn.0.conv,model.10.m.0.ffn.1.conv,Conv2d,prune_in_channels,False,1,149,,
453,1,DG019,model.19.m.0.m.0.cv1.conv,model.19.m.0.m.0.cv1.conv,Conv2d,prune_out_channels,True,1,1,25,24
453,2,DG019,model.19.m.0.m.0.cv1.conv,model.19.m.0.m.0.cv1.bn,BatchNorm2d,prune_out_channels,True,1,1,,
453,3,DG019,model.19.m.0.m.0.cv1.conv,<unresolved>,_ElementWiseOp,prune_out_channels,True,1,1,,
453,4,DG019,model.19.m.0.m.0.cv1.conv,model.19.m.0.m.0.cv2.conv,Conv2d,prune_in_channels,False,1,1,,
454,1,DG004,model.10.m.0.ffn.0.conv,model.10.m.0.ffn.0.conv,Conv2d,prune_out_channels,True,1,60,150,149
454,2,DG004,model.10.m.0.ffn.0.conv,model.10.m.0.ffn.0.bn,BatchNorm2d,prune_out_channels,True,1,60,,
454,3,DG004,model.10.m.0.ffn.0.conv,<unresolved>,_ElementWiseOp,prune_out_channels,True,1,60,,
454,4,DG004,model.10.m.0.ffn.0.conv,model.10.m.0.ffn.1.conv,Conv2d,prune_in_channels,False,1,60,,
455,1,DG019,model.19.m.0.m.0.cv1.conv,model.19.m.0.m.0.cv1.conv,Conv2d,prune_out_channels,True,1,21,24,23
455,2,DG019,model.19.m.0.m.0.cv1.conv,model.19.m.0.m.0.cv1.bn,BatchNorm2d,prune_out_channels,True,1,21,,
455,3,DG019,model.19.m.0.m.0.cv1.conv,<unresolved>,_ElementWiseOp,prune_out_channels,True,1,21,,
455,4,DG019,model.19.m.0.m.0.cv1.conv,model.19.m.0.m.0.cv2.conv,Conv2d,prune_in_channels,False,1,21,,
456,1,DG004,model.10.m.0.ffn.0.conv,model.10.m.0.ffn.0.conv,Conv2d,prune_out_channels,True,1,94,149,148
456,2,DG004,model.10.m.0.ffn.0.conv,model.10.m.0.ffn.0.bn,BatchNorm2d,prune_out_channels,True,1,94,,
456,3,DG004,model.10.m.0.ffn.0.conv,<unresolved>,_ElementWiseOp,prune_out_channels,True,1,94,,
456,4,DG004,model.10.m.0.ffn.0.conv,model.10.m.0.ffn.1.conv,Conv2d,prune_in_channels,False,1,94,,
457,1,DG004,model.10.m.0.ffn.0.conv,model.10.m.0.ffn.0.conv,Conv2d,prune_out_channels,True,1,96,148,147
457,2,DG004,model.10.m.0.ffn.0.conv,model.10.m.0.ffn.0.bn,BatchNorm2d,prune_out_channels,True,1,96,,
457,3,DG004,model.10.m.0.ffn.0.conv,<unresolved>,_ElementWiseOp,prune_out_channels,True,1,96,,
457,4,DG004,model.10.m.0.ffn.0.conv,model.10.m.0.ffn.1.conv,Conv2d,prune_in_channels,False,1,96,,
458,1,DG004,model.10.m.0.ffn.0.conv,model.10.m.0.ffn.0.conv,Conv2d,prune_out_channels,True,1,100,147,146
458,2,DG004,model.10.m.0.ffn.0.conv,model.10.m.0.ffn.0.bn,BatchNorm2d,prune_out_channels,True,1,100,,
458,3,DG004,model.10.m.0.ffn.0.conv,<unresolved>,_ElementWiseOp,prune_out_channels,True,1,100,,
458,4,DG004,model.10.m.0.ffn.0.conv,model.10.m.0.ffn.1.conv,Conv2d,prune_in_channels,False,1,100,,
459,1,DG004,model.10.m.0.ffn.0.conv,model.10.m.0.ffn.0.conv,Conv2d,prune_out_channels,True,1,65,146,145
459,2,DG004,model.10.m.0.ffn.0.conv,model.10.m.0.ffn.0.bn,BatchNorm2d,prune_out_channels,True,1,65,,
459,3,DG004,model.10.m.0.ffn.0.conv,<unresolved>,_ElementWiseOp,prune_out_channels,True,1,65,,
459,4,DG004,model.10.m.0.ffn.0.conv,model.10.m.0.ffn.1.conv,Conv2d,prune_in_channels,False,1,65,,
460,1,DG004,model.10.m.0.ffn.0.conv,model.10.m.0.ffn.0.conv,Conv2d,prune_out_channels,True,1,42,145,144
460,2,DG004,model.10.m.0.ffn.0.conv,model.10.m.0.ffn.0.bn,BatchNorm2d,prune_out_channels,True,1,42,,
460,3,DG004,model.10.m.0.ffn.0.conv,<unresolved>,_ElementWiseOp,prune_out_channels,True,1,42,,
460,4,DG004,model.10.m.0.ffn.0.conv,model.10.m.0.ffn.1.conv,Conv2d,prune_in_channels,False,1,42,,
461,1,DG004,model.10.m.0.ffn.0.conv,model.10.m.0.ffn.0.conv,Conv2d,prune_out_channels,True,1,113,144,143
461,2,DG004,model.10.m.0.ffn.0.conv,model.10.m.0.ffn.0.bn,BatchNorm2d,prune_out_channels,True,1,113,,
461,3,DG004,model.10.m.0.ffn.0.conv,<unresolved>,_ElementWiseOp,prune_out_channels,True,1,113,,
461,4,DG004,model.10.m.0.ffn.0.conv,model.10.m.0.ffn.1.conv,Conv2d,prune_in_channels,False,1,113,,
462,1,DG004,model.10.m.0.ffn.0.conv,model.10.m.0.ffn.0.conv,Conv2d,prune_out_channels,True,1,20,143,142
462,2,DG004,model.10.m.0.ffn.0.conv,model.10.m.0.ffn.0.bn,BatchNorm2d,prune_out_channels,True,1,20,,
462,3,DG004,model.10.m.0.ffn.0.conv,<unresolved>,_ElementWiseOp,prune_out_channels,True,1,20,,
462,4,DG004,model.10.m.0.ffn.0.conv,model.10.m.0.ffn.1.conv,Conv2d,prune_in_channels,False,1,20,,
463,1,DG027,model.3.conv,model.3.conv,Conv2d,prune_out_channels,True,1,61,64,63
463,2,DG027,model.3.conv,model.3.bn,BatchNorm2d,prune_out_channels,True,1,61,,
463,3,DG027,model.3.conv,<unresolved>,_ElementWiseOp,prune_out_channels,True,1,61,,
463,4,DG027,model.3.conv,model.4.cv1.conv,Conv2d,prune_in_channels,False,1,61,,
464,1,DG004,model.10.m.0.ffn.0.conv,model.10.m.0.ffn.0.conv,Conv2d,prune_out_channels,True,1,2,142,141
464,2,DG004,model.10.m.0.ffn.0.conv,model.10.m.0.ffn.0.bn,BatchNorm2d,prune_out_channels,True,1,2,,
464,3,DG004,model.10.m.0.ffn.0.conv,<unresolved>,_ElementWiseOp,prune_out_channels,True,1,2,,
464,4,DG004,model.10.m.0.ffn.0.conv,model.10.m.0.ffn.1.conv,Conv2d,prune_in_channels,False,1,2,,
465,1,DG003,model.10.cv2.conv,model.10.cv2.conv,Conv2d,prune_out_channels,True,1,55,256,255
465,2,DG003,model.10.cv2.conv,model.10.cv2.bn,BatchNorm2d,prune_out_channels,True,1,55,,
465,3,DG003,model.10.cv2.conv,<unresolved>,_ElementWiseOp,prune_out_channels,True,1,55,,
465,4,DG003,model.10.cv2.conv,<unresolved>,_ConcatOp,prune_out_channels,True,1,183,,
465,5,DG003,model.10.cv2.conv,<unresolved>,_ElementWiseOp,prune_out_channels,True,1,55,,
465,6,DG003,model.10.cv2.conv,<unresolved>,_ConcatOp,prune_out_channels,True,1,55,,
465,7,DG003,model.10.cv2.conv,model.13.cv1.conv,Conv2d,prune_in_channels,False,1,55,,
465,8,DG003,model.10.cv2.conv,model.22.cv1.conv,Conv2d,prune_in_channels,False,1,183,,
466,1,DG004,model.10.m.0.ffn.0.conv,model.10.m.0.ffn.0.conv,Conv2d,prune_out_channels,True,1,82,141,140
466,2,DG004,model.10.m.0.ffn.0.conv,model.10.m.0.ffn.0.bn,BatchNorm2d,prune_out_channels,True,1,82,,
466,3,DG004,model.10.m.0.ffn.0.conv,<unresolved>,_ElementWiseOp,prune_out_channels,True,1,82,,
466,4,DG004,model.10.m.0.ffn.0.conv,model.10.m.0.ffn.1.conv,Conv2d,prune_in_channels,False,1,82,,
467,1,DG004,model.10.m.0.ffn.0.conv,model.10.m.0.ffn.0.conv,Conv2d,prune_out_channels,True,1,86,140,139
467,2,DG004,model.10.m.0.ffn.0.conv,model.10.m.0.ffn.0.bn,BatchNorm2d,prune_out_channels,True,1,86,,
467,3,DG004,model.10.m.0.ffn.0.conv,<unresolved>,_ElementWiseOp,prune_out_channels,True,1,86,,
467,4,DG004,model.10.m.0.ffn.0.conv,model.10.m.0.ffn.1.conv,Conv2d,prune_in_channels,False,1,86,,
468,1,DG002,model.1.conv,model.1.conv,Conv2d,prune_out_channels,True,1,15,25,24
468,2,DG002,model.1.conv,model.1.bn,BatchNorm2d,prune_out_channels,True,1,15,,
468,3,DG002,model.1.conv,<unresolved>,_ElementWiseOp,prune_out_channels,True,1,15,,
468,4,DG002,model.1.conv,model.2.cv1.conv,Conv2d,prune_in_channels,False,1,15,,
469,1,DG004,model.10.m.0.ffn.0.conv,model.10.m.0.ffn.0.conv,Conv2d,prune_out_channels,True,1,61,139,138
469,2,DG004,model.10.m.0.ffn.0.conv,model.10.m.0.ffn.0.bn,BatchNorm2d,prune_out_channels,True,1,61,,
469,3,DG004,model.10.m.0.ffn.0.conv,<unresolved>,_ElementWiseOp,prune_out_channels,True,1,61,,
469,4,DG004,model.10.m.0.ffn.0.conv,model.10.m.0.ffn.1.conv,Conv2d,prune_in_channels,False,1,61,,
470,1,DG004,model.10.m.0.ffn.0.conv,model.10.m.0.ffn.0.conv,Conv2d,prune_out_channels,True,1,35,138,137
470,2,DG004,model.10.m.0.ffn.0.conv,model.10.m.0.ffn.0.bn,BatchNorm2d,prune_out_channels,True,1,35,,
470,3,DG004,model.10.m.0.ffn.0.conv,<unresolved>,_ElementWiseOp,prune_out_channels,True,1,35,,
470,4,DG004,model.10.m.0.ffn.0.conv,model.10.m.0.ffn.1.conv,Conv2d,prune_in_channels,False,1,35,,
471,1,DG004,model.10.m.0.ffn.0.conv,model.10.m.0.ffn.0.conv,Conv2d,prune_out_channels,True,1,79,137,136
471,2,DG004,model.10.m.0.ffn.0.conv,model.10.m.0.ffn.0.bn,BatchNorm2d,prune_out_channels,True,1,79,,
471,3,DG004,model.10.m.0.ffn.0.conv,<unresolved>,_ElementWiseOp,prune_out_channels,True,1,79,,
471,4,DG004,model.10.m.0.ffn.0.conv,model.10.m.0.ffn.1.conv,Conv2d,prune_in_channels,False,1,79,,
472,1,DG004,model.10.m.0.ffn.0.conv,model.10.m.0.ffn.0.conv,Conv2d,prune_out_channels,True,1,11,136,135
472,2,DG004,model.10.m.0.ffn.0.conv,model.10.m.0.ffn.0.bn,BatchNorm2d,prune_out_channels,True,1,11,,
472,3,DG004,model.10.m.0.ffn.0.conv,<unresolved>,_ElementWiseOp,prune_out_channels,True,1,11,,
472,4,DG004,model.10.m.0.ffn.0.conv,model.10.m.0.ffn.1.conv,Conv2d,prune_in_channels,False,1,11,,
473,1,DG004,model.10.m.0.ffn.0.conv,model.10.m.0.ffn.0.conv,Conv2d,prune_out_channels,True,1,104,135,134
473,2,DG004,model.10.m.0.ffn.0.conv,model.10.m.0.ffn.0.bn,BatchNorm2d,prune_out_channels,True,1,104,,
473,3,DG004,model.10.m.0.ffn.0.conv,<unresolved>,_ElementWiseOp,prune_out_channels,True,1,104,,
473,4,DG004,model.10.m.0.ffn.0.conv,model.10.m.0.ffn.1.conv,Conv2d,prune_in_channels,False,1,104,,
474,1,DG004,model.10.m.0.ffn.0.conv,model.10.m.0.ffn.0.conv,Conv2d,prune_out_channels,True,1,93,134,133
474,2,DG004,model.10.m.0.ffn.0.conv,model.10.m.0.ffn.0.bn,BatchNorm2d,prune_out_channels,True,1,93,,
474,3,DG004,model.10.m.0.ffn.0.conv,<unresolved>,_ElementWiseOp,prune_out_channels,True,1,93,,
474,4,DG004,model.10.m.0.ffn.0.conv,model.10.m.0.ffn.1.conv,Conv2d,prune_in_channels,False,1,93,,
475,1,DG004,model.10.m.0.ffn.0.conv,model.10.m.0.ffn.0.conv,Conv2d,prune_out_channels,True,1,4,133,132
475,2,DG004,model.10.m.0.ffn.0.conv,model.10.m.0.ffn.0.bn,BatchNorm2d,prune_out_channels,True,1,4,,
475,3,DG004,model.10.m.0.ffn.0.conv,<unresolved>,_ElementWiseOp,prune_out_channels,True,1,4,,
475,4,DG004,model.10.m.0.ffn.0.conv,model.10.m.0.ffn.1.conv,Conv2d,prune_in_channels,False,1,4,,
476,1,DG035,model.6.m.0.m.1.cv1.conv,model.6.m.0.m.1.cv1.conv,Conv2d,prune_out_channels,True,1,14,30,29
476,2,DG035,model.6.m.0.m.1.cv1.conv,model.6.m.0.m.1.cv1.bn,BatchNorm2d,prune_out_channels,True,1,14,,
476,3,DG035,model.6.m.0.m.1.cv1.conv,<unresolved>,_ElementWiseOp,prune_out_channels,True,1,14,,
476,4,DG035,model.6.m.0.m.1.cv1.conv,model.6.m.0.m.1.cv2.conv,Conv2d,prune_in_channels,False,1,14,,
477,1,DG034,model.6.m.0.m.0.cv1.conv,model.6.m.0.m.0.cv1.conv,Conv2d,prune_out_channels,True,1,8,23,22
477,2,DG034,model.6.m.0.m.0.cv1.conv,model.6.m.0.m.0.cv1.bn,BatchNorm2d,prune_out_channels,True,1,8,,
477,3,DG034,model.6.m.0.m.0.cv1.conv,<unresolved>,_ElementWiseOp,prune_out_channels,True,1,8,,
477,4,DG034,model.6.m.0.m.0.cv1.conv,model.6.m.0.m.0.cv2.conv,Conv2d,prune_in_channels,False,1,8,,
478,1,DG039,model.8.m.0.cv2.conv,model.8.m.0.cv2.conv,Conv2d,prune_out_channels,True,1,36,63,62
478,2,DG039,model.8.m.0.cv2.conv,model.8.m.0.cv2.bn,BatchNorm2d,prune_out_channels,True,1,36,,
478,3,DG039,model.8.m.0.cv2.conv,<unresolved>,_ElementWiseOp,prune_out_channels,True,1,36,,
478,4,DG039,model.8.m.0.cv2.conv,<unresolved>,_ConcatOp,prune_out_channels,True,1,94,,
478,5,DG039,model.8.m.0.cv2.conv,model.8.m.0.cv3.conv,Conv2d,prune_in_channels,False,1,94,,
479,1,DG004,model.10.m.0.ffn.0.conv,model.10.m.0.ffn.0.conv,Conv2d,prune_out_channels,True,1,130,132,131
479,2,DG004,model.10.m.0.ffn.0.conv,model.10.m.0.ffn.0.bn,BatchNorm2d,prune_out_channels,True,1,130,,
479,3,DG004,model.10.m.0.ffn.0.conv,<unresolved>,_ElementWiseOp,prune_out_channels,True,1,130,,
479,4,DG004,model.10.m.0.ffn.0.conv,model.10.m.0.ffn.1.conv,Conv2d,prune_in_channels,False,1,130,,
480,1,DG004,model.10.m.0.ffn.0.conv,model.10.m.0.ffn.0.conv,Conv2d,prune_out_channels,True,1,82,131,130
480,2,DG004,model.10.m.0.ffn.0.conv,model.10.m.0.ffn.0.bn,BatchNorm2d,prune_out_channels,True,1,82,,
480,3,DG004,model.10.m.0.ffn.0.conv,<unresolved>,_ElementWiseOp,prune_out_channels,True,1,82,,
480,4,DG004,model.10.m.0.ffn.0.conv,model.10.m.0.ffn.1.conv,Conv2d,prune_in_channels,False,1,82,,
481,1,DG004,model.10.m.0.ffn.0.conv,model.10.m.0.ffn.0.conv,Conv2d,prune_out_channels,True,1,102,130,129
481,2,DG004,model.10.m.0.ffn.0.conv,model.10.m.0.ffn.0.bn,BatchNorm2d,prune_out_channels,True,1,102,,
481,3,DG004,model.10.m.0.ffn.0.conv,<unresolved>,_ElementWiseOp,prune_out_channels,True,1,102,,
481,4,DG004,model.10.m.0.ffn.0.conv,model.10.m.0.ffn.1.conv,Conv2d,prune_in_channels,False,1,102,,
482,1,DG038,model.8.m.0.cv1.conv,model.8.m.0.cv1.conv,Conv2d,prune_out_channels,True,1,43,58,57
482,2,DG038,model.8.m.0.cv1.conv,model.8.m.0.cv1.bn,BatchNorm2d,prune_out_channels,True,1,43,,
482,3,DG038,model.8.m.0.cv1.conv,<unresolved>,_ElementWiseOp,prune_out_channels,True,1,43,,
482,4,DG038,model.8.m.0.cv1.conv,<unresolved>,_ElementWiseOp,prune_out_channels,True,1,43,,
482,5,DG038,model.8.m.0.cv1.conv,model.8.m.0.m.0.cv1.conv,Conv2d,prune_in_channels,False,1,43,,
482,6,DG038,model.8.m.0.cv1.conv,<unresolved>,_ElementWiseOp,prune_out_channels,True,1,43,,
482,7,DG038,model.8.m.0.cv1.conv,<unresolved>,_ElementWiseOp,prune_out_channels,True,1,43,,
482,8,DG038,model.8.m.0.cv1.conv,model.8.m.0.m.1.cv1.conv,Conv2d,prune_in_channels,False,1,43,,
482,9,DG038,model.8.m.0.cv1.conv,<unresolved>,_ElementWiseOp,prune_out_channels,True,1,43,,
482,10,DG038,model.8.m.0.cv1.conv,<unresolved>,_ConcatOp,prune_out_channels,True,1,43,,
482,11,DG038,model.8.m.0.cv1.conv,model.8.m.0.cv3.conv,Conv2d,prune_in_channels,False,1,43,,
482,12,DG038,model.8.m.0.cv1.conv,model.8.m.0.m.1.cv2.bn,BatchNorm2d,prune_out_channels,True,1,43,,
482,13,DG038,model.8.m.0.cv1.conv,model.8.m.0.m.1.cv2.conv,Conv2d,prune_out_channels,True,1,43,58,57
482,14,DG038,model.8.m.0.cv1.conv,model.8.m.0.m.0.cv2.bn,BatchNorm2d,prune_out_channels,True,1,43,,
482,15,DG038,model.8.m.0.cv1.conv,model.8.m.0.m.0.cv2.conv,Conv2d,prune_out_channels,True,1,43,58,57
483,1,DG038,model.8.m.0.cv1.conv,model.8.m.0.cv1.conv,Conv2d,prune_out_channels,True,1,20,57,56
483,2,DG038,model.8.m.0.cv1.conv,model.8.m.0.cv1.bn,BatchNorm2d,prune_out_channels,True,1,20,,
483,3,DG038,model.8.m.0.cv1.conv,<unresolved>,_ElementWiseOp,prune_out_channels,True,1,20,,
483,4,DG038,model.8.m.0.cv1.conv,<unresolved>,_ElementWiseOp,prune_out_channels,True,1,20,,
483,5,DG038,model.8.m.0.cv1.conv,model.8.m.0.m.0.cv1.conv,Conv2d,prune_in_channels,False,1,20,,
483,6,DG038,model.8.m.0.cv1.conv,<unresolved>,_ElementWiseOp,prune_out_channels,True,1,20,,
483,7,DG038,model.8.m.0.cv1.conv,<unresolved>,_ElementWiseOp,prune_out_channels,True,1,20,,
483,8,DG038,model.8.m.0.cv1.conv,model.8.m.0.m.1.cv1.conv,Conv2d,prune_in_channels,False,1,20,,
483,9,DG038,model.8.m.0.cv1.conv,<unresolved>,_ElementWiseOp,prune_out_channels,True,1,20,,
483,10,DG038,model.8.m.0.cv1.conv,<unresolved>,_ConcatOp,prune_out_channels,True,1,20,,
483,11,DG038,model.8.m.0.cv1.conv,model.8.m.0.cv3.conv,Conv2d,prune_in_channels,False,1,20,,
483,12,DG038,model.8.m.0.cv1.conv,model.8.m.0.m.1.cv2.bn,BatchNorm2d,prune_out_channels,True,1,20,,
483,13,DG038,model.8.m.0.cv1.conv,model.8.m.0.m.1.cv2.conv,Conv2d,prune_out_channels,True,1,20,57,56
483,14,DG038,model.8.m.0.cv1.conv,model.8.m.0.m.0.cv2.bn,BatchNorm2d,prune_out_channels,True,1,20,,
483,15,DG038,model.8.m.0.cv1.conv,model.8.m.0.m.0.cv2.conv,Conv2d,prune_out_channels,True,1,20,57,56
484,1,DG042,model.9.cv1.conv,model.9.cv1.conv,Conv2d,prune_out_channels,True,1,85,127,126
484,2,DG042,model.9.cv1.conv,model.9.cv1.bn,BatchNorm2d,prune_out_channels,True,1,85,,
484,3,DG042,model.9.cv1.conv,<unresolved>,_ConcatOp,prune_out_channels,True,4,85;212;339;466,,
484,4,DG042,model.9.cv1.conv,<unresolved>,_ElementWiseOp,prune_out_channels,True,1,85,,
484,5,DG042,model.9.cv1.conv,<unresolved>,_ElementWiseOp,prune_out_channels,True,1,85,,
484,6,DG042,model.9.cv1.conv,<unresolved>,_ElementWiseOp,prune_out_channels,True,1,85,,
484,7,DG042,model.9.cv1.conv,model.9.cv2.conv,Conv2d,prune_in_channels,False,4,85;212;339;466,,
485,1,DG038,model.8.m.0.cv1.conv,model.8.m.0.cv1.conv,Conv2d,prune_out_channels,True,1,19,56,55
485,2,DG038,model.8.m.0.cv1.conv,model.8.m.0.cv1.bn,BatchNorm2d,prune_out_channels,True,1,19,,
485,3,DG038,model.8.m.0.cv1.conv,<unresolved>,_ElementWiseOp,prune_out_channels,True,1,19,,
485,4,DG038,model.8.m.0.cv1.conv,<unresolved>,_ElementWiseOp,prune_out_channels,True,1,19,,
485,5,DG038,model.8.m.0.cv1.conv,model.8.m.0.m.0.cv1.conv,Conv2d,prune_in_channels,False,1,19,,
485,6,DG038,model.8.m.0.cv1.conv,<unresolved>,_ElementWiseOp,prune_out_channels,True,1,19,,
485,7,DG038,model.8.m.0.cv1.conv,<unresolved>,_ElementWiseOp,prune_out_channels,True,1,19,,
485,8,DG038,model.8.m.0.cv1.conv,model.8.m.0.m.1.cv1.conv,Conv2d,prune_in_channels,False,1,19,,
485,9,DG038,model.8.m.0.cv1.conv,<unresolved>,_ElementWiseOp,prune_out_channels,True,1,19,,
485,10,DG038,model.8.m.0.cv1.conv,<unresolved>,_ConcatOp,prune_out_channels,True,1,19,,
485,11,DG038,model.8.m.0.cv1.conv,model.8.m.0.cv3.conv,Conv2d,prune_in_channels,False,1,19,,
485,12,DG038,model.8.m.0.cv1.conv,model.8.m.0.m.1.cv2.bn,BatchNorm2d,prune_out_channels,True,1,19,,
485,13,DG038,model.8.m.0.cv1.conv,model.8.m.0.m.1.cv2.conv,Conv2d,prune_out_channels,True,1,19,56,55
485,14,DG038,model.8.m.0.cv1.conv,model.8.m.0.m.0.cv2.bn,BatchNorm2d,prune_out_channels,True,1,19,,
485,15,DG038,model.8.m.0.cv1.conv,model.8.m.0.m.0.cv2.conv,Conv2d,prune_out_channels,True,1,19,56,55
486,1,DG001,model.0.conv,model.0.conv,Conv2d,prune_out_channels,True,1,3,10,9
486,2,DG001,model.0.conv,model.0.bn,BatchNorm2d,prune_out_channels,True,1,3,,
486,3,DG001,model.0.conv,<unresolved>,_ElementWiseOp,prune_out_channels,True,1,3,,
486,4,DG001,model.0.conv,model.1.conv,Conv2d,prune_in_channels,False,1,3,,
487,1,DG002,model.1.conv,model.1.conv,Conv2d,prune_out_channels,True,1,2,24,23
487,2,DG002,model.1.conv,model.1.bn,BatchNorm2d,prune_out_channels,True,1,2,,
487,3,DG002,model.1.conv,<unresolved>,_ElementWiseOp,prune_out_channels,True,1,2,,
487,4,DG002,model.1.conv,model.2.cv1.conv,Conv2d,prune_in_channels,False,1,2,,
488,1,DG002,model.1.conv,model.1.conv,Conv2d,prune_out_channels,True,1,10,23,22
488,2,DG002,model.1.conv,model.1.bn,BatchNorm2d,prune_out_channels,True,1,10,,
488,3,DG002,model.1.conv,<unresolved>,_ElementWiseOp,prune_out_channels,True,1,10,,
488,4,DG002,model.1.conv,model.2.cv1.conv,Conv2d,prune_in_channels,False,1,10,,
489,1,DG004,model.10.m.0.ffn.0.conv,model.10.m.0.ffn.0.conv,Conv2d,prune_out_channels,True,1,88,129,128
489,2,DG004,model.10.m.0.ffn.0.conv,model.10.m.0.ffn.0.bn,BatchNorm2d,prune_out_channels,True,1,88,,
489,3,DG004,model.10.m.0.ffn.0.conv,<unresolved>,_ElementWiseOp,prune_out_channels,True,1,88,,
489,4,DG004,model.10.m.0.ffn.0.conv,model.10.m.0.ffn.1.conv,Conv2d,prune_in_channels,False,1,88,,
490,1,DG035,model.6.m.0.m.1.cv1.conv,model.6.m.0.m.1.cv1.conv,Conv2d,prune_out_channels,True,1,21,29,28
490,2,DG035,model.6.m.0.m.1.cv1.conv,model.6.m.0.m.1.cv1.bn,BatchNorm2d,prune_out_channels,True,1,21,,
490,3,DG035,model.6.m.0.m.1.cv1.conv,<unresolved>,_ElementWiseOp,prune_out_channels,True,1,21,,
490,4,DG035,model.6.m.0.m.1.cv1.conv,model.6.m.0.m.1.cv2.conv,Conv2d,prune_in_channels,False,1,21,,
491,1,DG035,model.6.m.0.m.1.cv1.conv,model.6.m.0.m.1.cv1.conv,Conv2d,prune_out_channels,True,1,23,28,27
491,2,DG035,model.6.m.0.m.1.cv1.conv,model.6.m.0.m.1.cv1.bn,BatchNorm2d,prune_out_channels,True,1,23,,
491,3,DG035,model.6.m.0.m.1.cv1.conv,<unresolved>,_ElementWiseOp,prune_out_channels,True,1,23,,
491,4,DG035,model.6.m.0.m.1.cv1.conv,model.6.m.0.m.1.cv2.conv,Conv2d,prune_in_channels,False,1,23,,
492,1,DG035,model.6.m.0.m.1.cv1.conv,model.6.m.0.m.1.cv1.conv,Conv2d,prune_out_channels,True,1,0,27,26
492,2,DG035,model.6.m.0.m.1.cv1.conv,model.6.m.0.m.1.cv1.bn,BatchNorm2d,prune_out_channels,True,1,0,,
492,3,DG035,model.6.m.0.m.1.cv1.conv,<unresolved>,_ElementWiseOp,prune_out_channels,True,1,0,,
492,4,DG035,model.6.m.0.m.1.cv1.conv,model.6.m.0.m.1.cv2.conv,Conv2d,prune_in_channels,False,1,0,,
493,1,DG038,model.8.m.0.cv1.conv,model.8.m.0.cv1.conv,Conv2d,prune_out_channels,True,1,21,55,54
493,2,DG038,model.8.m.0.cv1.conv,model.8.m.0.cv1.bn,BatchNorm2d,prune_out_channels,True,1,21,,
493,3,DG038,model.8.m.0.cv1.conv,<unresolved>,_ElementWiseOp,prune_out_channels,True,1,21,,
493,4,DG038,model.8.m.0.cv1.conv,<unresolved>,_ElementWiseOp,prune_out_channels,True,1,21,,
493,5,DG038,model.8.m.0.cv1.conv,model.8.m.0.m.0.cv1.conv,Conv2d,prune_in_channels,False,1,21,,
493,6,DG038,model.8.m.0.cv1.conv,<unresolved>,_ElementWiseOp,prune_out_channels,True,1,21,,
493,7,DG038,model.8.m.0.cv1.conv,<unresolved>,_ElementWiseOp,prune_out_channels,True,1,21,,
493,8,DG038,model.8.m.0.cv1.conv,model.8.m.0.m.1.cv1.conv,Conv2d,prune_in_channels,False,1,21,,
493,9,DG038,model.8.m.0.cv1.conv,<unresolved>,_ElementWiseOp,prune_out_channels,True,1,21,,
493,10,DG038,model.8.m.0.cv1.conv,<unresolved>,_ConcatOp,prune_out_channels,True,1,21,,
493,11,DG038,model.8.m.0.cv1.conv,model.8.m.0.cv3.conv,Conv2d,prune_in_channels,False,1,21,,
493,12,DG038,model.8.m.0.cv1.conv,model.8.m.0.m.1.cv2.bn,BatchNorm2d,prune_out_channels,True,1,21,,
493,13,DG038,model.8.m.0.cv1.conv,model.8.m.0.m.1.cv2.conv,Conv2d,prune_out_channels,True,1,21,55,54
493,14,DG038,model.8.m.0.cv1.conv,model.8.m.0.m.0.cv2.bn,BatchNorm2d,prune_out_channels,True,1,21,,
493,15,DG038,model.8.m.0.cv1.conv,model.8.m.0.m.0.cv2.conv,Conv2d,prune_out_channels,True,1,21,55,54
494,1,DG042,model.9.cv1.conv,model.9.cv1.conv,Conv2d,prune_out_channels,True,1,69,126,125
494,2,DG042,model.9.cv1.conv,model.9.cv1.bn,BatchNorm2d,prune_out_channels,True,1,69,,
494,3,DG042,model.9.cv1.conv,<unresolved>,_ConcatOp,prune_out_channels,True,4,69;195;321;447,,
494,4,DG042,model.9.cv1.conv,<unresolved>,_ElementWiseOp,prune_out_channels,True,1,69,,
494,5,DG042,model.9.cv1.conv,<unresolved>,_ElementWiseOp,prune_out_channels,True,1,69,,
494,6,DG042,model.9.cv1.conv,<unresolved>,_ElementWiseOp,prune_out_channels,True,1,69,,
494,7,DG042,model.9.cv1.conv,model.9.cv2.conv,Conv2d,prune_in_channels,False,4,69;195;321;447,,
495,1,DG019,model.19.m.0.m.0.cv1.conv,model.19.m.0.m.0.cv1.conv,Conv2d,prune_out_channels,True,1,17,23,22
495,2,DG019,model.19.m.0.m.0.cv1.conv,model.19.m.0.m.0.cv1.bn,BatchNorm2d,prune_out_channels,True,1,17,,
495,3,DG019,model.19.m.0.m.0.cv1.conv,<unresolved>,_ElementWiseOp,prune_out_channels,True,1,17,,
495,4,DG019,model.19.m.0.m.0.cv1.conv,model.19.m.0.m.0.cv2.conv,Conv2d,prune_in_channels,False,1,17,,
496,1,DG038,model.8.m.0.cv1.conv,model.8.m.0.cv1.conv,Conv2d,prune_out_channels,True,1,9,54,53
496,2,DG038,model.8.m.0.cv1.conv,model.8.m.0.cv1.bn,BatchNorm2d,prune_out_channels,True,1,9,,
496,3,DG038,model.8.m.0.cv1.conv,<unresolved>,_ElementWiseOp,prune_out_channels,True,1,9,,
496,4,DG038,model.8.m.0.cv1.conv,<unresolved>,_ElementWiseOp,prune_out_channels,True,1,9,,
496,5,DG038,model.8.m.0.cv1.conv,model.8.m.0.m.0.cv1.conv,Conv2d,prune_in_channels,False,1,9,,
496,6,DG038,model.8.m.0.cv1.conv,<unresolved>,_ElementWiseOp,prune_out_channels,True,1,9,,
496,7,DG038,model.8.m.0.cv1.conv,<unresolved>,_ElementWiseOp,prune_out_channels,True,1,9,,
496,8,DG038,model.8.m.0.cv1.conv,model.8.m.0.m.1.cv1.conv,Conv2d,prune_in_channels,False,1,9,,
496,9,DG038,model.8.m.0.cv1.conv,<unresolved>,_ElementWiseOp,prune_out_channels,True,1,9,,
496,10,DG038,model.8.m.0.cv1.conv,<unresolved>,_ConcatOp,prune_out_channels,True,1,9,,
496,11,DG038,model.8.m.0.cv1.conv,model.8.m.0.cv3.conv,Conv2d,prune_in_channels,False,1,9,,
496,12,DG038,model.8.m.0.cv1.conv,model.8.m.0.m.1.cv2.bn,BatchNorm2d,prune_out_channels,True,1,9,,
496,13,DG038,model.8.m.0.cv1.conv,model.8.m.0.m.1.cv2.conv,Conv2d,prune_out_channels,True,1,9,54,53
496,14,DG038,model.8.m.0.cv1.conv,model.8.m.0.m.0.cv2.bn,BatchNorm2d,prune_out_channels,True,1,9,,
496,15,DG038,model.8.m.0.cv1.conv,model.8.m.0.m.0.cv2.conv,Conv2d,prune_out_channels,True,1,9,54,53
497,1,DG028,model.4.cv2.conv,model.4.cv2.conv,Conv2d,prune_out_channels,True,1,102,128,127
497,2,DG028,model.4.cv2.conv,model.4.cv2.bn,BatchNorm2d,prune_out_channels,True,1,102,,
497,3,DG028,model.4.cv2.conv,<unresolved>,_ElementWiseOp,prune_out_channels,True,1,102,,
497,4,DG028,model.4.cv2.conv,model.5.conv,Conv2d,prune_in_channels,False,1,102,,
497,5,DG028,model.4.cv2.conv,<unresolved>,_ConcatOp,prune_out_channels,True,1,230,,
497,6,DG028,model.4.cv2.conv,model.16.cv1.conv,Conv2d,prune_in_channels,False,1,230,,
498,1,DG039,model.8.m.0.cv2.conv,model.8.m.0.cv2.conv,Conv2d,prune_out_channels,True,1,58,62,61
498,2,DG039,model.8.m.0.cv2.conv,model.8.m.0.cv2.bn,BatchNorm2d,prune_out_channels,True,1,58,,
498,3,DG039,model.8.m.0.cv2.conv,<unresolved>,_ElementWiseOp,prune_out_channels,True,1,58,,
498,4,DG039,model.8.m.0.cv2.conv,<unresolved>,_ConcatOp,prune_out_channels,True,1,111,,
498,5,DG039,model.8.m.0.cv2.conv,model.8.m.0.cv3.conv,Conv2d,prune_in_channels,False,1,111,,
499,1,DG019,model.19.m.0.m.0.cv1.conv,model.19.m.0.m.0.cv1.conv,Conv2d,prune_out_channels,True,1,2,22,21
499,2,DG019,model.19.m.0.m.0.cv1.conv,model.19.m.0.m.0.cv1.bn,BatchNorm2d,prune_out_channels,True,1,2,,
499,3,DG019,model.19.m.0.m.0.cv1.conv,<unresolved>,_ElementWiseOp,prune_out_channels,True,1,2,,
499,4,DG019,model.19.m.0.m.0.cv1.conv,model.19.m.0.m.0.cv2.conv,Conv2d,prune_in_channels,False,1,2,,
500,1,DG039,model.8.m.0.cv2.conv,model.8.m.0.cv2.conv,Conv2d,prune_out_channels,True,1,50,61,60
500,2,DG039,model.8.m.0.cv2.conv,model.8.m.0.cv2.bn,BatchNorm2d,prune_out_channels,True,1,50,,
500,3,DG039,model.8.m.0.cv2.conv,<unresolved>,_ElementWiseOp,prune_out_channels,True,1,50,,
500,4,DG039,model.8.m.0.cv2.conv,<unresolved>,_ConcatOp,prune_out_channels,True,1,103,,
500,5,DG039,model.8.m.0.cv2.conv,model.8.m.0.cv3.conv,Conv2d,prune_in_channels,False,1,103,,
501,1,DG035,model.6.m.0.m.1.cv1.conv,model.6.m.0.m.1.cv1.conv,Conv2d,prune_out_channels,True,1,14,26,25
501,2,DG035,model.6.m.0.m.1.cv1.conv,model.6.m.0.m.1.cv1.bn,BatchNorm2d,prune_out_channels,True,1,14,,
501,3,DG035,model.6.m.0.m.1.cv1.conv,<unresolved>,_ElementWiseOp,prune_out_channels,True,1,14,,
501,4,DG035,model.6.m.0.m.1.cv1.conv,model.6.m.0.m.1.cv2.conv,Conv2d,prune_in_channels,False,1,14,,
502,1,DG009,model.13.m.0.m.1.cv1.conv,model.13.m.0.m.1.cv1.conv,Conv2d,prune_out_channels,True,1,7,31,30
502,2,DG009,model.13.m.0.m.1.cv1.conv,model.13.m.0.m.1.cv1.bn,BatchNorm2d,prune_out_channels,True,1,7,,
502,3,DG009,model.13.m.0.m.1.cv1.conv,<unresolved>,_ElementWiseOp,prune_out_channels,True,1,7,,
502,4,DG009,model.13.m.0.m.1.cv1.conv,model.13.m.0.m.1.cv2.conv,Conv2d,prune_in_channels,False,1,7,,
503,1,DG039,model.8.m.0.cv2.conv,model.8.m.0.cv2.conv,Conv2d,prune_out_channels,True,1,21,60,59
503,2,DG039,model.8.m.0.cv2.conv,model.8.m.0.cv2.bn,BatchNorm2d,prune_out_channels,True,1,21,,
503,3,DG039,model.8.m.0.cv2.conv,<unresolved>,_ElementWiseOp,prune_out_channels,True,1,21,,
503,4,DG039,model.8.m.0.cv2.conv,<unresolved>,_ConcatOp,prune_out_channels,True,1,74,,
503,5,DG039,model.8.m.0.cv2.conv,model.8.m.0.cv3.conv,Conv2d,prune_in_channels,False,1,74,,
504,1,DG039,model.8.m.0.cv2.conv,model.8.m.0.cv2.conv,Conv2d,prune_out_channels,True,1,24,59,58
504,2,DG039,model.8.m.0.cv2.conv,model.8.m.0.cv2.bn,BatchNorm2d,prune_out_channels,True,1,24,,
504,3,DG039,model.8.m.0.cv2.conv,<unresolved>,_ElementWiseOp,prune_out_channels,True,1,24,,
504,4,DG039,model.8.m.0.cv2.conv,<unresolved>,_ConcatOp,prune_out_channels,True,1,77,,
504,5,DG039,model.8.m.0.cv2.conv,model.8.m.0.cv3.conv,Conv2d,prune_in_channels,False,1,77,,
505,1,DG009,model.13.m.0.m.1.cv1.conv,model.13.m.0.m.1.cv1.conv,Conv2d,prune_out_channels,True,1,20,30,29
505,2,DG009,model.13.m.0.m.1.cv1.conv,model.13.m.0.m.1.cv1.bn,BatchNorm2d,prune_out_channels,True,1,20,,
505,3,DG009,model.13.m.0.m.1.cv1.conv,<unresolved>,_ElementWiseOp,prune_out_channels,True,1,20,,
505,4,DG009,model.13.m.0.m.1.cv1.conv,model.13.m.0.m.1.cv2.conv,Conv2d,prune_in_channels,False,1,20,,
506,1,DG008,model.13.m.0.m.0.cv1.conv,model.13.m.0.m.0.cv1.conv,Conv2d,prune_out_channels,True,1,20,30,29
506,2,DG008,model.13.m.0.m.0.cv1.conv,model.13.m.0.m.0.cv1.bn,BatchNorm2d,prune_out_channels,True,1,20,,
506,3,DG008,model.13.m.0.m.0.cv1.conv,<unresolved>,_ElementWiseOp,prune_out_channels,True,1,20,,
506,4,DG008,model.13.m.0.m.0.cv1.conv,model.13.m.0.m.0.cv2.conv,Conv2d,prune_in_channels,False,1,20,,
507,1,DG034,model.6.m.0.m.0.cv1.conv,model.6.m.0.m.0.cv1.conv,Conv2d,prune_out_channels,True,1,14,22,21
507,2,DG034,model.6.m.0.m.0.cv1.conv,model.6.m.0.m.0.cv1.bn,BatchNorm2d,prune_out_channels,True,1,14,,
507,3,DG034,model.6.m.0.m.0.cv1.conv,<unresolved>,_ElementWiseOp,prune_out_channels,True,1,14,,
507,4,DG034,model.6.m.0.m.0.cv1.conv,model.6.m.0.m.0.cv2.conv,Conv2d,prune_in_channels,False,1,14,,
508,1,DG034,model.6.m.0.m.0.cv1.conv,model.6.m.0.m.0.cv1.conv,Conv2d,prune_out_channels,True,1,10,21,20
508,2,DG034,model.6.m.0.m.0.cv1.conv,model.6.m.0.m.0.cv1.bn,BatchNorm2d,prune_out_channels,True,1,10,,
508,3,DG034,model.6.m.0.m.0.cv1.conv,<unresolved>,_ElementWiseOp,prune_out_channels,True,1,10,,
508,4,DG034,model.6.m.0.m.0.cv1.conv,model.6.m.0.m.0.cv2.conv,Conv2d,prune_in_channels,False,1,10,,
509,1,DG008,model.13.m.0.m.0.cv1.conv,model.13.m.0.m.0.cv1.conv,Conv2d,prune_out_channels,True,1,7,29,28
509,2,DG008,model.13.m.0.m.0.cv1.conv,model.13.m.0.m.0.cv1.bn,BatchNorm2d,prune_out_channels,True,1,7,,
509,3,DG008,model.13.m.0.m.0.cv1.conv,<unresolved>,_ElementWiseOp,prune_out_channels,True,1,7,,
509,4,DG008,model.13.m.0.m.0.cv1.conv,model.13.m.0.m.0.cv2.conv,Conv2d,prune_in_channels,False,1,7,,
510,1,DG028,model.4.cv2.conv,model.4.cv2.conv,Conv2d,prune_out_channels,True,1,61,127,126
510,2,DG028,model.4.cv2.conv,model.4.cv2.bn,BatchNorm2d,prune_out_channels,True,1,61,,
510,3,DG028,model.4.cv2.conv,<unresolved>,_ElementWiseOp,prune_out_channels,True,1,61,,
510,4,DG028,model.4.cv2.conv,model.5.conv,Conv2d,prune_in_channels,False,1,61,,
510,5,DG028,model.4.cv2.conv,<unresolved>,_ConcatOp,prune_out_channels,True,1,189,,
510,6,DG028,model.4.cv2.conv,model.16.cv1.conv,Conv2d,prune_in_channels,False,1,189,,
511,1,DG002,model.1.conv,model.1.conv,Conv2d,prune_out_channels,True,1,18,22,21
511,2,DG002,model.1.conv,model.1.bn,BatchNorm2d,prune_out_channels,True,1,18,,
511,3,DG002,model.1.conv,<unresolved>,_ElementWiseOp,prune_out_channels,True,1,18,,
511,4,DG002,model.1.conv,model.2.cv1.conv,Conv2d,prune_in_channels,False,1,18,,
512,1,DG002,model.1.conv,model.1.conv,Conv2d,prune_out_channels,True,1,7,21,20
512,2,DG002,model.1.conv,model.1.bn,BatchNorm2d,prune_out_channels,True,1,7,,
512,3,DG002,model.1.conv,<unresolved>,_ElementWiseOp,prune_out_channels,True,1,7,,
512,4,DG002,model.1.conv,model.2.cv1.conv,Conv2d,prune_in_channels,False,1,7,,
513,1,DG009,model.13.m.0.m.1.cv1.conv,model.13.m.0.m.1.cv1.conv,Conv2d,prune_out_channels,True,1,15,29,28
513,2,DG009,model.13.m.0.m.1.cv1.conv,model.13.m.0.m.1.cv1.bn,BatchNorm2d,prune_out_channels,True,1,15,,
513,3,DG009,model.13.m.0.m.1.cv1.conv,<unresolved>,_ElementWiseOp,prune_out_channels,True,1,15,,
513,4,DG009,model.13.m.0.m.1.cv1.conv,model.13.m.0.m.1.cv2.conv,Conv2d,prune_in_channels,False,1,15,,
514,1,DG034,model.6.m.0.m.0.cv1.conv,model.6.m.0.m.0.cv1.conv,Conv2d,prune_out_channels,True,1,9,20,19
514,2,DG034,model.6.m.0.m.0.cv1.conv,model.6.m.0.m.0.cv1.bn,BatchNorm2d,prune_out_channels,True,1,9,,
514,3,DG034,model.6.m.0.m.0.cv1.conv,<unresolved>,_ElementWiseOp,prune_out_channels,True,1,9,,
514,4,DG034,model.6.m.0.m.0.cv1.conv,model.6.m.0.m.0.cv2.conv,Conv2d,prune_in_channels,False,1,9,,
515,1,DG002,model.1.conv,model.1.conv,Conv2d,prune_out_channels,True,1,7,20,19
515,2,DG002,model.1.conv,model.1.bn,BatchNorm2d,prune_out_channels,True,1,7,,
515,3,DG002,model.1.conv,<unresolved>,_ElementWiseOp,prune_out_channels,True,1,7,,
515,4,DG002,model.1.conv,model.2.cv1.conv,Conv2d,prune_in_channels,False,1,7,,
516,1,DG002,model.1.conv,model.1.conv,Conv2d,prune_out_channels,True,1,16,19,18
516,2,DG002,model.1.conv,model.1.bn,BatchNorm2d,prune_out_channels,True,1,16,,
516,3,DG002,model.1.conv,<unresolved>,_ElementWiseOp,prune_out_channels,True,1,16,,
516,4,DG002,model.1.conv,model.2.cv1.conv,Conv2d,prune_in_channels,False,1,16,,
517,1,DG019,model.19.m.0.m.0.cv1.conv,model.19.m.0.m.0.cv1.conv,Conv2d,prune_out_channels,True,1,10,21,20
517,2,DG019,model.19.m.0.m.0.cv1.conv,model.19.m.0.m.0.cv1.bn,BatchNorm2d,prune_out_channels,True,1,10,,
517,3,DG019,model.19.m.0.m.0.cv1.conv,<unresolved>,_ElementWiseOp,prune_out_channels,True,1,10,,
517,4,DG019,model.19.m.0.m.0.cv1.conv,model.19.m.0.m.0.cv2.conv,Conv2d,prune_in_channels,False,1,10,,
518,1,DG039,model.8.m.0.cv2.conv,model.8.m.0.cv2.conv,Conv2d,prune_out_channels,True,1,0,58,57
518,2,DG039,model.8.m.0.cv2.conv,model.8.m.0.cv2.bn,BatchNorm2d,prune_out_channels,True,1,0,,
518,3,DG039,model.8.m.0.cv2.conv,<unresolved>,_ElementWiseOp,prune_out_channels,True,1,0,,
518,4,DG039,model.8.m.0.cv2.conv,<unresolved>,_ConcatOp,prune_out_channels,True,1,53,,
518,5,DG039,model.8.m.0.cv2.conv,model.8.m.0.cv3.conv,Conv2d,prune_in_channels,False,1,53,,
519,1,DG009,model.13.m.0.m.1.cv1.conv,model.13.m.0.m.1.cv1.conv,Conv2d,prune_out_channels,True,1,26,28,27
519,2,DG009,model.13.m.0.m.1.cv1.conv,model.13.m.0.m.1.cv1.bn,BatchNorm2d,prune_out_channels,True,1,26,,
519,3,DG009,model.13.m.0.m.1.cv1.conv,<unresolved>,_ElementWiseOp,prune_out_channels,True,1,26,,
519,4,DG009,model.13.m.0.m.1.cv1.conv,model.13.m.0.m.1.cv2.conv,Conv2d,prune_in_channels,False,1,26,,
520,1,DG031,model.6.cv2.conv,model.6.cv2.conv,Conv2d,prune_out_channels,True,1,73,128,127
520,2,DG031,model.6.cv2.conv,model.6.cv2.bn,BatchNorm2d,prune_out_channels,True,1,73,,
520,3,DG031,model.6.cv2.conv,<unresolved>,_ElementWiseOp,prune_out_channels,True,1,73,,
520,4,DG031,model.6.cv2.conv,model.7.conv,Conv2d,prune_in_channels,False,1,73,,
520,5,DG031,model.6.cv2.conv,<unresolved>,_ConcatOp,prune_out_channels,True,1,328,,
520,6,DG031,model.6.cv2.conv,model.13.cv1.conv,Conv2d,prune_in_channels,False,1,328,,
521,1,DG028,model.4.cv2.conv,model.4.cv2.conv,Conv2d,prune_out_channels,True,1,121,126,125
521,2,DG028,model.4.cv2.conv,model.4.cv2.bn,BatchNorm2d,prune_out_channels,True,1,121,,
521,3,DG028,model.4.cv2.conv,<unresolved>,_ElementWiseOp,prune_out_channels,True,1,121,,
521,4,DG028,model.4.cv2.conv,model.5.conv,Conv2d,prune_in_channels,False,1,121,,
521,5,DG028,model.4.cv2.conv,<unresolved>,_ConcatOp,prune_out_channels,True,1,249,,
521,6,DG028,model.4.cv2.conv,model.16.cv1.conv,Conv2d,prune_in_channels,False,1,249,,
522,1,DG001,model.0.conv,model.0.conv,Conv2d,prune_out_channels,True,1,5,9,8
522,2,DG001,model.0.conv,model.0.bn,BatchNorm2d,prune_out_channels,True,1,5,,
522,3,DG001,model.0.conv,<unresolved>,_ElementWiseOp,prune_out_channels,True,1,5,,
522,4,DG001,model.0.conv,model.1.conv,Conv2d,prune_in_channels,False,1,5,,
523,1,DG002,model.1.conv,model.1.conv,Conv2d,prune_out_channels,True,1,13,18,17
523,2,DG002,model.1.conv,model.1.bn,BatchNorm2d,prune_out_channels,True,1,13,,
523,3,DG002,model.1.conv,<unresolved>,_ElementWiseOp,prune_out_channels,True,1,13,,
523,4,DG002,model.1.conv,model.2.cv1.conv,Conv2d,prune_in_channels,False,1,13,,
524,1,DG039,model.8.m.0.cv2.conv,model.8.m.0.cv2.conv,Conv2d,prune_out_channels,True,1,42,57,56
524,2,DG039,model.8.m.0.cv2.conv,model.8.m.0.cv2.bn,BatchNorm2d,prune_out_channels,True,1,42,,
524,3,DG039,model.8.m.0.cv2.conv,<unresolved>,_ElementWiseOp,prune_out_channels,True,1,42,,
524,4,DG039,model.8.m.0.cv2.conv,<unresolved>,_ConcatOp,prune_out_channels,True,1,95,,
524,5,DG039,model.8.m.0.cv2.conv,model.8.m.0.cv3.conv,Conv2d,prune_in_channels,False,1,95,,
525,1,DG009,model.13.m.0.m.1.cv1.conv,model.13.m.0.m.1.cv1.conv,Conv2d,prune_out_channels,True,1,23,27,26
525,2,DG009,model.13.m.0.m.1.cv1.conv,model.13.m.0.m.1.cv1.bn,BatchNorm2d,prune_out_channels,True,1,23,,
525,3,DG009,model.13.m.0.m.1.cv1.conv,<unresolved>,_ElementWiseOp,prune_out_channels,True,1,23,,
525,4,DG009,model.13.m.0.m.1.cv1.conv,model.13.m.0.m.1.cv2.conv,Conv2d,prune_in_channels,False,1,23,,
526,1,DG039,model.8.m.0.cv2.conv,model.8.m.0.cv2.conv,Conv2d,prune_out_channels,True,1,34,56,55
526,2,DG039,model.8.m.0.cv2.conv,model.8.m.0.cv2.bn,BatchNorm2d,prune_out_channels,True,1,34,,
526,3,DG039,model.8.m.0.cv2.conv,<unresolved>,_ElementWiseOp,prune_out_channels,True,1,34,,
526,4,DG039,model.8.m.0.cv2.conv,<unresolved>,_ConcatOp,prune_out_channels,True,1,87,,
526,5,DG039,model.8.m.0.cv2.conv,model.8.m.0.cv3.conv,Conv2d,prune_in_channels,False,1,87,,
527,1,DG039,model.8.m.0.cv2.conv,model.8.m.0.cv2.conv,Conv2d,prune_out_channels,True,1,21,55,54
527,2,DG039,model.8.m.0.cv2.conv,model.8.m.0.cv2.bn,BatchNorm2d,prune_out_channels,True,1,21,,
527,3,DG039,model.8.m.0.cv2.conv,<unresolved>,_ElementWiseOp,prune_out_channels,True,1,21,,
527,4,DG039,model.8.m.0.cv2.conv,<unresolved>,_ConcatOp,prune_out_channels,True,1,74,,
527,5,DG039,model.8.m.0.cv2.conv,model.8.m.0.cv3.conv,Conv2d,prune_in_channels,False,1,74,,
528,1,DG009,model.13.m.0.m.1.cv1.conv,model.13.m.0.m.1.cv1.conv,Conv2d,prune_out_channels,True,1,14,26,25
528,2,DG009,model.13.m.0.m.1.cv1.conv,model.13.m.0.m.1.cv1.bn,BatchNorm2d,prune_out_channels,True,1,14,,
528,3,DG009,model.13.m.0.m.1.cv1.conv,<unresolved>,_ElementWiseOp,prune_out_channels,True,1,14,,
528,4,DG009,model.13.m.0.m.1.cv1.conv,model.13.m.0.m.1.cv2.conv,Conv2d,prune_in_channels,False,1,14,,
529,1,DG039,model.8.m.0.cv2.conv,model.8.m.0.cv2.conv,Conv2d,prune_out_channels,True,1,27,54,53
529,2,DG039,model.8.m.0.cv2.conv,model.8.m.0.cv2.bn,BatchNorm2d,prune_out_channels,True,1,27,,
529,3,DG039,model.8.m.0.cv2.conv,<unresolved>,_ElementWiseOp,prune_out_channels,True,1,27,,
529,4,DG039,model.8.m.0.cv2.conv,<unresolved>,_ConcatOp,prune_out_channels,True,1,80,,
529,5,DG039,model.8.m.0.cv2.conv,model.8.m.0.cv3.conv,Conv2d,prune_in_channels,False,1,80,,
530,1,DG035,model.6.m.0.m.1.cv1.conv,model.6.m.0.m.1.cv1.conv,Conv2d,prune_out_channels,True,1,16,25,24
530,2,DG035,model.6.m.0.m.1.cv1.conv,model.6.m.0.m.1.cv1.bn,BatchNorm2d,prune_out_channels,True,1,16,,
530,3,DG035,model.6.m.0.m.1.cv1.conv,<unresolved>,_ElementWiseOp,prune_out_channels,True,1,16,,
530,4,DG035,model.6.m.0.m.1.cv1.conv,model.6.m.0.m.1.cv2.conv,Conv2d,prune_in_channels,False,1,16,,
531,1,DG035,model.6.m.0.m.1.cv1.conv,model.6.m.0.m.1.cv1.conv,Conv2d,prune_out_channels,True,1,17,24,23
531,2,DG035,model.6.m.0.m.1.cv1.conv,model.6.m.0.m.1.cv1.bn,BatchNorm2d,prune_out_channels,True,1,17,,
531,3,DG035,model.6.m.0.m.1.cv1.conv,<unresolved>,_ElementWiseOp,prune_out_channels,True,1,17,,
531,4,DG035,model.6.m.0.m.1.cv1.conv,model.6.m.0.m.1.cv2.conv,Conv2d,prune_in_channels,False,1,17,,
532,1,DG039,model.8.m.0.cv2.conv,model.8.m.0.cv2.conv,Conv2d,prune_out_channels,True,1,34,53,52
532,2,DG039,model.8.m.0.cv2.conv,model.8.m.0.cv2.bn,BatchNorm2d,prune_out_channels,True,1,34,,
532,3,DG039,model.8.m.0.cv2.conv,<unresolved>,_ElementWiseOp,prune_out_channels,True,1,34,,
532,4,DG039,model.8.m.0.cv2.conv,<unresolved>,_ConcatOp,prune_out_channels,True,1,87,,
532,5,DG039,model.8.m.0.cv2.conv,model.8.m.0.cv3.conv,Conv2d,prune_in_channels,False,1,87,,
533,1,DG028,model.4.cv2.conv,model.4.cv2.conv,Conv2d,prune_out_channels,True,1,18,125,124
533,2,DG028,model.4.cv2.conv,model.4.cv2.bn,BatchNorm2d,prune_out_channels,True,1,18,,
533,3,DG028,model.4.cv2.conv,<unresolved>,_ElementWiseOp,prune_out_channels,True,1,18,,
533,4,DG028,model.4.cv2.conv,model.5.conv,Conv2d,prune_in_channels,False,1,18,,
533,5,DG028,model.4.cv2.conv,<unresolved>,_ConcatOp,prune_out_channels,True,1,146,,
533,6,DG028,model.4.cv2.conv,model.16.cv1.conv,Conv2d,prune_in_channels,False,1,146,,
534,1,DG009,model.13.m.0.m.1.cv1.conv,model.13.m.0.m.1.cv1.conv,Conv2d,prune_out_channels,True,1,6,25,24
534,2,DG009,model.13.m.0.m.1.cv1.conv,model.13.m.0.m.1.cv1.bn,BatchNorm2d,prune_out_channels,True,1,6,,
534,3,DG009,model.13.m.0.m.1.cv1.conv,<unresolved>,_ElementWiseOp,prune_out_channels,True,1,6,,
534,4,DG009,model.13.m.0.m.1.cv1.conv,model.13.m.0.m.1.cv2.conv,Conv2d,prune_in_channels,False,1,6,,
535,1,DG019,model.19.m.0.m.0.cv1.conv,model.19.m.0.m.0.cv1.conv,Conv2d,prune_out_channels,True,1,1,20,19
535,2,DG019,model.19.m.0.m.0.cv1.conv,model.19.m.0.m.0.cv1.bn,BatchNorm2d,prune_out_channels,True,1,1,,
535,3,DG019,model.19.m.0.m.0.cv1.conv,<unresolved>,_ElementWiseOp,prune_out_channels,True,1,1,,
535,4,DG019,model.19.m.0.m.0.cv1.conv,model.19.m.0.m.0.cv2.conv,Conv2d,prune_in_channels,False,1,1,,
536,1,DG039,model.8.m.0.cv2.conv,model.8.m.0.cv2.conv,Conv2d,prune_out_channels,True,1,40,52,51
536,2,DG039,model.8.m.0.cv2.conv,model.8.m.0.cv2.bn,BatchNorm2d,prune_out_channels,True,1,40,,
536,3,DG039,model.8.m.0.cv2.conv,<unresolved>,_ElementWiseOp,prune_out_channels,True,1,40,,
536,4,DG039,model.8.m.0.cv2.conv,<unresolved>,_ConcatOp,prune_out_channels,True,1,93,,
536,5,DG039,model.8.m.0.cv2.conv,model.8.m.0.cv3.conv,Conv2d,prune_in_channels,False,1,93,,
537,1,DG042,model.9.cv1.conv,model.9.cv1.conv,Conv2d,prune_out_channels,True,1,65,125,124
537,2,DG042,model.9.cv1.conv,model.9.cv1.bn,BatchNorm2d,prune_out_channels,True,1,65,,
537,3,DG042,model.9.cv1.conv,<unresolved>,_ConcatOp,prune_out_channels,True,4,65;190;315;440,,
537,4,DG042,model.9.cv1.conv,<unresolved>,_ElementWiseOp,prune_out_channels,True,1,65,,
537,5,DG042,model.9.cv1.conv,<unresolved>,_ElementWiseOp,prune_out_channels,True,1,65,,
537,6,DG042,model.9.cv1.conv,<unresolved>,_ElementWiseOp,prune_out_channels,True,1,65,,
537,7,DG042,model.9.cv1.conv,model.9.cv2.conv,Conv2d,prune_in_channels,False,4,65;190;315;440,,
538,1,DG002,model.1.conv,model.1.conv,Conv2d,prune_out_channels,True,1,12,17,16
538,2,DG002,model.1.conv,model.1.bn,BatchNorm2d,prune_out_channels,True,1,12,,
538,3,DG002,model.1.conv,<unresolved>,_ElementWiseOp,prune_out_channels,True,1,12,,
538,4,DG002,model.1.conv,model.2.cv1.conv,Conv2d,prune_in_channels,False,1,12,,
539,1,DG039,model.8.m.0.cv2.conv,model.8.m.0.cv2.conv,Conv2d,prune_out_channels,True,1,44,51,50
539,2,DG039,model.8.m.0.cv2.conv,model.8.m.0.cv2.bn,BatchNorm2d,prune_out_channels,True,1,44,,
539,3,DG039,model.8.m.0.cv2.conv,<unresolved>,_ElementWiseOp,prune_out_channels,True,1,44,,
539,4,DG039,model.8.m.0.cv2.conv,<unresolved>,_ConcatOp,prune_out_channels,True,1,97,,
539,5,DG039,model.8.m.0.cv2.conv,model.8.m.0.cv3.conv,Conv2d,prune_in_channels,False,1,97,,
540,1,DG034,model.6.m.0.m.0.cv1.conv,model.6.m.0.m.0.cv1.conv,Conv2d,prune_out_channels,True,1,8,19,18
540,2,DG034,model.6.m.0.m.0.cv1.conv,model.6.m.0.m.0.cv1.bn,BatchNorm2d,prune_out_channels,True,1,8,,
540,3,DG034,model.6.m.0.m.0.cv1.conv,<unresolved>,_ElementWiseOp,prune_out_channels,True,1,8,,
540,4,DG034,model.6.m.0.m.0.cv1.conv,model.6.m.0.m.0.cv2.conv,Conv2d,prune_in_channels,False,1,8,,
541,1,DG035,model.6.m.0.m.1.cv1.conv,model.6.m.0.m.1.cv1.conv,Conv2d,prune_out_channels,True,1,14,23,22
541,2,DG035,model.6.m.0.m.1.cv1.conv,model.6.m.0.m.1.cv1.bn,BatchNorm2d,prune_out_channels,True,1,14,,
541,3,DG035,model.6.m.0.m.1.cv1.conv,<unresolved>,_ElementWiseOp,prune_out_channels,True,1,14,,
541,4,DG035,model.6.m.0.m.1.cv1.conv,model.6.m.0.m.1.cv2.conv,Conv2d,prune_in_channels,False,1,14,,
542,1,DG039,model.8.m.0.cv2.conv,model.8.m.0.cv2.conv,Conv2d,prune_out_channels,True,1,39,50,49
542,2,DG039,model.8.m.0.cv2.conv,model.8.m.0.cv2.bn,BatchNorm2d,prune_out_channels,True,1,39,,
542,3,DG039,model.8.m.0.cv2.conv,<unresolved>,_ElementWiseOp,prune_out_channels,True,1,39,,
542,4,DG039,model.8.m.0.cv2.conv,<unresolved>,_ConcatOp,prune_out_channels,True,1,92,,
542,5,DG039,model.8.m.0.cv2.conv,model.8.m.0.cv3.conv,Conv2d,prune_in_channels,False,1,92,,
543,1,DG038,model.8.m.0.cv1.conv,model.8.m.0.cv1.conv,Conv2d,prune_out_channels,True,1,3,53,52
543,2,DG038,model.8.m.0.cv1.conv,model.8.m.0.cv1.bn,BatchNorm2d,prune_out_channels,True,1,3,,
543,3,DG038,model.8.m.0.cv1.conv,<unresolved>,_ElementWiseOp,prune_out_channels,True,1,3,,
543,4,DG038,model.8.m.0.cv1.conv,<unresolved>,_ElementWiseOp,prune_out_channels,True,1,3,,
543,5,DG038,model.8.m.0.cv1.conv,model.8.m.0.m.0.cv1.conv,Conv2d,prune_in_channels,False,1,3,,
543,6,DG038,model.8.m.0.cv1.conv,<unresolved>,_ElementWiseOp,prune_out_channels,True,1,3,,
543,7,DG038,model.8.m.0.cv1.conv,<unresolved>,_ElementWiseOp,prune_out_channels,True,1,3,,
543,8,DG038,model.8.m.0.cv1.conv,model.8.m.0.m.1.cv1.conv,Conv2d,prune_in_channels,False,1,3,,
543,9,DG038,model.8.m.0.cv1.conv,<unresolved>,_ElementWiseOp,prune_out_channels,True,1,3,,
543,10,DG038,model.8.m.0.cv1.conv,<unresolved>,_ConcatOp,prune_out_channels,True,1,3,,
543,11,DG038,model.8.m.0.cv1.conv,model.8.m.0.cv3.conv,Conv2d,prune_in_channels,False,1,3,,
543,12,DG038,model.8.m.0.cv1.conv,model.8.m.0.m.1.cv2.bn,BatchNorm2d,prune_out_channels,True,1,3,,
543,13,DG038,model.8.m.0.cv1.conv,model.8.m.0.m.1.cv2.conv,Conv2d,prune_out_channels,True,1,3,53,52
543,14,DG038,model.8.m.0.cv1.conv,model.8.m.0.m.0.cv2.bn,BatchNorm2d,prune_out_channels,True,1,3,,
543,15,DG038,model.8.m.0.cv1.conv,model.8.m.0.m.0.cv2.conv,Conv2d,prune_out_channels,True,1,3,53,52
544,1,DG035,model.6.m.0.m.1.cv1.conv,model.6.m.0.m.1.cv1.conv,Conv2d,prune_out_channels,True,1,1,22,21
544,2,DG035,model.6.m.0.m.1.cv1.conv,model.6.m.0.m.1.cv1.bn,BatchNorm2d,prune_out_channels,True,1,1,,
544,3,DG035,model.6.m.0.m.1.cv1.conv,<unresolved>,_ElementWiseOp,prune_out_channels,True,1,1,,
544,4,DG035,model.6.m.0.m.1.cv1.conv,model.6.m.0.m.1.cv2.conv,Conv2d,prune_in_channels,False,1,1,,
545,1,DG039,model.8.m.0.cv2.conv,model.8.m.0.cv2.conv,Conv2d,prune_out_channels,True,1,23,49,48
545,2,DG039,model.8.m.0.cv2.conv,model.8.m.0.cv2.bn,BatchNorm2d,prune_out_channels,True,1,23,,
545,3,DG039,model.8.m.0.cv2.conv,<unresolved>,_ElementWiseOp,prune_out_channels,True,1,23,,
545,4,DG039,model.8.m.0.cv2.conv,<unresolved>,_ConcatOp,prune_out_channels,True,1,75,,
545,5,DG039,model.8.m.0.cv2.conv,model.8.m.0.cv3.conv,Conv2d,prune_in_channels,False,1,75,,
546,1,DG019,model.19.m.0.m.0.cv1.conv,model.19.m.0.m.0.cv1.conv,Conv2d,prune_out_channels,True,1,12,19,18
546,2,DG019,model.19.m.0.m.0.cv1.conv,model.19.m.0.m.0.cv1.bn,BatchNorm2d,prune_out_channels,True,1,12,,
546,3,DG019,model.19.m.0.m.0.cv1.conv,<unresolved>,_ElementWiseOp,prune_out_channels,True,1,12,,
546,4,DG019,model.19.m.0.m.0.cv1.conv,model.19.m.0.m.0.cv2.conv,Conv2d,prune_in_channels,False,1,12,,
547,1,DG009,model.13.m.0.m.1.cv1.conv,model.13.m.0.m.1.cv1.conv,Conv2d,prune_out_channels,True,1,21,24,23
547,2,DG009,model.13.m.0.m.1.cv1.conv,model.13.m.0.m.1.cv1.bn,BatchNorm2d,prune_out_channels,True,1,21,,
547,3,DG009,model.13.m.0.m.1.cv1.conv,<unresolved>,_ElementWiseOp,prune_out_channels,True,1,21,,
547,4,DG009,model.13.m.0.m.1.cv1.conv,model.13.m.0.m.1.cv2.conv,Conv2d,prune_in_channels,False,1,21,,
548,1,DG035,model.6.m.0.m.1.cv1.conv,model.6.m.0.m.1.cv1.conv,Conv2d,prune_out_channels,True,1,10,21,20
548,2,DG035,model.6.m.0.m.1.cv1.conv,model.6.m.0.m.1.cv1.bn,BatchNorm2d,prune_out_channels,True,1,10,,
548,3,DG035,model.6.m.0.m.1.cv1.conv,<unresolved>,_ElementWiseOp,prune_out_channels,True,1,10,,
548,4,DG035,model.6.m.0.m.1.cv1.conv,model.6.m.0.m.1.cv2.conv,Conv2d,prune_in_channels,False,1,10,,
549,1,DG028,model.4.cv2.conv,model.4.cv2.conv,Conv2d,prune_out_channels,True,1,56,124,123
549,2,DG028,model.4.cv2.conv,model.4.cv2.bn,BatchNorm2d,prune_out_channels,True,1,56,,
549,3,DG028,model.4.cv2.conv,<unresolved>,_ElementWiseOp,prune_out_channels,True,1,56,,
549,4,DG028,model.4.cv2.conv,model.5.conv,Conv2d,prune_in_channels,False,1,56,,
549,5,DG028,model.4.cv2.conv,<unresolved>,_ConcatOp,prune_out_channels,True,1,184,,
549,6,DG028,model.4.cv2.conv,model.16.cv1.conv,Conv2d,prune_in_channels,False,1,184,,
550,1,DG019,model.19.m.0.m.0.cv1.conv,model.19.m.0.m.0.cv1.conv,Conv2d,prune_out_channels,True,1,17,18,17
550,2,DG019,model.19.m.0.m.0.cv1.conv,model.19.m.0.m.0.cv1.bn,BatchNorm2d,prune_out_channels,True,1,17,,
550,3,DG019,model.19.m.0.m.0.cv1.conv,<unresolved>,_ElementWiseOp,prune_out_channels,True,1,17,,
550,4,DG019,model.19.m.0.m.0.cv1.conv,model.19.m.0.m.0.cv2.conv,Conv2d,prune_in_channels,False,1,17,,
551,1,DG039,model.8.m.0.cv2.conv,model.8.m.0.cv2.conv,Conv2d,prune_out_channels,True,1,14,48,47
551,2,DG039,model.8.m.0.cv2.conv,model.8.m.0.cv2.bn,BatchNorm2d,prune_out_channels,True,1,14,,
551,3,DG039,model.8.m.0.cv2.conv,<unresolved>,_ElementWiseOp,prune_out_channels,True,1,14,,
551,4,DG039,model.8.m.0.cv2.conv,<unresolved>,_ConcatOp,prune_out_channels,True,1,66,,
551,5,DG039,model.8.m.0.cv2.conv,model.8.m.0.cv3.conv,Conv2d,prune_in_channels,False,1,66,,
552,1,DG009,model.13.m.0.m.1.cv1.conv,model.13.m.0.m.1.cv1.conv,Conv2d,prune_out_channels,True,1,16,23,22
552,2,DG009,model.13.m.0.m.1.cv1.conv,model.13.m.0.m.1.cv1.bn,BatchNorm2d,prune_out_channels,True,1,16,,
552,3,DG009,model.13.m.0.m.1.cv1.conv,<unresolved>,_ElementWiseOp,prune_out_channels,True,1,16,,
552,4,DG009,model.13.m.0.m.1.cv1.conv,model.13.m.0.m.1.cv2.conv,Conv2d,prune_in_channels,False,1,16,,
553,1,DG035,model.6.m.0.m.1.cv1.conv,model.6.m.0.m.1.cv1.conv,Conv2d,prune_out_channels,True,1,2,20,19
553,2,DG035,model.6.m.0.m.1.cv1.conv,model.6.m.0.m.1.cv1.bn,BatchNorm2d,prune_out_channels,True,1,2,,
553,3,DG035,model.6.m.0.m.1.cv1.conv,<unresolved>,_ElementWiseOp,prune_out_channels,True,1,2,,
553,4,DG035,model.6.m.0.m.1.cv1.conv,model.6.m.0.m.1.cv2.conv,Conv2d,prune_in_channels,False,1,2,,
554,1,DG039,model.8.m.0.cv2.conv,model.8.m.0.cv2.conv,Conv2d,prune_out_channels,True,1,20,47,46
554,2,DG039,model.8.m.0.cv2.conv,model.8.m.0.cv2.bn,BatchNorm2d,prune_out_channels,True,1,20,,
554,3,DG039,model.8.m.0.cv2.conv,<unresolved>,_ElementWiseOp,prune_out_channels,True,1,20,,
554,4,DG039,model.8.m.0.cv2.conv,<unresolved>,_ConcatOp,prune_out_channels,True,1,72,,
554,5,DG039,model.8.m.0.cv2.conv,model.8.m.0.cv3.conv,Conv2d,prune_in_channels,False,1,72,,
555,1,DG035,model.6.m.0.m.1.cv1.conv,model.6.m.0.m.1.cv1.conv,Conv2d,prune_out_channels,True,1,18,19,18
555,2,DG035,model.6.m.0.m.1.cv1.conv,model.6.m.0.m.1.cv1.bn,BatchNorm2d,prune_out_channels,True,1,18,,
555,3,DG035,model.6.m.0.m.1.cv1.conv,<unresolved>,_ElementWiseOp,prune_out_channels,True,1,18,,
555,4,DG035,model.6.m.0.m.1.cv1.conv,model.6.m.0.m.1.cv2.conv,Conv2d,prune_in_channels,False,1,18,,
556,1,DG039,model.8.m.0.cv2.conv,model.8.m.0.cv2.conv,Conv2d,prune_out_channels,True,1,8,46,45
556,2,DG039,model.8.m.0.cv2.conv,model.8.m.0.cv2.bn,BatchNorm2d,prune_out_channels,True,1,8,,
556,3,DG039,model.8.m.0.cv2.conv,<unresolved>,_ElementWiseOp,prune_out_channels,True,1,8,,
556,4,DG039,model.8.m.0.cv2.conv,<unresolved>,_ConcatOp,prune_out_channels,True,1,60,,
556,5,DG039,model.8.m.0.cv2.conv,model.8.m.0.cv3.conv,Conv2d,prune_in_channels,False,1,60,,
557,1,DG039,model.8.m.0.cv2.conv,model.8.m.0.cv2.conv,Conv2d,prune_out_channels,True,1,9,45,44
557,2,DG039,model.8.m.0.cv2.conv,model.8.m.0.cv2.bn,BatchNorm2d,prune_out_channels,True,1,9,,
557,3,DG039,model.8.m.0.cv2.conv,<unresolved>,_ElementWiseOp,prune_out_channels,True,1,9,,
557,4,DG039,model.8.m.0.cv2.conv,<unresolved>,_ConcatOp,prune_out_channels,True,1,61,,
557,5,DG039,model.8.m.0.cv2.conv,model.8.m.0.cv3.conv,Conv2d,prune_in_channels,False,1,61,,
558,1,DG019,model.19.m.0.m.0.cv1.conv,model.19.m.0.m.0.cv1.conv,Conv2d,prune_out_channels,True,1,5,17,16
558,2,DG019,model.19.m.0.m.0.cv1.conv,model.19.m.0.m.0.cv1.bn,BatchNorm2d,prune_out_channels,True,1,5,,
558,3,DG019,model.19.m.0.m.0.cv1.conv,<unresolved>,_ElementWiseOp,prune_out_channels,True,1,5,,
558,4,DG019,model.19.m.0.m.0.cv1.conv,model.19.m.0.m.0.cv2.conv,Conv2d,prune_in_channels,False,1,5,,
559,1,DG039,model.8.m.0.cv2.conv,model.8.m.0.cv2.conv,Conv2d,prune_out_channels,True,1,15,44,43
559,2,DG039,model.8.m.0.cv2.conv,model.8.m.0.cv2.bn,BatchNorm2d,prune_out_channels,True,1,15,,
559,3,DG039,model.8.m.0.cv2.conv,<unresolved>,_ElementWiseOp,prune_out_channels,True,1,15,,
559,4,DG039,model.8.m.0.cv2.conv,<unresolved>,_ConcatOp,prune_out_channels,True,1,67,,
559,5,DG039,model.8.m.0.cv2.conv,model.8.m.0.cv3.conv,Conv2d,prune_in_channels,False,1,67,,
560,1,DG009,model.13.m.0.m.1.cv1.conv,model.13.m.0.m.1.cv1.conv,Conv2d,prune_out_channels,True,1,20,22,21
560,2,DG009,model.13.m.0.m.1.cv1.conv,model.13.m.0.m.1.cv1.bn,BatchNorm2d,prune_out_channels,True,1,20,,
560,3,DG009,model.13.m.0.m.1.cv1.conv,<unresolved>,_ElementWiseOp,prune_out_channels,True,1,20,,
560,4,DG009,model.13.m.0.m.1.cv1.conv,model.13.m.0.m.1.cv2.conv,Conv2d,prune_in_channels,False,1,20,,
561,1,DG039,model.8.m.0.cv2.conv,model.8.m.0.cv2.conv,Conv2d,prune_out_channels,True,1,15,43,42
561,2,DG039,model.8.m.0.cv2.conv,model.8.m.0.cv2.bn,BatchNorm2d,prune_out_channels,True,1,15,,
561,3,DG039,model.8.m.0.cv2.conv,<unresolved>,_ElementWiseOp,prune_out_channels,True,1,15,,
561,4,DG039,model.8.m.0.cv2.conv,<unresolved>,_ConcatOp,prune_out_channels,True,1,67,,
561,5,DG039,model.8.m.0.cv2.conv,model.8.m.0.cv3.conv,Conv2d,prune_in_channels,False,1,67,,
562,1,DG039,model.8.m.0.cv2.conv,model.8.m.0.cv2.conv,Conv2d,prune_out_channels,True,1,29,42,41
562,2,DG039,model.8.m.0.cv2.conv,model.8.m.0.cv2.bn,BatchNorm2d,prune_out_channels,True,1,29,,
562,3,DG039,model.8.m.0.cv2.conv,<unresolved>,_ElementWiseOp,prune_out_channels,True,1,29,,
562,4,DG039,model.8.m.0.cv2.conv,<unresolved>,_ConcatOp,prune_out_channels,True,1,81,,
562,5,DG039,model.8.m.0.cv2.conv,model.8.m.0.cv3.conv,Conv2d,prune_in_channels,False,1,81,,
563,1,DG039,model.8.m.0.cv2.conv,model.8.m.0.cv2.conv,Conv2d,prune_out_channels,True,1,38,41,40
563,2,DG039,model.8.m.0.cv2.conv,model.8.m.0.cv2.bn,BatchNorm2d,prune_out_channels,True,1,38,,
563,3,DG039,model.8.m.0.cv2.conv,<unresolved>,_ElementWiseOp,prune_out_channels,True,1,38,,
563,4,DG039,model.8.m.0.cv2.conv,<unresolved>,_ConcatOp,prune_out_channels,True,1,90,,
563,5,DG039,model.8.m.0.cv2.conv,model.8.m.0.cv3.conv,Conv2d,prune_in_channels,False,1,90,,
564,1,DG039,model.8.m.0.cv2.conv,model.8.m.0.cv2.conv,Conv2d,prune_out_channels,True,1,27,40,39
564,2,DG039,model.8.m.0.cv2.conv,model.8.m.0.cv2.bn,BatchNorm2d,prune_out_channels,True,1,27,,
564,3,DG039,model.8.m.0.cv2.conv,<unresolved>,_ElementWiseOp,prune_out_channels,True,1,27,,
564,4,DG039,model.8.m.0.cv2.conv,<unresolved>,_ConcatOp,prune_out_channels,True,1,79,,
564,5,DG039,model.8.m.0.cv2.conv,model.8.m.0.cv3.conv,Conv2d,prune_in_channels,False,1,79,,
565,1,DG039,model.8.m.0.cv2.conv,model.8.m.0.cv2.conv,Conv2d,prune_out_channels,True,1,30,39,38
565,2,DG039,model.8.m.0.cv2.conv,model.8.m.0.cv2.bn,BatchNorm2d,prune_out_channels,True,1,30,,
565,3,DG039,model.8.m.0.cv2.conv,<unresolved>,_ElementWiseOp,prune_out_channels,True,1,30,,
565,4,DG039,model.8.m.0.cv2.conv,<unresolved>,_ConcatOp,prune_out_channels,True,1,82,,
565,5,DG039,model.8.m.0.cv2.conv,model.8.m.0.cv3.conv,Conv2d,prune_in_channels,False,1,82,,
566,1,DG008,model.13.m.0.m.0.cv1.conv,model.13.m.0.m.0.cv1.conv,Conv2d,prune_out_channels,True,1,13,28,27
566,2,DG008,model.13.m.0.m.0.cv1.conv,model.13.m.0.m.0.cv1.bn,BatchNorm2d,prune_out_channels,True,1,13,,
566,3,DG008,model.13.m.0.m.0.cv1.conv,<unresolved>,_ElementWiseOp,prune_out_channels,True,1,13,,
566,4,DG008,model.13.m.0.m.0.cv1.conv,model.13.m.0.m.0.cv2.conv,Conv2d,prune_in_channels,False,1,13,,
567,1,DG035,model.6.m.0.m.1.cv1.conv,model.6.m.0.m.1.cv1.conv,Conv2d,prune_out_channels,True,1,17,18,17
567,2,DG035,model.6.m.0.m.1.cv1.conv,model.6.m.0.m.1.cv1.bn,BatchNorm2d,prune_out_channels,True,1,17,,
567,3,DG035,model.6.m.0.m.1.cv1.conv,<unresolved>,_ElementWiseOp,prune_out_channels,True,1,17,,
567,4,DG035,model.6.m.0.m.1.cv1.conv,model.6.m.0.m.1.cv2.conv,Conv2d,prune_in_channels,False,1,17,,
568,1,DG008,model.13.m.0.m.0.cv1.conv,model.13.m.0.m.0.cv1.conv,Conv2d,prune_out_channels,True,1,8,27,26
568,2,DG008,model.13.m.0.m.0.cv1.conv,model.13.m.0.m.0.cv1.bn,BatchNorm2d,prune_out_channels,True,1,8,,
568,3,DG008,model.13.m.0.m.0.cv1.conv,<unresolved>,_ElementWiseOp,prune_out_channels,True,1,8,,
568,4,DG008,model.13.m.0.m.0.cv1.conv,model.13.m.0.m.0.cv2.conv,Conv2d,prune_in_channels,False,1,8,,
569,1,DG039,model.8.m.0.cv2.conv,model.8.m.0.cv2.conv,Conv2d,prune_out_channels,True,1,7,38,37
569,2,DG039,model.8.m.0.cv2.conv,model.8.m.0.cv2.bn,BatchNorm2d,prune_out_channels,True,1,7,,
569,3,DG039,model.8.m.0.cv2.conv,<unresolved>,_ElementWiseOp,prune_out_channels,True,1,7,,
569,4,DG039,model.8.m.0.cv2.conv,<unresolved>,_ConcatOp,prune_out_channels,True,1,59,,
569,5,DG039,model.8.m.0.cv2.conv,model.8.m.0.cv3.conv,Conv2d,prune_in_channels,False,1,59,,
570,1,DG035,model.6.m.0.m.1.cv1.conv,model.6.m.0.m.1.cv1.conv,Conv2d,prune_out_channels,True,1,2,17,16
570,2,DG035,model.6.m.0.m.1.cv1.conv,model.6.m.0.m.1.cv1.bn,BatchNorm2d,prune_out_channels,True,1,2,,
570,3,DG035,model.6.m.0.m.1.cv1.conv,<unresolved>,_ElementWiseOp,prune_out_channels,True,1,2,,
570,4,DG035,model.6.m.0.m.1.cv1.conv,model.6.m.0.m.1.cv2.conv,Conv2d,prune_in_channels,False,1,2,,
571,1,DG028,model.4.cv2.conv,model.4.cv2.conv,Conv2d,prune_out_channels,True,1,37,123,122
571,2,DG028,model.4.cv2.conv,model.4.cv2.bn,BatchNorm2d,prune_out_channels,True,1,37,,
571,3,DG028,model.4.cv2.conv,<unresolved>,_ElementWiseOp,prune_out_channels,True,1,37,,
571,4,DG028,model.4.cv2.conv,model.5.conv,Conv2d,prune_in_channels,False,1,37,,
571,5,DG028,model.4.cv2.conv,<unresolved>,_ConcatOp,prune_out_channels,True,1,165,,
571,6,DG028,model.4.cv2.conv,model.16.cv1.conv,Conv2d,prune_in_channels,False,1,165,,
572,1,DG039,model.8.m.0.cv2.conv,model.8.m.0.cv2.conv,Conv2d,prune_out_channels,True,1,20,37,36
572,2,DG039,model.8.m.0.cv2.conv,model.8.m.0.cv2.bn,BatchNorm2d,prune_out_channels,True,1,20,,
572,3,DG039,model.8.m.0.cv2.conv,<unresolved>,_ElementWiseOp,prune_out_channels,True,1,20,,
572,4,DG039,model.8.m.0.cv2.conv,<unresolved>,_ConcatOp,prune_out_channels,True,1,72,,
572,5,DG039,model.8.m.0.cv2.conv,model.8.m.0.cv3.conv,Conv2d,prune_in_channels,False,1,72,,
573,1,DG039,model.8.m.0.cv2.conv,model.8.m.0.cv2.conv,Conv2d,prune_out_channels,True,1,31,36,35
573,2,DG039,model.8.m.0.cv2.conv,model.8.m.0.cv2.bn,BatchNorm2d,prune_out_channels,True,1,31,,
573,3,DG039,model.8.m.0.cv2.conv,<unresolved>,_ElementWiseOp,prune_out_channels,True,1,31,,
573,4,DG039,model.8.m.0.cv2.conv,<unresolved>,_ConcatOp,prune_out_channels,True,1,83,,
573,5,DG039,model.8.m.0.cv2.conv,model.8.m.0.cv3.conv,Conv2d,prune_in_channels,False,1,83,,
574,1,DG039,model.8.m.0.cv2.conv,model.8.m.0.cv2.conv,Conv2d,prune_out_channels,True,1,33,35,34
574,2,DG039,model.8.m.0.cv2.conv,model.8.m.0.cv2.bn,BatchNorm2d,prune_out_channels,True,1,33,,
574,3,DG039,model.8.m.0.cv2.conv,<unresolved>,_ElementWiseOp,prune_out_channels,True,1,33,,
574,4,DG039,model.8.m.0.cv2.conv,<unresolved>,_ConcatOp,prune_out_channels,True,1,85,,
574,5,DG039,model.8.m.0.cv2.conv,model.8.m.0.cv3.conv,Conv2d,prune_in_channels,False,1,85,,
575,1,DG039,model.8.m.0.cv2.conv,model.8.m.0.cv2.conv,Conv2d,prune_out_channels,True,1,32,34,33
575,2,DG039,model.8.m.0.cv2.conv,model.8.m.0.cv2.bn,BatchNorm2d,prune_out_channels,True,1,32,,
575,3,DG039,model.8.m.0.cv2.conv,<unresolved>,_ElementWiseOp,prune_out_channels,True,1,32,,
575,4,DG039,model.8.m.0.cv2.conv,<unresolved>,_ConcatOp,prune_out_channels,True,1,84,,
575,5,DG039,model.8.m.0.cv2.conv,model.8.m.0.cv3.conv,Conv2d,prune_in_channels,False,1,84,,
576,1,DG039,model.8.m.0.cv2.conv,model.8.m.0.cv2.conv,Conv2d,prune_out_channels,True,1,22,33,32
576,2,DG039,model.8.m.0.cv2.conv,model.8.m.0.cv2.bn,BatchNorm2d,prune_out_channels,True,1,22,,
576,3,DG039,model.8.m.0.cv2.conv,<unresolved>,_ElementWiseOp,prune_out_channels,True,1,22,,
576,4,DG039,model.8.m.0.cv2.conv,<unresolved>,_ConcatOp,prune_out_channels,True,1,74,,
576,5,DG039,model.8.m.0.cv2.conv,model.8.m.0.cv3.conv,Conv2d,prune_in_channels,False,1,74,,
577,1,DG009,model.13.m.0.m.1.cv1.conv,model.13.m.0.m.1.cv1.conv,Conv2d,prune_out_channels,True,1,9,21,20
577,2,DG009,model.13.m.0.m.1.cv1.conv,model.13.m.0.m.1.cv1.bn,BatchNorm2d,prune_out_channels,True,1,9,,
577,3,DG009,model.13.m.0.m.1.cv1.conv,<unresolved>,_ElementWiseOp,prune_out_channels,True,1,9,,
577,4,DG009,model.13.m.0.m.1.cv1.conv,model.13.m.0.m.1.cv2.conv,Conv2d,prune_in_channels,False,1,9,,
578,1,DG034,model.6.m.0.m.0.cv1.conv,model.6.m.0.m.0.cv1.conv,Conv2d,prune_out_channels,True,1,11,18,17
578,2,DG034,model.6.m.0.m.0.cv1.conv,model.6.m.0.m.0.cv1.bn,BatchNorm2d,prune_out_channels,True,1,11,,
578,3,DG034,model.6.m.0.m.0.cv1.conv,<unresolved>,_ElementWiseOp,prune_out_channels,True,1,11,,
578,4,DG034,model.6.m.0.m.0.cv1.conv,model.6.m.0.m.0.cv2.conv,Conv2d,prune_in_channels,False,1,11,,
579,1,DG038,model.8.m.0.cv1.conv,model.8.m.0.cv1.conv,Conv2d,prune_out_channels,True,1,20,52,51
579,2,DG038,model.8.m.0.cv1.conv,model.8.m.0.cv1.bn,BatchNorm2d,prune_out_channels,True,1,20,,
579,3,DG038,model.8.m.0.cv1.conv,<unresolved>,_ElementWiseOp,prune_out_channels,True,1,20,,
579,4,DG038,model.8.m.0.cv1.conv,<unresolved>,_ElementWiseOp,prune_out_channels,True,1,20,,
579,5,DG038,model.8.m.0.cv1.conv,model.8.m.0.m.0.cv1.conv,Conv2d,prune_in_channels,False,1,20,,
579,6,DG038,model.8.m.0.cv1.conv,<unresolved>,_ElementWiseOp,prune_out_channels,True,1,20,,
579,7,DG038,model.8.m.0.cv1.conv,<unresolved>,_ElementWiseOp,prune_out_channels,True,1,20,,
579,8,DG038,model.8.m.0.cv1.conv,model.8.m.0.m.1.cv1.conv,Conv2d,prune_in_channels,False,1,20,,
579,9,DG038,model.8.m.0.cv1.conv,<unresolved>,_ElementWiseOp,prune_out_channels,True,1,20,,
579,10,DG038,model.8.m.0.cv1.conv,<unresolved>,_ConcatOp,prune_out_channels,True,1,20,,
579,11,DG038,model.8.m.0.cv1.conv,model.8.m.0.cv3.conv,Conv2d,prune_in_channels,False,1,20,,
579,12,DG038,model.8.m.0.cv1.conv,model.8.m.0.m.1.cv2.bn,BatchNorm2d,prune_out_channels,True,1,20,,
579,13,DG038,model.8.m.0.cv1.conv,model.8.m.0.m.1.cv2.conv,Conv2d,prune_out_channels,True,1,20,52,51
579,14,DG038,model.8.m.0.cv1.conv,model.8.m.0.m.0.cv2.bn,BatchNorm2d,prune_out_channels,True,1,20,,
579,15,DG038,model.8.m.0.cv1.conv,model.8.m.0.m.0.cv2.conv,Conv2d,prune_out_channels,True,1,20,52,51
580,1,DG008,model.13.m.0.m.0.cv1.conv,model.13.m.0.m.0.cv1.conv,Conv2d,prune_out_channels,True,1,5,26,25
580,2,DG008,model.13.m.0.m.0.cv1.conv,model.13.m.0.m.0.cv1.bn,BatchNorm2d,prune_out_channels,True,1,5,,
580,3,DG008,model.13.m.0.m.0.cv1.conv,<unresolved>,_ElementWiseOp,prune_out_channels,True,1,5,,
580,4,DG008,model.13.m.0.m.0.cv1.conv,model.13.m.0.m.0.cv2.conv,Conv2d,prune_in_channels,False,1,5,,
581,1,DG031,model.6.cv2.conv,model.6.cv2.conv,Conv2d,prune_out_channels,True,1,58,127,126
581,2,DG031,model.6.cv2.conv,model.6.cv2.bn,BatchNorm2d,prune_out_channels,True,1,58,,
581,3,DG031,model.6.cv2.conv,<unresolved>,_ElementWiseOp,prune_out_channels,True,1,58,,
581,4,DG031,model.6.cv2.conv,model.7.conv,Conv2d,prune_in_channels,False,1,58,,
581,5,DG031,model.6.cv2.conv,<unresolved>,_ConcatOp,prune_out_channels,True,1,313,,
581,6,DG031,model.6.cv2.conv,model.13.cv1.conv,Conv2d,prune_in_channels,False,1,313,,
582,1,DG009,model.13.m.0.m.1.cv1.conv,model.13.m.0.m.1.cv1.conv,Conv2d,prune_out_channels,True,1,15,20,19
582,2,DG009,model.13.m.0.m.1.cv1.conv,model.13.m.0.m.1.cv1.bn,BatchNorm2d,prune_out_channels,True,1,15,,
582,3,DG009,model.13.m.0.m.1.cv1.conv,<unresolved>,_ElementWiseOp,prune_out_channels,True,1,15,,
582,4,DG009,model.13.m.0.m.1.cv1.conv,model.13.m.0.m.1.cv2.conv,Conv2d,prune_in_channels,False,1,15,,
583,1,DG008,model.13.m.0.m.0.cv1.conv,model.13.m.0.m.0.cv1.conv,Conv2d,prune_out_channels,True,1,20,25,24
583,2,DG008,model.13.m.0.m.0.cv1.conv,model.13.m.0.m.0.cv1.bn,BatchNorm2d,prune_out_channels,True,1,20,,
583,3,DG008,model.13.m.0.m.0.cv1.conv,<unresolved>,_ElementWiseOp,prune_out_channels,True,1,20,,
583,4,DG008,model.13.m.0.m.0.cv1.conv,model.13.m.0.m.0.cv2.conv,Conv2d,prune_in_channels,False,1,20,,
584,1,DG028,model.4.cv2.conv,model.4.cv2.conv,Conv2d,prune_out_channels,True,1,105,122,121
584,2,DG028,model.4.cv2.conv,model.4.cv2.bn,BatchNorm2d,prune_out_channels,True,1,105,,
584,3,DG028,model.4.cv2.conv,<unresolved>,_ElementWiseOp,prune_out_channels,True,1,105,,
584,4,DG028,model.4.cv2.conv,model.5.conv,Conv2d,prune_in_channels,False,1,105,,
584,5,DG028,model.4.cv2.conv,<unresolved>,_ConcatOp,prune_out_channels,True,1,233,,
584,6,DG028,model.4.cv2.conv,model.16.cv1.conv,Conv2d,prune_in_channels,False,1,233,,
585,1,DG028,model.4.cv2.conv,model.4.cv2.conv,Conv2d,prune_out_channels,True,1,46,121,120
585,2,DG028,model.4.cv2.conv,model.4.cv2.bn,BatchNorm2d,prune_out_channels,True,1,46,,
585,3,DG028,model.4.cv2.conv,<unresolved>,_ElementWiseOp,prune_out_channels,True,1,46,,
585,4,DG028,model.4.cv2.conv,model.5.conv,Conv2d,prune_in_channels,False,1,46,,
585,5,DG028,model.4.cv2.conv,<unresolved>,_ConcatOp,prune_out_channels,True,1,174,,
585,6,DG028,model.4.cv2.conv,model.16.cv1.conv,Conv2d,prune_in_channels,False,1,174,,
586,1,DG034,model.6.m.0.m.0.cv1.conv,model.6.m.0.m.0.cv1.conv,Conv2d,prune_out_channels,True,1,13,17,16
586,2,DG034,model.6.m.0.m.0.cv1.conv,model.6.m.0.m.0.cv1.bn,BatchNorm2d,prune_out_channels,True,1,13,,
586,3,DG034,model.6.m.0.m.0.cv1.conv,<unresolved>,_ElementWiseOp,prune_out_channels,True,1,13,,
586,4,DG034,model.6.m.0.m.0.cv1.conv,model.6.m.0.m.0.cv2.conv,Conv2d,prune_in_channels,False,1,13,,
587,1,DG009,model.13.m.0.m.1.cv1.conv,model.13.m.0.m.1.cv1.conv,Conv2d,prune_out_channels,True,1,9,19,18
587,2,DG009,model.13.m.0.m.1.cv1.conv,model.13.m.0.m.1.cv1.bn,BatchNorm2d,prune_out_channels,True,1,9,,
587,3,DG009,model.13.m.0.m.1.cv1.conv,<unresolved>,_ElementWiseOp,prune_out_channels,True,1,9,,
587,4,DG009,model.13.m.0.m.1.cv1.conv,model.13.m.0.m.1.cv2.conv,Conv2d,prune_in_channels,False,1,9,,
588,1,DG009,model.13.m.0.m.1.cv1.conv,model.13.m.0.m.1.cv1.conv,Conv2d,prune_out_channels,True,1,2,18,17
588,2,DG009,model.13.m.0.m.1.cv1.conv,model.13.m.0.m.1.cv1.bn,BatchNorm2d,prune_out_channels,True,1,2,,
588,3,DG009,model.13.m.0.m.1.cv1.conv,<unresolved>,_ElementWiseOp,prune_out_channels,True,1,2,,
588,4,DG009,model.13.m.0.m.1.cv1.conv,model.13.m.0.m.1.cv2.conv,Conv2d,prune_in_channels,False,1,2,,
589,1,DG009,model.13.m.0.m.1.cv1.conv,model.13.m.0.m.1.cv1.conv,Conv2d,prune_out_channels,True,1,10,17,16
589,2,DG009,model.13.m.0.m.1.cv1.conv,model.13.m.0.m.1.cv1.bn,BatchNorm2d,prune_out_channels,True,1,10,,
589,3,DG009,model.13.m.0.m.1.cv1.conv,<unresolved>,_ElementWiseOp,prune_out_channels,True,1,10,,
589,4,DG009,model.13.m.0.m.1.cv1.conv,model.13.m.0.m.1.cv2.conv,Conv2d,prune_in_channels,False,1,10,,
590,1,DG028,model.4.cv2.conv,model.4.cv2.conv,Conv2d,prune_out_channels,True,1,23,120,119
590,2,DG028,model.4.cv2.conv,model.4.cv2.bn,BatchNorm2d,prune_out_channels,True,1,23,,
590,3,DG028,model.4.cv2.conv,<unresolved>,_ElementWiseOp,prune_out_channels,True,1,23,,
590,4,DG028,model.4.cv2.conv,model.5.conv,Conv2d,prune_in_channels,False,1,23,,
590,5,DG028,model.4.cv2.conv,<unresolved>,_ConcatOp,prune_out_channels,True,1,151,,
590,6,DG028,model.4.cv2.conv,model.16.cv1.conv,Conv2d,prune_in_channels,False,1,151,,
591,1,DG028,model.4.cv2.conv,model.4.cv2.conv,Conv2d,prune_out_channels,True,1,84,119,118
591,2,DG028,model.4.cv2.conv,model.4.cv2.bn,BatchNorm2d,prune_out_channels,True,1,84,,
591,3,DG028,model.4.cv2.conv,<unresolved>,_ElementWiseOp,prune_out_channels,True,1,84,,
591,4,DG028,model.4.cv2.conv,model.5.conv,Conv2d,prune_in_channels,False,1,84,,
591,5,DG028,model.4.cv2.conv,<unresolved>,_ConcatOp,prune_out_channels,True,1,212,,
591,6,DG028,model.4.cv2.conv,model.16.cv1.conv,Conv2d,prune_in_channels,False,1,212,,
