pruning_method,search_type,layers,size,amount,baseline_mAP50_95,pruned_mAP50_95,drop_mAP50_95,baseline_mAP50,pruned_mAP50,drop_mAP50,baseline_latency_ms,pruned_latency_ms,baseline_fps,pruned_fps,zero_percent,model_path,source_csv
l1_unstructured,new_top6_combo,"20,7,22",3,0.2,0.506632,0.508041,-0.001408,0.690055,0.691633,-0.001578,1.431396,1.333292,698.618788,750.023526,7.591815,/home/afm176/yolo_project/3_pruning/pruning_plan_new_sw_full_20260712_234356/l1_unstructured_combo_new_top6_amt_0p20/combo_20_7_22_amt_0p20/yolo26n_l1_combo_20_7_22_amt_0p20.pt,/home/afm176/yolo_project/3_pruning/pruning_plan_new_sw_full_20260712_234356/l1_unstructured_combo_new_top6_amt_0p20/combo_20_7_22_amt_0p20/unstructured_pruning_summary.csv
l1_unstructured,new_top6_combo,"7,22",2,0.2,0.506632,0.507516,-0.000883,0.690055,0.690458,-0.000403,1.409484,1.340551,709.479322,745.961945,6.351124,/home/afm176/yolo_project/3_pruning/pruning_plan_new_sw_full_20260712_234356/l1_unstructured_combo_new_top6_amt_0p20/combo_7_22_amt_0p20/yolo26n_l1_combo_7_22_amt_0p20.pt,/home/afm176/yolo_project/3_pruning/pruning_plan_new_sw_full_20260712_234356/l1_unstructured_combo_new_top6_amt_0p20/combo_7_22_amt_0p20/unstructured_pruning_summary.csv
l1_unstructured,new_top6_combo,"7,10,17",3,0.2,0.506632,0.507481,-0.000849,0.690055,0.689200,0.000855,1.288605,1.308381,776.033216,764.303265,4.869244,/home/afm176/yolo_project/3_pruning/pruning_plan_new_sw_full_20260712_234356/l1_unstructured_combo_new_top6_amt_0p20/combo_7_10_17_amt_0p20/yolo26n_l1_combo_7_10_17_amt_0p20.pt,/home/afm176/yolo_project/3_pruning/pruning_plan_new_sw_full_20260712_234356/l1_unstructured_combo_new_top6_amt_0p20/combo_7_10_17_amt_0p20/unstructured_pruning_summary.csv
l1_unstructured,new_top6_combo,"20,7,10,17",4,0.2,0.506632,0.507432,-0.000800,0.690055,0.689533,0.000522,1.338472,1.320309,747.120830,757.398362,6.109935,/home/afm176/yolo_project/3_pruning/pruning_plan_new_sw_full_20260712_234356/l1_unstructured_combo_new_top6_amt_0p20/combo_20_7_10_17_amt_0p20/yolo26n_l1_combo_20_7_10_17_amt_0p20.pt,/home/afm176/yolo_project/3_pruning/pruning_plan_new_sw_full_20260712_234356/l1_unstructured_combo_new_top6_amt_0p20/combo_20_7_10_17_amt_0p20/unstructured_pruning_summary.csv
l1_unstructured,new_top6_combo,"20,7,22,10,17",5,0.2,0.506632,0.507425,-0.000793,0.690055,0.689192,0.000863,1.390924,1.276629,718.946560,783.312948,9.979550,/home/afm176/yolo_project/3_pruning/pruning_plan_new_sw_full_20260712_234356/l1_unstructured_combo_new_top6_amt_0p20/combo_20_7_22_10_17_amt_0p20/yolo26n_l1_combo_20_7_22_10_17_amt_0p20.pt,/home/afm176/yolo_project/3_pruning/pruning_plan_new_sw_full_20260712_234356/l1_unstructured_combo_new_top6_amt_0p20/combo_20_7_22_10_17_amt_0p20/unstructured_pruning_summary.csv
l1_unstructured,new_top6_combo,7,1,0.2,0.506632,0.507365,-0.000732,0.690055,0.690671,-0.000616,1.323464,1.308173,755.593034,764.425114,2.481509,/home/afm176/yolo_project/3_pruning/pruning_plan_new_sw_full_20260712_234356/l1_unstructured_combo_new_top6_amt_0p20/combo_7_amt_0p20/yolo26n_l1_combo_7_amt_0p20.pt,/home/afm176/yolo_project/3_pruning/pruning_plan_new_sw_full_20260712_234356/l1_unstructured_combo_new_top6_amt_0p20/combo_7_amt_0p20/unstructured_pruning_summary.csv
l1_unstructured,new_top6_combo,"20,10",2,0.2,0.506632,0.507197,-0.000565,0.690055,0.689075,0.000980,1.352099,1.308793,739.590994,764.062884,3.318369,/home/afm176/yolo_project/3_pruning/pruning_plan_new_sw_full_20260712_234356/l1_unstructured_combo_new_top6_amt_0p20/combo_20_10_amt_0p20/yolo26n_l1_combo_20_10_amt_0p20.pt,/home/afm176/yolo_project/3_pruning/pruning_plan_new_sw_full_20260712_234356/l1_unstructured_combo_new_top6_amt_0p20/combo_20_10_amt_0p20/unstructured_pruning_summary.csv
l1_unstructured,new_top6_combo,"20,10,17",3,0.2,0.506632,0.507164,-0.000532,0.690055,0.689185,0.000870,1.334681,1.328788,749.242788,752.565530,3.628552,/home/afm176/yolo_project/3_pruning/pruning_plan_new_sw_full_20260712_234356/l1_unstructured_combo_new_top6_amt_0p20/combo_20_10_17_amt_0p20/yolo26n_l1_combo_20_10_17_amt_0p20.pt,/home/afm176/yolo_project/3_pruning/pruning_plan_new_sw_full_20260712_234356/l1_unstructured_combo_new_top6_amt_0p20/combo_20_10_17_amt_0p20/unstructured_pruning_summary.csv
l1_unstructured,new_top6_combo,"20,7",2,0.2,0.506632,0.507151,-0.000519,0.690055,0.690411,-0.000356,1.284137,1.317662,778.732826,758.919788,3.722201,/home/afm176/yolo_project/3_pruning/pruning_plan_new_sw_full_20260712_234356/l1_unstructured_combo_new_top6_amt_0p20/combo_20_7_amt_0p20/yolo26n_l1_combo_20_7_amt_0p20.pt,/home/afm176/yolo_project/3_pruning/pruning_plan_new_sw_full_20260712_234356/l1_unstructured_combo_new_top6_amt_0p20/combo_20_7_amt_0p20/unstructured_pruning_summary.csv
l1_unstructured,new_top6_combo,22,1,0.2,0.506632,0.507116,-0.000484,0.690055,0.689970,0.000086,1.401001,1.375075,713.775489,727.232825,3.869741,/home/afm176/yolo_project/3_pruning/pruning_plan_new_sw_full_20260712_234356/l1_unstructured_combo_new_top6_amt_0p20/combo_22_amt_0p20/yolo26n_l1_combo_22_amt_0p20.pt,/home/afm176/yolo_project/3_pruning/pruning_plan_new_sw_full_20260712_234356/l1_unstructured_combo_new_top6_amt_0p20/combo_22_amt_0p20/unstructured_pruning_summary.csv
l1_unstructured,new_top6_combo,"20,22",2,0.2,0.506632,0.507102,-0.000470,0.690055,0.690206,-0.000151,1.353549,1.311958,738.798688,762.219427,5.110432,/home/afm176/yolo_project/3_pruning/pruning_plan_new_sw_full_20260712_234356/l1_unstructured_combo_new_top6_amt_0p20/combo_20_22_amt_0p20/yolo26n_l1_combo_20_22_amt_0p20.pt,/home/afm176/yolo_project/3_pruning/pruning_plan_new_sw_full_20260712_234356/l1_unstructured_combo_new_top6_amt_0p20/combo_20_22_amt_0p20/unstructured_pruning_summary.csv
l1_unstructured,new_top6_combo,"20,7,10",3,0.2,0.506632,0.507047,-0.000415,0.690055,0.689564,0.000491,1.397286,1.383245,715.673311,722.937948,5.799752,/home/afm176/yolo_project/3_pruning/pruning_plan_new_sw_full_20260712_234356/l1_unstructured_combo_new_top6_amt_0p20/combo_20_7_10_amt_0p20/yolo26n_l1_combo_20_7_10_amt_0p20.pt,/home/afm176/yolo_project/3_pruning/pruning_plan_new_sw_full_20260712_234356/l1_unstructured_combo_new_top6_amt_0p20/combo_20_7_10_amt_0p20/unstructured_pruning_summary.csv
l1_unstructured,new_top6_combo,10,1,0.2,0.506632,0.507033,-0.000401,0.690055,0.688809,0.001246,1.348546,1.354654,741.539205,738.195739,2.077678,/home/afm176/yolo_project/3_pruning/pruning_plan_new_sw_full_20260712_234356/l1_unstructured_combo_new_top6_amt_0p20/combo_10_amt_0p20/yolo26n_l1_combo_10_amt_0p20.pt,/home/afm176/yolo_project/3_pruning/pruning_plan_new_sw_full_20260712_234356/l1_unstructured_combo_new_top6_amt_0p20/combo_10_amt_0p20/unstructured_pruning_summary.csv
l1_unstructured,new_top6_combo,"7,22,10,17",4,0.2,0.506632,0.506945,-0.000313,0.690055,0.688903,0.001153,1.339156,1.308096,746.738920,764.469868,8.738858,/home/afm176/yolo_project/3_pruning/pruning_plan_new_sw_full_20260712_234356/l1_unstructured_combo_new_top6_amt_0p20/combo_7_22_10_17_amt_0p20/yolo26n_l1_combo_7_22_10_17_amt_0p20.pt,/home/afm176/yolo_project/3_pruning/pruning_plan_new_sw_full_20260712_234356/l1_unstructured_combo_new_top6_amt_0p20/combo_7_22_10_17_amt_0p20/unstructured_pruning_summary.csv
l1_unstructured,new_top6_combo,"20,7,22",3,0.1,0.506632,0.506925,-0.000293,0.690055,0.689701,0.000354,1.365073,1.264629,732.561532,790.745840,3.795865,/home/afm176/yolo_project/3_pruning/pruning_plan_new_sw_full_20260712_234356/l1_unstructured_combo_new_top6_amt_0p10/combo_20_7_22_amt_0p10/yolo26n_l1_combo_20_7_22_amt_0p10.pt,/home/afm176/yolo_project/3_pruning/pruning_plan_new_sw_full_20260712_234356/l1_unstructured_combo_new_top6_amt_0p10/combo_20_7_22_amt_0p10/unstructured_pruning_summary.csv
l1_unstructured,new_top6_combo,"10,17",2,0.2,0.506632,0.506914,-0.000282,0.690055,0.688656,0.001399,1.439149,1.513433,694.854914,660.749396,2.387861,/home/afm176/yolo_project/3_pruning/pruning_plan_new_sw_full_20260712_234356/l1_unstructured_combo_new_top6_amt_0p20/combo_10_17_amt_0p20/yolo26n_l1_combo_10_17_amt_0p20.pt,/home/afm176/yolo_project/3_pruning/pruning_plan_new_sw_full_20260712_234356/l1_unstructured_combo_new_top6_amt_0p20/combo_10_17_amt_0p20/unstructured_pruning_summary.csv
l1_unstructured,new_top6_combo,"20,7",2,0.1,0.506632,0.506865,-0.000233,0.690055,0.689951,0.000104,1.399101,1.288531,714.744847,776.077822,1.861184,/home/afm176/yolo_project/3_pruning/pruning_plan_new_sw_full_20260712_234356/l1_unstructured_combo_new_top6_amt_0p10/combo_20_7_amt_0p10/yolo26n_l1_combo_20_7_amt_0p10.pt,/home/afm176/yolo_project/3_pruning/pruning_plan_new_sw_full_20260712_234356/l1_unstructured_combo_new_top6_amt_0p10/combo_20_7_amt_0p10/unstructured_pruning_summary.csv
l1_unstructured,new_top6_combo,"7,22",2,0.1,0.506632,0.506846,-0.000214,0.690055,0.689657,0.000398,1.357465,1.297598,736.667040,770.654885,3.175499,/home/afm176/yolo_project/3_pruning/pruning_plan_new_sw_full_20260712_234356/l1_unstructured_combo_new_top6_amt_0p10/combo_7_22_amt_0p10/yolo26n_l1_combo_7_22_amt_0p10.pt,/home/afm176/yolo_project/3_pruning/pruning_plan_new_sw_full_20260712_234356/l1_unstructured_combo_new_top6_amt_0p10/combo_7_22_amt_0p10/unstructured_pruning_summary.csv
l1_unstructured,new_top6_combo,7,1,0.1,0.506632,0.506839,-0.000206,0.690055,0.689900,0.000155,1.332180,1.274654,750.649143,784.526460,1.240818,/home/afm176/yolo_project/3_pruning/pruning_plan_new_sw_full_20260712_234356/l1_unstructured_combo_new_top6_amt_0p10/combo_7_amt_0p10/yolo26n_l1_combo_7_amt_0p10.pt,/home/afm176/yolo_project/3_pruning/pruning_plan_new_sw_full_20260712_234356/l1_unstructured_combo_new_top6_amt_0p10/combo_7_amt_0p10/unstructured_pruning_summary.csv
l1_unstructured,new_top6_combo,"22,10",2,0.2,0.506632,0.506813,-0.000180,0.690055,0.688254,0.001801,1.353279,1.294984,738.946026,772.210371,5.947292,/home/afm176/yolo_project/3_pruning/pruning_plan_new_sw_full_20260712_234356/l1_unstructured_combo_new_top6_amt_0p20/combo_22_10_amt_0p20/yolo26n_l1_combo_22_10_amt_0p20.pt,/home/afm176/yolo_project/3_pruning/pruning_plan_new_sw_full_20260712_234356/l1_unstructured_combo_new_top6_amt_0p20/combo_22_10_amt_0p20/unstructured_pruning_summary.csv
l1_unstructured,new_top6_combo,"22,10,17",3,0.2,0.506632,0.506776,-0.000143,0.690055,0.688472,0.001583,1.291444,1.298389,774.327247,770.185384,6.257475,/home/afm176/yolo_project/3_pruning/pruning_plan_new_sw_full_20260712_234356/l1_unstructured_combo_new_top6_amt_0p20/combo_22_10_17_amt_0p20/yolo26n_l1_combo_22_10_17_amt_0p20.pt,/home/afm176/yolo_project/3_pruning/pruning_plan_new_sw_full_20260712_234356/l1_unstructured_combo_new_top6_amt_0p20/combo_22_10_17_amt_0p20/unstructured_pruning_summary.csv
l1_unstructured,new_top6_combo,"20,7,22,17",4,0.2,0.506632,0.506759,-0.000126,0.690055,0.690440,-0.000385,1.436001,1.355644,696.378179,737.656826,7.901998,/home/afm176/yolo_project/3_pruning/pruning_plan_new_sw_full_20260712_234356/l1_unstructured_combo_new_top6_amt_0p20/combo_20_7_22_17_amt_0p20/yolo26n_l1_combo_20_7_22_17_amt_0p20.pt,/home/afm176/yolo_project/3_pruning/pruning_plan_new_sw_full_20260712_234356/l1_unstructured_combo_new_top6_amt_0p20/combo_20_7_22_17_amt_0p20/unstructured_pruning_summary.csv
l1_unstructured,new_top6_combo,"20,22,10,17",4,0.2,0.506632,0.506721,-0.000089,0.690055,0.688492,0.001564,1.372735,1.342987,728.472463,744.608684,7.498167,/home/afm176/yolo_project/3_pruning/pruning_plan_new_sw_full_20260712_234356/l1_unstructured_combo_new_top6_amt_0p20/combo_20_22_10_17_amt_0p20/yolo26n_l1_combo_20_22_10_17_amt_0p20.pt,/home/afm176/yolo_project/3_pruning/pruning_plan_new_sw_full_20260712_234356/l1_unstructured_combo_new_top6_amt_0p20/combo_20_22_10_17_amt_0p20/unstructured_pruning_summary.csv
l1_unstructured,new_top6_combo,"20,22,10",3,0.2,0.506632,0.506718,-0.000085,0.690055,0.688192,0.001863,1.379311,1.313622,724.999643,761.253865,7.187983,/home/afm176/yolo_project/3_pruning/pruning_plan_new_sw_full_20260712_234356/l1_unstructured_combo_new_top6_amt_0p20/combo_20_22_10_amt_0p20/yolo26n_l1_combo_20_22_10_amt_0p20.pt,/home/afm176/yolo_project/3_pruning/pruning_plan_new_sw_full_20260712_234356/l1_unstructured_combo_new_top6_amt_0p20/combo_20_22_10_amt_0p20/unstructured_pruning_summary.csv
l1_unstructured,new_top6_combo,"20,7,17",3,0.1,0.506632,0.506716,-0.000084,0.690055,0.689854,0.000202,1.364459,1.310534,732.891210,763.047626,2.016255,/home/afm176/yolo_project/3_pruning/pruning_plan_new_sw_full_20260712_234356/l1_unstructured_combo_new_top6_amt_0p10/combo_20_7_17_amt_0p10/yolo26n_l1_combo_20_7_17_amt_0p10.pt,/home/afm176/yolo_project/3_pruning/pruning_plan_new_sw_full_20260712_234356/l1_unstructured_combo_new_top6_amt_0p10/combo_20_7_17_amt_0p10/unstructured_pruning_summary.csv
l1_unstructured,new_top6_combo,"20,22,17",3,0.2,0.506632,0.506714,-0.000081,0.690055,0.689660,0.000395,1.320863,1.360311,757.080678,735.126162,5.420615,/home/afm176/yolo_project/3_pruning/pruning_plan_new_sw_full_20260712_234356/l1_unstructured_combo_new_top6_amt_0p20/combo_20_22_17_amt_0p20/yolo26n_l1_combo_20_22_17_amt_0p20.pt,/home/afm176/yolo_project/3_pruning/pruning_plan_new_sw_full_20260712_234356/l1_unstructured_combo_new_top6_amt_0p20/combo_20_22_17_amt_0p20/unstructured_pruning_summary.csv
l1_unstructured,new_top6_combo,"7,17",2,0.2,0.506632,0.506703,-0.000070,0.690055,0.690518,-0.000463,1.338819,1.321763,746.926815,756.565260,2.791692,/home/afm176/yolo_project/3_pruning/pruning_plan_new_sw_full_20260712_234356/l1_unstructured_combo_new_top6_amt_0p20/combo_7_17_amt_0p20/yolo26n_l1_combo_7_17_amt_0p20.pt,/home/afm176/yolo_project/3_pruning/pruning_plan_new_sw_full_20260712_234356/l1_unstructured_combo_new_top6_amt_0p20/combo_7_17_amt_0p20/unstructured_pruning_summary.csv
l1_unstructured,new_top6_combo,"7,22,17",3,0.1,0.506632,0.506694,-0.000062,0.690055,0.689710,0.000345,1.345646,1.312195,743.137359,762.081945,3.330569,/home/afm176/yolo_project/3_pruning/pruning_plan_new_sw_full_20260712_234356/l1_unstructured_combo_new_top6_amt_0p10/combo_7_22_17_amt_0p10/yolo26n_l1_combo_7_22_17_amt_0p10.pt,/home/afm176/yolo_project/3_pruning/pruning_plan_new_sw_full_20260712_234356/l1_unstructured_combo_new_top6_amt_0p10/combo_7_22_17_amt_0p10/unstructured_pruning_summary.csv
l1_unstructured,new_top6_combo,"20,7,17",3,0.2,0.506632,0.506691,-0.000058,0.690055,0.690621,-0.000566,1.387254,1.349755,720.848355,740.875339,4.032384,/home/afm176/yolo_project/3_pruning/pruning_plan_new_sw_full_20260712_234356/l1_unstructured_combo_new_top6_amt_0p20/combo_20_7_17_amt_0p20/yolo26n_l1_combo_20_7_17_amt_0p20.pt,/home/afm176/yolo_project/3_pruning/pruning_plan_new_sw_full_20260712_234356/l1_unstructured_combo_new_top6_amt_0p20/combo_20_7_17_amt_0p20/unstructured_pruning_summary.csv
l1_unstructured,new_top6_combo,"20,7,22,17",4,0.1,0.506632,0.506687,-0.000055,0.690055,0.689656,0.000400,1.454860,1.293194,687.351589,773.279298,3.950936,/home/afm176/yolo_project/3_pruning/pruning_plan_new_sw_full_20260712_234356/l1_unstructured_combo_new_top6_amt_0p10/combo_20_7_22_17_amt_0p10/yolo26n_l1_combo_20_7_22_17_amt_0p10.pt,/home/afm176/yolo_project/3_pruning/pruning_plan_new_sw_full_20260712_234356/l1_unstructured_combo_new_top6_amt_0p10/combo_20_7_22_17_amt_0p10/unstructured_pruning_summary.csv
l1_unstructured,new_top6_combo,"7,10",2,0.2,0.506632,0.506683,-0.000051,0.690055,0.689007,0.001048,1.406484,1.321126,710.992835,756.929904,4.559060,/home/afm176/yolo_project/3_pruning/pruning_plan_new_sw_full_20260712_234356/l1_unstructured_combo_new_top6_amt_0p20/combo_7_10_amt_0p20/yolo26n_l1_combo_7_10_amt_0p20.pt,/home/afm176/yolo_project/3_pruning/pruning_plan_new_sw_full_20260712_234356/l1_unstructured_combo_new_top6_amt_0p20/combo_7_10_amt_0p20/unstructured_pruning_summary.csv
l1_unstructured,new_top6_combo,"7,17",2,0.1,0.506632,0.506649,-0.000017,0.690055,0.689717,0.000338,1.339835,1.272953,746.360361,785.575049,1.395888,/home/afm176/yolo_project/3_pruning/pruning_plan_new_sw_full_20260712_234356/l1_unstructured_combo_new_top6_amt_0p10/combo_7_17_amt_0p10/yolo26n_l1_combo_7_17_amt_0p10.pt,/home/afm176/yolo_project/3_pruning/pruning_plan_new_sw_full_20260712_234356/l1_unstructured_combo_new_top6_amt_0p10/combo_7_17_amt_0p10/unstructured_pruning_summary.csv
l1_unstructured,new_top6_combo,"7,8",2,0.1,0.506632,0.506643,-0.000011,0.690055,0.688940,0.001115,1.432384,1.444246,698.136597,692.402751,2.688200,/home/afm176/yolo_project/3_pruning/pruning_plan_new_sw_full_20260712_234356/l1_unstructured_combo_new_top6_amt_0p10/combo_7_8_amt_0p10/yolo26n_l1_combo_7_8_amt_0p10.pt,/home/afm176/yolo_project/3_pruning/pruning_plan_new_sw_full_20260712_234356/l1_unstructured_combo_new_top6_amt_0p10/combo_7_8_amt_0p10/unstructured_pruning_summary.csv
l1_unstructured,new_top6_combo,"20,7,8",3,0.1,0.506632,0.506614,0.000018,0.690055,0.688927,0.001129,1.346350,1.364346,742.748781,732.952090,3.308567,/home/afm176/yolo_project/3_pruning/pruning_plan_new_sw_full_20260712_234356/l1_unstructured_combo_new_top6_amt_0p10/combo_20_7_8_amt_0p10/yolo26n_l1_combo_20_7_8_amt_0p10.pt,/home/afm176/yolo_project/3_pruning/pruning_plan_new_sw_full_20260712_234356/l1_unstructured_combo_new_top6_amt_0p10/combo_20_7_8_amt_0p10/unstructured_pruning_summary.csv
l1_unstructured,new_top6_combo,"22,17",2,0.2,0.506632,0.506573,0.000059,0.690055,0.689427,0.000628,1.317674,1.309991,758.912815,763.363901,4.179924,/home/afm176/yolo_project/3_pruning/pruning_plan_new_sw_full_20260712_234356/l1_unstructured_combo_new_top6_amt_0p20/combo_22_17_amt_0p20/yolo26n_l1_combo_22_17_amt_0p20.pt,/home/afm176/yolo_project/3_pruning/pruning_plan_new_sw_full_20260712_234356/l1_unstructured_combo_new_top6_amt_0p20/combo_22_17_amt_0p20/unstructured_pruning_summary.csv
l1_unstructured,new_top6_combo,20,1,0.2,0.506632,0.506573,0.000059,0.690055,0.689777,0.000278,1.374697,1.299662,727.432899,769.430627,1.240818,/home/afm176/yolo_project/3_pruning/pruning_plan_new_sw_full_20260712_234356/l1_unstructured_combo_new_top6_amt_0p20/combo_20_amt_0p20/yolo26n_l1_combo_20_amt_0p20.pt,/home/afm176/yolo_project/3_pruning/pruning_plan_new_sw_full_20260712_234356/l1_unstructured_combo_new_top6_amt_0p20/combo_20_amt_0p20/unstructured_pruning_summary.csv
l1_unstructured,new_top6_combo,"20,7,22,8",4,0.1,0.506632,0.506494,0.000138,0.690055,0.688891,0.001164,1.303186,1.328976,767.349948,752.459302,5.243248,/home/afm176/yolo_project/3_pruning/pruning_plan_new_sw_full_20260712_234356/l1_unstructured_combo_new_top6_amt_0p10/combo_20_7_22_8_amt_0p10/yolo26n_l1_combo_20_7_22_8_amt_0p10.pt,/home/afm176/yolo_project/3_pruning/pruning_plan_new_sw_full_20260712_234356/l1_unstructured_combo_new_top6_amt_0p10/combo_20_7_22_8_amt_0p10/unstructured_pruning_summary.csv
l1_unstructured,new_top6_combo,17,1,0.1,0.506632,0.506486,0.000146,0.690055,0.689623,0.000432,1.369803,1.340716,730.032053,745.870041,0.155197,/home/afm176/yolo_project/3_pruning/pruning_plan_new_sw_full_20260712_234356/l1_unstructured_combo_new_top6_amt_0p10/combo_17_amt_0p10/yolo26n_l1_combo_17_amt_0p10.pt,/home/afm176/yolo_project/3_pruning/pruning_plan_new_sw_full_20260712_234356/l1_unstructured_combo_new_top6_amt_0p10/combo_17_amt_0p10/unstructured_pruning_summary.csv
l1_unstructured,new_top6_combo,"22,8",2,0.1,0.506632,0.506457,0.000176,0.690055,0.688896,0.001159,1.437259,1.349024,695.768932,741.276859,3.382189,/home/afm176/yolo_project/3_pruning/pruning_plan_new_sw_full_20260712_234356/l1_unstructured_combo_new_top6_amt_0p10/combo_22_8_amt_0p10/yolo26n_l1_combo_22_8_amt_0p10.pt,/home/afm176/yolo_project/3_pruning/pruning_plan_new_sw_full_20260712_234356/l1_unstructured_combo_new_top6_amt_0p10/combo_22_8_amt_0p10/unstructured_pruning_summary.csv
l1_unstructured,new_top6_combo,"20,17",2,0.1,0.506632,0.506437,0.000196,0.690055,0.689566,0.000490,1.382434,1.335785,723.361658,748.623693,0.775564,/home/afm176/yolo_project/3_pruning/pruning_plan_new_sw_full_20260712_234356/l1_unstructured_combo_new_top6_amt_0p10/combo_20_17_amt_0p10/yolo26n_l1_combo_20_17_amt_0p10.pt,/home/afm176/yolo_project/3_pruning/pruning_plan_new_sw_full_20260712_234356/l1_unstructured_combo_new_top6_amt_0p10/combo_20_17_amt_0p10/unstructured_pruning_summary.csv
l1_unstructured,new_top6_combo,"20,22,8",3,0.1,0.506632,0.506413,0.000219,0.690055,0.688741,0.001314,1.384826,1.361462,722.112447,734.504503,4.002556,/home/afm176/yolo_project/3_pruning/pruning_plan_new_sw_full_20260712_234356/l1_unstructured_combo_new_top6_amt_0p10/combo_20_22_8_amt_0p10/yolo26n_l1_combo_20_22_8_amt_0p10.pt,/home/afm176/yolo_project/3_pruning/pruning_plan_new_sw_full_20260712_234356/l1_unstructured_combo_new_top6_amt_0p10/combo_20_22_8_amt_0p10/unstructured_pruning_summary.csv
l1_unstructured,new_top6_combo,"7,8,17",3,0.1,0.506632,0.506402,0.000230,0.690055,0.688747,0.001308,1.341250,1.326417,745.573386,753.910745,2.843271,/home/afm176/yolo_project/3_pruning/pruning_plan_new_sw_full_20260712_234356/l1_unstructured_combo_new_top6_amt_0p10/combo_7_8_17_amt_0p10/yolo26n_l1_combo_7_8_17_amt_0p10.pt,/home/afm176/yolo_project/3_pruning/pruning_plan_new_sw_full_20260712_234356/l1_unstructured_combo_new_top6_amt_0p10/combo_7_8_17_amt_0p10/unstructured_pruning_summary.csv
l1_unstructured,new_top6_combo,8,1,0.1,0.506632,0.506399,0.000233,0.690055,0.688910,0.001145,1.396331,1.331553,716.162533,751.002554,1.447508,/home/afm176/yolo_project/3_pruning/pruning_plan_new_sw_full_20260712_234356/l1_unstructured_combo_new_top6_amt_0p10/combo_8_amt_0p10/yolo26n_l1_combo_8_amt_0p10.pt,/home/afm176/yolo_project/3_pruning/pruning_plan_new_sw_full_20260712_234356/l1_unstructured_combo_new_top6_amt_0p10/combo_8_amt_0p10/unstructured_pruning_summary.csv
l1_unstructured,new_top6_combo,"20,8",2,0.1,0.506632,0.506390,0.000243,0.690055,0.688864,0.001191,1.320146,1.376338,757.492213,726.565881,2.067875,/home/afm176/yolo_project/3_pruning/pruning_plan_new_sw_full_20260712_234356/l1_unstructured_combo_new_top6_amt_0p10/combo_20_8_amt_0p10/yolo26n_l1_combo_20_8_amt_0p10.pt,/home/afm176/yolo_project/3_pruning/pruning_plan_new_sw_full_20260712_234356/l1_unstructured_combo_new_top6_amt_0p10/combo_20_8_amt_0p10/unstructured_pruning_summary.csv
l1_unstructured,new_top6_combo,"20,7,22,10",4,0.2,0.506632,0.506361,0.000272,0.690055,0.688518,0.001537,1.368177,1.350388,730.899441,740.527829,9.669366,/home/afm176/yolo_project/3_pruning/pruning_plan_new_sw_full_20260712_234356/l1_unstructured_combo_new_top6_amt_0p20/combo_20_7_22_10_amt_0p20/yolo26n_l1_combo_20_7_22_10_amt_0p20.pt,/home/afm176/yolo_project/3_pruning/pruning_plan_new_sw_full_20260712_234356/l1_unstructured_combo_new_top6_amt_0p20/combo_20_7_22_10_amt_0p20/unstructured_pruning_summary.csv
l1_unstructured,new_top6_combo,20,1,0.1,0.506632,0.506356,0.000276,0.690055,0.689553,0.000502,1.344790,1.410278,743.610632,709.079866,0.620493,/home/afm176/yolo_project/3_pruning/pruning_plan_new_sw_full_20260712_234356/l1_unstructured_combo_new_top6_amt_0p10/combo_20_amt_0p10/yolo26n_l1_combo_20_amt_0p10.pt,/home/afm176/yolo_project/3_pruning/pruning_plan_new_sw_full_20260712_234356/l1_unstructured_combo_new_top6_amt_0p10/combo_20_amt_0p10/unstructured_pruning_summary.csv
l1_unstructured,new_top6_combo,"7,22,8",3,0.1,0.506632,0.506318,0.000314,0.690055,0.688837,0.001218,1.325454,1.315959,754.458310,759.902206,4.622881,/home/afm176/yolo_project/3_pruning/pruning_plan_new_sw_full_20260712_234356/l1_unstructured_combo_new_top6_amt_0p10/combo_7_22_8_amt_0p10/yolo26n_l1_combo_7_22_8_amt_0p10.pt,/home/afm176/yolo_project/3_pruning/pruning_plan_new_sw_full_20260712_234356/l1_unstructured_combo_new_top6_amt_0p10/combo_7_22_8_amt_0p10/unstructured_pruning_summary.csv
l1_unstructured,new_top6_combo,"7,22,10",3,0.2,0.506632,0.506287,0.000345,0.690055,0.688475,0.001580,1.321366,1.302126,756.792659,767.975098,8.428675,/home/afm176/yolo_project/3_pruning/pruning_plan_new_sw_full_20260712_234356/l1_unstructured_combo_new_top6_amt_0p20/combo_7_22_10_amt_0p20/yolo26n_l1_combo_7_22_10_amt_0p20.pt,/home/afm176/yolo_project/3_pruning/pruning_plan_new_sw_full_20260712_234356/l1_unstructured_combo_new_top6_amt_0p20/combo_7_22_10_amt_0p20/unstructured_pruning_summary.csv
l1_unstructured,new_top6_combo,"20,7,8,17",4,0.1,0.506632,0.506280,0.000353,0.690055,0.688675,0.001380,1.418384,1.341014,705.027840,745.704121,3.463637,/home/afm176/yolo_project/3_pruning/pruning_plan_new_sw_full_20260712_234356/l1_unstructured_combo_new_top6_amt_0p10/combo_20_7_8_17_amt_0p10/yolo26n_l1_combo_20_7_8_17_amt_0p10.pt,/home/afm176/yolo_project/3_pruning/pruning_plan_new_sw_full_20260712_234356/l1_unstructured_combo_new_top6_amt_0p10/combo_20_7_8_17_amt_0p10/unstructured_pruning_summary.csv
l1_unstructured,new_top6_combo,22,1,0.1,0.506632,0.506280,0.000353,0.690055,0.689161,0.000894,1.337747,1.279434,747.525720,781.595326,1.934807,/home/afm176/yolo_project/3_pruning/pruning_plan_new_sw_full_20260712_234356/l1_unstructured_combo_new_top6_amt_0p10/combo_22_amt_0p10/yolo26n_l1_combo_22_amt_0p10.pt,/home/afm176/yolo_project/3_pruning/pruning_plan_new_sw_full_20260712_234356/l1_unstructured_combo_new_top6_amt_0p10/combo_22_amt_0p10/unstructured_pruning_summary.csv
l1_unstructured,new_top6_combo,"20,22",2,0.1,0.506632,0.506236,0.000396,0.690055,0.689170,0.000886,1.363149,1.358149,733.595274,736.296181,2.555174,/home/afm176/yolo_project/3_pruning/pruning_plan_new_sw_full_20260712_234356/l1_unstructured_combo_new_top6_amt_0p10/combo_20_22_amt_0p10/yolo26n_l1_combo_20_22_amt_0p10.pt,/home/afm176/yolo_project/3_pruning/pruning_plan_new_sw_full_20260712_234356/l1_unstructured_combo_new_top6_amt_0p10/combo_20_22_amt_0p10/unstructured_pruning_summary.csv
l1_unstructured,new_top6_combo,"20,7,10,8",4,0.1,0.506632,0.506218,0.000414,0.690055,0.688092,0.001964,1.372500,1.331718,728.597407,750.909480,4.347363,/home/afm176/yolo_project/3_pruning/pruning_plan_new_sw_full_20260712_234356/l1_unstructured_combo_new_top6_amt_0p10/combo_20_7_10_8_amt_0p10/yolo26n_l1_combo_20_7_10_8_amt_0p10.pt,/home/afm176/yolo_project/3_pruning/pruning_plan_new_sw_full_20260712_234356/l1_unstructured_combo_new_top6_amt_0p10/combo_20_7_10_8_amt_0p10/unstructured_pruning_summary.csv
l1_unstructured,new_top6_combo,"20,10,8,17",4,0.1,0.506632,0.506213,0.000419,0.690055,0.687952,0.002103,1.332407,1.334708,750.521550,749.227356,3.261743,/home/afm176/yolo_project/3_pruning/pruning_plan_new_sw_full_20260712_234356/l1_unstructured_combo_new_top6_amt_0p10/combo_20_10_8_17_amt_0p10/yolo26n_l1_combo_20_10_8_17_amt_0p10.pt,/home/afm176/yolo_project/3_pruning/pruning_plan_new_sw_full_20260712_234356/l1_unstructured_combo_new_top6_amt_0p10/combo_20_10_8_17_amt_0p10/unstructured_pruning_summary.csv
l1_unstructured,new_top6_combo,"22,10",2,0.1,0.506632,0.506204,0.000428,0.690055,0.689285,0.000770,1.358098,1.362058,736.323894,734.183087,2.973604,/home/afm176/yolo_project/3_pruning/pruning_plan_new_sw_full_20260712_234356/l1_unstructured_combo_new_top6_amt_0p10/combo_22_10_amt_0p10/yolo26n_l1_combo_22_10_amt_0p10.pt,/home/afm176/yolo_project/3_pruning/pruning_plan_new_sw_full_20260712_234356/l1_unstructured_combo_new_top6_amt_0p10/combo_22_10_amt_0p10/unstructured_pruning_summary.csv
l1_unstructured,new_top6_combo,"20,7,10,8,17",5,0.1,0.506632,0.506188,0.000445,0.690055,0.688094,0.001961,1.361077,1.301561,734.712220,768.307963,4.502434,/home/afm176/yolo_project/3_pruning/pruning_plan_new_sw_full_20260712_234356/l1_unstructured_combo_new_top6_amt_0p10/combo_20_7_10_8_17_amt_0p10/yolo26n_l1_combo_20_7_10_8_17_amt_0p10.pt,/home/afm176/yolo_project/3_pruning/pruning_plan_new_sw_full_20260712_234356/l1_unstructured_combo_new_top6_amt_0p10/combo_20_7_10_8_17_amt_0p10/unstructured_pruning_summary.csv
l1_unstructured,new_top6_combo,"22,8,17",3,0.1,0.506632,0.506187,0.000445,0.690055,0.688847,0.001208,1.298793,1.386698,769.945372,721.137774,3.537260,/home/afm176/yolo_project/3_pruning/pruning_plan_new_sw_full_20260712_234356/l1_unstructured_combo_new_top6_amt_0p10/combo_22_8_17_amt_0p10/yolo26n_l1_combo_22_8_17_amt_0p10.pt,/home/afm176/yolo_project/3_pruning/pruning_plan_new_sw_full_20260712_234356/l1_unstructured_combo_new_top6_amt_0p10/combo_22_8_17_amt_0p10/unstructured_pruning_summary.csv
l1_unstructured,new_top6_combo,"20,7,22,8,17",5,0.1,0.506632,0.506176,0.000456,0.690055,0.688635,0.001421,1.350405,1.339250,740.518704,746.686312,5.398318,/home/afm176/yolo_project/3_pruning/pruning_plan_new_sw_full_20260712_234356/l1_unstructured_combo_new_top6_amt_0p10/combo_20_7_22_8_17_amt_0p10/yolo26n_l1_combo_20_7_22_8_17_amt_0p10.pt,/home/afm176/yolo_project/3_pruning/pruning_plan_new_sw_full_20260712_234356/l1_unstructured_combo_new_top6_amt_0p10/combo_20_7_22_8_17_amt_0p10/unstructured_pruning_summary.csv
l1_unstructured,new_top6_combo,"20,7,22,10,8",5,0.1,0.506632,0.506173,0.000459,0.690055,0.687875,0.002180,1.481850,1.475840,674.832305,677.580158,6.282044,/home/afm176/yolo_project/3_pruning/pruning_plan_new_sw_full_20260712_234356/l1_unstructured_combo_new_top6_amt_0p10/combo_20_7_22_10_8_amt_0p10/yolo26n_l1_combo_20_7_22_10_8_amt_0p10.pt,/home/afm176/yolo_project/3_pruning/pruning_plan_new_sw_full_20260712_234356/l1_unstructured_combo_new_top6_amt_0p10/combo_20_7_22_10_8_amt_0p10/unstructured_pruning_summary.csv
l1_unstructured,new_top6_combo,"22,17",2,0.1,0.506632,0.506170,0.000463,0.690055,0.688687,0.001368,1.384407,1.341413,722.330855,745.482497,2.089878,/home/afm176/yolo_project/3_pruning/pruning_plan_new_sw_full_20260712_234356/l1_unstructured_combo_new_top6_amt_0p10/combo_22_17_amt_0p10/yolo26n_l1_combo_22_17_amt_0p10.pt,/home/afm176/yolo_project/3_pruning/pruning_plan_new_sw_full_20260712_234356/l1_unstructured_combo_new_top6_amt_0p10/combo_22_17_amt_0p10/unstructured_pruning_summary.csv
l1_unstructured,new_top6_combo,"8,17",2,0.1,0.506632,0.506165,0.000468,0.690055,0.688763,0.001292,1.351278,1.336494,740.040286,748.226157,1.602579,/home/afm176/yolo_project/3_pruning/pruning_plan_new_sw_full_20260712_234356/l1_unstructured_combo_new_top6_amt_0p10/combo_8_17_amt_0p10/yolo26n_l1_combo_8_17_amt_0p10.pt,/home/afm176/yolo_project/3_pruning/pruning_plan_new_sw_full_20260712_234356/l1_unstructured_combo_new_top6_amt_0p10/combo_8_17_amt_0p10/unstructured_pruning_summary.csv
l1_unstructured,new_top6_combo,"7,22,8,17",4,0.1,0.506632,0.506161,0.000471,0.690055,0.688612,0.001443,1.333098,1.304722,750.132568,766.446905,4.777952,/home/afm176/yolo_project/3_pruning/pruning_plan_new_sw_full_20260712_234356/l1_unstructured_combo_new_top6_amt_0p10/combo_7_22_8_17_amt_0p10/yolo26n_l1_combo_7_22_8_17_amt_0p10.pt,/home/afm176/yolo_project/3_pruning/pruning_plan_new_sw_full_20260712_234356/l1_unstructured_combo_new_top6_amt_0p10/combo_7_22_8_17_amt_0p10/unstructured_pruning_summary.csv
l1_unstructured,new_top6_combo,"7,22,10,8",4,0.1,0.506632,0.506145,0.000488,0.690055,0.687857,0.002198,1.291390,1.279135,774.359487,781.778516,5.661678,/home/afm176/yolo_project/3_pruning/pruning_plan_new_sw_full_20260712_234356/l1_unstructured_combo_new_top6_amt_0p10/combo_7_22_10_8_amt_0p10/yolo26n_l1_combo_7_22_10_8_amt_0p10.pt,/home/afm176/yolo_project/3_pruning/pruning_plan_new_sw_full_20260712_234356/l1_unstructured_combo_new_top6_amt_0p10/combo_7_22_10_8_amt_0p10/unstructured_pruning_summary.csv
l1_unstructured,new_top6_combo,"7,10,8,17",4,0.1,0.506632,0.506144,0.000489,0.690055,0.688155,0.001900,1.387371,1.319952,720.787929,757.603478,3.882067,/home/afm176/yolo_project/3_pruning/pruning_plan_new_sw_full_20260712_234356/l1_unstructured_combo_new_top6_amt_0p10/combo_7_10_8_17_amt_0p10/yolo26n_l1_combo_7_10_8_17_amt_0p10.pt,/home/afm176/yolo_project/3_pruning/pruning_plan_new_sw_full_20260712_234356/l1_unstructured_combo_new_top6_amt_0p10/combo_7_10_8_17_amt_0p10/unstructured_pruning_summary.csv
l1_unstructured,new_top6_combo,"20,22,17",3,0.1,0.506632,0.506135,0.000497,0.690055,0.688675,0.001381,1.315122,1.356055,760.385975,737.433119,2.710245,/home/afm176/yolo_project/3_pruning/pruning_plan_new_sw_full_20260712_234356/l1_unstructured_combo_new_top6_amt_0p10/combo_20_22_17_amt_0p10/yolo26n_l1_combo_20_22_17_amt_0p10.pt,/home/afm176/yolo_project/3_pruning/pruning_plan_new_sw_full_20260712_234356/l1_unstructured_combo_new_top6_amt_0p10/combo_20_22_17_amt_0p10/unstructured_pruning_summary.csv
l1_unstructured,new_top6_combo,"20,22,10",3,0.1,0.506632,0.506132,0.000500,0.690055,0.689120,0.000935,1.378329,1.406221,725.516380,711.125853,3.593971,/home/afm176/yolo_project/3_pruning/pruning_plan_new_sw_full_20260712_234356/l1_unstructured_combo_new_top6_amt_0p10/combo_20_22_10_amt_0p10/yolo26n_l1_combo_20_22_10_amt_0p10.pt,/home/afm176/yolo_project/3_pruning/pruning_plan_new_sw_full_20260712_234356/l1_unstructured_combo_new_top6_amt_0p10/combo_20_22_10_amt_0p10/unstructured_pruning_summary.csv
l1_unstructured,new_top6_combo,"7,22,17",3,0.2,0.506632,0.506128,0.000504,0.690055,0.689075,0.000981,1.394292,1.299602,717.209646,769.466127,6.661307,/home/afm176/yolo_project/3_pruning/pruning_plan_new_sw_full_20260712_234356/l1_unstructured_combo_new_top6_amt_0p20/combo_7_22_17_amt_0p20/yolo26n_l1_combo_7_22_17_amt_0p20.pt,/home/afm176/yolo_project/3_pruning/pruning_plan_new_sw_full_20260712_234356/l1_unstructured_combo_new_top6_amt_0p20/combo_7_22_17_amt_0p20/unstructured_pruning_summary.csv
l1_unstructured,new_top6_combo,"7,10,8",3,0.1,0.506632,0.506126,0.000506,0.690055,0.688122,0.001933,1.376076,1.332529,726.703945,750.452745,3.726997,/home/afm176/yolo_project/3_pruning/pruning_plan_new_sw_full_20260712_234356/l1_unstructured_combo_new_top6_amt_0p10/combo_7_10_8_amt_0p10/yolo26n_l1_combo_7_10_8_amt_0p10.pt,/home/afm176/yolo_project/3_pruning/pruning_plan_new_sw_full_20260712_234356/l1_unstructured_combo_new_top6_amt_0p10/combo_7_10_8_amt_0p10/unstructured_pruning_summary.csv
l1_unstructured,new_top6_combo,"10,8,17",3,0.1,0.506632,0.506119,0.000514,0.690055,0.687951,0.002104,1.460569,1.383844,684.664488,722.624546,2.641376,/home/afm176/yolo_project/3_pruning/pruning_plan_new_sw_full_20260712_234356/l1_unstructured_combo_new_top6_amt_0p10/combo_10_8_17_amt_0p10/yolo26n_l1_combo_10_8_17_amt_0p10.pt,/home/afm176/yolo_project/3_pruning/pruning_plan_new_sw_full_20260712_234356/l1_unstructured_combo_new_top6_amt_0p10/combo_10_8_17_amt_0p10/unstructured_pruning_summary.csv
l1_unstructured,new_top6_combo,"20,10",2,0.1,0.506632,0.506089,0.000543,0.690055,0.689341,0.000714,1.310914,1.327055,762.826449,753.548244,1.659290,/home/afm176/yolo_project/3_pruning/pruning_plan_new_sw_full_20260712_234356/l1_unstructured_combo_new_top6_amt_0p10/combo_20_10_amt_0p10/yolo26n_l1_combo_20_10_amt_0p10.pt,/home/afm176/yolo_project/3_pruning/pruning_plan_new_sw_full_20260712_234356/l1_unstructured_combo_new_top6_amt_0p10/combo_20_10_amt_0p10/unstructured_pruning_summary.csv
l1_unstructured,new_top6_combo,"20,8,17",3,0.1,0.506632,0.506082,0.000551,0.690055,0.688726,0.001329,1.321064,1.324652,756.965521,754.915010,2.222946,/home/afm176/yolo_project/3_pruning/pruning_plan_new_sw_full_20260712_234356/l1_unstructured_combo_new_top6_amt_0p10/combo_20_8_17_amt_0p10/yolo26n_l1_combo_20_8_17_amt_0p10.pt,/home/afm176/yolo_project/3_pruning/pruning_plan_new_sw_full_20260712_234356/l1_unstructured_combo_new_top6_amt_0p10/combo_20_8_17_amt_0p10/unstructured_pruning_summary.csv
l1_unstructured,new_top6_combo,"7,22,10",3,0.1,0.506632,0.506041,0.000591,0.690055,0.689346,0.000709,1.343003,1.293642,744.600222,773.011451,4.214295,/home/afm176/yolo_project/3_pruning/pruning_plan_new_sw_full_20260712_234356/l1_unstructured_combo_new_top6_amt_0p10/combo_7_22_10_amt_0p10/yolo26n_l1_combo_7_22_10_amt_0p10.pt,/home/afm176/yolo_project/3_pruning/pruning_plan_new_sw_full_20260712_234356/l1_unstructured_combo_new_top6_amt_0p10/combo_7_22_10_amt_0p10/unstructured_pruning_summary.csv
l1_unstructured,new_top6_combo,"20,7,22,10",4,0.1,0.506632,0.506031,0.000601,0.690055,0.689319,0.000736,1.406592,1.392114,710.937962,718.331992,4.834662,/home/afm176/yolo_project/3_pruning/pruning_plan_new_sw_full_20260712_234356/l1_unstructured_combo_new_top6_amt_0p10/combo_20_7_22_10_amt_0p10/yolo26n_l1_combo_20_7_22_10_amt_0p10.pt,/home/afm176/yolo_project/3_pruning/pruning_plan_new_sw_full_20260712_234356/l1_unstructured_combo_new_top6_amt_0p10/combo_20_7_22_10_amt_0p10/unstructured_pruning_summary.csv
l1_unstructured,new_top6_combo,"20,7,22,10,8,17",6,0.1,0.506632,0.505984,0.000648,0.690055,0.687728,0.002327,1.385923,1.465378,721.541040,682.417754,6.437115,/home/afm176/yolo_project/3_pruning/pruning_plan_new_sw_full_20260712_234356/l1_unstructured_combo_new_top6_amt_0p10/combo_20_7_22_10_8_17_amt_0p10/yolo26n_l1_combo_20_7_22_10_8_17_amt_0p10.pt,/home/afm176/yolo_project/3_pruning/pruning_plan_new_sw_full_20260712_234356/l1_unstructured_combo_new_top6_amt_0p10/combo_20_7_22_10_8_17_amt_0p10/unstructured_pruning_summary.csv
l1_unstructured,new_top6_combo,"7,22,10,8,17",5,0.1,0.506632,0.505982,0.000651,0.690055,0.687767,0.002288,1.427942,1.441784,700.308790,693.585225,5.816748,/home/afm176/yolo_project/3_pruning/pruning_plan_new_sw_full_20260712_234356/l1_unstructured_combo_new_top6_amt_0p10/combo_7_22_10_8_17_amt_0p10/yolo26n_l1_combo_7_22_10_8_17_amt_0p10.pt,/home/afm176/yolo_project/3_pruning/pruning_plan_new_sw_full_20260712_234356/l1_unstructured_combo_new_top6_amt_0p10/combo_7_22_10_8_17_amt_0p10/unstructured_pruning_summary.csv
l1_unstructured,new_top6_combo,"20,17",2,0.2,0.506632,0.505976,0.000656,0.690055,0.688966,0.001089,1.391908,1.335747,718.438480,748.644896,1.551001,/home/afm176/yolo_project/3_pruning/pruning_plan_new_sw_full_20260712_234356/l1_unstructured_combo_new_top6_amt_0p20/combo_20_17_amt_0p20/yolo26n_l1_combo_20_17_amt_0p20.pt,/home/afm176/yolo_project/3_pruning/pruning_plan_new_sw_full_20260712_234356/l1_unstructured_combo_new_top6_amt_0p20/combo_20_17_amt_0p20/unstructured_pruning_summary.csv
l1_unstructured,new_top6_combo,17,1,0.2,0.506632,0.505970,0.000662,0.690055,0.689127,0.000929,1.340999,1.358705,745.712546,735.994864,0.310310,/home/afm176/yolo_project/3_pruning/pruning_plan_new_sw_full_20260712_234356/l1_unstructured_combo_new_top6_amt_0p20/combo_17_amt_0p20/yolo26n_l1_combo_17_amt_0p20.pt,/home/afm176/yolo_project/3_pruning/pruning_plan_new_sw_full_20260712_234356/l1_unstructured_combo_new_top6_amt_0p20/combo_17_amt_0p20/unstructured_pruning_summary.csv
l1_unstructured,new_top6_combo,"20,22,8,17",4,0.1,0.506632,0.505952,0.000681,0.690055,0.688638,0.001417,1.332578,1.280844,750.425325,780.735500,4.157627,/home/afm176/yolo_project/3_pruning/pruning_plan_new_sw_full_20260712_234356/l1_unstructured_combo_new_top6_amt_0p10/combo_20_22_8_17_amt_0p10/yolo26n_l1_combo_20_22_8_17_amt_0p10.pt,/home/afm176/yolo_project/3_pruning/pruning_plan_new_sw_full_20260712_234356/l1_unstructured_combo_new_top6_amt_0p10/combo_20_22_8_17_amt_0p10/unstructured_pruning_summary.csv
l1_unstructured,new_top6_combo,"20,10,8",3,0.1,0.506632,0.505925,0.000707,0.690055,0.687826,0.002229,1.359836,1.331394,735.382854,751.092530,3.106672,/home/afm176/yolo_project/3_pruning/pruning_plan_new_sw_full_20260712_234356/l1_unstructured_combo_new_top6_amt_0p10/combo_20_10_8_amt_0p10/yolo26n_l1_combo_20_10_8_amt_0p10.pt,/home/afm176/yolo_project/3_pruning/pruning_plan_new_sw_full_20260712_234356/l1_unstructured_combo_new_top6_amt_0p10/combo_20_10_8_amt_0p10/unstructured_pruning_summary.csv
l1_unstructured,new_top6_combo,10,1,0.1,0.506632,0.505913,0.000719,0.690055,0.689404,0.000652,1.319063,1.388958,758.114046,719.964228,1.038923,/home/afm176/yolo_project/3_pruning/pruning_plan_new_sw_full_20260712_234356/l1_unstructured_combo_new_top6_amt_0p10/combo_10_amt_0p10/yolo26n_l1_combo_10_amt_0p10.pt,/home/afm176/yolo_project/3_pruning/pruning_plan_new_sw_full_20260712_234356/l1_unstructured_combo_new_top6_amt_0p10/combo_10_amt_0p10/unstructured_pruning_summary.csv
l1_unstructured,new_top6_combo,"22,10,8,17",4,0.1,0.506632,0.505905,0.000727,0.690055,0.687549,0.002506,1.480215,1.442077,675.577371,693.444359,4.576057,/home/afm176/yolo_project/3_pruning/pruning_plan_new_sw_full_20260712_234356/l1_unstructured_combo_new_top6_amt_0p10/combo_22_10_8_17_amt_0p10/yolo26n_l1_combo_22_10_8_17_amt_0p10.pt,/home/afm176/yolo_project/3_pruning/pruning_plan_new_sw_full_20260712_234356/l1_unstructured_combo_new_top6_amt_0p10/combo_22_10_8_17_amt_0p10/unstructured_pruning_summary.csv
l1_unstructured,new_top6_combo,"20,22,10,8,17",5,0.1,0.506632,0.505901,0.000731,0.690055,0.687554,0.002501,1.336354,1.339738,748.304636,746.414779,5.196424,/home/afm176/yolo_project/3_pruning/pruning_plan_new_sw_full_20260712_234356/l1_unstructured_combo_new_top6_amt_0p10/combo_20_22_10_8_17_amt_0p10/yolo26n_l1_combo_20_22_10_8_17_amt_0p10.pt,/home/afm176/yolo_project/3_pruning/pruning_plan_new_sw_full_20260712_234356/l1_unstructured_combo_new_top6_amt_0p10/combo_20_22_10_8_17_amt_0p10/unstructured_pruning_summary.csv
l1_unstructured,new_top6_combo,"7,10",2,0.1,0.506632,0.505891,0.000741,0.690055,0.689489,0.000566,1.382159,1.351747,723.505791,739.783486,2.279614,/home/afm176/yolo_project/3_pruning/pruning_plan_new_sw_full_20260712_234356/l1_unstructured_combo_new_top6_amt_0p10/combo_7_10_amt_0p10/yolo26n_l1_combo_7_10_amt_0p10.pt,/home/afm176/yolo_project/3_pruning/pruning_plan_new_sw_full_20260712_234356/l1_unstructured_combo_new_top6_amt_0p10/combo_7_10_amt_0p10/unstructured_pruning_summary.csv
l1_unstructured,new_top6_combo,"20,7,10",3,0.1,0.506632,0.505845,0.000787,0.690055,0.689432,0.000624,1.332810,1.362659,750.294562,733.859570,2.899981,/home/afm176/yolo_project/3_pruning/pruning_plan_new_sw_full_20260712_234356/l1_unstructured_combo_new_top6_amt_0p10/combo_20_7_10_amt_0p10/yolo26n_l1_combo_20_7_10_amt_0p10.pt,/home/afm176/yolo_project/3_pruning/pruning_plan_new_sw_full_20260712_234356/l1_unstructured_combo_new_top6_amt_0p10/combo_20_7_10_amt_0p10/unstructured_pruning_summary.csv
l1_unstructured,new_top6_combo,"22,10,8",3,0.1,0.506632,0.505810,0.000822,0.690055,0.687699,0.002356,1.421093,1.361843,703.683881,734.298909,4.420986,/home/afm176/yolo_project/3_pruning/pruning_plan_new_sw_full_20260712_234356/l1_unstructured_combo_new_top6_amt_0p10/combo_22_10_8_amt_0p10/yolo26n_l1_combo_22_10_8_amt_0p10.pt,/home/afm176/yolo_project/3_pruning/pruning_plan_new_sw_full_20260712_234356/l1_unstructured_combo_new_top6_amt_0p10/combo_22_10_8_amt_0p10/unstructured_pruning_summary.csv
l1_unstructured,new_top6_combo,"20,7,10,8,17",5,0.2,0.506632,0.505749,0.000883,0.690055,0.686967,0.003088,1.403211,1.325660,712.651290,754.341017,9.004910,/home/afm176/yolo_project/3_pruning/pruning_plan_new_sw_full_20260712_234356/l1_unstructured_combo_new_top6_amt_0p20/combo_20_7_10_8_17_amt_0p20/yolo26n_l1_combo_20_7_10_8_17_amt_0p20.pt,/home/afm176/yolo_project/3_pruning/pruning_plan_new_sw_full_20260712_234356/l1_unstructured_combo_new_top6_amt_0p20/combo_20_7_10_8_17_amt_0p20/unstructured_pruning_summary.csv
l1_unstructured,new_top6_combo,"20,22,10,8",4,0.1,0.506632,0.505731,0.000901,0.690055,0.687600,0.002455,1.430625,1.482790,698.995054,674.404283,5.041353,/home/afm176/yolo_project/3_pruning/pruning_plan_new_sw_full_20260712_234356/l1_unstructured_combo_new_top6_amt_0p10/combo_20_22_10_8_amt_0p10/yolo26n_l1_combo_20_22_10_8_amt_0p10.pt,/home/afm176/yolo_project/3_pruning/pruning_plan_new_sw_full_20260712_234356/l1_unstructured_combo_new_top6_amt_0p10/combo_20_22_10_8_amt_0p10/unstructured_pruning_summary.csv
l1_unstructured,new_top6_combo,"7,8",2,0.2,0.506632,0.505720,0.000912,0.690055,0.688853,0.001202,1.360021,1.260725,735.282969,793.194534,5.376484,/home/afm176/yolo_project/3_pruning/pruning_plan_new_sw_full_20260712_234356/l1_unstructured_combo_new_top6_amt_0p20/combo_7_8_amt_0p20/yolo26n_l1_combo_7_8_amt_0p20.pt,/home/afm176/yolo_project/3_pruning/pruning_plan_new_sw_full_20260712_234356/l1_unstructured_combo_new_top6_amt_0p20/combo_7_8_amt_0p20/unstructured_pruning_summary.csv
l1_unstructured,new_top6_combo,"10,8",2,0.1,0.506632,0.505716,0.000916,0.690055,0.687976,0.002079,1.347950,1.431638,741.867029,698.500662,2.486305,/home/afm176/yolo_project/3_pruning/pruning_plan_new_sw_full_20260712_234356/l1_unstructured_combo_new_top6_amt_0p10/combo_10_8_amt_0p10/yolo26n_l1_combo_10_8_amt_0p10.pt,/home/afm176/yolo_project/3_pruning/pruning_plan_new_sw_full_20260712_234356/l1_unstructured_combo_new_top6_amt_0p10/combo_10_8_amt_0p10/unstructured_pruning_summary.csv
l1_unstructured,new_top6_combo,"20,7,22,8",4,0.2,0.506632,0.505712,0.000920,0.690055,0.688788,0.001267,1.343394,1.313091,744.383243,761.562066,10.486790,/home/afm176/yolo_project/3_pruning/pruning_plan_new_sw_full_20260712_234356/l1_unstructured_combo_new_top6_amt_0p20/combo_20_7_22_8_amt_0p20/yolo26n_l1_combo_20_7_22_8_amt_0p20.pt,/home/afm176/yolo_project/3_pruning/pruning_plan_new_sw_full_20260712_234356/l1_unstructured_combo_new_top6_amt_0p20/combo_20_7_22_8_amt_0p20/unstructured_pruning_summary.csv
l1_unstructured,new_top6_combo,"20,7,8",3,0.2,0.506632,0.505704,0.000928,0.690055,0.688796,0.001259,1.359523,1.361558,735.551836,734.452643,6.617175,/home/afm176/yolo_project/3_pruning/pruning_plan_new_sw_full_20260712_234356/l1_unstructured_combo_new_top6_amt_0p20/combo_20_7_8_amt_0p20/yolo26n_l1_combo_20_7_8_amt_0p20.pt,/home/afm176/yolo_project/3_pruning/pruning_plan_new_sw_full_20260712_234356/l1_unstructured_combo_new_top6_amt_0p20/combo_20_7_8_amt_0p20/unstructured_pruning_summary.csv
l1_unstructured,new_top6_combo,"7,10,8,17",4,0.2,0.506632,0.505663,0.000970,0.690055,0.686870,0.003185,1.359146,1.310317,735.756398,763.173870,7.764219,/home/afm176/yolo_project/3_pruning/pruning_plan_new_sw_full_20260712_234356/l1_unstructured_combo_new_top6_amt_0p20/combo_7_10_8_17_amt_0p20/yolo26n_l1_combo_7_10_8_17_amt_0p20.pt,/home/afm176/yolo_project/3_pruning/pruning_plan_new_sw_full_20260712_234356/l1_unstructured_combo_new_top6_amt_0p20/combo_7_10_8_17_amt_0p20/unstructured_pruning_summary.csv
l1_unstructured,new_top6_combo,"20,7,10,8",4,0.2,0.506632,0.505642,0.000991,0.690055,0.686817,0.003238,1.412620,1.331246,707.904397,751.175985,8.694727,/home/afm176/yolo_project/3_pruning/pruning_plan_new_sw_full_20260712_234356/l1_unstructured_combo_new_top6_amt_0p20/combo_20_7_10_8_amt_0p20/yolo26n_l1_combo_20_7_10_8_amt_0p20.pt,/home/afm176/yolo_project/3_pruning/pruning_plan_new_sw_full_20260712_234356/l1_unstructured_combo_new_top6_amt_0p20/combo_20_7_10_8_amt_0p20/unstructured_pruning_summary.csv
l1_unstructured,new_top6_combo,"7,22,8",3,0.2,0.506632,0.505610,0.001022,0.690055,0.688690,0.001365,1.323282,1.304736,755.696840,766.438378,9.246098,/home/afm176/yolo_project/3_pruning/pruning_plan_new_sw_full_20260712_234356/l1_unstructured_combo_new_top6_amt_0p20/combo_7_22_8_amt_0p20/yolo26n_l1_combo_7_22_8_amt_0p20.pt,/home/afm176/yolo_project/3_pruning/pruning_plan_new_sw_full_20260712_234356/l1_unstructured_combo_new_top6_amt_0p20/combo_7_22_8_amt_0p20/unstructured_pruning_summary.csv
l1_unstructured,new_top6_combo,"7,22,8,17",4,0.2,0.506632,0.505575,0.001057,0.690055,0.688894,0.001161,1.282710,1.325319,779.599203,754.535305,9.556282,/home/afm176/yolo_project/3_pruning/pruning_plan_new_sw_full_20260712_234356/l1_unstructured_combo_new_top6_amt_0p20/combo_7_22_8_17_amt_0p20/yolo26n_l1_combo_7_22_8_17_amt_0p20.pt,/home/afm176/yolo_project/3_pruning/pruning_plan_new_sw_full_20260712_234356/l1_unstructured_combo_new_top6_amt_0p20/combo_7_22_8_17_amt_0p20/unstructured_pruning_summary.csv
l1_unstructured,new_top6_combo,"20,7,22,8,17",5,0.2,0.506632,0.505573,0.001059,0.690055,0.688973,0.001082,1.290327,1.381676,774.997059,723.758846,10.796973,/home/afm176/yolo_project/3_pruning/pruning_plan_new_sw_full_20260712_234356/l1_unstructured_combo_new_top6_amt_0p20/combo_20_7_22_8_17_amt_0p20/yolo26n_l1_combo_20_7_22_8_17_amt_0p20.pt,/home/afm176/yolo_project/3_pruning/pruning_plan_new_sw_full_20260712_234356/l1_unstructured_combo_new_top6_amt_0p20/combo_20_7_22_8_17_amt_0p20/unstructured_pruning_summary.csv
l1_unstructured,new_top6_combo,"20,7,8,17",4,0.2,0.506632,0.505552,0.001081,0.690055,0.688842,0.001213,1.370287,1.255206,729.774213,796.682204,6.927359,/home/afm176/yolo_project/3_pruning/pruning_plan_new_sw_full_20260712_234356/l1_unstructured_combo_new_top6_amt_0p20/combo_20_7_8_17_amt_0p20/yolo26n_l1_combo_20_7_8_17_amt_0p20.pt,/home/afm176/yolo_project/3_pruning/pruning_plan_new_sw_full_20260712_234356/l1_unstructured_combo_new_top6_amt_0p20/combo_20_7_8_17_amt_0p20/unstructured_pruning_summary.csv
l1_unstructured,new_top6_combo,"7,8,17",3,0.2,0.506632,0.505509,0.001123,0.690055,0.688887,0.001168,1.297830,1.314846,770.516776,760.545213,5.686667,/home/afm176/yolo_project/3_pruning/pruning_plan_new_sw_full_20260712_234356/l1_unstructured_combo_new_top6_amt_0p20/combo_7_8_17_amt_0p20/yolo26n_l1_combo_7_8_17_amt_0p20.pt,/home/afm176/yolo_project/3_pruning/pruning_plan_new_sw_full_20260712_234356/l1_unstructured_combo_new_top6_amt_0p20/combo_7_8_17_amt_0p20/unstructured_pruning_summary.csv
l1_unstructured,new_top6_combo,"20,7,22,10,8,17",6,0.2,0.506632,0.505457,0.001175,0.690055,0.686602,0.003453,1.308328,1.279930,764.334295,781.292788,12.874524,/home/afm176/yolo_project/3_pruning/pruning_plan_new_sw_full_20260712_234356/l1_unstructured_combo_new_top6_amt_0p20/combo_20_7_22_10_8_17_amt_0p20/yolo26n_l1_combo_20_7_22_10_8_17_amt_0p20.pt,/home/afm176/yolo_project/3_pruning/pruning_plan_new_sw_full_20260712_234356/l1_unstructured_combo_new_top6_amt_0p20/combo_20_7_22_10_8_17_amt_0p20/unstructured_pruning_summary.csv
l1_unstructured,new_top6_combo,"20,10,8",3,0.2,0.506632,0.505423,0.001209,0.690055,0.686188,0.003867,1.340047,1.363860,746.242607,733.213126,6.213344,/home/afm176/yolo_project/3_pruning/pruning_plan_new_sw_full_20260712_234356/l1_unstructured_combo_new_top6_amt_0p20/combo_20_10_8_amt_0p20/yolo26n_l1_combo_20_10_8_amt_0p20.pt,/home/afm176/yolo_project/3_pruning/pruning_plan_new_sw_full_20260712_234356/l1_unstructured_combo_new_top6_amt_0p20/combo_20_10_8_amt_0p20/unstructured_pruning_summary.csv
l1_unstructured,new_top6_combo,"20,22,8",3,0.2,0.506632,0.505421,0.001212,0.690055,0.688916,0.001139,1.355740,1.270127,737.604461,787.322625,8.005407,/home/afm176/yolo_project/3_pruning/pruning_plan_new_sw_full_20260712_234356/l1_unstructured_combo_new_top6_amt_0p20/combo_20_22_8_amt_0p20/yolo26n_l1_combo_20_22_8_amt_0p20.pt,/home/afm176/yolo_project/3_pruning/pruning_plan_new_sw_full_20260712_234356/l1_unstructured_combo_new_top6_amt_0p20/combo_20_22_8_amt_0p20/unstructured_pruning_summary.csv
l1_unstructured,new_top6_combo,"20,10,8,17",4,0.2,0.506632,0.505419,0.001213,0.690055,0.686086,0.003969,1.354491,1.315124,738.284884,760.384516,6.523527,/home/afm176/yolo_project/3_pruning/pruning_plan_new_sw_full_20260712_234356/l1_unstructured_combo_new_top6_amt_0p20/combo_20_10_8_17_amt_0p20/yolo26n_l1_combo_20_10_8_17_amt_0p20.pt,/home/afm176/yolo_project/3_pruning/pruning_plan_new_sw_full_20260712_234356/l1_unstructured_combo_new_top6_amt_0p20/combo_20_10_8_17_amt_0p20/unstructured_pruning_summary.csv
l1_unstructured,new_top6_combo,"7,10,8",3,0.2,0.506632,0.505409,0.001223,0.690055,0.686795,0.003260,1.359207,1.319080,735.723321,758.104209,7.454035,/home/afm176/yolo_project/3_pruning/pruning_plan_new_sw_full_20260712_234356/l1_unstructured_combo_new_top6_amt_0p20/combo_7_10_8_amt_0p20/yolo26n_l1_combo_7_10_8_amt_0p20.pt,/home/afm176/yolo_project/3_pruning/pruning_plan_new_sw_full_20260712_234356/l1_unstructured_combo_new_top6_amt_0p20/combo_7_10_8_amt_0p20/unstructured_pruning_summary.csv
l1_unstructured,new_top6_combo,"7,22,10,8,17",5,0.2,0.506632,0.505335,0.001298,0.690055,0.686490,0.003565,1.286775,1.297841,777.136434,770.510570,11.633833,/home/afm176/yolo_project/3_pruning/pruning_plan_new_sw_full_20260712_234356/l1_unstructured_combo_new_top6_amt_0p20/combo_7_22_10_8_17_amt_0p20/yolo26n_l1_combo_7_22_10_8_17_amt_0p20.pt,/home/afm176/yolo_project/3_pruning/pruning_plan_new_sw_full_20260712_234356/l1_unstructured_combo_new_top6_amt_0p20/combo_7_22_10_8_17_amt_0p20/unstructured_pruning_summary.csv
l1_unstructured,new_top6_combo,"20,7,22,10,17",5,0.1,0.506632,0.505267,0.001365,0.690055,0.687989,0.002066,1.373219,1.266241,728.215870,789.738985,4.989733,/home/afm176/yolo_project/3_pruning/pruning_plan_new_sw_full_20260712_234356/l1_unstructured_combo_new_top6_amt_0p10/combo_20_7_22_10_17_amt_0p10/yolo26n_l1_combo_20_7_22_10_17_amt_0p10.pt,/home/afm176/yolo_project/3_pruning/pruning_plan_new_sw_full_20260712_234356/l1_unstructured_combo_new_top6_amt_0p10/combo_20_7_22_10_17_amt_0p10/unstructured_pruning_summary.csv
l1_unstructured,new_top6_combo,"20,22,10,17",4,0.1,0.506632,0.505268,0.001365,0.690055,0.688167,0.001888,1.324317,1.308831,755.106464,764.040781,3.749041,/home/afm176/yolo_project/3_pruning/pruning_plan_new_sw_full_20260712_234356/l1_unstructured_combo_new_top6_amt_0p10/combo_20_22_10_17_amt_0p10/yolo26n_l1_combo_20_22_10_17_amt_0p10.pt,/home/afm176/yolo_project/3_pruning/pruning_plan_new_sw_full_20260712_234356/l1_unstructured_combo_new_top6_amt_0p10/combo_20_22_10_17_amt_0p10/unstructured_pruning_summary.csv
l1_unstructured,new_top6_combo,"20,8",2,0.2,0.506632,0.505266,0.001366,0.690055,0.688996,0.001059,1.384398,1.339648,722.335798,746.464929,4.135792,/home/afm176/yolo_project/3_pruning/pruning_plan_new_sw_full_20260712_234356/l1_unstructured_combo_new_top6_amt_0p20/combo_20_8_amt_0p20/yolo26n_l1_combo_20_8_amt_0p20.pt,/home/afm176/yolo_project/3_pruning/pruning_plan_new_sw_full_20260712_234356/l1_unstructured_combo_new_top6_amt_0p20/combo_20_8_amt_0p20/unstructured_pruning_summary.csv
l1_unstructured,new_top6_combo,"22,10,17",3,0.1,0.506632,0.505242,0.001391,0.690055,0.688325,0.001730,1.373676,1.311217,727.973578,762.650111,3.128675,/home/afm176/yolo_project/3_pruning/pruning_plan_new_sw_full_20260712_234356/l1_unstructured_combo_new_top6_amt_0p10/combo_22_10_17_amt_0p10/yolo26n_l1_combo_22_10_17_amt_0p10.pt,/home/afm176/yolo_project/3_pruning/pruning_plan_new_sw_full_20260712_234356/l1_unstructured_combo_new_top6_amt_0p10/combo_22_10_17_amt_0p10/unstructured_pruning_summary.csv
l1_unstructured,new_top6_combo,"7,10,17",3,0.1,0.506632,0.505211,0.001421,0.690055,0.688522,0.001533,1.329474,1.282101,752.177260,779.969682,2.434685,/home/afm176/yolo_project/3_pruning/pruning_plan_new_sw_full_20260712_234356/l1_unstructured_combo_new_top6_amt_0p10/combo_7_10_17_amt_0p10/yolo26n_l1_combo_7_10_17_amt_0p10.pt,/home/afm176/yolo_project/3_pruning/pruning_plan_new_sw_full_20260712_234356/l1_unstructured_combo_new_top6_amt_0p10/combo_7_10_17_amt_0p10/unstructured_pruning_summary.csv
l1_unstructured,new_top6_combo,8,1,0.2,0.506632,0.505200,0.001432,0.690055,0.688980,0.001075,1.364295,1.326022,732.979114,754.135129,2.895101,/home/afm176/yolo_project/3_pruning/pruning_plan_new_sw_full_20260712_234356/l1_unstructured_combo_new_top6_amt_0p20/combo_8_amt_0p20/yolo26n_l1_combo_8_amt_0p20.pt,/home/afm176/yolo_project/3_pruning/pruning_plan_new_sw_full_20260712_234356/l1_unstructured_combo_new_top6_amt_0p20/combo_8_amt_0p20/unstructured_pruning_summary.csv
l1_unstructured,new_top6_combo,"7,22,10,17",4,0.1,0.506632,0.505182,0.001451,0.690055,0.688084,0.001972,1.391064,1.367012,718.874402,731.522304,4.369366,/home/afm176/yolo_project/3_pruning/pruning_plan_new_sw_full_20260712_234356/l1_unstructured_combo_new_top6_amt_0p10/combo_7_22_10_17_amt_0p10/yolo26n_l1_combo_7_22_10_17_amt_0p10.pt,/home/afm176/yolo_project/3_pruning/pruning_plan_new_sw_full_20260712_234356/l1_unstructured_combo_new_top6_amt_0p10/combo_7_22_10_17_amt_0p10/unstructured_pruning_summary.csv
l1_unstructured,new_top6_combo,"10,8,17",3,0.2,0.506632,0.505126,0.001506,0.690055,0.685942,0.004113,1.368458,1.317417,730.749623,759.060914,5.282836,/home/afm176/yolo_project/3_pruning/pruning_plan_new_sw_full_20260712_234356/l1_unstructured_combo_new_top6_amt_0p20/combo_10_8_17_amt_0p20/yolo26n_l1_combo_10_8_17_amt_0p20.pt,/home/afm176/yolo_project/3_pruning/pruning_plan_new_sw_full_20260712_234356/l1_unstructured_combo_new_top6_amt_0p20/combo_10_8_17_amt_0p20/unstructured_pruning_summary.csv
l1_unstructured,new_top6_combo,"10,8",2,0.2,0.506632,0.505126,0.001506,0.690055,0.686072,0.003983,1.393075,1.319747,717.836250,757.720912,4.972652,/home/afm176/yolo_project/3_pruning/pruning_plan_new_sw_full_20260712_234356/l1_unstructured_combo_new_top6_amt_0p20/combo_10_8_amt_0p20/yolo26n_l1_combo_10_8_amt_0p20.pt,/home/afm176/yolo_project/3_pruning/pruning_plan_new_sw_full_20260712_234356/l1_unstructured_combo_new_top6_amt_0p20/combo_10_8_amt_0p20/unstructured_pruning_summary.csv
l1_unstructured,new_top6_combo,"20,22,10,8,17",5,0.2,0.506632,0.505101,0.001531,0.690055,0.685683,0.004372,1.376613,1.297763,726.420612,770.556954,10.393142,/home/afm176/yolo_project/3_pruning/pruning_plan_new_sw_full_20260712_234356/l1_unstructured_combo_new_top6_amt_0p20/combo_20_22_10_8_17_amt_0p20/yolo26n_l1_combo_20_22_10_8_17_amt_0p20.pt,/home/afm176/yolo_project/3_pruning/pruning_plan_new_sw_full_20260712_234356/l1_unstructured_combo_new_top6_amt_0p20/combo_20_22_10_8_17_amt_0p20/unstructured_pruning_summary.csv
l1_unstructured,new_top6_combo,"22,8",2,0.2,0.506632,0.505098,0.001535,0.690055,0.688868,0.001187,1.370441,1.465706,729.692240,682.265100,6.764715,/home/afm176/yolo_project/3_pruning/pruning_plan_new_sw_full_20260712_234356/l1_unstructured_combo_new_top6_amt_0p20/combo_22_8_amt_0p20/yolo26n_l1_combo_22_8_amt_0p20.pt,/home/afm176/yolo_project/3_pruning/pruning_plan_new_sw_full_20260712_234356/l1_unstructured_combo_new_top6_amt_0p20/combo_22_8_amt_0p20/unstructured_pruning_summary.csv
l1_unstructured,new_top6_combo,"20,7,22,10,8",5,0.2,0.506632,0.505079,0.001554,0.690055,0.686423,0.003632,1.350002,1.263322,740.739424,791.563578,12.564341,/home/afm176/yolo_project/3_pruning/pruning_plan_new_sw_full_20260712_234356/l1_unstructured_combo_new_top6_amt_0p20/combo_20_7_22_10_8_amt_0p20/yolo26n_l1_combo_20_7_22_10_8_amt_0p20.pt,/home/afm176/yolo_project/3_pruning/pruning_plan_new_sw_full_20260712_234356/l1_unstructured_combo_new_top6_amt_0p20/combo_20_7_22_10_8_amt_0p20/unstructured_pruning_summary.csv
l1_unstructured,new_top6_combo,"20,7,10,17",4,0.1,0.506632,0.504982,0.001651,0.690055,0.688072,0.001983,1.399260,1.319954,714.663596,757.602103,3.055052,/home/afm176/yolo_project/3_pruning/pruning_plan_new_sw_full_20260712_234356/l1_unstructured_combo_new_top6_amt_0p10/combo_20_7_10_17_amt_0p10/yolo26n_l1_combo_20_7_10_17_amt_0p10.pt,/home/afm176/yolo_project/3_pruning/pruning_plan_new_sw_full_20260712_234356/l1_unstructured_combo_new_top6_amt_0p10/combo_20_7_10_17_amt_0p10/unstructured_pruning_summary.csv
l1_unstructured,new_top6_combo,"10,17",2,0.1,0.506632,0.504980,0.001653,0.690055,0.688330,0.001725,1.296357,1.300589,771.392603,768.882310,1.193994,/home/afm176/yolo_project/3_pruning/pruning_plan_new_sw_full_20260712_234356/l1_unstructured_combo_new_top6_amt_0p10/combo_10_17_amt_0p10/yolo26n_l1_combo_10_17_amt_0p10.pt,/home/afm176/yolo_project/3_pruning/pruning_plan_new_sw_full_20260712_234356/l1_unstructured_combo_new_top6_amt_0p10/combo_10_17_amt_0p10/unstructured_pruning_summary.csv
l1_unstructured,new_top6_combo,"20,22,10,8",4,0.2,0.506632,0.504970,0.001662,0.690055,0.685525,0.004530,1.392071,1.343118,718.354074,744.536037,10.082958,/home/afm176/yolo_project/3_pruning/pruning_plan_new_sw_full_20260712_234356/l1_unstructured_combo_new_top6_amt_0p20/combo_20_22_10_8_amt_0p20/yolo26n_l1_combo_20_22_10_8_amt_0p20.pt,/home/afm176/yolo_project/3_pruning/pruning_plan_new_sw_full_20260712_234356/l1_unstructured_combo_new_top6_amt_0p20/combo_20_22_10_8_amt_0p20/unstructured_pruning_summary.csv
l1_unstructured,new_top6_combo,"20,10,17",3,0.1,0.506632,0.504955,0.001678,0.690055,0.688281,0.001774,1.362006,1.362946,734.211014,733.704967,1.814360,/home/afm176/yolo_project/3_pruning/pruning_plan_new_sw_full_20260712_234356/l1_unstructured_combo_new_top6_amt_0p10/combo_20_10_17_amt_0p10/yolo26n_l1_combo_20_10_17_amt_0p10.pt,/home/afm176/yolo_project/3_pruning/pruning_plan_new_sw_full_20260712_234356/l1_unstructured_combo_new_top6_amt_0p10/combo_20_10_17_amt_0p10/unstructured_pruning_summary.csv
l1_unstructured,new_top6_combo,"20,22,8,17",4,0.2,0.506632,0.504951,0.001681,0.690055,0.688452,0.001603,1.425722,1.384969,701.398907,722.037584,8.315590,/home/afm176/yolo_project/3_pruning/pruning_plan_new_sw_full_20260712_234356/l1_unstructured_combo_new_top6_amt_0p20/combo_20_22_8_17_amt_0p20/yolo26n_l1_combo_20_22_8_17_amt_0p20.pt,/home/afm176/yolo_project/3_pruning/pruning_plan_new_sw_full_20260712_234356/l1_unstructured_combo_new_top6_amt_0p20/combo_20_22_8_17_amt_0p20/unstructured_pruning_summary.csv
l1_unstructured,new_top6_combo,"22,10,8",3,0.2,0.506632,0.504910,0.001722,0.690055,0.685570,0.004485,1.327927,1.296769,753.053400,771.147510,8.842267,/home/afm176/yolo_project/3_pruning/pruning_plan_new_sw_full_20260712_234356/l1_unstructured_combo_new_top6_amt_0p20/combo_22_10_8_amt_0p20/yolo26n_l1_combo_22_10_8_amt_0p20.pt,/home/afm176/yolo_project/3_pruning/pruning_plan_new_sw_full_20260712_234356/l1_unstructured_combo_new_top6_amt_0p20/combo_22_10_8_amt_0p20/unstructured_pruning_summary.csv
l1_unstructured,new_top6_combo,"22,8,17",3,0.2,0.506632,0.504844,0.001788,0.690055,0.688434,0.001621,1.357302,1.311783,736.755486,762.321326,7.074899,/home/afm176/yolo_project/3_pruning/pruning_plan_new_sw_full_20260712_234356/l1_unstructured_combo_new_top6_amt_0p20/combo_22_8_17_amt_0p20/yolo26n_l1_combo_22_8_17_amt_0p20.pt,/home/afm176/yolo_project/3_pruning/pruning_plan_new_sw_full_20260712_234356/l1_unstructured_combo_new_top6_amt_0p20/combo_22_8_17_amt_0p20/unstructured_pruning_summary.csv
l1_unstructured,new_top6_combo,"7,22,10,8",4,0.2,0.506632,0.504790,0.001842,0.690055,0.686056,0.003999,1.416823,1.488776,705.804628,671.692533,11.323650,/home/afm176/yolo_project/3_pruning/pruning_plan_new_sw_full_20260712_234356/l1_unstructured_combo_new_top6_amt_0p20/combo_7_22_10_8_amt_0p20/yolo26n_l1_combo_7_22_10_8_amt_0p20.pt,/home/afm176/yolo_project/3_pruning/pruning_plan_new_sw_full_20260712_234356/l1_unstructured_combo_new_top6_amt_0p20/combo_7_22_10_8_amt_0p20/unstructured_pruning_summary.csv
l1_unstructured,new_top6_combo,"22,10,8,17",4,0.2,0.506632,0.504746,0.001887,0.690055,0.685433,0.004622,1.376600,1.273460,726.427626,785.262171,9.152450,/home/afm176/yolo_project/3_pruning/pruning_plan_new_sw_full_20260712_234356/l1_unstructured_combo_new_top6_amt_0p20/combo_22_10_8_17_amt_0p20/yolo26n_l1_combo_22_10_8_17_amt_0p20.pt,/home/afm176/yolo_project/3_pruning/pruning_plan_new_sw_full_20260712_234356/l1_unstructured_combo_new_top6_amt_0p20/combo_22_10_8_17_amt_0p20/unstructured_pruning_summary.csv
l1_unstructured,new_top6_combo,"20,8,17",3,0.2,0.506632,0.504697,0.001935,0.690055,0.688309,0.001746,1.322368,1.269046,756.219347,787.993723,4.445976,/home/afm176/yolo_project/3_pruning/pruning_plan_new_sw_full_20260712_234356/l1_unstructured_combo_new_top6_amt_0p20/combo_20_8_17_amt_0p20/yolo26n_l1_combo_20_8_17_amt_0p20.pt,/home/afm176/yolo_project/3_pruning/pruning_plan_new_sw_full_20260712_234356/l1_unstructured_combo_new_top6_amt_0p20/combo_20_8_17_amt_0p20/unstructured_pruning_summary.csv
l1_unstructured,new_top6_combo,"8,17",2,0.2,0.506632,0.504647,0.001986,0.690055,0.688423,0.001632,1.368048,1.327133,730.968652,753.504233,3.205284,/home/afm176/yolo_project/3_pruning/pruning_plan_new_sw_full_20260712_234356/l1_unstructured_combo_new_top6_amt_0p20/combo_8_17_amt_0p20/yolo26n_l1_combo_8_17_amt_0p20.pt,/home/afm176/yolo_project/3_pruning/pruning_plan_new_sw_full_20260712_234356/l1_unstructured_combo_new_top6_amt_0p20/combo_8_17_amt_0p20/unstructured_pruning_summary.csv
l1_unstructured,single_layer_sweep,9,1,0.4,0.506632,0.511416,-0.004784,0.690055,0.699486,-0.009431,1.378722,1.352388,725.309621,739.432814,2.757237,/home/afm176/yolo_project/3_pruning/pruning_plan_new_sw_full_20260712_234356/l1_unstructured_single_sweep/layer_9_amt_0p40/yolo26n_l1_layer_9_amt_0p40.pt,/home/afm176/yolo_project/3_pruning/pruning_plan_new_sw_full_20260712_234356/l1_unstructured_single_sweep/layer_9_amt_0p40/unstructured_pruning_summary.csv
l1_unstructured,single_layer_sweep,7,1,0.5,0.506632,0.510988,-0.004355,0.690055,0.692249,-0.002194,1.340016,1.433590,746.259495,697.549615,6.203626,/home/afm176/yolo_project/3_pruning/pruning_plan_new_sw_full_20260712_234356/l1_unstructured_single_sweep/layer_7_amt_0p50/yolo26n_l1_layer_7_amt_0p50.pt,/home/afm176/yolo_project/3_pruning/pruning_plan_new_sw_full_20260712_234356/l1_unstructured_single_sweep/layer_7_amt_0p50/unstructured_pruning_summary.csv
l1_unstructured,single_layer_sweep,3,1,0.4,0.506632,0.509804,-0.003172,0.690055,0.696820,-0.006765,1.402538,1.348593,712.993114,741.513412,0.620493,/home/afm176/yolo_project/3_pruning/pruning_plan_new_sw_full_20260712_234356/l1_unstructured_single_sweep/layer_3_amt_0p40/yolo26n_l1_layer_3_amt_0p40.pt,/home/afm176/yolo_project/3_pruning/pruning_plan_new_sw_full_20260712_234356/l1_unstructured_single_sweep/layer_3_amt_0p40/unstructured_pruning_summary.csv
l1_unstructured,single_layer_sweep,3,1,0.3,0.506632,0.509733,-0.003101,0.690055,0.692400,-0.002345,1.298205,1.340363,770.294222,746.066408,0.465380,/home/afm176/yolo_project/3_pruning/pruning_plan_new_sw_full_20260712_234356/l1_unstructured_single_sweep/layer_3_amt_0p30/yolo26n_l1_layer_3_amt_0p30.pt,/home/afm176/yolo_project/3_pruning/pruning_plan_new_sw_full_20260712_234356/l1_unstructured_single_sweep/layer_3_amt_0p30/unstructured_pruning_summary.csv
l1_unstructured,single_layer_sweep,7,1,0.4,0.506632,0.508825,-0.002193,0.690055,0.691867,-0.001812,1.313575,1.290024,761.280967,775.179446,4.962934,/home/afm176/yolo_project/3_pruning/pruning_plan_new_sw_full_20260712_234356/l1_unstructured_single_sweep/layer_7_amt_0p40/yolo26n_l1_layer_7_amt_0p40.pt,/home/afm176/yolo_project/3_pruning/pruning_plan_new_sw_full_20260712_234356/l1_unstructured_single_sweep/layer_7_amt_0p40/unstructured_pruning_summary.csv
l1_unstructured,single_layer_sweep,3,1,0.5,0.506632,0.508698,-0.002065,0.690055,0.695688,-0.005632,1.443595,1.391082,692.714886,718.864692,0.775564,/home/afm176/yolo_project/3_pruning/pruning_plan_new_sw_full_20260712_234356/l1_unstructured_single_sweep/layer_3_amt_0p50/yolo26n_l1_layer_3_amt_0p50.pt,/home/afm176/yolo_project/3_pruning/pruning_plan_new_sw_full_20260712_234356/l1_unstructured_single_sweep/layer_3_amt_0p50/unstructured_pruning_summary.csv
l1_unstructured,single_layer_sweep,7,1,0.3,0.506632,0.508511,-0.001878,0.690055,0.691969,-0.001914,1.368191,1.275846,730.891998,783.793872,3.722243,/home/afm176/yolo_project/3_pruning/pruning_plan_new_sw_full_20260712_234356/l1_unstructured_single_sweep/layer_7_amt_0p30/yolo26n_l1_layer_7_amt_0p30.pt,/home/afm176/yolo_project/3_pruning/pruning_plan_new_sw_full_20260712_234356/l1_unstructured_single_sweep/layer_7_amt_0p30/unstructured_pruning_summary.csv
l1_unstructured,single_layer_sweep,0,1,0.1,0.506632,0.508460,-0.001828,0.690055,0.688729,0.001327,1.406967,1.317755,710.748653,758.866210,0.001935,/home/afm176/yolo_project/3_pruning/pruning_plan_new_sw_full_20260712_234356/l1_unstructured_single_sweep/layer_0_amt_0p10/yolo26n_l1_layer_0_amt_0p10.pt,/home/afm176/yolo_project/3_pruning/pruning_plan_new_sw_full_20260712_234356/l1_unstructured_single_sweep/layer_0_amt_0p10/unstructured_pruning_summary.csv
l1_unstructured,single_layer_sweep,5,1,0.2,0.506632,0.508301,-0.001669,0.690055,0.690640,-0.000585,1.321787,1.323555,756.551527,755.540771,1.240818,/home/afm176/yolo_project/3_pruning/pruning_plan_new_sw_full_20260712_234356/l1_unstructured_single_sweep/layer_5_amt_0p20/yolo26n_l1_layer_5_amt_0p20.pt,/home/afm176/yolo_project/3_pruning/pruning_plan_new_sw_full_20260712_234356/l1_unstructured_single_sweep/layer_5_amt_0p20/unstructured_pruning_summary.csv
l1_unstructured,single_layer_sweep,3,1,0.2,0.506632,0.508054,-0.001421,0.690055,0.690446,-0.000391,1.322384,1.313514,756.209878,761.316864,0.310310,/home/afm176/yolo_project/3_pruning/pruning_plan_new_sw_full_20260712_234356/l1_unstructured_single_sweep/layer_3_amt_0p20/yolo26n_l1_layer_3_amt_0p20.pt,/home/afm176/yolo_project/3_pruning/pruning_plan_new_sw_full_20260712_234356/l1_unstructured_single_sweep/layer_3_amt_0p20/unstructured_pruning_summary.csv
l1_unstructured,single_layer_sweep,9,1,0.3,0.506632,0.507942,-0.001310,0.690055,0.692962,-0.002906,1.454735,1.470111,687.410387,680.220690,2.067959,/home/afm176/yolo_project/3_pruning/pruning_plan_new_sw_full_20260712_234356/l1_unstructured_single_sweep/layer_9_amt_0p30/yolo26n_l1_layer_9_amt_0p30.pt,/home/afm176/yolo_project/3_pruning/pruning_plan_new_sw_full_20260712_234356/l1_unstructured_single_sweep/layer_9_amt_0p30/unstructured_pruning_summary.csv
l1_unstructured,single_layer_sweep,5,1,0.3,0.506632,0.507829,-0.001197,0.690055,0.689622,0.000434,1.371495,1.273069,729.131482,785.503189,1.861184,/home/afm176/yolo_project/3_pruning/pruning_plan_new_sw_full_20260712_234356/l1_unstructured_single_sweep/layer_5_amt_0p30/yolo26n_l1_layer_5_amt_0p30.pt,/home/afm176/yolo_project/3_pruning/pruning_plan_new_sw_full_20260712_234356/l1_unstructured_single_sweep/layer_5_amt_0p30/unstructured_pruning_summary.csv
l1_unstructured,single_layer_sweep,7,1,0.2,0.506632,0.507365,-0.000732,0.690055,0.690671,-0.000616,1.357600,1.354594,736.594105,738.228649,2.481509,/home/afm176/yolo_project/3_pruning/pruning_plan_new_sw_full_20260712_234356/l1_unstructured_single_sweep/layer_7_amt_0p20/yolo26n_l1_layer_7_amt_0p20.pt,/home/afm176/yolo_project/3_pruning/pruning_plan_new_sw_full_20260712_234356/l1_unstructured_single_sweep/layer_7_amt_0p20/unstructured_pruning_summary.csv
l1_unstructured,single_layer_sweep,16,1,0.2,0.506632,0.507359,-0.000726,0.690055,0.689127,0.000928,1.370580,1.297295,729.617991,770.834566,0.284479,/home/afm176/yolo_project/3_pruning/pruning_plan_new_sw_full_20260712_234356/l1_unstructured_single_sweep/layer_16_amt_0p20/yolo26n_l1_layer_16_amt_0p20.pt,/home/afm176/yolo_project/3_pruning/pruning_plan_new_sw_full_20260712_234356/l1_unstructured_single_sweep/layer_16_amt_0p20/unstructured_pruning_summary.csv
l1_unstructured,single_layer_sweep,19,1,0.05,0.506632,0.507283,-0.000650,0.690055,0.690393,-0.000337,1.322068,1.323089,756.391008,755.807246,0.198319,/home/afm176/yolo_project/3_pruning/pruning_plan_new_sw_full_20260712_234356/l1_unstructured_single_sweep/layer_19_amt_0p05/yolo26n_l1_layer_19_amt_0p05.pt,/home/afm176/yolo_project/3_pruning/pruning_plan_new_sw_full_20260712_234356/l1_unstructured_single_sweep/layer_19_amt_0p05/unstructured_pruning_summary.csv
l1_unstructured,single_layer_sweep,9,1,0.1,0.506632,0.507180,-0.000548,0.690055,0.689576,0.000479,1.319168,1.313447,758.053769,761.355207,0.689404,/home/afm176/yolo_project/3_pruning/pruning_plan_new_sw_full_20260712_234356/l1_unstructured_single_sweep/layer_9_amt_0p10/yolo26n_l1_layer_9_amt_0p10.pt,/home/afm176/yolo_project/3_pruning/pruning_plan_new_sw_full_20260712_234356/l1_unstructured_single_sweep/layer_9_amt_0p10/unstructured_pruning_summary.csv
l1_unstructured,single_layer_sweep,2,1,0.1,0.506632,0.507141,-0.000508,0.690055,0.690451,-0.000395,1.335448,1.476450,748.812387,677.300475,0.027009,/home/afm176/yolo_project/3_pruning/pruning_plan_new_sw_full_20260712_234356/l1_unstructured_single_sweep/layer_2_amt_0p10/yolo26n_l1_layer_2_amt_0p10.pt,/home/afm176/yolo_project/3_pruning/pruning_plan_new_sw_full_20260712_234356/l1_unstructured_single_sweep/layer_2_amt_0p10/unstructured_pruning_summary.csv
l1_unstructured,single_layer_sweep,22,1,0.2,0.506632,0.507116,-0.000484,0.690055,0.689970,0.000086,1.361128,1.397523,734.684909,715.551740,3.869741,/home/afm176/yolo_project/3_pruning/pruning_plan_new_sw_full_20260712_234356/l1_unstructured_single_sweep/layer_22_amt_0p20/yolo26n_l1_layer_22_amt_0p20.pt,/home/afm176/yolo_project/3_pruning/pruning_plan_new_sw_full_20260712_234356/l1_unstructured_single_sweep/layer_22_amt_0p20/unstructured_pruning_summary.csv
l1_unstructured,single_layer_sweep,5,1,0.5,0.506632,0.507110,-0.000477,0.690055,0.686895,0.003161,1.369927,1.321186,729.965756,756.895864,3.101876,/home/afm176/yolo_project/3_pruning/pruning_plan_new_sw_full_20260712_234356/l1_unstructured_single_sweep/layer_5_amt_0p50/yolo26n_l1_layer_5_amt_0p50.pt,/home/afm176/yolo_project/3_pruning/pruning_plan_new_sw_full_20260712_234356/l1_unstructured_single_sweep/layer_5_amt_0p50/unstructured_pruning_summary.csv
l1_unstructured,single_layer_sweep,3,1,0.05,0.506632,0.507050,-0.000418,0.690055,0.690171,-0.000115,1.331789,1.346510,750.869628,742.660530,0.077662,/home/afm176/yolo_project/3_pruning/pruning_plan_new_sw_full_20260712_234356/l1_unstructured_single_sweep/layer_3_amt_0p05/yolo26n_l1_layer_3_amt_0p05.pt,/home/afm176/yolo_project/3_pruning/pruning_plan_new_sw_full_20260712_234356/l1_unstructured_single_sweep/layer_3_amt_0p05/unstructured_pruning_summary.csv
l1_unstructured,single_layer_sweep,10,1,0.2,0.506632,0.507033,-0.000401,0.690055,0.688809,0.001246,1.413237,1.397282,707.595394,715.675237,2.077678,/home/afm176/yolo_project/3_pruning/pruning_plan_new_sw_full_20260712_234356/l1_unstructured_single_sweep/layer_10_amt_0p20/yolo26n_l1_layer_10_amt_0p20.pt,/home/afm176/yolo_project/3_pruning/pruning_plan_new_sw_full_20260712_234356/l1_unstructured_single_sweep/layer_10_amt_0p20/unstructured_pruning_summary.csv
l1_unstructured,single_layer_sweep,4,1,0.05,0.506632,0.506987,-0.000354,0.690055,0.690078,-0.000023,1.382218,1.319151,723.474849,758.063525,0.053934,/home/afm176/yolo_project/3_pruning/pruning_plan_new_sw_full_20260712_234356/l1_unstructured_single_sweep/layer_4_amt_0p05/yolo26n_l1_layer_4_amt_0p05.pt,/home/afm176/yolo_project/3_pruning/pruning_plan_new_sw_full_20260712_234356/l1_unstructured_single_sweep/layer_4_amt_0p05/unstructured_pruning_summary.csv
l1_unstructured,single_layer_sweep,1,1,0.2,0.506632,0.506921,-0.000289,0.690055,0.693057,-0.003001,1.328681,1.339855,752.626242,746.349515,0.038915,/home/afm176/yolo_project/3_pruning/pruning_plan_new_sw_full_20260712_234356/l1_unstructured_single_sweep/layer_1_amt_0p20/yolo26n_l1_layer_1_amt_0p20.pt,/home/afm176/yolo_project/3_pruning/pruning_plan_new_sw_full_20260712_234356/l1_unstructured_single_sweep/layer_1_amt_0p20/unstructured_pruning_summary.csv
l1_unstructured,single_layer_sweep,9,1,0.5,0.506632,0.506917,-0.000285,0.690055,0.691306,-0.001251,1.377646,1.296566,725.875908,771.267962,3.446515,/home/afm176/yolo_project/3_pruning/pruning_plan_new_sw_full_20260712_234356/l1_unstructured_single_sweep/layer_9_amt_0p50/yolo26n_l1_layer_9_amt_0p50.pt,/home/afm176/yolo_project/3_pruning/pruning_plan_new_sw_full_20260712_234356/l1_unstructured_single_sweep/layer_9_amt_0p50/unstructured_pruning_summary.csv
l1_unstructured,single_layer_sweep,13,1,0.1,0.506632,0.506914,-0.000281,0.690055,0.689559,0.000496,1.385384,1.336793,721.821621,748.058906,0.499962,/home/afm176/yolo_project/3_pruning/pruning_plan_new_sw_full_20260712_234356/l1_unstructured_single_sweep/layer_13_amt_0p10/yolo26n_l1_layer_13_amt_0p10.pt,/home/afm176/yolo_project/3_pruning/pruning_plan_new_sw_full_20260712_234356/l1_unstructured_single_sweep/layer_13_amt_0p10/unstructured_pruning_summary.csv
l1_unstructured,single_layer_sweep,7,1,0.05,0.506632,0.506872,-0.000240,0.690055,0.689935,0.000120,1.324516,1.334457,754.992939,749.368360,0.620493,/home/afm176/yolo_project/3_pruning/pruning_plan_new_sw_full_20260712_234356/l1_unstructured_single_sweep/layer_7_amt_0p05/yolo26n_l1_layer_7_amt_0p05.pt,/home/afm176/yolo_project/3_pruning/pruning_plan_new_sw_full_20260712_234356/l1_unstructured_single_sweep/layer_7_amt_0p05/unstructured_pruning_summary.csv
l1_unstructured,single_layer_sweep,7,1,0.1,0.506632,0.506839,-0.000206,0.690055,0.689900,0.000155,1.443673,1.330049,692.677398,751.851911,1.240818,/home/afm176/yolo_project/3_pruning/pruning_plan_new_sw_full_20260712_234356/l1_unstructured_single_sweep/layer_7_amt_0p10/yolo26n_l1_layer_7_amt_0p10.pt,/home/afm176/yolo_project/3_pruning/pruning_plan_new_sw_full_20260712_234356/l1_unstructured_single_sweep/layer_7_amt_0p10/unstructured_pruning_summary.csv
l1_unstructured,single_layer_sweep,13,1,0.05,0.506632,0.506837,-0.000204,0.690055,0.690581,-0.000526,1.399462,1.448097,714.560206,690.561305,0.250023,/home/afm176/yolo_project/3_pruning/pruning_plan_new_sw_full_20260712_234356/l1_unstructured_single_sweep/layer_13_amt_0p05/yolo26n_l1_layer_13_amt_0p05.pt,/home/afm176/yolo_project/3_pruning/pruning_plan_new_sw_full_20260712_234356/l1_unstructured_single_sweep/layer_13_amt_0p05/unstructured_pruning_summary.csv
l1_unstructured,single_layer_sweep,6,1,0.05,0.506632,0.506781,-0.000149,0.690055,0.689856,0.000199,1.503462,1.528239,665.131396,654.347789,0.181070,/home/afm176/yolo_project/3_pruning/pruning_plan_new_sw_full_20260712_234356/l1_unstructured_single_sweep/layer_6_amt_0p05/yolo26n_l1_layer_6_amt_0p05.pt,/home/afm176/yolo_project/3_pruning/pruning_plan_new_sw_full_20260712_234356/l1_unstructured_single_sweep/layer_6_amt_0p05/unstructured_pruning_summary.csv
l1_unstructured,single_layer_sweep,22,1,0.05,0.506632,0.506756,-0.000124,0.690055,0.690199,-0.000143,1.403980,1.375329,712.260685,727.098740,0.967319,/home/afm176/yolo_project/3_pruning/pruning_plan_new_sw_full_20260712_234356/l1_unstructured_single_sweep/layer_22_amt_0p05/yolo26n_l1_layer_22_amt_0p05.pt,/home/afm176/yolo_project/3_pruning/pruning_plan_new_sw_full_20260712_234356/l1_unstructured_single_sweep/layer_22_amt_0p05/unstructured_pruning_summary.csv
l1_unstructured,single_layer_sweep,5,1,0.4,0.506632,0.506720,-0.000088,0.690055,0.688640,0.001415,1.315517,1.397061,760.157482,715.788290,2.481509,/home/afm176/yolo_project/3_pruning/pruning_plan_new_sw_full_20260712_234356/l1_unstructured_single_sweep/layer_5_amt_0p40/yolo26n_l1_layer_5_amt_0p40.pt,/home/afm176/yolo_project/3_pruning/pruning_plan_new_sw_full_20260712_234356/l1_unstructured_single_sweep/layer_5_amt_0p40/unstructured_pruning_summary.csv
l1_unstructured,single_layer_sweep,5,1,0.05,0.506632,0.506683,-0.000050,0.690055,0.689851,0.000204,1.371140,1.312134,729.320333,762.117019,0.310310,/home/afm176/yolo_project/3_pruning/pruning_plan_new_sw_full_20260712_234356/l1_unstructured_single_sweep/layer_5_amt_0p05/yolo26n_l1_layer_5_amt_0p05.pt,/home/afm176/yolo_project/3_pruning/pruning_plan_new_sw_full_20260712_234356/l1_unstructured_single_sweep/layer_5_amt_0p05/unstructured_pruning_summary.csv
l1_unstructured,single_layer_sweep,16,1,0.05,0.506632,0.506644,-0.000011,0.690055,0.690254,-0.000199,1.314364,1.309332,760.824177,763.747957,0.071183,/home/afm176/yolo_project/3_pruning/pruning_plan_new_sw_full_20260712_234356/l1_unstructured_single_sweep/layer_16_amt_0p05/yolo26n_l1_layer_16_amt_0p05.pt,/home/afm176/yolo_project/3_pruning/pruning_plan_new_sw_full_20260712_234356/l1_unstructured_single_sweep/layer_16_amt_0p05/unstructured_pruning_summary.csv
l1_unstructured,single_layer_sweep,16,1,0.1,0.506632,0.506608,0.000025,0.690055,0.690905,-0.000850,1.379439,1.354409,724.932200,738.329221,0.142155,/home/afm176/yolo_project/3_pruning/pruning_plan_new_sw_full_20260712_234356/l1_unstructured_single_sweep/layer_16_amt_0p10/yolo26n_l1_layer_16_amt_0p10.pt,/home/afm176/yolo_project/3_pruning/pruning_plan_new_sw_full_20260712_234356/l1_unstructured_single_sweep/layer_16_amt_0p10/unstructured_pruning_summary.csv
l1_unstructured,single_layer_sweep,9,1,0.2,0.506632,0.506601,0.000031,0.690055,0.689443,0.000612,1.286747,1.272844,777.153393,785.641961,1.378682,/home/afm176/yolo_project/3_pruning/pruning_plan_new_sw_full_20260712_234356/l1_unstructured_single_sweep/layer_9_amt_0p20/yolo26n_l1_layer_9_amt_0p20.pt,/home/afm176/yolo_project/3_pruning/pruning_plan_new_sw_full_20260712_234356/l1_unstructured_single_sweep/layer_9_amt_0p20/unstructured_pruning_summary.csv
l1_unstructured,single_layer_sweep,20,1,0.2,0.506632,0.506573,0.000059,0.690055,0.689777,0.000278,1.373080,1.327986,728.289430,753.019857,1.240818,/home/afm176/yolo_project/3_pruning/pruning_plan_new_sw_full_20260712_234356/l1_unstructured_single_sweep/layer_20_amt_0p20/yolo26n_l1_layer_20_amt_0p20.pt,/home/afm176/yolo_project/3_pruning/pruning_plan_new_sw_full_20260712_234356/l1_unstructured_single_sweep/layer_20_amt_0p20/unstructured_pruning_summary.csv
l1_unstructured,single_layer_sweep,20,1,0.3,0.506632,0.506551,0.000081,0.690055,0.689915,0.000140,1.413707,1.356166,707.360365,737.372634,1.861184,/home/afm176/yolo_project/3_pruning/pruning_plan_new_sw_full_20260712_234356/l1_unstructured_single_sweep/layer_20_amt_0p30/yolo26n_l1_layer_20_amt_0p30.pt,/home/afm176/yolo_project/3_pruning/pruning_plan_new_sw_full_20260712_234356/l1_unstructured_single_sweep/layer_20_amt_0p30/unstructured_pruning_summary.csv
l1_unstructured,single_layer_sweep,20,1,0.5,0.506632,0.506550,0.000082,0.690055,0.690149,-0.000094,1.383824,1.368637,722.635033,730.654075,3.101876,/home/afm176/yolo_project/3_pruning/pruning_plan_new_sw_full_20260712_234356/l1_unstructured_single_sweep/layer_20_amt_0p50/yolo26n_l1_layer_20_amt_0p50.pt,/home/afm176/yolo_project/3_pruning/pruning_plan_new_sw_full_20260712_234356/l1_unstructured_single_sweep/layer_20_amt_0p50/unstructured_pruning_summary.csv
l1_unstructured,single_layer_sweep,16,1,0.3,0.506632,0.506511,0.000121,0.690055,0.688847,0.001208,1.425010,1.346006,701.749415,742.938853,0.426592,/home/afm176/yolo_project/3_pruning/pruning_plan_new_sw_full_20260712_234356/l1_unstructured_single_sweep/layer_16_amt_0p30/yolo26n_l1_layer_16_amt_0p30.pt,/home/afm176/yolo_project/3_pruning/pruning_plan_new_sw_full_20260712_234356/l1_unstructured_single_sweep/layer_16_amt_0p30/unstructured_pruning_summary.csv
l1_unstructured,single_layer_sweep,17,1,0.1,0.506632,0.506486,0.000146,0.690055,0.689623,0.000432,1.326548,1.333558,753.836060,749.873659,0.155197,/home/afm176/yolo_project/3_pruning/pruning_plan_new_sw_full_20260712_234356/l1_unstructured_single_sweep/layer_17_amt_0p10/yolo26n_l1_layer_17_amt_0p10.pt,/home/afm176/yolo_project/3_pruning/pruning_plan_new_sw_full_20260712_234356/l1_unstructured_single_sweep/layer_17_amt_0p10/unstructured_pruning_summary.csv
l1_unstructured,single_layer_sweep,8,1,0.05,0.506632,0.506473,0.000160,0.690055,0.689972,0.000083,1.433674,1.320589,697.508694,757.238095,0.723859,/home/afm176/yolo_project/3_pruning/pruning_plan_new_sw_full_20260712_234356/l1_unstructured_single_sweep/layer_8_amt_0p05/yolo26n_l1_layer_8_amt_0p05.pt,/home/afm176/yolo_project/3_pruning/pruning_plan_new_sw_full_20260712_234356/l1_unstructured_single_sweep/layer_8_amt_0p05/unstructured_pruning_summary.csv
l1_unstructured,single_layer_sweep,1,1,0.05,0.506632,0.506433,0.000200,0.690055,0.689545,0.000510,1.386504,1.305147,721.238473,766.197451,0.009802,/home/afm176/yolo_project/3_pruning/pruning_plan_new_sw_full_20260712_234356/l1_unstructured_single_sweep/layer_1_amt_0p05/yolo26n_l1_layer_1_amt_0p05.pt,/home/afm176/yolo_project/3_pruning/pruning_plan_new_sw_full_20260712_234356/l1_unstructured_single_sweep/layer_1_amt_0p05/unstructured_pruning_summary.csv
l1_unstructured,single_layer_sweep,8,1,0.1,0.506632,0.506399,0.000233,0.690055,0.688910,0.001145,1.450892,1.411809,689.231282,708.311152,1.447508,/home/afm176/yolo_project/3_pruning/pruning_plan_new_sw_full_20260712_234356/l1_unstructured_single_sweep/layer_8_amt_0p10/yolo26n_l1_layer_8_amt_0p10.pt,/home/afm176/yolo_project/3_pruning/pruning_plan_new_sw_full_20260712_234356/l1_unstructured_single_sweep/layer_8_amt_0p10/unstructured_pruning_summary.csv
l1_unstructured,single_layer_sweep,5,1,0.1,0.506632,0.506398,0.000234,0.690055,0.689012,0.001043,1.395021,1.351178,716.835301,740.095186,0.620493,/home/afm176/yolo_project/3_pruning/pruning_plan_new_sw_full_20260712_234356/l1_unstructured_single_sweep/layer_5_amt_0p10/yolo26n_l1_layer_5_amt_0p10.pt,/home/afm176/yolo_project/3_pruning/pruning_plan_new_sw_full_20260712_234356/l1_unstructured_single_sweep/layer_5_amt_0p10/unstructured_pruning_summary.csv
l1_unstructured,single_layer_sweep,2,1,0.3,0.506632,0.506395,0.000237,0.690055,0.687983,0.002073,1.322084,1.301612,756.381870,768.278023,0.080943,/home/afm176/yolo_project/3_pruning/pruning_plan_new_sw_full_20260712_234356/l1_unstructured_single_sweep/layer_2_amt_0p30/yolo26n_l1_layer_2_amt_0p30.pt,/home/afm176/yolo_project/3_pruning/pruning_plan_new_sw_full_20260712_234356/l1_unstructured_single_sweep/layer_2_amt_0p30/unstructured_pruning_summary.csv
l1_unstructured,single_layer_sweep,10,1,0.05,0.506632,0.506372,0.000260,0.690055,0.689620,0.000435,1.346650,1.337165,742.583471,747.850713,0.519482,/home/afm176/yolo_project/3_pruning/pruning_plan_new_sw_full_20260712_234356/l1_unstructured_single_sweep/layer_10_amt_0p05/yolo26n_l1_layer_10_amt_0p05.pt,/home/afm176/yolo_project/3_pruning/pruning_plan_new_sw_full_20260712_234356/l1_unstructured_single_sweep/layer_10_amt_0p05/unstructured_pruning_summary.csv
l1_unstructured,single_layer_sweep,20,1,0.05,0.506632,0.506373,0.000260,0.690055,0.689615,0.000440,1.389254,1.318777,719.810674,758.278095,0.310310,/home/afm176/yolo_project/3_pruning/pruning_plan_new_sw_full_20260712_234356/l1_unstructured_single_sweep/layer_20_amt_0p05/yolo26n_l1_layer_20_amt_0p05.pt,/home/afm176/yolo_project/3_pruning/pruning_plan_new_sw_full_20260712_234356/l1_unstructured_single_sweep/layer_20_amt_0p05/unstructured_pruning_summary.csv
l1_unstructured,single_layer_sweep,20,1,0.1,0.506632,0.506356,0.000276,0.690055,0.689553,0.000502,1.361140,1.331270,734.678053,751.162174,0.620493,/home/afm176/yolo_project/3_pruning/pruning_plan_new_sw_full_20260712_234356/l1_unstructured_single_sweep/layer_20_amt_0p10/yolo26n_l1_layer_20_amt_0p10.pt,/home/afm176/yolo_project/3_pruning/pruning_plan_new_sw_full_20260712_234356/l1_unstructured_single_sweep/layer_20_amt_0p10/unstructured_pruning_summary.csv
l1_unstructured,single_layer_sweep,3,1,0.1,0.506632,0.506349,0.000284,0.690055,0.689183,0.000872,1.353412,1.306727,738.873229,765.271069,0.155197,/home/afm176/yolo_project/3_pruning/pruning_plan_new_sw_full_20260712_234356/l1_unstructured_single_sweep/layer_3_amt_0p10/yolo26n_l1_layer_3_amt_0p10.pt,/home/afm176/yolo_project/3_pruning/pruning_plan_new_sw_full_20260712_234356/l1_unstructured_single_sweep/layer_3_amt_0p10/unstructured_pruning_summary.csv
l1_unstructured,single_layer_sweep,2,1,0.05,0.506632,0.506327,0.000305,0.690055,0.689906,0.000149,1.334418,1.304076,749.390305,766.826449,0.013631,/home/afm176/yolo_project/3_pruning/pruning_plan_new_sw_full_20260712_234356/l1_unstructured_single_sweep/layer_2_amt_0p05/yolo26n_l1_layer_2_amt_0p05.pt,/home/afm176/yolo_project/3_pruning/pruning_plan_new_sw_full_20260712_234356/l1_unstructured_single_sweep/layer_2_amt_0p05/unstructured_pruning_summary.csv
l1_unstructured,single_layer_sweep,22,1,0.1,0.506632,0.506280,0.000353,0.690055,0.689161,0.000894,1.345937,1.331548,742.977012,751.005787,1.934807,/home/afm176/yolo_project/3_pruning/pruning_plan_new_sw_full_20260712_234356/l1_unstructured_single_sweep/layer_22_amt_0p10/yolo26n_l1_layer_22_amt_0p10.pt,/home/afm176/yolo_project/3_pruning/pruning_plan_new_sw_full_20260712_234356/l1_unstructured_single_sweep/layer_22_amt_0p10/unstructured_pruning_summary.csv
l1_unstructured,single_layer_sweep,20,1,0.4,0.506632,0.506221,0.000412,0.690055,0.689690,0.000365,1.399669,1.484677,714.454678,673.547074,2.481509,/home/afm176/yolo_project/3_pruning/pruning_plan_new_sw_full_20260712_234356/l1_unstructured_single_sweep/layer_20_amt_0p40/yolo26n_l1_layer_20_amt_0p40.pt,/home/afm176/yolo_project/3_pruning/pruning_plan_new_sw_full_20260712_234356/l1_unstructured_single_sweep/layer_20_amt_0p40/unstructured_pruning_summary.csv
l1_unstructured,single_layer_sweep,0,1,0.05,0.506632,0.506218,0.000414,0.690055,0.689714,0.000341,1.369784,1.351219,730.042270,740.072346,0.001052,/home/afm176/yolo_project/3_pruning/pruning_plan_new_sw_full_20260712_234356/l1_unstructured_single_sweep/layer_0_amt_0p05/yolo26n_l1_layer_0_amt_0p05.pt,/home/afm176/yolo_project/3_pruning/pruning_plan_new_sw_full_20260712_234356/l1_unstructured_single_sweep/layer_0_amt_0p05/unstructured_pruning_summary.csv
l1_unstructured,single_layer_sweep,17,1,0.05,0.506632,0.506191,0.000441,0.690055,0.689181,0.000874,1.342183,1.337772,745.054979,747.511429,0.077662,/home/afm176/yolo_project/3_pruning/pruning_plan_new_sw_full_20260712_234356/l1_unstructured_single_sweep/layer_17_amt_0p05/yolo26n_l1_layer_17_amt_0p05.pt,/home/afm176/yolo_project/3_pruning/pruning_plan_new_sw_full_20260712_234356/l1_unstructured_single_sweep/layer_17_amt_0p05/unstructured_pruning_summary.csv
l1_unstructured,single_layer_sweep,19,1,0.1,0.506632,0.506130,0.000502,0.690055,0.688276,0.001779,1.353140,1.350680,739.022057,740.367589,0.396596,/home/afm176/yolo_project/3_pruning/pruning_plan_new_sw_full_20260712_234356/l1_unstructured_single_sweep/layer_19_amt_0p10/yolo26n_l1_layer_19_amt_0p10.pt,/home/afm176/yolo_project/3_pruning/pruning_plan_new_sw_full_20260712_234356/l1_unstructured_single_sweep/layer_19_amt_0p10/unstructured_pruning_summary.csv
l1_unstructured,single_layer_sweep,4,1,0.1,0.506632,0.506123,0.000510,0.690055,0.690606,-0.000551,1.434871,1.375139,696.926786,727.199032,0.107868,/home/afm176/yolo_project/3_pruning/pruning_plan_new_sw_full_20260712_234356/l1_unstructured_single_sweep/layer_4_amt_0p10/yolo26n_l1_layer_4_amt_0p10.pt,/home/afm176/yolo_project/3_pruning/pruning_plan_new_sw_full_20260712_234356/l1_unstructured_single_sweep/layer_4_amt_0p10/unstructured_pruning_summary.csv
l1_unstructured,single_layer_sweep,17,1,0.3,0.506632,0.506015,0.000618,0.690055,0.688702,0.001353,1.345824,1.333348,743.039270,749.991743,0.465380,/home/afm176/yolo_project/3_pruning/pruning_plan_new_sw_full_20260712_234356/l1_unstructured_single_sweep/layer_17_amt_0p30/yolo26n_l1_layer_17_amt_0p30.pt,/home/afm176/yolo_project/3_pruning/pruning_plan_new_sw_full_20260712_234356/l1_unstructured_single_sweep/layer_17_amt_0p30/unstructured_pruning_summary.csv
l1_unstructured,single_layer_sweep,9,1,0.05,0.506632,0.505994,0.000639,0.690055,0.689301,0.000754,1.359304,1.312448,735.670829,761.934952,0.344765,/home/afm176/yolo_project/3_pruning/pruning_plan_new_sw_full_20260712_234356/l1_unstructured_single_sweep/layer_9_amt_0p05/yolo26n_l1_layer_9_amt_0p05.pt,/home/afm176/yolo_project/3_pruning/pruning_plan_new_sw_full_20260712_234356/l1_unstructured_single_sweep/layer_9_amt_0p05/unstructured_pruning_summary.csv
l1_unstructured,single_layer_sweep,6,1,0.1,0.506632,0.505971,0.000661,0.690055,0.688307,0.001748,1.496507,1.320993,668.222864,757.006415,0.362098,/home/afm176/yolo_project/3_pruning/pruning_plan_new_sw_full_20260712_234356/l1_unstructured_single_sweep/layer_6_amt_0p10/yolo26n_l1_layer_6_amt_0p10.pt,/home/afm176/yolo_project/3_pruning/pruning_plan_new_sw_full_20260712_234356/l1_unstructured_single_sweep/layer_6_amt_0p10/unstructured_pruning_summary.csv
l1_unstructured,single_layer_sweep,17,1,0.2,0.506632,0.505970,0.000662,0.690055,0.689127,0.000929,1.375552,1.330369,726.980875,751.671046,0.310310,/home/afm176/yolo_project/3_pruning/pruning_plan_new_sw_full_20260712_234356/l1_unstructured_single_sweep/layer_17_amt_0p20/yolo26n_l1_layer_17_amt_0p20.pt,/home/afm176/yolo_project/3_pruning/pruning_plan_new_sw_full_20260712_234356/l1_unstructured_single_sweep/layer_17_amt_0p20/unstructured_pruning_summary.csv
l1_unstructured,single_layer_sweep,17,1,0.4,0.506632,0.505937,0.000696,0.690055,0.689131,0.000924,1.378042,1.312445,725.667149,761.936526,0.620493,/home/afm176/yolo_project/3_pruning/pruning_plan_new_sw_full_20260712_234356/l1_unstructured_single_sweep/layer_17_amt_0p40/yolo26n_l1_layer_17_amt_0p40.pt,/home/afm176/yolo_project/3_pruning/pruning_plan_new_sw_full_20260712_234356/l1_unstructured_single_sweep/layer_17_amt_0p40/unstructured_pruning_summary.csv
l1_unstructured,single_layer_sweep,19,1,0.2,0.506632,0.505920,0.000713,0.690055,0.687635,0.002420,1.421759,1.367725,703.354192,731.141212,0.792770,/home/afm176/yolo_project/3_pruning/pruning_plan_new_sw_full_20260712_234356/l1_unstructured_single_sweep/layer_19_amt_0p20/yolo26n_l1_layer_19_amt_0p20.pt,/home/afm176/yolo_project/3_pruning/pruning_plan_new_sw_full_20260712_234356/l1_unstructured_single_sweep/layer_19_amt_0p20/unstructured_pruning_summary.csv
l1_unstructured,single_layer_sweep,10,1,0.1,0.506632,0.505913,0.000719,0.690055,0.689404,0.000652,1.369901,1.286948,729.979866,777.031955,1.038923,/home/afm176/yolo_project/3_pruning/pruning_plan_new_sw_full_20260712_234356/l1_unstructured_single_sweep/layer_10_amt_0p10/yolo26n_l1_layer_10_amt_0p10.pt,/home/afm176/yolo_project/3_pruning/pruning_plan_new_sw_full_20260712_234356/l1_unstructured_single_sweep/layer_10_amt_0p10/unstructured_pruning_summary.csv
l1_unstructured,single_layer_sweep,1,1,0.1,0.506632,0.505760,0.000872,0.690055,0.689036,0.001019,1.331257,1.302890,751.169547,767.524262,0.019521,/home/afm176/yolo_project/3_pruning/pruning_plan_new_sw_full_20260712_234356/l1_unstructured_single_sweep/layer_1_amt_0p10/yolo26n_l1_layer_1_amt_0p10.pt,/home/afm176/yolo_project/3_pruning/pruning_plan_new_sw_full_20260712_234356/l1_unstructured_single_sweep/layer_1_amt_0p10/unstructured_pruning_summary.csv
l1_unstructured,single_layer_sweep,6,1,0.2,0.506632,0.505580,0.001053,0.690055,0.688014,0.002041,1.328255,1.333556,752.867345,749.874887,0.723859,/home/afm176/yolo_project/3_pruning/pruning_plan_new_sw_full_20260712_234356/l1_unstructured_single_sweep/layer_6_amt_0p20/yolo26n_l1_layer_6_amt_0p20.pt,/home/afm176/yolo_project/3_pruning/pruning_plan_new_sw_full_20260712_234356/l1_unstructured_single_sweep/layer_6_amt_0p20/unstructured_pruning_summary.csv
l1_unstructured,single_layer_sweep,22,1,0.3,0.506632,0.505320,0.001313,0.690055,0.688611,0.001444,1.489353,1.393272,671.432336,717.735157,5.804380,/home/afm176/yolo_project/3_pruning/pruning_plan_new_sw_full_20260712_234356/l1_unstructured_single_sweep/layer_22_amt_0p30/yolo26n_l1_layer_22_amt_0p30.pt,/home/afm176/yolo_project/3_pruning/pruning_plan_new_sw_full_20260712_234356/l1_unstructured_single_sweep/layer_22_amt_0p30/unstructured_pruning_summary.csv
l1_unstructured,single_layer_sweep,8,1,0.3,0.506632,0.505212,0.001420,0.690055,0.688367,0.001688,1.406207,1.259691,711.132669,793.845615,4.342567,/home/afm176/yolo_project/3_pruning/pruning_plan_new_sw_full_20260712_234356/l1_unstructured_single_sweep/layer_8_amt_0p30/yolo26n_l1_layer_8_amt_0p30.pt,/home/afm176/yolo_project/3_pruning/pruning_plan_new_sw_full_20260712_234356/l1_unstructured_single_sweep/layer_8_amt_0p30/unstructured_pruning_summary.csv
l1_unstructured,single_layer_sweep,8,1,0.2,0.506632,0.505200,0.001432,0.690055,0.688980,0.001075,1.505703,1.506518,664.141621,663.782369,2.895101,/home/afm176/yolo_project/3_pruning/pruning_plan_new_sw_full_20260712_234356/l1_unstructured_single_sweep/layer_8_amt_0p20/yolo26n_l1_layer_8_amt_0p20.pt,/home/afm176/yolo_project/3_pruning/pruning_plan_new_sw_full_20260712_234356/l1_unstructured_single_sweep/layer_8_amt_0p20/unstructured_pruning_summary.csv
l1_unstructured,single_layer_sweep,6,1,0.3,0.506632,0.505153,0.001480,0.690055,0.685929,0.004127,1.353306,1.357870,738.931081,736.447604,1.085747,/home/afm176/yolo_project/3_pruning/pruning_plan_new_sw_full_20260712_234356/l1_unstructured_single_sweep/layer_6_amt_0p30/yolo26n_l1_layer_6_amt_0p30.pt,/home/afm176/yolo_project/3_pruning/pruning_plan_new_sw_full_20260712_234356/l1_unstructured_single_sweep/layer_6_amt_0p30/unstructured_pruning_summary.csv
l1_unstructured,single_layer_sweep,17,1,0.5,0.506632,0.505067,0.001565,0.690055,0.688246,0.001809,1.456842,1.424245,686.416314,702.126554,0.775564,/home/afm176/yolo_project/3_pruning/pruning_plan_new_sw_full_20260712_234356/l1_unstructured_single_sweep/layer_17_amt_0p50/yolo26n_l1_layer_17_amt_0p50.pt,/home/afm176/yolo_project/3_pruning/pruning_plan_new_sw_full_20260712_234356/l1_unstructured_single_sweep/layer_17_amt_0p50/unstructured_pruning_summary.csv
l1_unstructured,single_layer_sweep,2,1,0.2,0.506632,0.504625,0.002008,0.690055,0.688104,0.001951,1.401932,1.311248,713.301607,762.632006,0.053934,/home/afm176/yolo_project/3_pruning/pruning_plan_new_sw_full_20260712_234356/l1_unstructured_single_sweep/layer_2_amt_0p20/yolo26n_l1_layer_2_amt_0p20.pt,/home/afm176/yolo_project/3_pruning/pruning_plan_new_sw_full_20260712_234356/l1_unstructured_single_sweep/layer_2_amt_0p20/unstructured_pruning_summary.csv
l1_unstructured,single_layer_sweep,10,1,0.3,0.506632,0.504557,0.002075,0.690055,0.684785,0.005270,1.381629,1.367833,723.783425,731.083264,3.116390,/home/afm176/yolo_project/3_pruning/pruning_plan_new_sw_full_20260712_234356/l1_unstructured_single_sweep/layer_10_amt_0p30/yolo26n_l1_layer_10_amt_0p30.pt,/home/afm176/yolo_project/3_pruning/pruning_plan_new_sw_full_20260712_234356/l1_unstructured_single_sweep/layer_10_amt_0p30/unstructured_pruning_summary.csv
l1_unstructured,single_layer_sweep,13,1,0.2,0.506632,0.504470,0.002163,0.690055,0.687800,0.002255,1.382476,1.346043,723.339728,742.918125,0.999545,/home/afm176/yolo_project/3_pruning/pruning_plan_new_sw_full_20260712_234356/l1_unstructured_single_sweep/layer_13_amt_0p20/yolo26n_l1_layer_13_amt_0p20.pt,/home/afm176/yolo_project/3_pruning/pruning_plan_new_sw_full_20260712_234356/l1_unstructured_single_sweep/layer_13_amt_0p20/unstructured_pruning_summary.csv
l1_unstructured,single_layer_sweep,8,1,0.4,0.506632,0.504015,0.002618,0.690055,0.685925,0.004130,1.320707,1.319506,757.170038,757.859625,5.790160,/home/afm176/yolo_project/3_pruning/pruning_plan_new_sw_full_20260712_234356/l1_unstructured_single_sweep/layer_8_amt_0p40/yolo26n_l1_layer_8_amt_0p40.pt,/home/afm176/yolo_project/3_pruning/pruning_plan_new_sw_full_20260712_234356/l1_unstructured_single_sweep/layer_8_amt_0p40/unstructured_pruning_summary.csv
l1_unstructured,single_layer_sweep,13,1,0.3,0.506632,0.503810,0.002823,0.690055,0.688937,0.001119,1.317628,1.331687,758.939766,750.927347,1.499339,/home/afm176/yolo_project/3_pruning/pruning_plan_new_sw_full_20260712_234356/l1_unstructured_single_sweep/layer_13_amt_0p30/yolo26n_l1_layer_13_amt_0p30.pt,/home/afm176/yolo_project/3_pruning/pruning_plan_new_sw_full_20260712_234356/l1_unstructured_single_sweep/layer_13_amt_0p30/unstructured_pruning_summary.csv
l1_unstructured,single_layer_sweep,19,1,0.3,0.506632,0.502918,0.003714,0.690055,0.688000,0.002056,1.402649,1.356543,712.936573,737.167779,1.189155,/home/afm176/yolo_project/3_pruning/pruning_plan_new_sw_full_20260712_234356/l1_unstructured_single_sweep/layer_19_amt_0p30/yolo26n_l1_layer_19_amt_0p30.pt,/home/afm176/yolo_project/3_pruning/pruning_plan_new_sw_full_20260712_234356/l1_unstructured_single_sweep/layer_19_amt_0p30/unstructured_pruning_summary.csv
l1_unstructured,single_layer_sweep,4,1,0.2,0.506632,0.502823,0.003810,0.690055,0.685904,0.004152,1.309207,1.456498,763.821360,686.578566,0.215568,/home/afm176/yolo_project/3_pruning/pruning_plan_new_sw_full_20260712_234356/l1_unstructured_single_sweep/layer_4_amt_0p20/yolo26n_l1_layer_4_amt_0p20.pt,/home/afm176/yolo_project/3_pruning/pruning_plan_new_sw_full_20260712_234356/l1_unstructured_single_sweep/layer_4_amt_0p20/unstructured_pruning_summary.csv
l1_unstructured,single_layer_sweep,1,1,0.3,0.506632,0.501910,0.004722,0.690055,0.687123,0.002932,1.306349,1.262311,765.492120,792.197950,0.058267,/home/afm176/yolo_project/3_pruning/pruning_plan_new_sw_full_20260712_234356/l1_unstructured_single_sweep/layer_1_amt_0p30/yolo26n_l1_layer_1_amt_0p30.pt,/home/afm176/yolo_project/3_pruning/pruning_plan_new_sw_full_20260712_234356/l1_unstructured_single_sweep/layer_1_amt_0p30/unstructured_pruning_summary.csv
l1_unstructured,single_layer_sweep,13,1,0.4,0.506632,0.498967,0.007666,0.690055,0.681398,0.008657,1.436685,1.341911,696.046816,745.205894,1.998922,/home/afm176/yolo_project/3_pruning/pruning_plan_new_sw_full_20260712_234356/l1_unstructured_single_sweep/layer_13_amt_0p40/yolo26n_l1_layer_13_amt_0p40.pt,/home/afm176/yolo_project/3_pruning/pruning_plan_new_sw_full_20260712_234356/l1_unstructured_single_sweep/layer_13_amt_0p40/unstructured_pruning_summary.csv
l1_unstructured,single_layer_sweep,16,1,0.4,0.506632,0.498727,0.007905,0.690055,0.671801,0.018254,1.431912,1.442258,698.366712,693.357413,0.568915,/home/afm176/yolo_project/3_pruning/pruning_plan_new_sw_full_20260712_234356/l1_unstructured_single_sweep/layer_16_amt_0p40/yolo26n_l1_layer_16_amt_0p40.pt,/home/afm176/yolo_project/3_pruning/pruning_plan_new_sw_full_20260712_234356/l1_unstructured_single_sweep/layer_16_amt_0p40/unstructured_pruning_summary.csv
l1_unstructured,single_layer_sweep,2,1,0.4,0.506632,0.498702,0.007931,0.690055,0.681062,0.008993,1.311890,1.327689,762.259193,753.188493,0.107868,/home/afm176/yolo_project/3_pruning/pruning_plan_new_sw_full_20260712_234356/l1_unstructured_single_sweep/layer_2_amt_0p40/yolo26n_l1_layer_2_amt_0p40.pt,/home/afm176/yolo_project/3_pruning/pruning_plan_new_sw_full_20260712_234356/l1_unstructured_single_sweep/layer_2_amt_0p40/unstructured_pruning_summary.csv
l1_unstructured,single_layer_sweep,22,1,0.4,0.506632,0.498674,0.007958,0.690055,0.684486,0.005569,1.365839,1.309681,732.150738,763.544454,7.739313,/home/afm176/yolo_project/3_pruning/pruning_plan_new_sw_full_20260712_234356/l1_unstructured_single_sweep/layer_22_amt_0p40/yolo26n_l1_layer_22_amt_0p40.pt,/home/afm176/yolo_project/3_pruning/pruning_plan_new_sw_full_20260712_234356/l1_unstructured_single_sweep/layer_22_amt_0p40/unstructured_pruning_summary.csv
l1_unstructured,single_layer_sweep,19,1,0.4,0.506632,0.497446,0.009187,0.690055,0.677813,0.012243,1.451682,1.504492,688.855952,664.676283,1.585330,/home/afm176/yolo_project/3_pruning/pruning_plan_new_sw_full_20260712_234356/l1_unstructured_single_sweep/layer_19_amt_0p40/yolo26n_l1_layer_19_amt_0p40.pt,/home/afm176/yolo_project/3_pruning/pruning_plan_new_sw_full_20260712_234356/l1_unstructured_single_sweep/layer_19_amt_0p40/unstructured_pruning_summary.csv
l1_unstructured,single_layer_sweep,10,1,0.4,0.506632,0.496928,0.009705,0.690055,0.679725,0.010330,1.396902,1.393939,715.869677,717.391403,4.155145,/home/afm176/yolo_project/3_pruning/pruning_plan_new_sw_full_20260712_234356/l1_unstructured_single_sweep/layer_10_amt_0p40/yolo26n_l1_layer_10_amt_0p40.pt,/home/afm176/yolo_project/3_pruning/pruning_plan_new_sw_full_20260712_234356/l1_unstructured_single_sweep/layer_10_amt_0p40/unstructured_pruning_summary.csv
l1_unstructured,single_layer_sweep,10,1,0.5,0.506632,0.496514,0.010119,0.690055,0.671996,0.018059,1.285732,1.315146,777.766851,760.371715,5.193941,/home/afm176/yolo_project/3_pruning/pruning_plan_new_sw_full_20260712_234356/l1_unstructured_single_sweep/layer_10_amt_0p50/yolo26n_l1_layer_10_amt_0p50.pt,/home/afm176/yolo_project/3_pruning/pruning_plan_new_sw_full_20260712_234356/l1_unstructured_single_sweep/layer_10_amt_0p50/unstructured_pruning_summary.csv
l1_unstructured,single_layer_sweep,8,1,0.5,0.506632,0.495540,0.011092,0.690055,0.671236,0.018819,1.374367,1.316340,727.607647,759.681999,7.237542,/home/afm176/yolo_project/3_pruning/pruning_plan_new_sw_full_20260712_234356/l1_unstructured_single_sweep/layer_8_amt_0p50/yolo26n_l1_layer_8_amt_0p50.pt,/home/afm176/yolo_project/3_pruning/pruning_plan_new_sw_full_20260712_234356/l1_unstructured_single_sweep/layer_8_amt_0p50/unstructured_pruning_summary.csv
l1_unstructured,single_layer_sweep,6,1,0.4,0.506632,0.491914,0.014718,0.690055,0.671179,0.018876,1.312999,1.390029,761.615280,719.409604,1.447508,/home/afm176/yolo_project/3_pruning/pruning_plan_new_sw_full_20260712_234356/l1_unstructured_single_sweep/layer_6_amt_0p40/yolo26n_l1_layer_6_amt_0p40.pt,/home/afm176/yolo_project/3_pruning/pruning_plan_new_sw_full_20260712_234356/l1_unstructured_single_sweep/layer_6_amt_0p40/unstructured_pruning_summary.csv
l1_unstructured,single_layer_sweep,1,1,0.4,0.506632,0.491060,0.015572,0.690055,0.674672,0.015383,1.360553,1.301740,734.995357,768.202414,0.077662,/home/afm176/yolo_project/3_pruning/pruning_plan_new_sw_full_20260712_234356/l1_unstructured_single_sweep/layer_1_amt_0p40/yolo26n_l1_layer_1_amt_0p40.pt,/home/afm176/yolo_project/3_pruning/pruning_plan_new_sw_full_20260712_234356/l1_unstructured_single_sweep/layer_1_amt_0p40/unstructured_pruning_summary.csv
l1_unstructured,single_layer_sweep,22,1,0.5,0.506632,0.490312,0.016320,0.690055,0.681908,0.008147,1.410311,1.348186,709.063230,741.737568,9.674120,/home/afm176/yolo_project/3_pruning/pruning_plan_new_sw_full_20260712_234356/l1_unstructured_single_sweep/layer_22_amt_0p50/yolo26n_l1_layer_22_amt_0p50.pt,/home/afm176/yolo_project/3_pruning/pruning_plan_new_sw_full_20260712_234356/l1_unstructured_single_sweep/layer_22_amt_0p50/unstructured_pruning_summary.csv
l1_unstructured,single_layer_sweep,13,1,0.5,0.506632,0.488949,0.017683,0.690055,0.666400,0.023655,1.363739,1.326993,733.278360,753.583628,2.498758,/home/afm176/yolo_project/3_pruning/pruning_plan_new_sw_full_20260712_234356/l1_unstructured_single_sweep/layer_13_amt_0p50/yolo26n_l1_layer_13_amt_0p50.pt,/home/afm176/yolo_project/3_pruning/pruning_plan_new_sw_full_20260712_234356/l1_unstructured_single_sweep/layer_13_amt_0p50/unstructured_pruning_summary.csv
l1_unstructured,single_layer_sweep,4,1,0.3,0.506632,0.488375,0.018257,0.690055,0.675047,0.015008,1.362520,1.344536,733.934392,743.751240,0.323183,/home/afm176/yolo_project/3_pruning/pruning_plan_new_sw_full_20260712_234356/l1_unstructured_single_sweep/layer_4_amt_0p30/yolo26n_l1_layer_4_amt_0p30.pt,/home/afm176/yolo_project/3_pruning/pruning_plan_new_sw_full_20260712_234356/l1_unstructured_single_sweep/layer_4_amt_0p30/unstructured_pruning_summary.csv
l1_unstructured,single_layer_sweep,16,1,0.5,0.506632,0.488136,0.018497,0.690055,0.656899,0.033156,1.293106,1.302324,773.331717,767.857889,0.710944,/home/afm176/yolo_project/3_pruning/pruning_plan_new_sw_full_20260712_234356/l1_unstructured_single_sweep/layer_16_amt_0p50/yolo26n_l1_layer_16_amt_0p50.pt,/home/afm176/yolo_project/3_pruning/pruning_plan_new_sw_full_20260712_234356/l1_unstructured_single_sweep/layer_16_amt_0p50/unstructured_pruning_summary.csv
l1_unstructured,single_layer_sweep,1,1,0.5,0.506632,0.487480,0.019153,0.690055,0.669459,0.020596,1.328909,1.338117,752.497249,747.318783,0.097056,/home/afm176/yolo_project/3_pruning/pruning_plan_new_sw_full_20260712_234356/l1_unstructured_single_sweep/layer_1_amt_0p50/yolo26n_l1_layer_1_amt_0p50.pt,/home/afm176/yolo_project/3_pruning/pruning_plan_new_sw_full_20260712_234356/l1_unstructured_single_sweep/layer_1_amt_0p50/unstructured_pruning_summary.csv
l1_unstructured,single_layer_sweep,19,1,0.5,0.506632,0.485244,0.021388,0.690055,0.665767,0.024288,1.496596,1.471408,668.182797,679.621037,1.981800,/home/afm176/yolo_project/3_pruning/pruning_plan_new_sw_full_20260712_234356/l1_unstructured_single_sweep/layer_19_amt_0p50/yolo26n_l1_layer_19_amt_0p50.pt,/home/afm176/yolo_project/3_pruning/pruning_plan_new_sw_full_20260712_234356/l1_unstructured_single_sweep/layer_19_amt_0p50/unstructured_pruning_summary.csv
l1_unstructured,single_layer_sweep,6,1,0.5,0.506632,0.482912,0.023720,0.690055,0.653602,0.036453,1.430721,1.330475,698.948230,751.611284,1.809480,/home/afm176/yolo_project/3_pruning/pruning_plan_new_sw_full_20260712_234356/l1_unstructured_single_sweep/layer_6_amt_0p50/yolo26n_l1_layer_6_amt_0p50.pt,/home/afm176/yolo_project/3_pruning/pruning_plan_new_sw_full_20260712_234356/l1_unstructured_single_sweep/layer_6_amt_0p50/unstructured_pruning_summary.csv
l1_unstructured,single_layer_sweep,4,1,0.4,0.506632,0.469459,0.037173,0.690055,0.652977,0.037078,1.412089,1.395003,708.170762,716.844392,0.430883,/home/afm176/yolo_project/3_pruning/pruning_plan_new_sw_full_20260712_234356/l1_unstructured_single_sweep/layer_4_amt_0p40/yolo26n_l1_layer_4_amt_0p40.pt,/home/afm176/yolo_project/3_pruning/pruning_plan_new_sw_full_20260712_234356/l1_unstructured_single_sweep/layer_4_amt_0p40/unstructured_pruning_summary.csv
l1_unstructured,single_layer_sweep,2,1,0.5,0.506632,0.450857,0.055775,0.690055,0.625369,0.064686,1.365876,1.382396,732.130626,723.381545,0.134751,/home/afm176/yolo_project/3_pruning/pruning_plan_new_sw_full_20260712_234356/l1_unstructured_single_sweep/layer_2_amt_0p50/yolo26n_l1_layer_2_amt_0p50.pt,/home/afm176/yolo_project/3_pruning/pruning_plan_new_sw_full_20260712_234356/l1_unstructured_single_sweep/layer_2_amt_0p50/unstructured_pruning_summary.csv
l1_unstructured,single_layer_sweep,0,1,0.2,0.506632,0.418903,0.087729,0.690055,0.583251,0.106804,1.361347,1.354944,734.566546,738.037620,0.003744,/home/afm176/yolo_project/3_pruning/pruning_plan_new_sw_full_20260712_234356/l1_unstructured_single_sweep/layer_0_amt_0p20/yolo26n_l1_layer_0_amt_0p20.pt,/home/afm176/yolo_project/3_pruning/pruning_plan_new_sw_full_20260712_234356/l1_unstructured_single_sweep/layer_0_amt_0p20/unstructured_pruning_summary.csv
l1_unstructured,single_layer_sweep,4,1,0.5,0.506632,0.399988,0.106644,0.690055,0.556431,0.133624,1.327120,1.325276,753.511513,754.559542,0.538624,/home/afm176/yolo_project/3_pruning/pruning_plan_new_sw_full_20260712_234356/l1_unstructured_single_sweep/layer_4_amt_0p50/yolo26n_l1_layer_4_amt_0p50.pt,/home/afm176/yolo_project/3_pruning/pruning_plan_new_sw_full_20260712_234356/l1_unstructured_single_sweep/layer_4_amt_0p50/unstructured_pruning_summary.csv
l1_unstructured,single_layer_sweep,0,1,0.3,0.506632,0.264047,0.242586,0.690055,0.380511,0.309544,1.377896,1.294812,725.744218,772.312664,0.005595,/home/afm176/yolo_project/3_pruning/pruning_plan_new_sw_full_20260712_234356/l1_unstructured_single_sweep/layer_0_amt_0p30/yolo26n_l1_layer_0_amt_0p30.pt,/home/afm176/yolo_project/3_pruning/pruning_plan_new_sw_full_20260712_234356/l1_unstructured_single_sweep/layer_0_amt_0p30/unstructured_pruning_summary.csv
l1_unstructured,single_layer_sweep,0,1,0.4,0.506632,0.159644,0.346988,0.690055,0.222746,0.467310,1.404688,1.307643,711.901979,764.734990,0.007404,/home/afm176/yolo_project/3_pruning/pruning_plan_new_sw_full_20260712_234356/l1_unstructured_single_sweep/layer_0_amt_0p40/yolo26n_l1_layer_0_amt_0p40.pt,/home/afm176/yolo_project/3_pruning/pruning_plan_new_sw_full_20260712_234356/l1_unstructured_single_sweep/layer_0_amt_0p40/unstructured_pruning_summary.csv
l1_unstructured,single_layer_sweep,0,1,0.5,0.506632,0.018311,0.488322,0.690055,0.030356,0.659699,1.393299,1.490573,717.721039,670.882800,0.009213,/home/afm176/yolo_project/3_pruning/pruning_plan_new_sw_full_20260712_234356/l1_unstructured_single_sweep/layer_0_amt_0p50/yolo26n_l1_layer_0_amt_0p50.pt,/home/afm176/yolo_project/3_pruning/pruning_plan_new_sw_full_20260712_234356/l1_unstructured_single_sweep/layer_0_amt_0p50/unstructured_pruning_summary.csv
l2_structured,new_top6_combo,7,1,0.1,0.506632,0.496558,0.010075,0.690055,0.668741,0.021314,1.308783,1.320066,764.068792,757.538141,1.260212,/home/afm176/yolo_project/3_pruning/pruning_plan_new_sw_full_20260712_234356/l2_structured_combo_new_top6_amt_0p10/combo_7_amt_0p10/yolo26n_l2_combo_7_amt_0p10.pt,/home/afm176/yolo_project/3_pruning/pruning_plan_new_sw_full_20260712_234356/l2_structured_combo_new_top6_amt_0p10/combo_7_amt_0p10/structured_pruning_summary.csv
l2_structured,new_top6_combo,20,1,0.1,0.506632,0.489231,0.017401,0.690055,0.683530,0.006525,1.334943,1.322812,749.095577,755.965330,0.630169,/home/afm176/yolo_project/3_pruning/pruning_plan_new_sw_full_20260712_234356/l2_structured_combo_new_top6_amt_0p10/combo_20_amt_0p10/yolo26n_l2_combo_20_amt_0p10.pt,/home/afm176/yolo_project/3_pruning/pruning_plan_new_sw_full_20260712_234356/l2_structured_combo_new_top6_amt_0p10/combo_20_amt_0p10/structured_pruning_summary.csv
l2_structured,new_top6_combo,"20,7",2,0.1,0.506632,0.480049,0.026583,0.690055,0.662864,0.027191,1.398089,1.383748,715.261879,722.674981,1.890255,/home/afm176/yolo_project/3_pruning/pruning_plan_new_sw_full_20260712_234356/l2_structured_combo_new_top6_amt_0p10/combo_20_7_amt_0p10/yolo26n_l2_combo_20_7_amt_0p10.pt,/home/afm176/yolo_project/3_pruning/pruning_plan_new_sw_full_20260712_234356/l2_structured_combo_new_top6_amt_0p10/combo_20_7_amt_0p10/structured_pruning_summary.csv
l2_structured,new_top6_combo,7,1,0.2,0.506632,0.476630,0.030002,0.690055,0.644706,0.045349,1.406065,1.388977,711.204897,719.954437,2.471833,/home/afm176/yolo_project/3_pruning/pruning_plan_new_sw_full_20260712_234356/l2_structured_combo_new_top6_amt_0p20/combo_7_amt_0p20/yolo26n_l2_combo_7_amt_0p20.pt,/home/afm176/yolo_project/3_pruning/pruning_plan_new_sw_full_20260712_234356/l2_structured_combo_new_top6_amt_0p20/combo_7_amt_0p20/structured_pruning_summary.csv
l2_structured,new_top6_combo,17,1,0.1,0.506632,0.473365,0.033267,0.690055,0.676999,0.013056,1.381229,1.307052,723.992949,765.080222,0.145521,/home/afm176/yolo_project/3_pruning/pruning_plan_new_sw_full_20260712_234356/l2_structured_combo_new_top6_amt_0p10/combo_17_amt_0p10/yolo26n_l2_combo_17_amt_0p10.pt,/home/afm176/yolo_project/3_pruning/pruning_plan_new_sw_full_20260712_234356/l2_structured_combo_new_top6_amt_0p10/combo_17_amt_0p10/structured_pruning_summary.csv
l2_structured,new_top6_combo,10,1,0.1,0.506632,0.466356,0.040276,0.690055,0.637345,0.052710,1.372098,1.337527,728.811090,747.648262,1.055120,/home/afm176/yolo_project/3_pruning/pruning_plan_new_sw_full_20260712_234356/l2_structured_combo_new_top6_amt_0p10/combo_10_amt_0p10/yolo26n_l2_combo_10_amt_0p10.pt,/home/afm176/yolo_project/3_pruning/pruning_plan_new_sw_full_20260712_234356/l2_structured_combo_new_top6_amt_0p10/combo_10_amt_0p10/structured_pruning_summary.csv
l2_structured,new_top6_combo,"7,17",2,0.1,0.506632,0.460691,0.045942,0.690055,0.649156,0.040899,1.389299,1.325710,719.787278,754.313021,1.405607,/home/afm176/yolo_project/3_pruning/pruning_plan_new_sw_full_20260712_234356/l2_structured_combo_new_top6_amt_0p10/combo_7_17_amt_0p10/yolo26n_l2_combo_7_17_amt_0p10.pt,/home/afm176/yolo_project/3_pruning/pruning_plan_new_sw_full_20260712_234356/l2_structured_combo_new_top6_amt_0p10/combo_7_17_amt_0p10/structured_pruning_summary.csv
l2_structured,new_top6_combo,20,1,0.2,0.506632,0.459252,0.047380,0.690055,0.668721,0.021334,1.371468,1.358880,729.145720,735.900119,1.260212,/home/afm176/yolo_project/3_pruning/pruning_plan_new_sw_full_20260712_234356/l2_structured_combo_new_top6_amt_0p20/combo_20_amt_0p20/yolo26n_l2_combo_20_amt_0p20.pt,/home/afm176/yolo_project/3_pruning/pruning_plan_new_sw_full_20260712_234356/l2_structured_combo_new_top6_amt_0p20/combo_20_amt_0p20/structured_pruning_summary.csv
l2_structured,new_top6_combo,"7,10",2,0.1,0.506632,0.453769,0.052863,0.690055,0.616817,0.073238,1.363286,1.284222,733.521831,778.681639,2.315206,/home/afm176/yolo_project/3_pruning/pruning_plan_new_sw_full_20260712_234356/l2_structured_combo_new_top6_amt_0p10/combo_7_10_amt_0p10/yolo26n_l2_combo_7_10_amt_0p10.pt,/home/afm176/yolo_project/3_pruning/pruning_plan_new_sw_full_20260712_234356/l2_structured_combo_new_top6_amt_0p10/combo_7_10_amt_0p10/structured_pruning_summary.csv
l2_structured,new_top6_combo,"20,17",2,0.1,0.506632,0.449991,0.056641,0.690055,0.668460,0.021595,1.280547,1.328152,780.916439,752.925914,0.775564,/home/afm176/yolo_project/3_pruning/pruning_plan_new_sw_full_20260712_234356/l2_structured_combo_new_top6_amt_0p10/combo_20_17_amt_0p10/yolo26n_l2_combo_20_17_amt_0p10.pt,/home/afm176/yolo_project/3_pruning/pruning_plan_new_sw_full_20260712_234356/l2_structured_combo_new_top6_amt_0p10/combo_20_17_amt_0p10/structured_pruning_summary.csv
l2_structured,new_top6_combo,8,1,0.1,0.506632,0.441743,0.064889,0.690055,0.607205,0.082850,1.374269,1.300041,727.659533,769.206723,1.416376,/home/afm176/yolo_project/3_pruning/pruning_plan_new_sw_full_20260712_234356/l2_structured_combo_new_top6_amt_0p10/combo_8_amt_0p10/yolo26n_l2_combo_8_amt_0p10.pt,/home/afm176/yolo_project/3_pruning/pruning_plan_new_sw_full_20260712_234356/l2_structured_combo_new_top6_amt_0p10/combo_8_amt_0p10/structured_pruning_summary.csv
l2_structured,new_top6_combo,"20,7,17",3,0.1,0.506632,0.439993,0.066639,0.690055,0.641673,0.048382,1.364057,1.298315,733.107335,770.229257,2.035649,/home/afm176/yolo_project/3_pruning/pruning_plan_new_sw_full_20260712_234356/l2_structured_combo_new_top6_amt_0p10/combo_20_7_17_amt_0p10/yolo26n_l2_combo_20_7_17_amt_0p10.pt,/home/afm176/yolo_project/3_pruning/pruning_plan_new_sw_full_20260712_234356/l2_structured_combo_new_top6_amt_0p10/combo_20_7_17_amt_0p10/structured_pruning_summary.csv
l2_structured,new_top6_combo,17,1,0.2,0.506632,0.437900,0.068732,0.690055,0.647309,0.042746,1.323301,1.309770,755.685749,763.492728,0.315148,/home/afm176/yolo_project/3_pruning/pruning_plan_new_sw_full_20260712_234356/l2_structured_combo_new_top6_amt_0p20/combo_17_amt_0p20/yolo26n_l2_combo_17_amt_0p20.pt,/home/afm176/yolo_project/3_pruning/pruning_plan_new_sw_full_20260712_234356/l2_structured_combo_new_top6_amt_0p20/combo_17_amt_0p20/structured_pruning_summary.csv
l2_structured,new_top6_combo,"10,17",2,0.1,0.506632,0.437599,0.069033,0.690055,0.629899,0.060156,1.335267,1.351181,748.913998,740.093555,1.200514,/home/afm176/yolo_project/3_pruning/pruning_plan_new_sw_full_20260712_234356/l2_structured_combo_new_top6_amt_0p10/combo_10_17_amt_0p10/yolo26n_l2_combo_10_17_amt_0p10.pt,/home/afm176/yolo_project/3_pruning/pruning_plan_new_sw_full_20260712_234356/l2_structured_combo_new_top6_amt_0p10/combo_10_17_amt_0p10/structured_pruning_summary.csv
l2_structured,new_top6_combo,"20,10",2,0.1,0.506632,0.437222,0.069410,0.690055,0.618515,0.071540,1.377301,1.472474,726.057664,679.129353,1.685163,/home/afm176/yolo_project/3_pruning/pruning_plan_new_sw_full_20260712_234356/l2_structured_combo_new_top6_amt_0p10/combo_20_10_amt_0p10/yolo26n_l2_combo_20_10_amt_0p10.pt,/home/afm176/yolo_project/3_pruning/pruning_plan_new_sw_full_20260712_234356/l2_structured_combo_new_top6_amt_0p10/combo_20_10_amt_0p10/structured_pruning_summary.csv
l2_structured,new_top6_combo,"20,7",2,0.2,0.506632,0.431699,0.074934,0.690055,0.620957,0.069098,1.340711,1.347729,745.872840,741.988910,3.731919,/home/afm176/yolo_project/3_pruning/pruning_plan_new_sw_full_20260712_234356/l2_structured_combo_new_top6_amt_0p20/combo_20_7_amt_0p20/yolo26n_l2_combo_20_7_amt_0p20.pt,/home/afm176/yolo_project/3_pruning/pruning_plan_new_sw_full_20260712_234356/l2_structured_combo_new_top6_amt_0p20/combo_20_7_amt_0p20/structured_pruning_summary.csv
l2_structured,new_top6_combo,"20,8",2,0.1,0.506632,0.425683,0.080950,0.690055,0.599002,0.091053,1.297181,1.373483,770.902492,728.076179,2.046419,/home/afm176/yolo_project/3_pruning/pruning_plan_new_sw_full_20260712_234356/l2_structured_combo_new_top6_amt_0p10/combo_20_8_amt_0p10/yolo26n_l2_combo_20_8_amt_0p10.pt,/home/afm176/yolo_project/3_pruning/pruning_plan_new_sw_full_20260712_234356/l2_structured_combo_new_top6_amt_0p10/combo_20_8_amt_0p10/structured_pruning_summary.csv
l2_structured,new_top6_combo,"20,7,10",3,0.1,0.506632,0.425103,0.081529,0.690055,0.596060,0.093995,1.335124,1.335054,748.994156,749.033352,2.945249,/home/afm176/yolo_project/3_pruning/pruning_plan_new_sw_full_20260712_234356/l2_structured_combo_new_top6_amt_0p10/combo_20_7_10_amt_0p10/yolo26n_l2_combo_20_7_10_amt_0p10.pt,/home/afm176/yolo_project/3_pruning/pruning_plan_new_sw_full_20260712_234356/l2_structured_combo_new_top6_amt_0p10/combo_20_7_10_amt_0p10/structured_pruning_summary.csv
l2_structured,new_top6_combo,"7,10,17",3,0.1,0.506632,0.423142,0.083490,0.690055,0.604016,0.086039,1.390365,1.337652,719.235486,747.578709,2.460600,/home/afm176/yolo_project/3_pruning/pruning_plan_new_sw_full_20260712_234356/l2_structured_combo_new_top6_amt_0p10/combo_7_10_17_amt_0p10/yolo26n_l2_combo_7_10_17_amt_0p10.pt,/home/afm176/yolo_project/3_pruning/pruning_plan_new_sw_full_20260712_234356/l2_structured_combo_new_top6_amt_0p10/combo_7_10_17_amt_0p10/structured_pruning_summary.csv
l2_structured,new_top6_combo,"7,17",2,0.2,0.506632,0.408839,0.097793,0.690055,0.596856,0.093200,1.375760,1.311467,726.871047,762.504919,2.786854,/home/afm176/yolo_project/3_pruning/pruning_plan_new_sw_full_20260712_234356/l2_structured_combo_new_top6_amt_0p20/combo_7_17_amt_0p20/yolo26n_l2_combo_7_17_amt_0p20.pt,/home/afm176/yolo_project/3_pruning/pruning_plan_new_sw_full_20260712_234356/l2_structured_combo_new_top6_amt_0p20/combo_7_17_amt_0p20/structured_pruning_summary.csv
l2_structured,new_top6_combo,"8,17",2,0.1,0.506632,0.404544,0.102088,0.690055,0.578006,0.112050,1.413306,1.307642,707.561022,764.735373,1.561771,/home/afm176/yolo_project/3_pruning/pruning_plan_new_sw_full_20260712_234356/l2_structured_combo_new_top6_amt_0p10/combo_8_17_amt_0p10/yolo26n_l2_combo_8_17_amt_0p10.pt,/home/afm176/yolo_project/3_pruning/pruning_plan_new_sw_full_20260712_234356/l2_structured_combo_new_top6_amt_0p10/combo_8_17_amt_0p10/structured_pruning_summary.csv
l2_structured,new_top6_combo,"20,10,17",3,0.1,0.506632,0.402979,0.103653,0.690055,0.606759,0.083296,1.317338,1.385315,759.106866,721.857307,1.830557,/home/afm176/yolo_project/3_pruning/pruning_plan_new_sw_full_20260712_234356/l2_structured_combo_new_top6_amt_0p10/combo_20_10_17_amt_0p10/yolo26n_l2_combo_20_10_17_amt_0p10.pt,/home/afm176/yolo_project/3_pruning/pruning_plan_new_sw_full_20260712_234356/l2_structured_combo_new_top6_amt_0p10/combo_20_10_17_amt_0p10/structured_pruning_summary.csv
l2_structured,new_top6_combo,"7,8",2,0.1,0.506632,0.396388,0.110244,0.690055,0.549201,0.140854,1.380555,1.387192,724.346278,720.880844,2.676462,/home/afm176/yolo_project/3_pruning/pruning_plan_new_sw_full_20260712_234356/l2_structured_combo_new_top6_amt_0p10/combo_7_8_amt_0p10/yolo26n_l2_combo_7_8_amt_0p10.pt,/home/afm176/yolo_project/3_pruning/pruning_plan_new_sw_full_20260712_234356/l2_structured_combo_new_top6_amt_0p10/combo_7_8_amt_0p10/structured_pruning_summary.csv
l2_structured,new_top6_combo,22,1,0.1,0.506632,0.396377,0.110255,0.690055,0.581774,0.108281,1.431379,1.474939,698.627123,677.994227,1.940949,/home/afm176/yolo_project/3_pruning/pruning_plan_new_sw_full_20260712_234356/l2_structured_combo_new_top6_amt_0p10/combo_22_amt_0p10/yolo26n_l2_combo_22_amt_0p10.pt,/home/afm176/yolo_project/3_pruning/pruning_plan_new_sw_full_20260712_234356/l2_structured_combo_new_top6_amt_0p10/combo_22_amt_0p10/structured_pruning_summary.csv
l2_structured,new_top6_combo,"7,22",2,0.1,0.506632,0.390154,0.116479,0.690055,0.566636,0.123419,1.336444,1.341289,748.254252,745.551730,3.201035,/home/afm176/yolo_project/3_pruning/pruning_plan_new_sw_full_20260712_234356/l2_structured_combo_new_top6_amt_0p10/combo_7_22_amt_0p10/yolo26n_l2_combo_7_22_amt_0p10.pt,/home/afm176/yolo_project/3_pruning/pruning_plan_new_sw_full_20260712_234356/l2_structured_combo_new_top6_amt_0p10/combo_7_22_amt_0p10/structured_pruning_summary.csv
l2_structured,new_top6_combo,"20,7,10,17",4,0.1,0.506632,0.388410,0.118222,0.690055,0.579129,0.110926,1.308789,1.317476,764.064907,759.026925,3.090643,/home/afm176/yolo_project/3_pruning/pruning_plan_new_sw_full_20260712_234356/l2_structured_combo_new_top6_amt_0p10/combo_20_7_10_17_amt_0p10/yolo26n_l2_combo_20_7_10_17_amt_0p10.pt,/home/afm176/yolo_project/3_pruning/pruning_plan_new_sw_full_20260712_234356/l2_structured_combo_new_top6_amt_0p10/combo_20_7_10_17_amt_0p10/structured_pruning_summary.csv
l2_structured,new_top6_combo,10,1,0.2,0.506632,0.387412,0.119220,0.690055,0.537850,0.152205,1.290182,1.337873,775.084509,747.455201,2.077804,/home/afm176/yolo_project/3_pruning/pruning_plan_new_sw_full_20260712_234356/l2_structured_combo_new_top6_amt_0p20/combo_10_amt_0p20/yolo26n_l2_combo_10_amt_0p20.pt,/home/afm176/yolo_project/3_pruning/pruning_plan_new_sw_full_20260712_234356/l2_structured_combo_new_top6_amt_0p20/combo_10_amt_0p20/structured_pruning_summary.csv
l2_structured,new_top6_combo,"10,8",2,0.1,0.506632,0.384992,0.121640,0.690055,0.536325,0.153730,1.289752,1.301472,775.342944,768.360529,2.471370,/home/afm176/yolo_project/3_pruning/pruning_plan_new_sw_full_20260712_234356/l2_structured_combo_new_top6_amt_0p10/combo_10_8_amt_0p10/yolo26n_l2_combo_10_8_amt_0p10.pt,/home/afm176/yolo_project/3_pruning/pruning_plan_new_sw_full_20260712_234356/l2_structured_combo_new_top6_amt_0p10/combo_10_8_amt_0p10/structured_pruning_summary.csv
l2_structured,new_top6_combo,"20,8,17",3,0.1,0.506632,0.380284,0.126349,0.690055,0.564248,0.125807,1.330968,1.335577,751.333133,748.740029,2.191814,/home/afm176/yolo_project/3_pruning/pruning_plan_new_sw_full_20260712_234356/l2_structured_combo_new_top6_amt_0p10/combo_20_8_17_amt_0p10/yolo26n_l2_combo_20_8_17_amt_0p10.pt,/home/afm176/yolo_project/3_pruning/pruning_plan_new_sw_full_20260712_234356/l2_structured_combo_new_top6_amt_0p10/combo_20_8_17_amt_0p10/structured_pruning_summary.csv
l2_structured,new_top6_combo,"20,17",2,0.2,0.506632,0.380176,0.126457,0.690055,0.619465,0.070591,1.424613,1.344794,701.944820,743.608493,1.575233,/home/afm176/yolo_project/3_pruning/pruning_plan_new_sw_full_20260712_234356/l2_structured_combo_new_top6_amt_0p20/combo_20_17_amt_0p20/yolo26n_l2_combo_20_17_amt_0p20.pt,/home/afm176/yolo_project/3_pruning/pruning_plan_new_sw_full_20260712_234356/l2_structured_combo_new_top6_amt_0p20/combo_20_17_amt_0p20/structured_pruning_summary.csv
l2_structured,new_top6_combo,"20,7,8",3,0.1,0.506632,0.375834,0.130799,0.690055,0.534254,0.155802,1.331168,1.316105,751.220206,759.817703,3.306505,/home/afm176/yolo_project/3_pruning/pruning_plan_new_sw_full_20260712_234356/l2_structured_combo_new_top6_amt_0p10/combo_20_7_8_amt_0p10/yolo26n_l2_combo_20_7_8_amt_0p10.pt,/home/afm176/yolo_project/3_pruning/pruning_plan_new_sw_full_20260712_234356/l2_structured_combo_new_top6_amt_0p10/combo_20_7_8_amt_0p10/structured_pruning_summary.csv
l2_structured,new_top6_combo,"20,7,17",3,0.2,0.506632,0.356852,0.149780,0.690055,0.567381,0.122674,1.407084,1.311776,710.689491,762.325406,4.046940,/home/afm176/yolo_project/3_pruning/pruning_plan_new_sw_full_20260712_234356/l2_structured_combo_new_top6_amt_0p20/combo_20_7_17_amt_0p20/yolo26n_l2_combo_20_7_17_amt_0p20.pt,/home/afm176/yolo_project/3_pruning/pruning_plan_new_sw_full_20260712_234356/l2_structured_combo_new_top6_amt_0p20/combo_20_7_17_amt_0p20/structured_pruning_summary.csv
l2_structured,new_top6_combo,"20,10,8",3,0.1,0.506632,0.355927,0.150705,0.690055,0.510865,0.179190,1.334439,1.359202,749.378412,735.726036,3.101413,/home/afm176/yolo_project/3_pruning/pruning_plan_new_sw_full_20260712_234356/l2_structured_combo_new_top6_amt_0p10/combo_20_10_8_amt_0p10/yolo26n_l2_combo_20_10_8_amt_0p10.pt,/home/afm176/yolo_project/3_pruning/pruning_plan_new_sw_full_20260712_234356/l2_structured_combo_new_top6_amt_0p10/combo_20_10_8_amt_0p10/structured_pruning_summary.csv
l2_structured,new_top6_combo,"7,8,17",3,0.1,0.506632,0.355531,0.151101,0.690055,0.513649,0.176406,1.441418,1.427947,693.761149,700.306228,2.821857,/home/afm176/yolo_project/3_pruning/pruning_plan_new_sw_full_20260712_234356/l2_structured_combo_new_top6_amt_0p10/combo_7_8_17_amt_0p10/yolo26n_l2_combo_7_8_17_amt_0p10.pt,/home/afm176/yolo_project/3_pruning/pruning_plan_new_sw_full_20260712_234356/l2_structured_combo_new_top6_amt_0p10/combo_7_8_17_amt_0p10/structured_pruning_summary.csv
l2_structured,new_top6_combo,"20,22",2,0.1,0.506632,0.354291,0.152341,0.690055,0.526529,0.163526,1.377324,1.285785,726.045826,777.734728,2.570992,/home/afm176/yolo_project/3_pruning/pruning_plan_new_sw_full_20260712_234356/l2_structured_combo_new_top6_amt_0p10/combo_20_22_amt_0p10/yolo26n_l2_combo_20_22_amt_0p10.pt,/home/afm176/yolo_project/3_pruning/pruning_plan_new_sw_full_20260712_234356/l2_structured_combo_new_top6_amt_0p10/combo_20_22_amt_0p10/structured_pruning_summary.csv
l2_structured,new_top6_combo,"7,10,8",3,0.1,0.506632,0.349366,0.157266,0.690055,0.485491,0.204564,1.392009,1.347394,718.386277,742.173201,3.731456,/home/afm176/yolo_project/3_pruning/pruning_plan_new_sw_full_20260712_234356/l2_structured_combo_new_top6_amt_0p10/combo_7_10_8_amt_0p10/yolo26n_l2_combo_7_10_8_amt_0p10.pt,/home/afm176/yolo_project/3_pruning/pruning_plan_new_sw_full_20260712_234356/l2_structured_combo_new_top6_amt_0p10/combo_7_10_8_amt_0p10/structured_pruning_summary.csv
l2_structured,new_top6_combo,"20,7,22",3,0.1,0.506632,0.348820,0.157812,0.690055,0.513002,0.177053,1.374785,1.291784,727.386540,774.123023,3.831078,/home/afm176/yolo_project/3_pruning/pruning_plan_new_sw_full_20260712_234356/l2_structured_combo_new_top6_amt_0p10/combo_20_7_22_amt_0p10/yolo26n_l2_combo_20_7_22_amt_0p10.pt,/home/afm176/yolo_project/3_pruning/pruning_plan_new_sw_full_20260712_234356/l2_structured_combo_new_top6_amt_0p10/combo_20_7_22_amt_0p10/structured_pruning_summary.csv
l2_structured,new_top6_combo,22,1,0.2,0.506632,0.348809,0.157823,0.690055,0.517914,0.172141,1.378235,1.336997,725.565529,747.944689,3.887158,/home/afm176/yolo_project/3_pruning/pruning_plan_new_sw_full_20260712_234356/l2_structured_combo_new_top6_amt_0p20/combo_22_amt_0p20/yolo26n_l2_combo_22_amt_0p20.pt,/home/afm176/yolo_project/3_pruning/pruning_plan_new_sw_full_20260712_234356/l2_structured_combo_new_top6_amt_0p20/combo_22_amt_0p20/structured_pruning_summary.csv
l2_structured,new_top6_combo,"20,22",2,0.2,0.506632,0.348328,0.158304,0.690055,0.517314,0.172741,1.341381,1.299123,745.500132,769.749874,5.147243,/home/afm176/yolo_project/3_pruning/pruning_plan_new_sw_full_20260712_234356/l2_structured_combo_new_top6_amt_0p20/combo_20_22_amt_0p20/yolo26n_l2_combo_20_22_amt_0p20.pt,/home/afm176/yolo_project/3_pruning/pruning_plan_new_sw_full_20260712_234356/l2_structured_combo_new_top6_amt_0p20/combo_20_22_amt_0p20/structured_pruning_summary.csv
l2_structured,new_top6_combo,"7,10",2,0.2,0.506632,0.347581,0.159052,0.690055,0.482036,0.208019,1.412742,1.359135,707.843388,735.762320,4.549510,/home/afm176/yolo_project/3_pruning/pruning_plan_new_sw_full_20260712_234356/l2_structured_combo_new_top6_amt_0p20/combo_7_10_amt_0p20/yolo26n_l2_combo_7_10_amt_0p20.pt,/home/afm176/yolo_project/3_pruning/pruning_plan_new_sw_full_20260712_234356/l2_structured_combo_new_top6_amt_0p20/combo_7_10_amt_0p20/structured_pruning_summary.csv
l2_structured,new_top6_combo,"10,8,17",3,0.1,0.506632,0.345392,0.161241,0.690055,0.508636,0.181420,1.350411,1.304292,740.515408,766.699594,2.616765,/home/afm176/yolo_project/3_pruning/pruning_plan_new_sw_full_20260712_234356/l2_structured_combo_new_top6_amt_0p10/combo_10_8_17_amt_0p10/yolo26n_l2_combo_10_8_17_amt_0p10.pt,/home/afm176/yolo_project/3_pruning/pruning_plan_new_sw_full_20260712_234356/l2_structured_combo_new_top6_amt_0p10/combo_10_8_17_amt_0p10/structured_pruning_summary.csv
l2_structured,new_top6_combo,"22,17",2,0.1,0.506632,0.344446,0.162186,0.690055,0.544271,0.145785,1.316153,1.386891,759.789959,721.037450,2.086344,/home/afm176/yolo_project/3_pruning/pruning_plan_new_sw_full_20260712_234356/l2_structured_combo_new_top6_amt_0p10/combo_22_17_amt_0p10/yolo26n_l2_combo_22_17_amt_0p10.pt,/home/afm176/yolo_project/3_pruning/pruning_plan_new_sw_full_20260712_234356/l2_structured_combo_new_top6_amt_0p10/combo_22_17_amt_0p10/structured_pruning_summary.csv
l2_structured,new_top6_combo,"22,10",2,0.1,0.506632,0.342008,0.164624,0.690055,0.505811,0.184244,1.395491,1.314545,716.593501,760.719317,2.995943,/home/afm176/yolo_project/3_pruning/pruning_plan_new_sw_full_20260712_234356/l2_structured_combo_new_top6_amt_0p10/combo_22_10_amt_0p10/yolo26n_l2_combo_22_10_amt_0p10.pt,/home/afm176/yolo_project/3_pruning/pruning_plan_new_sw_full_20260712_234356/l2_structured_combo_new_top6_amt_0p10/combo_22_10_amt_0p10/structured_pruning_summary.csv
l2_structured,new_top6_combo,"7,22,10",3,0.1,0.506632,0.335385,0.171248,0.690055,0.493036,0.197019,1.396416,1.424970,716.119166,701.769199,4.256029,/home/afm176/yolo_project/3_pruning/pruning_plan_new_sw_full_20260712_234356/l2_structured_combo_new_top6_amt_0p10/combo_7_22_10_amt_0p10/yolo26n_l2_combo_7_22_10_amt_0p10.pt,/home/afm176/yolo_project/3_pruning/pruning_plan_new_sw_full_20260712_234356/l2_structured_combo_new_top6_amt_0p10/combo_7_22_10_amt_0p10/structured_pruning_summary.csv
l2_structured,new_top6_combo,"7,22,17",3,0.1,0.506632,0.330787,0.175845,0.690055,0.514580,0.175476,1.338630,1.311243,747.032535,762.634978,3.346430,/home/afm176/yolo_project/3_pruning/pruning_plan_new_sw_full_20260712_234356/l2_structured_combo_new_top6_amt_0p10/combo_7_22_17_amt_0p10/yolo26n_l2_combo_7_22_17_amt_0p10.pt,/home/afm176/yolo_project/3_pruning/pruning_plan_new_sw_full_20260712_234356/l2_structured_combo_new_top6_amt_0p10/combo_7_22_17_amt_0p10/structured_pruning_summary.csv
l2_structured,new_top6_combo,"20,10",2,0.2,0.506632,0.329753,0.176879,0.690055,0.490498,0.199557,1.326792,1.354074,753.697797,738.512278,3.337890,/home/afm176/yolo_project/3_pruning/pruning_plan_new_sw_full_20260712_234356/l2_structured_combo_new_top6_amt_0p20/combo_20_10_amt_0p20/yolo26n_l2_combo_20_10_amt_0p20.pt,/home/afm176/yolo_project/3_pruning/pruning_plan_new_sw_full_20260712_234356/l2_structured_combo_new_top6_amt_0p20/combo_20_10_amt_0p20/structured_pruning_summary.csv
l2_structured,new_top6_combo,"20,7,8,17",4,0.1,0.506632,0.328111,0.178522,0.690055,0.494217,0.195839,1.385153,1.318409,721.941875,758.490239,3.451900,/home/afm176/yolo_project/3_pruning/pruning_plan_new_sw_full_20260712_234356/l2_structured_combo_new_top6_amt_0p10/combo_20_7_8_17_amt_0p10/yolo26n_l2_combo_20_7_8_17_amt_0p10.pt,/home/afm176/yolo_project/3_pruning/pruning_plan_new_sw_full_20260712_234356/l2_structured_combo_new_top6_amt_0p10/combo_20_7_8_17_amt_0p10/structured_pruning_summary.csv
l2_structured,new_top6_combo,"22,8",2,0.1,0.506632,0.322634,0.183999,0.690055,0.481647,0.208409,1.455190,1.426804,687.195435,700.866898,3.357200,/home/afm176/yolo_project/3_pruning/pruning_plan_new_sw_full_20260712_234356/l2_structured_combo_new_top6_amt_0p10/combo_22_8_amt_0p10/yolo26n_l2_combo_22_8_amt_0p10.pt,/home/afm176/yolo_project/3_pruning/pruning_plan_new_sw_full_20260712_234356/l2_structured_combo_new_top6_amt_0p10/combo_22_8_amt_0p10/structured_pruning_summary.csv
l2_structured,new_top6_combo,"20,22,17",3,0.1,0.506632,0.320785,0.185847,0.690055,0.512244,0.177811,1.298587,1.304941,770.067936,766.317969,2.716387,/home/afm176/yolo_project/3_pruning/pruning_plan_new_sw_full_20260712_234356/l2_structured_combo_new_top6_amt_0p10/combo_20_22_17_amt_0p10/yolo26n_l2_combo_20_22_17_amt_0p10.pt,/home/afm176/yolo_project/3_pruning/pruning_plan_new_sw_full_20260712_234356/l2_structured_combo_new_top6_amt_0p10/combo_20_22_17_amt_0p10/structured_pruning_summary.csv
l2_structured,new_top6_combo,"20,22,10",3,0.1,0.506632,0.320624,0.186008,0.690055,0.476723,0.213332,1.329341,1.329736,752.252501,752.029165,3.625986,/home/afm176/yolo_project/3_pruning/pruning_plan_new_sw_full_20260712_234356/l2_structured_combo_new_top6_amt_0p10/combo_20_22_10_amt_0p10/yolo26n_l2_combo_20_22_10_amt_0p10.pt,/home/afm176/yolo_project/3_pruning/pruning_plan_new_sw_full_20260712_234356/l2_structured_combo_new_top6_amt_0p10/combo_20_22_10_amt_0p10/structured_pruning_summary.csv
l2_structured,new_top6_combo,"20,7,10,8",4,0.1,0.506632,0.320480,0.186152,0.690055,0.458471,0.231584,1.329592,1.261923,752.110671,792.441676,4.361499,/home/afm176/yolo_project/3_pruning/pruning_plan_new_sw_full_20260712_234356/l2_structured_combo_new_top6_amt_0p10/combo_20_7_10_8_amt_0p10/yolo26n_l2_combo_20_7_10_8_amt_0p10.pt,/home/afm176/yolo_project/3_pruning/pruning_plan_new_sw_full_20260712_234356/l2_structured_combo_new_top6_amt_0p10/combo_20_7_10_8_amt_0p10/structured_pruning_summary.csv
l2_structured,new_top6_combo,"7,22",2,0.2,0.506632,0.319888,0.186744,0.690055,0.473885,0.216170,1.385457,1.376443,721.783547,726.510334,6.358864,/home/afm176/yolo_project/3_pruning/pruning_plan_new_sw_full_20260712_234356/l2_structured_combo_new_top6_amt_0p20/combo_7_22_amt_0p20/yolo26n_l2_combo_7_22_amt_0p20.pt,/home/afm176/yolo_project/3_pruning/pruning_plan_new_sw_full_20260712_234356/l2_structured_combo_new_top6_amt_0p20/combo_7_22_amt_0p20/structured_pruning_summary.csv
l2_structured,new_top6_combo,"20,7,22",3,0.2,0.506632,0.319271,0.187361,0.690055,0.473351,0.216704,1.337639,1.332581,747.585809,750.423337,7.618950,/home/afm176/yolo_project/3_pruning/pruning_plan_new_sw_full_20260712_234356/l2_structured_combo_new_top6_amt_0p20/combo_20_7_22_amt_0p20/yolo26n_l2_combo_20_7_22_amt_0p20.pt,/home/afm176/yolo_project/3_pruning/pruning_plan_new_sw_full_20260712_234356/l2_structured_combo_new_top6_amt_0p20/combo_20_7_22_amt_0p20/structured_pruning_summary.csv
l2_structured,new_top6_combo,"20,10,8,17",4,0.1,0.506632,0.313642,0.192990,0.690055,0.483355,0.206700,1.313546,1.274432,761.298048,784.663509,3.246808,/home/afm176/yolo_project/3_pruning/pruning_plan_new_sw_full_20260712_234356/l2_structured_combo_new_top6_amt_0p10/combo_20_10_8_17_amt_0p10/yolo26n_l2_combo_20_10_8_17_amt_0p10.pt,/home/afm176/yolo_project/3_pruning/pruning_plan_new_sw_full_20260712_234356/l2_structured_combo_new_top6_amt_0p10/combo_20_10_8_17_amt_0p10/structured_pruning_summary.csv
l2_structured,new_top6_combo,"20,7,22,10",4,0.1,0.506632,0.311952,0.194680,0.690055,0.461063,0.228993,1.335548,1.308922,748.756390,763.987710,4.886072,/home/afm176/yolo_project/3_pruning/pruning_plan_new_sw_full_20260712_234356/l2_structured_combo_new_top6_amt_0p10/combo_20_7_22_10_amt_0p10/yolo26n_l2_combo_20_7_22_10_amt_0p10.pt,/home/afm176/yolo_project/3_pruning/pruning_plan_new_sw_full_20260712_234356/l2_structured_combo_new_top6_amt_0p10/combo_20_7_22_10_amt_0p10/structured_pruning_summary.csv
l2_structured,new_top6_combo,"7,10,8,17",4,0.1,0.506632,0.311936,0.194696,0.690055,0.460642,0.229413,1.362987,1.392554,733.682938,718.104793,3.876851,/home/afm176/yolo_project/3_pruning/pruning_plan_new_sw_full_20260712_234356/l2_structured_combo_new_top6_amt_0p10/combo_7_10_8_17_amt_0p10/yolo26n_l2_combo_7_10_8_17_amt_0p10.pt,/home/afm176/yolo_project/3_pruning/pruning_plan_new_sw_full_20260712_234356/l2_structured_combo_new_top6_amt_0p10/combo_7_10_8_17_amt_0p10/structured_pruning_summary.csv
l2_structured,new_top6_combo,"20,7,22,17",4,0.1,0.506632,0.308461,0.198171,0.690055,0.485262,0.204793,1.391799,1.271679,718.494476,786.361847,3.976473,/home/afm176/yolo_project/3_pruning/pruning_plan_new_sw_full_20260712_234356/l2_structured_combo_new_top6_amt_0p10/combo_20_7_22_17_amt_0p10/yolo26n_l2_combo_20_7_22_17_amt_0p10.pt,/home/afm176/yolo_project/3_pruning/pruning_plan_new_sw_full_20260712_234356/l2_structured_combo_new_top6_amt_0p10/combo_20_7_22_17_amt_0p10/structured_pruning_summary.csv
l2_structured,new_top6_combo,"20,22,8",3,0.1,0.506632,0.302104,0.204529,0.690055,0.453836,0.236219,1.404996,1.292174,711.745752,773.889400,3.987243,/home/afm176/yolo_project/3_pruning/pruning_plan_new_sw_full_20260712_234356/l2_structured_combo_new_top6_amt_0p10/combo_20_22_8_amt_0p10/yolo26n_l2_combo_20_22_8_amt_0p10.pt,/home/afm176/yolo_project/3_pruning/pruning_plan_new_sw_full_20260712_234356/l2_structured_combo_new_top6_amt_0p10/combo_20_22_8_amt_0p10/structured_pruning_summary.csv
l2_structured,new_top6_combo,"20,7,10",3,0.2,0.506632,0.302053,0.204579,0.690055,0.450284,0.239771,1.337847,1.388155,747.469510,720.380518,5.809596,/home/afm176/yolo_project/3_pruning/pruning_plan_new_sw_full_20260712_234356/l2_structured_combo_new_top6_amt_0p20/combo_20_7_10_amt_0p20/yolo26n_l2_combo_20_7_10_amt_0p20.pt,/home/afm176/yolo_project/3_pruning/pruning_plan_new_sw_full_20260712_234356/l2_structured_combo_new_top6_amt_0p20/combo_20_7_10_amt_0p20/structured_pruning_summary.csv
l2_structured,new_top6_combo,"22,10,17",3,0.1,0.506632,0.301798,0.204834,0.690055,0.479902,0.210153,1.329055,1.261763,752.414383,792.541717,3.141338,/home/afm176/yolo_project/3_pruning/pruning_plan_new_sw_full_20260712_234356/l2_structured_combo_new_top6_amt_0p10/combo_22_10_17_amt_0p10/yolo26n_l2_combo_22_10_17_amt_0p10.pt,/home/afm176/yolo_project/3_pruning/pruning_plan_new_sw_full_20260712_234356/l2_structured_combo_new_top6_amt_0p10/combo_22_10_17_amt_0p10/structured_pruning_summary.csv
l2_structured,new_top6_combo,"20,22,10,17",4,0.1,0.506632,0.292393,0.214239,0.690055,0.466619,0.223436,1.399606,1.304412,714.486893,766.628878,3.771381,/home/afm176/yolo_project/3_pruning/pruning_plan_new_sw_full_20260712_234356/l2_structured_combo_new_top6_amt_0p10/combo_20_22_10_17_amt_0p10/yolo26n_l2_combo_20_22_10_17_amt_0p10.pt,/home/afm176/yolo_project/3_pruning/pruning_plan_new_sw_full_20260712_234356/l2_structured_combo_new_top6_amt_0p10/combo_20_22_10_17_amt_0p10/structured_pruning_summary.csv
l2_structured,new_top6_combo,"7,22,10,17",4,0.1,0.506632,0.292016,0.214616,0.690055,0.458143,0.231912,1.339876,1.320949,746.337579,757.031671,4.401423,/home/afm176/yolo_project/3_pruning/pruning_plan_new_sw_full_20260712_234356/l2_structured_combo_new_top6_amt_0p10/combo_7_22_10_17_amt_0p10/yolo26n_l2_combo_7_22_10_17_amt_0p10.pt,/home/afm176/yolo_project/3_pruning/pruning_plan_new_sw_full_20260712_234356/l2_structured_combo_new_top6_amt_0p10/combo_7_22_10_17_amt_0p10/structured_pruning_summary.csv
l2_structured,new_top6_combo,"10,17",2,0.2,0.506632,0.291411,0.215222,0.690055,0.455320,0.234736,1.354219,1.376772,738.433074,726.336515,2.392825,/home/afm176/yolo_project/3_pruning/pruning_plan_new_sw_full_20260712_234356/l2_structured_combo_new_top6_amt_0p20/combo_10_17_amt_0p20/yolo26n_l2_combo_10_17_amt_0p20.pt,/home/afm176/yolo_project/3_pruning/pruning_plan_new_sw_full_20260712_234356/l2_structured_combo_new_top6_amt_0p20/combo_10_17_amt_0p20/structured_pruning_summary.csv
l2_structured,new_top6_combo,"20,7,22,10,17",5,0.1,0.506632,0.282290,0.224342,0.690055,0.444768,0.245287,1.377136,1.310549,726.144707,763.038721,5.031466,/home/afm176/yolo_project/3_pruning/pruning_plan_new_sw_full_20260712_234356/l2_structured_combo_new_top6_amt_0p10/combo_20_7_22_10_17_amt_0p10/yolo26n_l2_combo_20_7_22_10_17_amt_0p10.pt,/home/afm176/yolo_project/3_pruning/pruning_plan_new_sw_full_20260712_234356/l2_structured_combo_new_top6_amt_0p10/combo_20_7_22_10_17_amt_0p10/structured_pruning_summary.csv
l2_structured,new_top6_combo,"22,17",2,0.2,0.506632,0.281719,0.224913,0.690055,0.475279,0.214776,1.302386,1.308905,767.821650,763.997314,4.202179,/home/afm176/yolo_project/3_pruning/pruning_plan_new_sw_full_20260712_234356/l2_structured_combo_new_top6_amt_0p20/combo_22_17_amt_0p20/yolo26n_l2_combo_22_17_amt_0p20.pt,/home/afm176/yolo_project/3_pruning/pruning_plan_new_sw_full_20260712_234356/l2_structured_combo_new_top6_amt_0p20/combo_22_17_amt_0p20/structured_pruning_summary.csv
l2_structured,new_top6_combo,"20,22,17",3,0.2,0.506632,0.280908,0.225725,0.690055,0.474394,0.215662,1.343167,1.337257,744.509010,747.799199,5.462265,/home/afm176/yolo_project/3_pruning/pruning_plan_new_sw_full_20260712_234356/l2_structured_combo_new_top6_amt_0p20/combo_20_22_17_amt_0p20/yolo26n_l2_combo_20_22_17_amt_0p20.pt,/home/afm176/yolo_project/3_pruning/pruning_plan_new_sw_full_20260712_234356/l2_structured_combo_new_top6_amt_0p20/combo_20_22_17_amt_0p20/structured_pruning_summary.csv
l2_structured,new_top6_combo,"20,7,10,8,17",5,0.1,0.506632,0.279273,0.227360,0.690055,0.430847,0.259208,1.398018,1.331406,715.298276,751.085460,4.506893,/home/afm176/yolo_project/3_pruning/pruning_plan_new_sw_full_20260712_234356/l2_structured_combo_new_top6_amt_0p10/combo_20_7_10_8_17_amt_0p10/yolo26n_l2_combo_20_7_10_8_17_amt_0p10.pt,/home/afm176/yolo_project/3_pruning/pruning_plan_new_sw_full_20260712_234356/l2_structured_combo_new_top6_amt_0p10/combo_20_7_10_8_17_amt_0p10/structured_pruning_summary.csv
l2_structured,new_top6_combo,"22,10,8",3,0.1,0.506632,0.278733,0.227900,0.690055,0.418218,0.271837,1.359401,1.281927,735.618028,780.075605,4.412193,/home/afm176/yolo_project/3_pruning/pruning_plan_new_sw_full_20260712_234356/l2_structured_combo_new_top6_amt_0p10/combo_22_10_8_amt_0p10/yolo26n_l2_combo_22_10_8_amt_0p10.pt,/home/afm176/yolo_project/3_pruning/pruning_plan_new_sw_full_20260712_234356/l2_structured_combo_new_top6_amt_0p10/combo_22_10_8_amt_0p10/structured_pruning_summary.csv
l2_structured,new_top6_combo,"7,22,8",3,0.1,0.506632,0.275940,0.230692,0.690055,0.416285,0.273770,1.292771,1.368366,773.532084,730.798799,4.617286,/home/afm176/yolo_project/3_pruning/pruning_plan_new_sw_full_20260712_234356/l2_structured_combo_new_top6_amt_0p10/combo_7_22_8_amt_0p10/yolo26n_l2_combo_7_22_8_amt_0p10.pt,/home/afm176/yolo_project/3_pruning/pruning_plan_new_sw_full_20260712_234356/l2_structured_combo_new_top6_amt_0p10/combo_7_22_8_amt_0p10/structured_pruning_summary.csv
l2_structured,new_top6_combo,8,1,0.2,0.506632,0.274723,0.231909,0.690055,0.374931,0.315125,1.341139,1.369194,745.634814,730.356689,2.913401,/home/afm176/yolo_project/3_pruning/pruning_plan_new_sw_full_20260712_234356/l2_structured_combo_new_top6_amt_0p20/combo_8_amt_0p20/yolo26n_l2_combo_8_amt_0p20.pt,/home/afm176/yolo_project/3_pruning/pruning_plan_new_sw_full_20260712_234356/l2_structured_combo_new_top6_amt_0p20/combo_8_amt_0p20/structured_pruning_summary.csv
l2_structured,new_top6_combo,"22,8,17",3,0.1,0.506632,0.273106,0.233526,0.690055,0.434857,0.255198,1.371359,1.317237,729.203663,759.164922,3.502594,/home/afm176/yolo_project/3_pruning/pruning_plan_new_sw_full_20260712_234356/l2_structured_combo_new_top6_amt_0p10/combo_22_8_17_amt_0p10/yolo26n_l2_combo_22_8_17_amt_0p10.pt,/home/afm176/yolo_project/3_pruning/pruning_plan_new_sw_full_20260712_234356/l2_structured_combo_new_top6_amt_0p10/combo_22_8_17_amt_0p10/structured_pruning_summary.csv
l2_structured,new_top6_combo,"22,10",2,0.2,0.506632,0.270453,0.236179,0.690055,0.409920,0.280136,1.317462,1.315189,759.035315,760.346867,5.964835,/home/afm176/yolo_project/3_pruning/pruning_plan_new_sw_full_20260712_234356/l2_structured_combo_new_top6_amt_0p20/combo_22_10_amt_0p20/yolo26n_l2_combo_22_10_amt_0p20.pt,/home/afm176/yolo_project/3_pruning/pruning_plan_new_sw_full_20260712_234356/l2_structured_combo_new_top6_amt_0p20/combo_22_10_amt_0p20/structured_pruning_summary.csv
l2_structured,new_top6_combo,"20,22,10",3,0.2,0.506632,0.270399,0.236234,0.690055,0.409864,0.280191,1.381639,1.332190,723.778303,750.643831,7.224921,/home/afm176/yolo_project/3_pruning/pruning_plan_new_sw_full_20260712_234356/l2_structured_combo_new_top6_amt_0p20/combo_20_22_10_amt_0p20/yolo26n_l2_combo_20_22_10_amt_0p20.pt,/home/afm176/yolo_project/3_pruning/pruning_plan_new_sw_full_20260712_234356/l2_structured_combo_new_top6_amt_0p20/combo_20_22_10_amt_0p20/structured_pruning_summary.csv
l2_structured,new_top6_combo,"20,22,10,8",4,0.1,0.506632,0.267789,0.238843,0.690055,0.403740,0.286315,1.294623,1.349589,772.425871,740.966383,5.042236,/home/afm176/yolo_project/3_pruning/pruning_plan_new_sw_full_20260712_234356/l2_structured_combo_new_top6_amt_0p10/combo_20_22_10_8_amt_0p10/yolo26n_l2_combo_20_22_10_8_amt_0p10.pt,/home/afm176/yolo_project/3_pruning/pruning_plan_new_sw_full_20260712_234356/l2_structured_combo_new_top6_amt_0p10/combo_20_22_10_8_amt_0p10/structured_pruning_summary.csv
l2_structured,new_top6_combo,"20,22,8,17",4,0.1,0.506632,0.265903,0.240730,0.690055,0.424839,0.265216,1.403507,1.342258,712.500955,745.013014,4.132637,/home/afm176/yolo_project/3_pruning/pruning_plan_new_sw_full_20260712_234356/l2_structured_combo_new_top6_amt_0p10/combo_20_22_8_17_amt_0p10/yolo26n_l2_combo_20_22_8_17_amt_0p10.pt,/home/afm176/yolo_project/3_pruning/pruning_plan_new_sw_full_20260712_234356/l2_structured_combo_new_top6_amt_0p10/combo_20_22_8_17_amt_0p10/structured_pruning_summary.csv
l2_structured,new_top6_combo,"7,10,17",3,0.2,0.506632,0.265377,0.241256,0.690055,0.411787,0.278268,1.330150,1.329812,751.794809,751.986144,4.864532,/home/afm176/yolo_project/3_pruning/pruning_plan_new_sw_full_20260712_234356/l2_structured_combo_new_top6_amt_0p20/combo_7_10_17_amt_0p20/yolo26n_l2_combo_7_10_17_amt_0p20.pt,/home/afm176/yolo_project/3_pruning/pruning_plan_new_sw_full_20260712_234356/l2_structured_combo_new_top6_amt_0p20/combo_7_10_17_amt_0p20/structured_pruning_summary.csv
l2_structured,new_top6_combo,"20,7,22,8",4,0.1,0.506632,0.262164,0.244469,0.690055,0.397914,0.292141,1.333904,1.339699,749.679394,746.436391,5.247328,/home/afm176/yolo_project/3_pruning/pruning_plan_new_sw_full_20260712_234356/l2_structured_combo_new_top6_amt_0p10/combo_20_7_22_8_amt_0p10/yolo26n_l2_combo_20_7_22_8_amt_0p10.pt,/home/afm176/yolo_project/3_pruning/pruning_plan_new_sw_full_20260712_234356/l2_structured_combo_new_top6_amt_0p10/combo_20_7_22_8_amt_0p10/structured_pruning_summary.csv
l2_structured,new_top6_combo,"7,22,17",3,0.2,0.506632,0.256869,0.249764,0.690055,0.427594,0.262461,1.372637,1.365242,728.524591,732.471125,6.673886,/home/afm176/yolo_project/3_pruning/pruning_plan_new_sw_full_20260712_234356/l2_structured_combo_new_top6_amt_0p20/combo_7_22_17_amt_0p20/yolo26n_l2_combo_7_22_17_amt_0p20.pt,/home/afm176/yolo_project/3_pruning/pruning_plan_new_sw_full_20260712_234356/l2_structured_combo_new_top6_amt_0p20/combo_7_22_17_amt_0p20/structured_pruning_summary.csv
l2_structured,new_top6_combo,"20,7,22,17",4,0.2,0.506632,0.256091,0.250541,0.690055,0.426933,0.263122,1.394106,1.321115,717.305479,756.936581,7.933972,/home/afm176/yolo_project/3_pruning/pruning_plan_new_sw_full_20260712_234356/l2_structured_combo_new_top6_amt_0p20/combo_20_7_22_17_amt_0p20/yolo26n_l2_combo_20_7_22_17_amt_0p20.pt,/home/afm176/yolo_project/3_pruning/pruning_plan_new_sw_full_20260712_234356/l2_structured_combo_new_top6_amt_0p20/combo_20_7_22_17_amt_0p20/structured_pruning_summary.csv
l2_structured,new_top6_combo,"7,22,10,8",4,0.1,0.506632,0.253168,0.253464,0.690055,0.377413,0.312642,1.397856,1.372046,715.381171,728.838319,5.672279,/home/afm176/yolo_project/3_pruning/pruning_plan_new_sw_full_20260712_234356/l2_structured_combo_new_top6_amt_0p10/combo_7_22_10_8_amt_0p10/yolo26n_l2_combo_7_22_10_8_amt_0p10.pt,/home/afm176/yolo_project/3_pruning/pruning_plan_new_sw_full_20260712_234356/l2_structured_combo_new_top6_amt_0p10/combo_7_22_10_8_amt_0p10/structured_pruning_summary.csv
l2_structured,new_top6_combo,"10,8",2,0.2,0.506632,0.251799,0.254833,0.690055,0.348136,0.341919,1.376436,1.311831,726.513772,762.293567,4.991079,/home/afm176/yolo_project/3_pruning/pruning_plan_new_sw_full_20260712_234356/l2_structured_combo_new_top6_amt_0p20/combo_10_8_amt_0p20/yolo26n_l2_combo_10_8_amt_0p20.pt,/home/afm176/yolo_project/3_pruning/pruning_plan_new_sw_full_20260712_234356/l2_structured_combo_new_top6_amt_0p20/combo_10_8_amt_0p20/structured_pruning_summary.csv
l2_structured,new_top6_combo,"20,10,17",3,0.2,0.506632,0.244617,0.262015,0.690055,0.417061,0.272994,1.325874,1.363966,754.219515,733.156293,3.652911,/home/afm176/yolo_project/3_pruning/pruning_plan_new_sw_full_20260712_234356/l2_structured_combo_new_top6_amt_0p20/combo_20_10_17_amt_0p20/yolo26n_l2_combo_20_10_17_amt_0p20.pt,/home/afm176/yolo_project/3_pruning/pruning_plan_new_sw_full_20260712_234356/l2_structured_combo_new_top6_amt_0p20/combo_20_10_17_amt_0p20/structured_pruning_summary.csv
l2_structured,new_top6_combo,"20,7,22,10,8",5,0.1,0.506632,0.243284,0.263349,0.690055,0.364362,0.325693,1.333898,1.343930,749.682746,744.086474,6.302322,/home/afm176/yolo_project/3_pruning/pruning_plan_new_sw_full_20260712_234356/l2_structured_combo_new_top6_amt_0p10/combo_20_7_22_10_8_amt_0p10/yolo26n_l2_combo_20_7_22_10_8_amt_0p10.pt,/home/afm176/yolo_project/3_pruning/pruning_plan_new_sw_full_20260712_234356/l2_structured_combo_new_top6_amt_0p10/combo_20_7_22_10_8_amt_0p10/structured_pruning_summary.csv
l2_structured,new_top6_combo,"8,17",2,0.2,0.506632,0.243172,0.263461,0.690055,0.355249,0.334806,1.403271,1.305426,712.620520,766.033521,3.228423,/home/afm176/yolo_project/3_pruning/pruning_plan_new_sw_full_20260712_234356/l2_structured_combo_new_top6_amt_0p20/combo_8_17_amt_0p20/yolo26n_l2_combo_8_17_amt_0p20.pt,/home/afm176/yolo_project/3_pruning/pruning_plan_new_sw_full_20260712_234356/l2_structured_combo_new_top6_amt_0p20/combo_8_17_amt_0p20/structured_pruning_summary.csv
l2_structured,new_top6_combo,"7,22,10",3,0.2,0.506632,0.241684,0.264948,0.690055,0.366706,0.323349,1.295866,1.320887,771.684581,757.067306,8.436542,/home/afm176/yolo_project/3_pruning/pruning_plan_new_sw_full_20260712_234356/l2_structured_combo_new_top6_amt_0p20/combo_7_22_10_amt_0p20/yolo26n_l2_combo_7_22_10_amt_0p20.pt,/home/afm176/yolo_project/3_pruning/pruning_plan_new_sw_full_20260712_234356/l2_structured_combo_new_top6_amt_0p20/combo_7_22_10_amt_0p20/structured_pruning_summary.csv
l2_structured,new_top6_combo,"20,7,22,10",4,0.2,0.506632,0.241653,0.264980,0.690055,0.366698,0.323357,1.330385,1.365809,751.661988,732.166618,9.696628,/home/afm176/yolo_project/3_pruning/pruning_plan_new_sw_full_20260712_234356/l2_structured_combo_new_top6_amt_0p20/combo_20_7_22_10_amt_0p20/yolo26n_l2_combo_20_7_22_10_amt_0p20.pt,/home/afm176/yolo_project/3_pruning/pruning_plan_new_sw_full_20260712_234356/l2_structured_combo_new_top6_amt_0p20/combo_20_7_22_10_amt_0p20/structured_pruning_summary.csv
l2_structured,new_top6_combo,"22,10,8,17",4,0.1,0.506632,0.238607,0.268025,0.690055,0.390065,0.299990,1.329169,1.303215,752.350019,767.333357,4.557588,/home/afm176/yolo_project/3_pruning/pruning_plan_new_sw_full_20260712_234356/l2_structured_combo_new_top6_amt_0p10/combo_22_10_8_17_amt_0p10/yolo26n_l2_combo_22_10_8_17_amt_0p10.pt,/home/afm176/yolo_project/3_pruning/pruning_plan_new_sw_full_20260712_234356/l2_structured_combo_new_top6_amt_0p10/combo_22_10_8_17_amt_0p10/structured_pruning_summary.csv
l2_structured,new_top6_combo,"20,22,10,8,17",5,0.1,0.506632,0.235554,0.271078,0.690055,0.385793,0.304263,1.336184,1.317146,748.400042,759.217042,5.187631,/home/afm176/yolo_project/3_pruning/pruning_plan_new_sw_full_20260712_234356/l2_structured_combo_new_top6_amt_0p10/combo_20_22_10_8_17_amt_0p10/yolo26n_l2_combo_20_22_10_8_17_amt_0p10.pt,/home/afm176/yolo_project/3_pruning/pruning_plan_new_sw_full_20260712_234356/l2_structured_combo_new_top6_amt_0p10/combo_20_22_10_8_17_amt_0p10/structured_pruning_summary.csv
l2_structured,new_top6_combo,"20,8",2,0.2,0.506632,0.232410,0.274223,0.690055,0.340350,0.349705,1.432117,1.353141,698.266977,739.021429,4.173487,/home/afm176/yolo_project/3_pruning/pruning_plan_new_sw_full_20260712_234356/l2_structured_combo_new_top6_amt_0p20/combo_20_8_amt_0p20/yolo26n_l2_combo_20_8_amt_0p20.pt,/home/afm176/yolo_project/3_pruning/pruning_plan_new_sw_full_20260712_234356/l2_structured_combo_new_top6_amt_0p20/combo_20_8_amt_0p20/structured_pruning_summary.csv
l2_structured,new_top6_combo,"7,22,8,17",4,0.1,0.506632,0.230074,0.276558,0.690055,0.372005,0.318050,1.320997,1.429192,757.004074,699.696162,4.762680,/home/afm176/yolo_project/3_pruning/pruning_plan_new_sw_full_20260712_234356/l2_structured_combo_new_top6_amt_0p10/combo_7_22_8_17_amt_0p10/yolo26n_l2_combo_7_22_8_17_amt_0p10.pt,/home/afm176/yolo_project/3_pruning/pruning_plan_new_sw_full_20260712_234356/l2_structured_combo_new_top6_amt_0p10/combo_7_22_8_17_amt_0p10/structured_pruning_summary.csv
l2_structured,new_top6_combo,"20,7,10,17",4,0.2,0.506632,0.228041,0.278591,0.690055,0.386224,0.303831,1.326463,1.314788,753.884762,760.578722,6.124618,/home/afm176/yolo_project/3_pruning/pruning_plan_new_sw_full_20260712_234356/l2_structured_combo_new_top6_amt_0p20/combo_20_7_10_17_amt_0p20/yolo26n_l2_combo_20_7_10_17_amt_0p20.pt,/home/afm176/yolo_project/3_pruning/pruning_plan_new_sw_full_20260712_234356/l2_structured_combo_new_top6_amt_0p20/combo_20_7_10_17_amt_0p20/structured_pruning_summary.csv
l2_structured,new_top6_combo,"20,7,22,8,17",5,0.1,0.506632,0.226404,0.280228,0.690055,0.366948,0.323107,1.307914,1.306618,764.576016,765.334860,5.392723,/home/afm176/yolo_project/3_pruning/pruning_plan_new_sw_full_20260712_234356/l2_structured_combo_new_top6_amt_0p10/combo_20_7_22_8_17_amt_0p10/yolo26n_l2_combo_20_7_22_8_17_amt_0p10.pt,/home/afm176/yolo_project/3_pruning/pruning_plan_new_sw_full_20260712_234356/l2_structured_combo_new_top6_amt_0p10/combo_20_7_22_8_17_amt_0p10/structured_pruning_summary.csv
l2_structured,new_top6_combo,"7,22,10,8,17",5,0.1,0.506632,0.215476,0.291156,0.690055,0.349552,0.340503,1.366347,1.315313,731.878346,760.275322,5.817674,/home/afm176/yolo_project/3_pruning/pruning_plan_new_sw_full_20260712_234356/l2_structured_combo_new_top6_amt_0p10/combo_7_22_10_8_17_amt_0p10/yolo26n_l2_combo_7_22_10_8_17_amt_0p10.pt,/home/afm176/yolo_project/3_pruning/pruning_plan_new_sw_full_20260712_234356/l2_structured_combo_new_top6_amt_0p10/combo_7_22_10_8_17_amt_0p10/structured_pruning_summary.csv
l2_structured,new_top6_combo,"7,10,8",3,0.2,0.506632,0.213399,0.293234,0.690055,0.302316,0.387739,1.385949,1.333487,721.527259,749.913702,7.462786,/home/afm176/yolo_project/3_pruning/pruning_plan_new_sw_full_20260712_234356/l2_structured_combo_new_top6_amt_0p20/combo_7_10_8_amt_0p20/yolo26n_l2_combo_7_10_8_amt_0p20.pt,/home/afm176/yolo_project/3_pruning/pruning_plan_new_sw_full_20260712_234356/l2_structured_combo_new_top6_amt_0p20/combo_7_10_8_amt_0p20/structured_pruning_summary.csv
l2_structured,new_top6_combo,"20,7,22,10,8,17",6,0.1,0.506632,0.212943,0.293689,0.690055,0.346030,0.344025,1.375887,1.267301,726.803819,789.078384,6.447717,/home/afm176/yolo_project/3_pruning/pruning_plan_new_sw_full_20260712_234356/l2_structured_combo_new_top6_amt_0p10/combo_20_7_22_10_8_17_amt_0p10/yolo26n_l2_combo_20_7_22_10_8_17_amt_0p10.pt,/home/afm176/yolo_project/3_pruning/pruning_plan_new_sw_full_20260712_234356/l2_structured_combo_new_top6_amt_0p10/combo_20_7_22_10_8_17_amt_0p10/structured_pruning_summary.csv
l2_structured,new_top6_combo,"7,8",2,0.2,0.506632,0.209423,0.297210,0.690055,0.287057,0.402998,1.307144,1.378949,765.026565,725.189923,5.385108,/home/afm176/yolo_project/3_pruning/pruning_plan_new_sw_full_20260712_234356/l2_structured_combo_new_top6_amt_0p20/combo_7_8_amt_0p20/yolo26n_l2_combo_7_8_amt_0p20.pt,/home/afm176/yolo_project/3_pruning/pruning_plan_new_sw_full_20260712_234356/l2_structured_combo_new_top6_amt_0p20/combo_7_8_amt_0p20/structured_pruning_summary.csv
l2_structured,new_top6_combo,"20,10,8",3,0.2,0.506632,0.208998,0.297635,0.690055,0.305885,0.384170,1.427514,1.341148,700.518534,745.630063,6.251165,/home/afm176/yolo_project/3_pruning/pruning_plan_new_sw_full_20260712_234356/l2_structured_combo_new_top6_amt_0p20/combo_20_10_8_amt_0p20/yolo26n_l2_combo_20_10_8_amt_0p20.pt,/home/afm176/yolo_project/3_pruning/pruning_plan_new_sw_full_20260712_234356/l2_structured_combo_new_top6_amt_0p20/combo_20_10_8_amt_0p20/structured_pruning_summary.csv
l2_structured,new_top6_combo,"22,10,17",3,0.2,0.506632,0.201672,0.304960,0.690055,0.353718,0.336337,1.383312,1.343714,722.902647,744.205821,6.279857,/home/afm176/yolo_project/3_pruning/pruning_plan_new_sw_full_20260712_234356/l2_structured_combo_new_top6_amt_0p20/combo_22_10_17_amt_0p20/yolo26n_l2_combo_22_10_17_amt_0p20.pt,/home/afm176/yolo_project/3_pruning/pruning_plan_new_sw_full_20260712_234356/l2_structured_combo_new_top6_amt_0p20/combo_22_10_17_amt_0p20/structured_pruning_summary.csv
l2_structured,new_top6_combo,"20,22,10,17",4,0.2,0.506632,0.201501,0.305131,0.690055,0.353622,0.336433,1.335649,1.346670,748.699695,742.572623,7.539942,/home/afm176/yolo_project/3_pruning/pruning_plan_new_sw_full_20260712_234356/l2_structured_combo_new_top6_amt_0p20/combo_20_22_10_17_amt_0p20/yolo26n_l2_combo_20_22_10_17_amt_0p20.pt,/home/afm176/yolo_project/3_pruning/pruning_plan_new_sw_full_20260712_234356/l2_structured_combo_new_top6_amt_0p20/combo_20_22_10_17_amt_0p20/structured_pruning_summary.csv
l2_structured,new_top6_combo,"20,8,17",3,0.2,0.506632,0.195821,0.310812,0.690055,0.316285,0.373770,1.327657,1.313504,753.206355,761.322216,4.488509,/home/afm176/yolo_project/3_pruning/pruning_plan_new_sw_full_20260712_234356/l2_structured_combo_new_top6_amt_0p20/combo_20_8_17_amt_0p20/yolo26n_l2_combo_20_8_17_amt_0p20.pt,/home/afm176/yolo_project/3_pruning/pruning_plan_new_sw_full_20260712_234356/l2_structured_combo_new_top6_amt_0p20/combo_20_8_17_amt_0p20/structured_pruning_summary.csv
l2_structured,new_top6_combo,"10,8,17",3,0.2,0.506632,0.190330,0.316303,0.690055,0.299225,0.390830,1.386775,1.333665,721.097656,749.813601,5.306100,/home/afm176/yolo_project/3_pruning/pruning_plan_new_sw_full_20260712_234356/l2_structured_combo_new_top6_amt_0p20/combo_10_8_17_amt_0p20/yolo26n_l2_combo_10_8_17_amt_0p20.pt,/home/afm176/yolo_project/3_pruning/pruning_plan_new_sw_full_20260712_234356/l2_structured_combo_new_top6_amt_0p20/combo_10_8_17_amt_0p20/structured_pruning_summary.csv
l2_structured,new_top6_combo,"7,8,17",3,0.2,0.506632,0.184757,0.321875,0.690055,0.275559,0.414496,1.343577,1.279194,744.281622,781.742390,5.700130,/home/afm176/yolo_project/3_pruning/pruning_plan_new_sw_full_20260712_234356/l2_structured_combo_new_top6_amt_0p20/combo_7_8_17_amt_0p20/yolo26n_l2_combo_7_8_17_amt_0p20.pt,/home/afm176/yolo_project/3_pruning/pruning_plan_new_sw_full_20260712_234356/l2_structured_combo_new_top6_amt_0p20/combo_7_8_17_amt_0p20/structured_pruning_summary.csv
l2_structured,new_top6_combo,"20,7,10,8",4,0.2,0.506632,0.183695,0.322937,0.690055,0.272640,0.417415,1.416317,1.286685,706.056530,777.190939,8.722872,/home/afm176/yolo_project/3_pruning/pruning_plan_new_sw_full_20260712_234356/l2_structured_combo_new_top6_amt_0p20/combo_20_7_10_8_amt_0p20/yolo26n_l2_combo_20_7_10_8_amt_0p20.pt,/home/afm176/yolo_project/3_pruning/pruning_plan_new_sw_full_20260712_234356/l2_structured_combo_new_top6_amt_0p20/combo_20_7_10_8_amt_0p20/structured_pruning_summary.csv
l2_structured,new_top6_combo,"20,22,10,8",4,0.2,0.506632,0.181930,0.324702,0.690055,0.270996,0.419059,1.393017,1.355434,717.866514,737.770894,10.138196,/home/afm176/yolo_project/3_pruning/pruning_plan_new_sw_full_20260712_234356/l2_structured_combo_new_top6_amt_0p20/combo_20_22_10_8_amt_0p20/yolo26n_l2_combo_20_22_10_8_amt_0p20.pt,/home/afm176/yolo_project/3_pruning/pruning_plan_new_sw_full_20260712_234356/l2_structured_combo_new_top6_amt_0p20/combo_20_22_10_8_amt_0p20/structured_pruning_summary.csv
l2_structured,new_top6_combo,"22,10,8",3,0.2,0.506632,0.181930,0.324702,0.690055,0.270996,0.419059,1.365391,1.274669,732.390846,784.517446,8.878111,/home/afm176/yolo_project/3_pruning/pruning_plan_new_sw_full_20260712_234356/l2_structured_combo_new_top6_amt_0p20/combo_22_10_8_amt_0p20/yolo26n_l2_combo_22_10_8_amt_0p20.pt,/home/afm176/yolo_project/3_pruning/pruning_plan_new_sw_full_20260712_234356/l2_structured_combo_new_top6_amt_0p20/combo_22_10_8_amt_0p20/structured_pruning_summary.csv
l2_structured,new_top6_combo,"7,22,10,17",4,0.2,0.506632,0.177419,0.329214,0.690055,0.309994,0.380061,1.293147,1.329099,773.307428,752.389145,8.751563,/home/afm176/yolo_project/3_pruning/pruning_plan_new_sw_full_20260712_234356/l2_structured_combo_new_top6_amt_0p20/combo_7_22_10_17_amt_0p20/yolo26n_l2_combo_7_22_10_17_amt_0p20.pt,/home/afm176/yolo_project/3_pruning/pruning_plan_new_sw_full_20260712_234356/l2_structured_combo_new_top6_amt_0p20/combo_7_22_10_17_amt_0p20/structured_pruning_summary.csv
l2_structured,new_top6_combo,"20,7,22,10,17",5,0.2,0.506632,0.177320,0.329313,0.690055,0.309939,0.380116,1.329559,1.354231,752.129135,738.426345,10.011649,/home/afm176/yolo_project/3_pruning/pruning_plan_new_sw_full_20260712_234356/l2_structured_combo_new_top6_amt_0p20/combo_20_7_22_10_17_amt_0p20/yolo26n_l2_combo_20_7_22_10_17_amt_0p20.pt,/home/afm176/yolo_project/3_pruning/pruning_plan_new_sw_full_20260712_234356/l2_structured_combo_new_top6_amt_0p20/combo_20_7_22_10_17_amt_0p20/structured_pruning_summary.csv
l2_structured,new_top6_combo,"20,7,8",3,0.2,0.506632,0.176149,0.330484,0.690055,0.258038,0.432017,1.379471,1.329655,724.915716,752.074665,6.645194,/home/afm176/yolo_project/3_pruning/pruning_plan_new_sw_full_20260712_234356/l2_structured_combo_new_top6_amt_0p20/combo_20_7_8_amt_0p20/yolo26n_l2_combo_20_7_8_amt_0p20.pt,/home/afm176/yolo_project/3_pruning/pruning_plan_new_sw_full_20260712_234356/l2_structured_combo_new_top6_amt_0p20/combo_20_7_8_amt_0p20/structured_pruning_summary.csv
l2_structured,new_top6_combo,"20,22,8",3,0.2,0.506632,0.174227,0.332405,0.690055,0.262868,0.427188,1.300266,1.251439,769.073227,799.080101,8.060519,/home/afm176/yolo_project/3_pruning/pruning_plan_new_sw_full_20260712_234356/l2_structured_combo_new_top6_amt_0p20/combo_20_22_8_amt_0p20/yolo26n_l2_combo_20_22_8_amt_0p20.pt,/home/afm176/yolo_project/3_pruning/pruning_plan_new_sw_full_20260712_234356/l2_structured_combo_new_top6_amt_0p20/combo_20_22_8_amt_0p20/structured_pruning_summary.csv
l2_structured,new_top6_combo,"22,8",2,0.2,0.506632,0.174227,0.332406,0.690055,0.262864,0.427192,1.339349,1.372180,746.631471,728.767325,6.800433,/home/afm176/yolo_project/3_pruning/pruning_plan_new_sw_full_20260712_234356/l2_structured_combo_new_top6_amt_0p20/combo_22_8_amt_0p20/yolo26n_l2_combo_22_8_amt_0p20.pt,/home/afm176/yolo_project/3_pruning/pruning_plan_new_sw_full_20260712_234356/l2_structured_combo_new_top6_amt_0p20/combo_22_8_amt_0p20/structured_pruning_summary.csv
l2_structured,new_top6_combo,"20,7,22,10,8",5,0.2,0.506632,0.165960,0.340672,0.690055,0.249747,0.440308,1.350715,1.341149,740.348588,745.629276,12.609903,/home/afm176/yolo_project/3_pruning/pruning_plan_new_sw_full_20260712_234356/l2_structured_combo_new_top6_amt_0p20/combo_20_7_22_10_8_amt_0p20/yolo26n_l2_combo_20_7_22_10_8_amt_0p20.pt,/home/afm176/yolo_project/3_pruning/pruning_plan_new_sw_full_20260712_234356/l2_structured_combo_new_top6_amt_0p20/combo_20_7_22_10_8_amt_0p20/structured_pruning_summary.csv
l2_structured,new_top6_combo,"7,22,10,8",4,0.2,0.506632,0.165960,0.340672,0.690055,0.249747,0.440308,1.309578,1.307695,763.604518,764.704396,11.349817,/home/afm176/yolo_project/3_pruning/pruning_plan_new_sw_full_20260712_234356/l2_structured_combo_new_top6_amt_0p20/combo_7_22_10_8_amt_0p20/yolo26n_l2_combo_7_22_10_8_amt_0p20.pt,/home/afm176/yolo_project/3_pruning/pruning_plan_new_sw_full_20260712_234356/l2_structured_combo_new_top6_amt_0p20/combo_7_22_10_8_amt_0p20/structured_pruning_summary.csv
l2_structured,new_top6_combo,"20,10,8,17",4,0.2,0.506632,0.155385,0.351247,0.690055,0.266342,0.423714,1.316395,1.366523,759.650638,731.784381,6.566186,/home/afm176/yolo_project/3_pruning/pruning_plan_new_sw_full_20260712_234356/l2_structured_combo_new_top6_amt_0p20/combo_20_10_8_17_amt_0p20/yolo26n_l2_combo_20_10_8_17_amt_0p20.pt,/home/afm176/yolo_project/3_pruning/pruning_plan_new_sw_full_20260712_234356/l2_structured_combo_new_top6_amt_0p20/combo_20_10_8_17_amt_0p20/structured_pruning_summary.csv
l2_structured,new_top6_combo,"7,10,8,17",4,0.2,0.506632,0.153241,0.353391,0.690055,0.248460,0.441595,1.305468,1.362387,766.008650,734.005762,7.777807,/home/afm176/yolo_project/3_pruning/pruning_plan_new_sw_full_20260712_234356/l2_structured_combo_new_top6_amt_0p20/combo_7_10_8_17_amt_0p20/yolo26n_l2_combo_7_10_8_17_amt_0p20.pt,/home/afm176/yolo_project/3_pruning/pruning_plan_new_sw_full_20260712_234356/l2_structured_combo_new_top6_amt_0p20/combo_7_10_8_17_amt_0p20/structured_pruning_summary.csv
l2_structured,new_top6_combo,"20,7,8,17",4,0.2,0.506632,0.151668,0.354964,0.690055,0.247279,0.442776,1.332835,1.264975,750.280295,790.529151,6.960216,/home/afm176/yolo_project/3_pruning/pruning_plan_new_sw_full_20260712_234356/l2_structured_combo_new_top6_amt_0p20/combo_20_7_8_17_amt_0p20/yolo26n_l2_combo_20_7_8_17_amt_0p20.pt,/home/afm176/yolo_project/3_pruning/pruning_plan_new_sw_full_20260712_234356/l2_structured_combo_new_top6_amt_0p20/combo_20_7_8_17_amt_0p20/structured_pruning_summary.csv
l2_structured,new_top6_combo,"20,22,8,17",4,0.2,0.506632,0.150220,0.356412,0.690055,0.249953,0.440103,1.377138,1.349732,726.143791,740.887996,8.375540,/home/afm176/yolo_project/3_pruning/pruning_plan_new_sw_full_20260712_234356/l2_structured_combo_new_top6_amt_0p20/combo_20_22_8_17_amt_0p20/yolo26n_l2_combo_20_22_8_17_amt_0p20.pt,/home/afm176/yolo_project/3_pruning/pruning_plan_new_sw_full_20260712_234356/l2_structured_combo_new_top6_amt_0p20/combo_20_22_8_17_amt_0p20/structured_pruning_summary.csv
l2_structured,new_top6_combo,"22,8,17",3,0.2,0.506632,0.150220,0.356413,0.690055,0.249956,0.440099,1.364842,1.308324,732.685345,764.336811,7.115454,/home/afm176/yolo_project/3_pruning/pruning_plan_new_sw_full_20260712_234356/l2_structured_combo_new_top6_amt_0p20/combo_22_8_17_amt_0p20/yolo26n_l2_combo_22_8_17_amt_0p20.pt,/home/afm176/yolo_project/3_pruning/pruning_plan_new_sw_full_20260712_234356/l2_structured_combo_new_top6_amt_0p20/combo_22_8_17_amt_0p20/structured_pruning_summary.csv
l2_structured,new_top6_combo,"20,7,22,8",4,0.2,0.506632,0.137394,0.369239,0.690055,0.206531,0.483524,1.393460,1.311036,717.638083,762.755320,10.532226,/home/afm176/yolo_project/3_pruning/pruning_plan_new_sw_full_20260712_234356/l2_structured_combo_new_top6_amt_0p20/combo_20_7_22_8_amt_0p20/yolo26n_l2_combo_20_7_22_8_amt_0p20.pt,/home/afm176/yolo_project/3_pruning/pruning_plan_new_sw_full_20260712_234356/l2_structured_combo_new_top6_amt_0p20/combo_20_7_22_8_amt_0p20/structured_pruning_summary.csv
l2_structured,new_top6_combo,"7,22,8",3,0.2,0.506632,0.137394,0.369239,0.690055,0.206531,0.483524,1.368050,1.335943,730.967348,748.535108,9.272140,/home/afm176/yolo_project/3_pruning/pruning_plan_new_sw_full_20260712_234356/l2_structured_combo_new_top6_amt_0p20/combo_7_22_8_amt_0p20/yolo26n_l2_combo_7_22_8_amt_0p20.pt,/home/afm176/yolo_project/3_pruning/pruning_plan_new_sw_full_20260712_234356/l2_structured_combo_new_top6_amt_0p20/combo_7_22_8_amt_0p20/structured_pruning_summary.csv
l2_structured,new_top6_combo,"20,22,10,8,17",5,0.2,0.506632,0.130096,0.376536,0.690055,0.230488,0.459567,1.325773,1.360419,754.276706,735.067562,10.453218,/home/afm176/yolo_project/3_pruning/pruning_plan_new_sw_full_20260712_234356/l2_structured_combo_new_top6_amt_0p20/combo_20_22_10_8_17_amt_0p20/yolo26n_l2_combo_20_22_10_8_17_amt_0p20.pt,/home/afm176/yolo_project/3_pruning/pruning_plan_new_sw_full_20260712_234356/l2_structured_combo_new_top6_amt_0p20/combo_20_22_10_8_17_amt_0p20/structured_pruning_summary.csv
l2_structured,new_top6_combo,"22,10,8,17",4,0.2,0.506632,0.130088,0.376545,0.690055,0.230449,0.459606,1.299258,1.353060,769.670162,739.065295,9.193132,/home/afm176/yolo_project/3_pruning/pruning_plan_new_sw_full_20260712_234356/l2_structured_combo_new_top6_amt_0p20/combo_22_10_8_17_amt_0p20/yolo26n_l2_combo_22_10_8_17_amt_0p20.pt,/home/afm176/yolo_project/3_pruning/pruning_plan_new_sw_full_20260712_234356/l2_structured_combo_new_top6_amt_0p20/combo_22_10_8_17_amt_0p20/structured_pruning_summary.csv
l2_structured,new_top6_combo,"20,7,10,8,17",5,0.2,0.506632,0.126265,0.380367,0.690055,0.221606,0.468450,1.333776,1.351515,749.751271,739.910172,9.037893,/home/afm176/yolo_project/3_pruning/pruning_plan_new_sw_full_20260712_234356/l2_structured_combo_new_top6_amt_0p20/combo_20_7_10_8_17_amt_0p20/yolo26n_l2_combo_20_7_10_8_17_amt_0p20.pt,/home/afm176/yolo_project/3_pruning/pruning_plan_new_sw_full_20260712_234356/l2_structured_combo_new_top6_amt_0p20/combo_20_7_10_8_17_amt_0p20/structured_pruning_summary.csv
l2_structured,new_top6_combo,"20,7,22,8,17",5,0.2,0.506632,0.122949,0.383683,0.690055,0.206694,0.483362,1.308791,1.351824,764.064188,739.741420,10.847247,/home/afm176/yolo_project/3_pruning/pruning_plan_new_sw_full_20260712_234356/l2_structured_combo_new_top6_amt_0p20/combo_20_7_22_8_17_amt_0p20/yolo26n_l2_combo_20_7_22_8_17_amt_0p20.pt,/home/afm176/yolo_project/3_pruning/pruning_plan_new_sw_full_20260712_234356/l2_structured_combo_new_top6_amt_0p20/combo_20_7_22_8_17_amt_0p20/structured_pruning_summary.csv
l2_structured,new_top6_combo,"7,22,8,17",4,0.2,0.506632,0.122949,0.383683,0.690055,0.206694,0.483362,1.369071,1.341234,730.422084,745.582103,9.587161,/home/afm176/yolo_project/3_pruning/pruning_plan_new_sw_full_20260712_234356/l2_structured_combo_new_top6_amt_0p20/combo_7_22_8_17_amt_0p20/yolo26n_l2_combo_7_22_8_17_amt_0p20.pt,/home/afm176/yolo_project/3_pruning/pruning_plan_new_sw_full_20260712_234356/l2_structured_combo_new_top6_amt_0p20/combo_7_22_8_17_amt_0p20/structured_pruning_summary.csv
l2_structured,new_top6_combo,"20,7,22,10,8,17",6,0.2,0.506632,0.113589,0.393044,0.690055,0.202499,0.487556,1.379549,1.350632,724.874839,740.394100,12.924925,/home/afm176/yolo_project/3_pruning/pruning_plan_new_sw_full_20260712_234356/l2_structured_combo_new_top6_amt_0p20/combo_20_7_22_10_8_17_amt_0p20/yolo26n_l2_combo_20_7_22_10_8_17_amt_0p20.pt,/home/afm176/yolo_project/3_pruning/pruning_plan_new_sw_full_20260712_234356/l2_structured_combo_new_top6_amt_0p20/combo_20_7_22_10_8_17_amt_0p20/structured_pruning_summary.csv
l2_structured,new_top6_combo,"7,22,10,8,17",5,0.2,0.506632,0.113586,0.393046,0.690055,0.202482,0.487573,1.321758,1.353255,756.567899,738.959170,11.664839,/home/afm176/yolo_project/3_pruning/pruning_plan_new_sw_full_20260712_234356/l2_structured_combo_new_top6_amt_0p20/combo_7_22_10_8_17_amt_0p20/yolo26n_l2_combo_7_22_10_8_17_amt_0p20.pt,/home/afm176/yolo_project/3_pruning/pruning_plan_new_sw_full_20260712_234356/l2_structured_combo_new_top6_amt_0p20/combo_7_22_10_8_17_amt_0p20/structured_pruning_summary.csv
l2_structured,single_layer_sweep,20,1,0.05,0.506632,0.503472,0.003161,0.690055,0.688338,0.001717,1.329571,1.356846,752.122306,737.003350,0.290915,/home/afm176/yolo_project/3_pruning/pruning_plan_new_sw_full_20260712_234356/l2_structured_single_sweep/layer_20_amt_0p05/yolo26n_l2_layer_20_amt_0p05.pt,/home/afm176/yolo_project/3_pruning/pruning_plan_new_sw_full_20260712_234356/l2_structured_single_sweep/layer_20_amt_0p05/structured_pruning_summary.csv
l2_structured,single_layer_sweep,7,1,0.05,0.506632,0.503190,0.003443,0.690055,0.682027,0.008028,1.374796,1.526256,727.380771,655.198020,0.630169,/home/afm176/yolo_project/3_pruning/pruning_plan_new_sw_full_20260712_234356/l2_structured_single_sweep/layer_7_amt_0p05/yolo26n_l2_layer_7_amt_0p05.pt,/home/afm176/yolo_project/3_pruning/pruning_plan_new_sw_full_20260712_234356/l2_structured_single_sweep/layer_7_amt_0p05/structured_pruning_summary.csv
l2_structured,single_layer_sweep,7,1,0.1,0.506632,0.496558,0.010075,0.690055,0.668741,0.021314,1.427863,1.498826,700.347281,667.189005,1.260212,/home/afm176/yolo_project/3_pruning/pruning_plan_new_sw_full_20260712_234356/l2_structured_single_sweep/layer_7_amt_0p10/yolo26n_l2_layer_7_amt_0p10.pt,/home/afm176/yolo_project/3_pruning/pruning_plan_new_sw_full_20260712_234356/l2_structured_single_sweep/layer_7_amt_0p10/structured_pruning_summary.csv
l2_structured,single_layer_sweep,8,1,0.05,0.506632,0.492803,0.013829,0.690055,0.670595,0.019460,1.312830,1.279845,761.713256,781.344921,0.705559,/home/afm176/yolo_project/3_pruning/pruning_plan_new_sw_full_20260712_234356/l2_structured_single_sweep/layer_8_amt_0p05/yolo26n_l2_layer_8_amt_0p05.pt,/home/afm176/yolo_project/3_pruning/pruning_plan_new_sw_full_20260712_234356/l2_structured_single_sweep/layer_8_amt_0p05/structured_pruning_summary.csv
l2_structured,single_layer_sweep,9,1,0.05,0.506632,0.490896,0.015737,0.690055,0.671055,0.019000,1.745832,1.368557,572.792791,730.696406,0.344765,/home/afm176/yolo_project/3_pruning/pruning_plan_new_sw_full_20260712_234356/l2_structured_single_sweep/layer_9_amt_0p05/yolo26n_l2_layer_9_amt_0p05.pt,/home/afm176/yolo_project/3_pruning/pruning_plan_new_sw_full_20260712_234356/l2_structured_single_sweep/layer_9_amt_0p05/structured_pruning_summary.csv
l2_structured,single_layer_sweep,20,1,0.1,0.506632,0.489231,0.017401,0.690055,0.683530,0.006525,1.442814,1.484096,693.090133,673.811001,0.630169,/home/afm176/yolo_project/3_pruning/pruning_plan_new_sw_full_20260712_234356/l2_structured_single_sweep/layer_20_amt_0p10/yolo26n_l2_layer_20_amt_0p10.pt,/home/afm176/yolo_project/3_pruning/pruning_plan_new_sw_full_20260712_234356/l2_structured_single_sweep/layer_20_amt_0p10/structured_pruning_summary.csv
l2_structured,single_layer_sweep,10,1,0.05,0.506632,0.489093,0.017540,0.690055,0.671069,0.018986,1.350790,1.355747,740.307378,737.600799,0.519356,/home/afm176/yolo_project/3_pruning/pruning_plan_new_sw_full_20260712_234356/l2_structured_single_sweep/layer_10_amt_0p05/yolo26n_l2_layer_10_amt_0p05.pt,/home/afm176/yolo_project/3_pruning/pruning_plan_new_sw_full_20260712_234356/l2_structured_single_sweep/layer_10_amt_0p05/structured_pruning_summary.csv
l2_structured,single_layer_sweep,17,1,0.05,0.506632,0.487526,0.019106,0.690055,0.683480,0.006575,1.331329,1.350315,751.128856,740.568187,0.072823,/home/afm176/yolo_project/3_pruning/pruning_plan_new_sw_full_20260712_234356/l2_structured_single_sweep/layer_17_amt_0p05/yolo26n_l2_layer_17_amt_0p05.pt,/home/afm176/yolo_project/3_pruning/pruning_plan_new_sw_full_20260712_234356/l2_structured_single_sweep/layer_17_amt_0p05/structured_pruning_summary.csv
l2_structured,single_layer_sweep,13,1,0.05,0.506632,0.483315,0.023317,0.690055,0.656596,0.033460,1.305965,1.337035,765.717202,747.923682,0.261298,/home/afm176/yolo_project/3_pruning/pruning_plan_new_sw_full_20260712_234356/l2_structured_single_sweep/layer_13_amt_0p05/yolo26n_l2_layer_13_amt_0p05.pt,/home/afm176/yolo_project/3_pruning/pruning_plan_new_sw_full_20260712_234356/l2_structured_single_sweep/layer_13_amt_0p05/structured_pruning_summary.csv
l2_structured,single_layer_sweep,7,1,0.2,0.506632,0.476630,0.030002,0.690055,0.644706,0.045349,1.357343,1.362042,736.733467,734.191686,2.471833,/home/afm176/yolo_project/3_pruning/pruning_plan_new_sw_full_20260712_234356/l2_structured_single_sweep/layer_7_amt_0p20/yolo26n_l2_layer_7_amt_0p20.pt,/home/afm176/yolo_project/3_pruning/pruning_plan_new_sw_full_20260712_234356/l2_structured_single_sweep/layer_7_amt_0p20/structured_pruning_summary.csv
l2_structured,single_layer_sweep,6,1,0.05,0.506632,0.473675,0.032957,0.690055,0.643863,0.046192,1.598258,1.259559,625.681134,793.928980,0.196678,/home/afm176/yolo_project/3_pruning/pruning_plan_new_sw_full_20260712_234356/l2_structured_single_sweep/layer_6_amt_0p05/yolo26n_l2_layer_6_amt_0p05.pt,/home/afm176/yolo_project/3_pruning/pruning_plan_new_sw_full_20260712_234356/l2_structured_single_sweep/layer_6_amt_0p05/structured_pruning_summary.csv
l2_structured,single_layer_sweep,17,1,0.1,0.506632,0.473365,0.033267,0.690055,0.676999,0.013056,1.270851,1.270700,786.874399,786.967680,0.145521,/home/afm176/yolo_project/3_pruning/pruning_plan_new_sw_full_20260712_234356/l2_structured_single_sweep/layer_17_amt_0p10/yolo26n_l2_layer_17_amt_0p10.pt,/home/afm176/yolo_project/3_pruning/pruning_plan_new_sw_full_20260712_234356/l2_structured_single_sweep/layer_17_amt_0p10/structured_pruning_summary.csv
l2_structured,single_layer_sweep,9,1,0.1,0.506632,0.470803,0.035829,0.690055,0.642084,0.047972,1.831570,1.770207,545.979806,564.905600,0.700174,/home/afm176/yolo_project/3_pruning/pruning_plan_new_sw_full_20260712_234356/l2_structured_single_sweep/layer_9_amt_0p10/yolo26n_l2_layer_9_amt_0p10.pt,/home/afm176/yolo_project/3_pruning/pruning_plan_new_sw_full_20260712_234356/l2_structured_single_sweep/layer_9_amt_0p10/structured_pruning_summary.csv
l2_structured,single_layer_sweep,13,1,0.1,0.506632,0.470154,0.036479,0.690055,0.638727,0.051328,1.631259,1.487847,613.023555,672.111972,0.492852,/home/afm176/yolo_project/3_pruning/pruning_plan_new_sw_full_20260712_234356/l2_structured_single_sweep/layer_13_amt_0p10/yolo26n_l2_layer_13_amt_0p10.pt,/home/afm176/yolo_project/3_pruning/pruning_plan_new_sw_full_20260712_234356/l2_structured_single_sweep/layer_13_amt_0p10/structured_pruning_summary.csv
l2_structured,single_layer_sweep,5,1,0.05,0.506632,0.468495,0.038137,0.690055,0.632627,0.057428,1.369527,1.295462,730.179170,771.925348,0.290915,/home/afm176/yolo_project/3_pruning/pruning_plan_new_sw_full_20260712_234356/l2_structured_single_sweep/layer_5_amt_0p05/yolo26n_l2_layer_5_amt_0p05.pt,/home/afm176/yolo_project/3_pruning/pruning_plan_new_sw_full_20260712_234356/l2_structured_single_sweep/layer_5_amt_0p05/structured_pruning_summary.csv
l2_structured,single_layer_sweep,16,1,0.05,0.506632,0.467004,0.039628,0.690055,0.650860,0.039195,1.416992,1.595728,705.720076,626.673115,0.074170,/home/afm176/yolo_project/3_pruning/pruning_plan_new_sw_full_20260712_234356/l2_structured_single_sweep/layer_16_amt_0p05/yolo26n_l2_layer_16_amt_0p05.pt,/home/afm176/yolo_project/3_pruning/pruning_plan_new_sw_full_20260712_234356/l2_structured_single_sweep/layer_16_amt_0p05/structured_pruning_summary.csv
l2_structured,single_layer_sweep,10,1,0.1,0.506632,0.466356,0.040276,0.690055,0.637345,0.052710,1.476986,1.377728,677.054631,725.832778,1.055120,/home/afm176/yolo_project/3_pruning/pruning_plan_new_sw_full_20260712_234356/l2_structured_single_sweep/layer_10_amt_0p10/yolo26n_l2_layer_10_amt_0p10.pt,/home/afm176/yolo_project/3_pruning/pruning_plan_new_sw_full_20260712_234356/l2_structured_single_sweep/layer_10_amt_0p10/structured_pruning_summary.csv
l2_structured,single_layer_sweep,22,1,0.05,0.506632,0.466189,0.040443,0.690055,0.658617,0.031438,1.697359,1.298156,589.150708,770.323390,0.950155,/home/afm176/yolo_project/3_pruning/pruning_plan_new_sw_full_20260712_234356/l2_structured_single_sweep/layer_22_amt_0p05/yolo26n_l2_layer_22_amt_0p05.pt,/home/afm176/yolo_project/3_pruning/pruning_plan_new_sw_full_20260712_234356/l2_structured_single_sweep/layer_22_amt_0p05/structured_pruning_summary.csv
l2_structured,single_layer_sweep,4,1,0.05,0.506632,0.466020,0.040612,0.690055,0.641876,0.048179,1.290379,1.467848,774.966404,681.269484,0.056669,/home/afm176/yolo_project/3_pruning/pruning_plan_new_sw_full_20260712_234356/l2_structured_single_sweep/layer_4_amt_0p05/yolo26n_l2_layer_4_amt_0p05.pt,/home/afm176/yolo_project/3_pruning/pruning_plan_new_sw_full_20260712_234356/l2_structured_single_sweep/layer_4_amt_0p05/structured_pruning_summary.csv
l2_structured,single_layer_sweep,20,1,0.2,0.506632,0.459252,0.047380,0.690055,0.668721,0.021334,1.728571,1.563211,578.512643,639.709057,1.260212,/home/afm176/yolo_project/3_pruning/pruning_plan_new_sw_full_20260712_234356/l2_structured_single_sweep/layer_20_amt_0p20/yolo26n_l2_layer_20_amt_0p20.pt,/home/afm176/yolo_project/3_pruning/pruning_plan_new_sw_full_20260712_234356/l2_structured_single_sweep/layer_20_amt_0p20/structured_pruning_summary.csv
l2_structured,single_layer_sweep,20,1,0.3,0.506632,0.449436,0.057196,0.690055,0.661627,0.028428,1.714969,1.371127,583.101072,729.326797,1.841790,/home/afm176/yolo_project/3_pruning/pruning_plan_new_sw_full_20260712_234356/l2_structured_single_sweep/layer_20_amt_0p30/yolo26n_l2_layer_20_amt_0p30.pt,/home/afm176/yolo_project/3_pruning/pruning_plan_new_sw_full_20260712_234356/l2_structured_single_sweep/layer_20_amt_0p30/structured_pruning_summary.csv
l2_structured,single_layer_sweep,3,1,0.05,0.506632,0.442196,0.064437,0.690055,0.594305,0.095750,1.725287,1.706421,579.613762,586.021903,0.072823,/home/afm176/yolo_project/3_pruning/pruning_plan_new_sw_full_20260712_234356/l2_structured_single_sweep/layer_3_amt_0p05/yolo26n_l2_layer_3_amt_0p05.pt,/home/afm176/yolo_project/3_pruning/pruning_plan_new_sw_full_20260712_234356/l2_structured_single_sweep/layer_3_amt_0p05/structured_pruning_summary.csv
l2_structured,single_layer_sweep,20,1,0.4,0.506632,0.441846,0.064786,0.690055,0.656143,0.033912,1.470176,1.299574,680.190793,769.483109,2.471833,/home/afm176/yolo_project/3_pruning/pruning_plan_new_sw_full_20260712_234356/l2_structured_single_sweep/layer_20_amt_0p40/yolo26n_l2_layer_20_amt_0p40.pt,/home/afm176/yolo_project/3_pruning/pruning_plan_new_sw_full_20260712_234356/l2_structured_single_sweep/layer_20_amt_0p40/structured_pruning_summary.csv
l2_structured,single_layer_sweep,8,1,0.1,0.506632,0.441743,0.064889,0.690055,0.607205,0.082850,1.365541,1.270385,732.310735,787.162751,1.416376,/home/afm176/yolo_project/3_pruning/pruning_plan_new_sw_full_20260712_234356/l2_structured_single_sweep/layer_8_amt_0p10/yolo26n_l2_layer_8_amt_0p10.pt,/home/afm176/yolo_project/3_pruning/pruning_plan_new_sw_full_20260712_234356/l2_structured_single_sweep/layer_8_amt_0p10/structured_pruning_summary.csv
l2_structured,single_layer_sweep,17,1,0.2,0.506632,0.437900,0.068732,0.690055,0.647309,0.042746,1.319447,1.288513,757.893138,776.088462,0.315148,/home/afm176/yolo_project/3_pruning/pruning_plan_new_sw_full_20260712_234356/l2_structured_single_sweep/layer_17_amt_0p20/yolo26n_l2_layer_17_amt_0p20.pt,/home/afm176/yolo_project/3_pruning/pruning_plan_new_sw_full_20260712_234356/l2_structured_single_sweep/layer_17_amt_0p20/structured_pruning_summary.csv
l2_structured,single_layer_sweep,0,1,0.1,0.506632,0.436055,0.070578,0.690055,0.591533,0.098523,1.331008,1.295497,751.310355,771.904672,0.002398,/home/afm176/yolo_project/3_pruning/pruning_plan_new_sw_full_20260712_234356/l2_structured_single_sweep/layer_0_amt_0p10/yolo26n_l2_layer_0_amt_0p10.pt,/home/afm176/yolo_project/3_pruning/pruning_plan_new_sw_full_20260712_234356/l2_structured_single_sweep/layer_0_amt_0p10/structured_pruning_summary.csv
l2_structured,single_layer_sweep,0,1,0.05,0.506632,0.431097,0.075536,0.690055,0.586205,0.103850,1.334872,1.403036,749.135260,712.739838,0.001262,/home/afm176/yolo_project/3_pruning/pruning_plan_new_sw_full_20260712_234356/l2_structured_single_sweep/layer_0_amt_0p05/yolo26n_l2_layer_0_amt_0p05.pt,/home/afm176/yolo_project/3_pruning/pruning_plan_new_sw_full_20260712_234356/l2_structured_single_sweep/layer_0_amt_0p05/structured_pruning_summary.csv
l2_structured,single_layer_sweep,5,1,0.1,0.506632,0.430218,0.076415,0.690055,0.574329,0.115726,1.544000,1.504650,647.668250,664.606214,0.630169,/home/afm176/yolo_project/3_pruning/pruning_plan_new_sw_full_20260712_234356/l2_structured_single_sweep/layer_5_amt_0p10/yolo26n_l2_layer_5_amt_0p10.pt,/home/afm176/yolo_project/3_pruning/pruning_plan_new_sw_full_20260712_234356/l2_structured_single_sweep/layer_5_amt_0p10/structured_pruning_summary.csv
l2_structured,single_layer_sweep,20,1,0.5,0.506632,0.414334,0.092298,0.690055,0.633618,0.056437,1.558217,1.567433,641.759122,637.985854,3.101876,/home/afm176/yolo_project/3_pruning/pruning_plan_new_sw_full_20260712_234356/l2_structured_single_sweep/layer_20_amt_0p50/yolo26n_l2_layer_20_amt_0p50.pt,/home/afm176/yolo_project/3_pruning/pruning_plan_new_sw_full_20260712_234356/l2_structured_single_sweep/layer_20_amt_0p50/structured_pruning_summary.csv
l2_structured,single_layer_sweep,0,1,0.2,0.506632,0.408297,0.098335,0.690055,0.554118,0.135937,1.347163,1.288561,742.300667,776.059297,0.003534,/home/afm176/yolo_project/3_pruning/pruning_plan_new_sw_full_20260712_234356/l2_structured_single_sweep/layer_0_amt_0p20/yolo26n_l2_layer_0_amt_0p20.pt,/home/afm176/yolo_project/3_pruning/pruning_plan_new_sw_full_20260712_234356/l2_structured_single_sweep/layer_0_amt_0p20/structured_pruning_summary.csv
l2_structured,single_layer_sweep,7,1,0.3,0.506632,0.400544,0.106088,0.690055,0.542778,0.147277,1.614797,1.592674,619.272864,627.875042,3.731919,/home/afm176/yolo_project/3_pruning/pruning_plan_new_sw_full_20260712_234356/l2_structured_single_sweep/layer_7_amt_0p30/yolo26n_l2_layer_7_amt_0p30.pt,/home/afm176/yolo_project/3_pruning/pruning_plan_new_sw_full_20260712_234356/l2_structured_single_sweep/layer_7_amt_0p30/structured_pruning_summary.csv
l2_structured,single_layer_sweep,3,1,0.1,0.506632,0.399342,0.107291,0.690055,0.535521,0.154534,1.487766,1.370071,672.148857,729.889342,0.145521,/home/afm176/yolo_project/3_pruning/pruning_plan_new_sw_full_20260712_234356/l2_structured_single_sweep/layer_3_amt_0p10/yolo26n_l2_layer_3_amt_0p10.pt,/home/afm176/yolo_project/3_pruning/pruning_plan_new_sw_full_20260712_234356/l2_structured_single_sweep/layer_3_amt_0p10/structured_pruning_summary.csv
l2_structured,single_layer_sweep,22,1,0.1,0.506632,0.396377,0.110255,0.690055,0.581774,0.108281,1.733779,1.385016,576.774862,722.013562,1.940949,/home/afm176/yolo_project/3_pruning/pruning_plan_new_sw_full_20260712_234356/l2_structured_single_sweep/layer_22_amt_0p10/yolo26n_l2_layer_22_amt_0p10.pt,/home/afm176/yolo_project/3_pruning/pruning_plan_new_sw_full_20260712_234356/l2_structured_single_sweep/layer_22_amt_0p10/structured_pruning_summary.csv
l2_structured,single_layer_sweep,17,1,0.3,0.506632,0.393897,0.112736,0.690055,0.611630,0.078425,1.320114,1.298342,757.510257,770.213072,0.460542,/home/afm176/yolo_project/3_pruning/pruning_plan_new_sw_full_20260712_234356/l2_structured_single_sweep/layer_17_amt_0p30/yolo26n_l2_layer_17_amt_0p30.pt,/home/afm176/yolo_project/3_pruning/pruning_plan_new_sw_full_20260712_234356/l2_structured_single_sweep/layer_17_amt_0p30/structured_pruning_summary.csv
l2_structured,single_layer_sweep,16,1,0.1,0.506632,0.391477,0.115156,0.690055,0.568352,0.121704,1.296893,1.334132,771.073822,749.551227,0.146867,/home/afm176/yolo_project/3_pruning/pruning_plan_new_sw_full_20260712_234356/l2_structured_single_sweep/layer_16_amt_0p10/yolo26n_l2_layer_16_amt_0p10.pt,/home/afm176/yolo_project/3_pruning/pruning_plan_new_sw_full_20260712_234356/l2_structured_single_sweep/layer_16_amt_0p10/structured_pruning_summary.csv
l2_structured,single_layer_sweep,10,1,0.2,0.506632,0.387412,0.119220,0.690055,0.537850,0.152205,1.334285,1.318494,749.465128,758.441301,2.077804,/home/afm176/yolo_project/3_pruning/pruning_plan_new_sw_full_20260712_234356/l2_structured_single_sweep/layer_10_amt_0p20/yolo26n_l2_layer_10_amt_0p20.pt,/home/afm176/yolo_project/3_pruning/pruning_plan_new_sw_full_20260712_234356/l2_structured_single_sweep/layer_10_amt_0p20/structured_pruning_summary.csv
l2_structured,single_layer_sweep,0,1,0.3,0.506632,0.371243,0.135389,0.690055,0.497059,0.192997,1.456242,1.417477,686.698940,705.478613,0.005806,/home/afm176/yolo_project/3_pruning/pruning_plan_new_sw_full_20260712_234356/l2_structured_single_sweep/layer_0_amt_0p30/yolo26n_l2_layer_0_amt_0p30.pt,/home/afm176/yolo_project/3_pruning/pruning_plan_new_sw_full_20260712_234356/l2_structured_single_sweep/layer_0_amt_0p30/structured_pruning_summary.csv
l2_structured,single_layer_sweep,1,1,0.05,0.506632,0.367683,0.138949,0.690055,0.489755,0.200300,1.395728,1.393615,716.471909,717.558328,0.012242,/home/afm176/yolo_project/3_pruning/pruning_plan_new_sw_full_20260712_234356/l2_structured_single_sweep/layer_1_amt_0p05/yolo26n_l2_layer_1_amt_0p05.pt,/home/afm176/yolo_project/3_pruning/pruning_plan_new_sw_full_20260712_234356/l2_structured_single_sweep/layer_1_amt_0p05/structured_pruning_summary.csv
l2_structured,single_layer_sweep,5,1,0.2,0.506632,0.360435,0.146197,0.690055,0.472247,0.217808,1.515220,1.507902,659.970208,663.173238,1.260212,/home/afm176/yolo_project/3_pruning/pruning_plan_new_sw_full_20260712_234356/l2_structured_single_sweep/layer_5_amt_0p20/yolo26n_l2_layer_5_amt_0p20.pt,/home/afm176/yolo_project/3_pruning/pruning_plan_new_sw_full_20260712_234356/l2_structured_single_sweep/layer_5_amt_0p20/structured_pruning_summary.csv
l2_structured,single_layer_sweep,19,1,0.05,0.506632,0.355349,0.151284,0.690055,0.528053,0.162002,1.609232,1.711941,621.414381,584.132370,0.212833,/home/afm176/yolo_project/3_pruning/pruning_plan_new_sw_full_20260712_234356/l2_structured_single_sweep/layer_19_amt_0p05/yolo26n_l2_layer_19_amt_0p05.pt,/home/afm176/yolo_project/3_pruning/pruning_plan_new_sw_full_20260712_234356/l2_structured_single_sweep/layer_19_amt_0p05/structured_pruning_summary.csv
l2_structured,single_layer_sweep,17,1,0.4,0.506632,0.350025,0.156608,0.690055,0.570426,0.119629,1.409241,1.284958,709.602085,778.235608,0.630169,/home/afm176/yolo_project/3_pruning/pruning_plan_new_sw_full_20260712_234356/l2_structured_single_sweep/layer_17_amt_0p40/yolo26n_l2_layer_17_amt_0p40.pt,/home/afm176/yolo_project/3_pruning/pruning_plan_new_sw_full_20260712_234356/l2_structured_single_sweep/layer_17_amt_0p40/structured_pruning_summary.csv
l2_structured,single_layer_sweep,22,1,0.2,0.506632,0.348809,0.157823,0.690055,0.517914,0.172141,1.638796,1.282119,610.203900,779.958514,3.887158,/home/afm176/yolo_project/3_pruning/pruning_plan_new_sw_full_20260712_234356/l2_structured_single_sweep/layer_22_amt_0p20/yolo26n_l2_layer_22_amt_0p20.pt,/home/afm176/yolo_project/3_pruning/pruning_plan_new_sw_full_20260712_234356/l2_structured_single_sweep/layer_22_amt_0p20/structured_pruning_summary.csv
l2_structured,single_layer_sweep,22,1,0.3,0.506632,0.347797,0.158836,0.690055,0.515807,0.174248,1.285496,1.273801,777.909831,785.051815,5.787215,/home/afm176/yolo_project/3_pruning/pruning_plan_new_sw_full_20260712_234356/l2_structured_single_sweep/layer_22_amt_0p30/yolo26n_l2_layer_22_amt_0p30.pt,/home/afm176/yolo_project/3_pruning/pruning_plan_new_sw_full_20260712_234356/l2_structured_single_sweep/layer_22_amt_0p30/structured_pruning_summary.csv
l2_structured,single_layer_sweep,22,1,0.5,0.506632,0.347605,0.159027,0.690055,0.515334,0.174721,1.431413,1.245379,698.610245,802.968524,9.674204,/home/afm176/yolo_project/3_pruning/pruning_plan_new_sw_full_20260712_234356/l2_structured_single_sweep/layer_22_amt_0p50/yolo26n_l2_layer_22_amt_0p50.pt,/home/afm176/yolo_project/3_pruning/pruning_plan_new_sw_full_20260712_234356/l2_structured_single_sweep/layer_22_amt_0p50/structured_pruning_summary.csv
l2_structured,single_layer_sweep,22,1,0.4,0.506632,0.347604,0.159028,0.690055,0.515333,0.174722,1.435193,1.327696,696.770403,753.184719,7.733381,/home/afm176/yolo_project/3_pruning/pruning_plan_new_sw_full_20260712_234356/l2_structured_single_sweep/layer_22_amt_0p40/yolo26n_l2_layer_22_amt_0p40.pt,/home/afm176/yolo_project/3_pruning/pruning_plan_new_sw_full_20260712_234356/l2_structured_single_sweep/layer_22_amt_0p40/structured_pruning_summary.csv
l2_structured,single_layer_sweep,9,1,0.2,0.506632,0.347086,0.159546,0.690055,0.483269,0.206786,1.541766,1.613792,648.606869,619.658711,1.378682,/home/afm176/yolo_project/3_pruning/pruning_plan_new_sw_full_20260712_234356/l2_structured_single_sweep/layer_9_amt_0p20/yolo26n_l2_layer_9_amt_0p20.pt,/home/afm176/yolo_project/3_pruning/pruning_plan_new_sw_full_20260712_234356/l2_structured_single_sweep/layer_9_amt_0p20/structured_pruning_summary.csv
l2_structured,single_layer_sweep,2,1,0.05,0.506632,0.345386,0.161246,0.690055,0.452371,0.237684,1.284945,1.273144,778.243336,785.457344,0.011906,/home/afm176/yolo_project/3_pruning/pruning_plan_new_sw_full_20260712_234356/l2_structured_single_sweep/layer_2_amt_0p05/yolo26n_l2_layer_2_amt_0p05.pt,/home/afm176/yolo_project/3_pruning/pruning_plan_new_sw_full_20260712_234356/l2_structured_single_sweep/layer_2_amt_0p05/structured_pruning_summary.csv
l2_structured,single_layer_sweep,13,1,0.2,0.506632,0.335626,0.171007,0.690055,0.466810,0.223245,1.363673,1.296553,733.313546,771.275643,0.988270,/home/afm176/yolo_project/3_pruning/pruning_plan_new_sw_full_20260712_234356/l2_structured_single_sweep/layer_13_amt_0p20/yolo26n_l2_layer_13_amt_0p20.pt,/home/afm176/yolo_project/3_pruning/pruning_plan_new_sw_full_20260712_234356/l2_structured_single_sweep/layer_13_amt_0p20/structured_pruning_summary.csv
l2_structured,single_layer_sweep,17,1,0.5,0.506632,0.330243,0.176389,0.690055,0.544833,0.145222,1.562702,1.460464,639.917180,684.714060,0.775564,/home/afm176/yolo_project/3_pruning/pruning_plan_new_sw_full_20260712_234356/l2_structured_single_sweep/layer_17_amt_0p50/yolo26n_l2_layer_17_amt_0p50.pt,/home/afm176/yolo_project/3_pruning/pruning_plan_new_sw_full_20260712_234356/l2_structured_single_sweep/layer_17_amt_0p50/structured_pruning_summary.csv
l2_structured,single_layer_sweep,6,1,0.1,0.506632,0.321437,0.185195,0.690055,0.459817,0.230238,1.380692,1.325203,724.274336,754.601238,0.352843,/home/afm176/yolo_project/3_pruning/pruning_plan_new_sw_full_20260712_234356/l2_structured_single_sweep/layer_6_amt_0p10/yolo26n_l2_layer_6_amt_0p10.pt,/home/afm176/yolo_project/3_pruning/pruning_plan_new_sw_full_20260712_234356/l2_structured_single_sweep/layer_6_amt_0p10/structured_pruning_summary.csv
l2_structured,single_layer_sweep,3,1,0.2,0.506632,0.285504,0.221128,0.690055,0.374611,0.315444,1.332139,1.325317,750.672334,754.536267,0.315148,/home/afm176/yolo_project/3_pruning/pruning_plan_new_sw_full_20260712_234356/l2_structured_single_sweep/layer_3_amt_0p20/yolo26n_l2_layer_3_amt_0p20.pt,/home/afm176/yolo_project/3_pruning/pruning_plan_new_sw_full_20260712_234356/l2_structured_single_sweep/layer_3_amt_0p20/structured_pruning_summary.csv
l2_structured,single_layer_sweep,9,1,0.3,0.506632,0.278432,0.228201,0.690055,0.390882,0.299173,1.396606,1.515685,716.021777,659.767850,2.067959,/home/afm176/yolo_project/3_pruning/pruning_plan_new_sw_full_20260712_234356/l2_structured_single_sweep/layer_9_amt_0p30/yolo26n_l2_layer_9_amt_0p30.pt,/home/afm176/yolo_project/3_pruning/pruning_plan_new_sw_full_20260712_234356/l2_structured_single_sweep/layer_9_amt_0p30/structured_pruning_summary.csv
l2_structured,single_layer_sweep,0,1,0.4,0.506632,0.278182,0.228451,0.690055,0.392187,0.297868,1.377365,1.369210,726.023911,730.348017,0.006942,/home/afm176/yolo_project/3_pruning/pruning_plan_new_sw_full_20260712_234356/l2_structured_single_sweep/layer_0_amt_0p40/yolo26n_l2_layer_0_amt_0p40.pt,/home/afm176/yolo_project/3_pruning/pruning_plan_new_sw_full_20260712_234356/l2_structured_single_sweep/layer_0_amt_0p40/structured_pruning_summary.csv
l2_structured,single_layer_sweep,1,1,0.1,0.506632,0.276425,0.230207,0.690055,0.383864,0.306191,1.422952,1.374121,702.764355,727.738215,0.018301,/home/afm176/yolo_project/3_pruning/pruning_plan_new_sw_full_20260712_234356/l2_structured_single_sweep/layer_1_amt_0p10/yolo26n_l2_layer_1_amt_0p10.pt,/home/afm176/yolo_project/3_pruning/pruning_plan_new_sw_full_20260712_234356/l2_structured_single_sweep/layer_1_amt_0p10/structured_pruning_summary.csv
l2_structured,single_layer_sweep,10,1,0.3,0.506632,0.274764,0.231868,0.690055,0.387069,0.302986,1.275516,1.349761,783.996350,740.871906,3.116264,/home/afm176/yolo_project/3_pruning/pruning_plan_new_sw_full_20260712_234356/l2_structured_single_sweep/layer_10_amt_0p30/yolo26n_l2_layer_10_amt_0p30.pt,/home/afm176/yolo_project/3_pruning/pruning_plan_new_sw_full_20260712_234356/l2_structured_single_sweep/layer_10_amt_0p30/structured_pruning_summary.csv
l2_structured,single_layer_sweep,8,1,0.2,0.506632,0.274723,0.231909,0.690055,0.374931,0.315125,1.517644,1.329125,658.915970,752.374579,2.913401,/home/afm176/yolo_project/3_pruning/pruning_plan_new_sw_full_20260712_234356/l2_structured_single_sweep/layer_8_amt_0p20/yolo26n_l2_layer_8_amt_0p20.pt,/home/afm176/yolo_project/3_pruning/pruning_plan_new_sw_full_20260712_234356/l2_structured_single_sweep/layer_8_amt_0p20/structured_pruning_summary.csv
l2_structured,single_layer_sweep,7,1,0.4,0.506632,0.274455,0.232177,0.690055,0.381498,0.308557,1.324622,1.510557,754.932600,662.007645,4.943540,/home/afm176/yolo_project/3_pruning/pruning_plan_new_sw_full_20260712_234356/l2_structured_single_sweep/layer_7_amt_0p40/yolo26n_l2_layer_7_amt_0p40.pt,/home/afm176/yolo_project/3_pruning/pruning_plan_new_sw_full_20260712_234356/l2_structured_single_sweep/layer_7_amt_0p40/structured_pruning_summary.csv
l2_structured,single_layer_sweep,16,1,0.2,0.506632,0.264722,0.241911,0.690055,0.429991,0.260064,1.465326,1.467341,682.441788,681.504798,0.281492,/home/afm176/yolo_project/3_pruning/pruning_plan_new_sw_full_20260712_234356/l2_structured_single_sweep/layer_16_amt_0p20/yolo26n_l2_layer_16_amt_0p20.pt,/home/afm176/yolo_project/3_pruning/pruning_plan_new_sw_full_20260712_234356/l2_structured_single_sweep/layer_16_amt_0p20/structured_pruning_summary.csv
l2_structured,single_layer_sweep,9,1,0.4,0.506632,0.264586,0.242047,0.690055,0.370586,0.319469,1.373216,1.669127,728.217491,599.115455,2.746467,/home/afm176/yolo_project/3_pruning/pruning_plan_new_sw_full_20260712_234356/l2_structured_single_sweep/layer_9_amt_0p40/yolo26n_l2_layer_9_amt_0p40.pt,/home/afm176/yolo_project/3_pruning/pruning_plan_new_sw_full_20260712_234356/l2_structured_single_sweep/layer_9_amt_0p40/structured_pruning_summary.csv
l2_structured,single_layer_sweep,5,1,0.3,0.506632,0.260438,0.246194,0.690055,0.344203,0.345852,1.854159,1.807103,539.328143,553.371782,1.841790,/home/afm176/yolo_project/3_pruning/pruning_plan_new_sw_full_20260712_234356/l2_structured_single_sweep/layer_5_amt_0p30/yolo26n_l2_layer_5_amt_0p30.pt,/home/afm176/yolo_project/3_pruning/pruning_plan_new_sw_full_20260712_234356/l2_structured_single_sweep/layer_5_amt_0p30/structured_pruning_summary.csv
l2_structured,single_layer_sweep,9,1,0.5,0.506632,0.254151,0.252482,0.690055,0.357967,0.332088,1.517376,1.406402,659.032497,711.034116,3.446515,/home/afm176/yolo_project/3_pruning/pruning_plan_new_sw_full_20260712_234356/l2_structured_single_sweep/layer_9_amt_0p50/yolo26n_l2_layer_9_amt_0p50.pt,/home/afm176/yolo_project/3_pruning/pruning_plan_new_sw_full_20260712_234356/l2_structured_single_sweep/layer_9_amt_0p50/structured_pruning_summary.csv
l2_structured,single_layer_sweep,19,1,0.1,0.506632,0.253362,0.253270,0.690055,0.401779,0.288276,1.438835,1.645498,695.006676,607.718821,0.387845,/home/afm176/yolo_project/3_pruning/pruning_plan_new_sw_full_20260712_234356/l2_structured_single_sweep/layer_19_amt_0p10/yolo26n_l2_layer_19_amt_0p10.pt,/home/afm176/yolo_project/3_pruning/pruning_plan_new_sw_full_20260712_234356/l2_structured_single_sweep/layer_19_amt_0p10/structured_pruning_summary.csv
l2_structured,single_layer_sweep,10,1,0.4,0.506632,0.235953,0.270679,0.690055,0.340363,0.349692,1.319921,1.373252,757.621012,728.198516,4.138948,/home/afm176/yolo_project/3_pruning/pruning_plan_new_sw_full_20260712_234356/l2_structured_single_sweep/layer_10_amt_0p40/yolo26n_l2_layer_10_amt_0p40.pt,/home/afm176/yolo_project/3_pruning/pruning_plan_new_sw_full_20260712_234356/l2_structured_single_sweep/layer_10_amt_0p40/structured_pruning_summary.csv
l2_structured,single_layer_sweep,16,1,0.3,0.506632,0.234054,0.272578,0.690055,0.376243,0.313812,1.755619,1.318531,569.599668,758.419713,0.429579,/home/afm176/yolo_project/3_pruning/pruning_plan_new_sw_full_20260712_234356/l2_structured_single_sweep/layer_16_amt_0p30/yolo26n_l2_layer_16_amt_0p30.pt,/home/afm176/yolo_project/3_pruning/pruning_plan_new_sw_full_20260712_234356/l2_structured_single_sweep/layer_16_amt_0p30/structured_pruning_summary.csv
l2_structured,single_layer_sweep,0,1,0.5,0.506632,0.204640,0.301992,0.690055,0.286181,0.403874,1.494069,1.363807,669.313021,733.241696,0.009213,/home/afm176/yolo_project/3_pruning/pruning_plan_new_sw_full_20260712_234356/l2_structured_single_sweep/layer_0_amt_0p50/yolo26n_l2_layer_0_amt_0p50.pt,/home/afm176/yolo_project/3_pruning/pruning_plan_new_sw_full_20260712_234356/l2_structured_single_sweep/layer_0_amt_0p50/structured_pruning_summary.csv
l2_structured,single_layer_sweep,16,1,0.4,0.506632,0.203152,0.303480,0.690055,0.341129,0.348927,1.602395,1.524709,624.065736,655.863049,0.564203,/home/afm176/yolo_project/3_pruning/pruning_plan_new_sw_full_20260712_234356/l2_structured_single_sweep/layer_16_amt_0p40/yolo26n_l2_layer_16_amt_0p40.pt,/home/afm176/yolo_project/3_pruning/pruning_plan_new_sw_full_20260712_234356/l2_structured_single_sweep/layer_16_amt_0p40/structured_pruning_summary.csv
l2_structured,single_layer_sweep,10,1,0.5,0.506632,0.200276,0.306357,0.690055,0.291494,0.398561,1.288465,1.292676,776.117270,773.588899,5.193941,/home/afm176/yolo_project/3_pruning/pruning_plan_new_sw_full_20260712_234356/l2_structured_single_sweep/layer_10_amt_0p50/yolo26n_l2_layer_10_amt_0p50.pt,/home/afm176/yolo_project/3_pruning/pruning_plan_new_sw_full_20260712_234356/l2_structured_single_sweep/layer_10_amt_0p50/structured_pruning_summary.csv
l2_structured,single_layer_sweep,16,1,0.5,0.506632,0.198812,0.307820,0.690055,0.347293,0.342762,1.514610,1.386184,660.235955,721.404714,0.710944,/home/afm176/yolo_project/3_pruning/pruning_plan_new_sw_full_20260712_234356/l2_structured_single_sweep/layer_16_amt_0p50/yolo26n_l2_layer_16_amt_0p50.pt,/home/afm176/yolo_project/3_pruning/pruning_plan_new_sw_full_20260712_234356/l2_structured_single_sweep/layer_16_amt_0p50/structured_pruning_summary.csv
l2_structured,single_layer_sweep,8,1,0.3,0.506632,0.188353,0.318280,0.690055,0.256566,0.433490,1.307252,1.579184,764.963410,633.238260,4.324267,/home/afm176/yolo_project/3_pruning/pruning_plan_new_sw_full_20260712_234356/l2_structured_single_sweep/layer_8_amt_0p30/yolo26n_l2_layer_8_amt_0p30.pt,/home/afm176/yolo_project/3_pruning/pruning_plan_new_sw_full_20260712_234356/l2_structured_single_sweep/layer_8_amt_0p30/structured_pruning_summary.csv
l2_structured,single_layer_sweep,4,1,0.1,0.506632,0.174035,0.332597,0.690055,0.260791,0.429264,1.344316,1.251243,743.872751,799.204969,0.111191,/home/afm176/yolo_project/3_pruning/pruning_plan_new_sw_full_20260712_234356/l2_structured_single_sweep/layer_4_amt_0p10/yolo26n_l2_layer_4_amt_0p10.pt,/home/afm176/yolo_project/3_pruning/pruning_plan_new_sw_full_20260712_234356/l2_structured_single_sweep/layer_4_amt_0p10/structured_pruning_summary.csv
l2_structured,single_layer_sweep,13,1,0.3,0.506632,0.172869,0.333763,0.690055,0.259365,0.430691,1.654025,1.576494,604.585713,634.319026,1.510614,/home/afm176/yolo_project/3_pruning/pruning_plan_new_sw_full_20260712_234356/l2_structured_single_sweep/layer_13_amt_0p30/yolo26n_l2_layer_13_amt_0p30.pt,/home/afm176/yolo_project/3_pruning/pruning_plan_new_sw_full_20260712_234356/l2_structured_single_sweep/layer_13_amt_0p30/structured_pruning_summary.csv
l2_structured,single_layer_sweep,2,1,0.1,0.506632,0.170376,0.336256,0.690055,0.241182,0.448873,1.364442,1.379979,732.900541,724.648464,0.028397,/home/afm176/yolo_project/3_pruning/pruning_plan_new_sw_full_20260712_234356/l2_structured_single_sweep/layer_2_amt_0p10/yolo26n_l2_layer_2_amt_0p10.pt,/home/afm176/yolo_project/3_pruning/pruning_plan_new_sw_full_20260712_234356/l2_structured_single_sweep/layer_2_amt_0p10/structured_pruning_summary.csv
l2_structured,single_layer_sweep,1,1,0.2,0.506632,0.168009,0.338624,0.690055,0.227468,0.462587,1.441569,1.377186,693.688489,726.118420,0.036475,/home/afm176/yolo_project/3_pruning/pruning_plan_new_sw_full_20260712_234356/l2_structured_single_sweep/layer_1_amt_0p20/yolo26n_l2_layer_1_amt_0p20.pt,/home/afm176/yolo_project/3_pruning/pruning_plan_new_sw_full_20260712_234356/l2_structured_single_sweep/layer_1_amt_0p20/structured_pruning_summary.csv
l2_structured,single_layer_sweep,3,1,0.3,0.506632,0.147443,0.359189,0.690055,0.195830,0.494225,1.473990,1.478620,678.430424,676.306077,0.460542,/home/afm176/yolo_project/3_pruning/pruning_plan_new_sw_full_20260712_234356/l2_structured_single_sweep/layer_3_amt_0p30/yolo26n_l2_layer_3_amt_0p30.pt,/home/afm176/yolo_project/3_pruning/pruning_plan_new_sw_full_20260712_234356/l2_structured_single_sweep/layer_3_amt_0p30/structured_pruning_summary.csv
l2_structured,single_layer_sweep,7,1,0.5,0.506632,0.144669,0.361964,0.690055,0.200596,0.489459,1.656579,1.360987,603.653811,734.760847,6.203626,/home/afm176/yolo_project/3_pruning/pruning_plan_new_sw_full_20260712_234356/l2_structured_single_sweep/layer_7_amt_0p50/yolo26n_l2_layer_7_amt_0p50.pt,/home/afm176/yolo_project/3_pruning/pruning_plan_new_sw_full_20260712_234356/l2_structured_single_sweep/layer_7_amt_0p50/structured_pruning_summary.csv
l2_structured,single_layer_sweep,8,1,0.4,0.506632,0.134124,0.372508,0.690055,0.182907,0.507148,1.449997,1.679155,689.656414,595.537655,5.821292,/home/afm176/yolo_project/3_pruning/pruning_plan_new_sw_full_20260712_234356/l2_structured_single_sweep/layer_8_amt_0p40/yolo26n_l2_layer_8_amt_0p40.pt,/home/afm176/yolo_project/3_pruning/pruning_plan_new_sw_full_20260712_234356/l2_structured_single_sweep/layer_8_amt_0p40/structured_pruning_summary.csv
l2_structured,single_layer_sweep,19,1,0.2,0.506632,0.132349,0.374284,0.690055,0.253409,0.436646,1.283835,1.326598,778.916242,753.807598,0.778256,/home/afm176/yolo_project/3_pruning/pruning_plan_new_sw_full_20260712_234356/l2_structured_single_sweep/layer_19_amt_0p20/yolo26n_l2_layer_19_amt_0p20.pt,/home/afm176/yolo_project/3_pruning/pruning_plan_new_sw_full_20260712_234356/l2_structured_single_sweep/layer_19_amt_0p20/structured_pruning_summary.csv
l2_structured,single_layer_sweep,8,1,0.5,0.506632,0.118231,0.388401,0.690055,0.166892,0.523163,1.359869,1.491295,735.365187,670.558205,7.237542,/home/afm176/yolo_project/3_pruning/pruning_plan_new_sw_full_20260712_234356/l2_structured_single_sweep/layer_8_amt_0p50/yolo26n_l2_layer_8_amt_0p50.pt,/home/afm176/yolo_project/3_pruning/pruning_plan_new_sw_full_20260712_234356/l2_structured_single_sweep/layer_8_amt_0p50/structured_pruning_summary.csv
l2_structured,single_layer_sweep,19,1,0.3,0.506632,0.112155,0.394477,0.690055,0.219410,0.470645,1.315417,1.323944,760.215186,755.318736,1.203670,/home/afm176/yolo_project/3_pruning/pruning_plan_new_sw_full_20260712_234356/l2_structured_single_sweep/layer_19_amt_0p30/yolo26n_l2_layer_19_amt_0p30.pt,/home/afm176/yolo_project/3_pruning/pruning_plan_new_sw_full_20260712_234356/l2_structured_single_sweep/layer_19_amt_0p30/structured_pruning_summary.csv
l2_structured,single_layer_sweep,19,1,0.4,0.506632,0.090395,0.416237,0.690055,0.178239,0.511816,1.308273,1.293710,764.366703,772.970902,1.594081,/home/afm176/yolo_project/3_pruning/pruning_plan_new_sw_full_20260712_234356/l2_structured_single_sweep/layer_19_amt_0p40/yolo26n_l2_layer_19_amt_0p40.pt,/home/afm176/yolo_project/3_pruning/pruning_plan_new_sw_full_20260712_234356/l2_structured_single_sweep/layer_19_amt_0p40/structured_pruning_summary.csv
l2_structured,single_layer_sweep,19,1,0.5,0.506632,0.086887,0.419745,0.690055,0.172096,0.517959,1.303525,1.309530,767.150534,763.632975,1.981800,/home/afm176/yolo_project/3_pruning/pruning_plan_new_sw_full_20260712_234356/l2_structured_single_sweep/layer_19_amt_0p50/yolo26n_l2_layer_19_amt_0p50.pt,/home/afm176/yolo_project/3_pruning/pruning_plan_new_sw_full_20260712_234356/l2_structured_single_sweep/layer_19_amt_0p50/structured_pruning_summary.csv
l2_structured,single_layer_sweep,5,1,0.4,0.506632,0.083777,0.422855,0.690055,0.120466,0.569589,2.079313,1.503568,480.928085,665.084737,2.471833,/home/afm176/yolo_project/3_pruning/pruning_plan_new_sw_full_20260712_234356/l2_structured_single_sweep/layer_5_amt_0p40/yolo26n_l2_layer_5_amt_0p40.pt,/home/afm176/yolo_project/3_pruning/pruning_plan_new_sw_full_20260712_234356/l2_structured_single_sweep/layer_5_amt_0p40/structured_pruning_summary.csv
l2_structured,single_layer_sweep,13,1,0.4,0.506632,0.068373,0.438260,0.690055,0.138300,0.551756,1.847151,1.793381,541.374340,557.605981,2.006032,/home/afm176/yolo_project/3_pruning/pruning_plan_new_sw_full_20260712_234356/l2_structured_single_sweep/layer_13_amt_0p40/yolo26n_l2_layer_13_amt_0p40.pt,/home/afm176/yolo_project/3_pruning/pruning_plan_new_sw_full_20260712_234356/l2_structured_single_sweep/layer_13_amt_0p40/structured_pruning_summary.csv
l2_structured,single_layer_sweep,6,1,0.2,0.506632,0.049510,0.457122,0.690055,0.074334,0.615721,1.329489,1.290422,752.168918,774.940331,0.708251,/home/afm176/yolo_project/3_pruning/pruning_plan_new_sw_full_20260712_234356/l2_structured_single_sweep/layer_6_amt_0p20/yolo26n_l2_layer_6_amt_0p20.pt,/home/afm176/yolo_project/3_pruning/pruning_plan_new_sw_full_20260712_234356/l2_structured_single_sweep/layer_6_amt_0p20/structured_pruning_summary.csv
l2_structured,single_layer_sweep,2,1,0.2,0.506632,0.046321,0.460311,0.690055,0.062534,0.627521,1.293763,1.315749,772.938898,760.023286,0.055659,/home/afm176/yolo_project/3_pruning/pruning_plan_new_sw_full_20260712_234356/l2_structured_single_sweep/layer_2_amt_0p20/yolo26n_l2_layer_2_amt_0p20.pt,/home/afm176/yolo_project/3_pruning/pruning_plan_new_sw_full_20260712_234356/l2_structured_single_sweep/layer_2_amt_0p20/structured_pruning_summary.csv
l2_structured,single_layer_sweep,13,1,0.5,0.506632,0.045339,0.461293,0.690055,0.093039,0.597017,1.602591,1.664035,623.989532,600.949061,2.498758,/home/afm176/yolo_project/3_pruning/pruning_plan_new_sw_full_20260712_234356/l2_structured_single_sweep/layer_13_amt_0p50/yolo26n_l2_layer_13_amt_0p50.pt,/home/afm176/yolo_project/3_pruning/pruning_plan_new_sw_full_20260712_234356/l2_structured_single_sweep/layer_13_amt_0p50/structured_pruning_summary.csv
l2_structured,single_layer_sweep,6,1,0.3,0.506632,0.039464,0.467168,0.690055,0.058176,0.631879,1.558050,1.469285,641.827758,680.603281,1.101355,/home/afm176/yolo_project/3_pruning/pruning_plan_new_sw_full_20260712_234356/l2_structured_single_sweep/layer_6_amt_0p30/yolo26n_l2_layer_6_amt_0p30.pt,/home/afm176/yolo_project/3_pruning/pruning_plan_new_sw_full_20260712_234356/l2_structured_single_sweep/layer_6_amt_0p30/structured_pruning_summary.csv
l2_structured,single_layer_sweep,5,1,0.5,0.506632,0.033837,0.472796,0.690055,0.054473,0.635582,1.536360,1.778517,650.889195,562.266217,3.101876,/home/afm176/yolo_project/3_pruning/pruning_plan_new_sw_full_20260712_234356/l2_structured_single_sweep/layer_5_amt_0p50/yolo26n_l2_layer_5_amt_0p50.pt,/home/afm176/yolo_project/3_pruning/pruning_plan_new_sw_full_20260712_234356/l2_structured_single_sweep/layer_5_amt_0p50/structured_pruning_summary.csv
l2_structured,single_layer_sweep,3,1,0.4,0.506632,0.019269,0.487363,0.690055,0.028095,0.661960,1.423593,1.307988,702.447821,764.533099,0.630169,/home/afm176/yolo_project/3_pruning/pruning_plan_new_sw_full_20260712_234356/l2_structured_single_sweep/layer_3_amt_0p40/yolo26n_l2_layer_3_amt_0p40.pt,/home/afm176/yolo_project/3_pruning/pruning_plan_new_sw_full_20260712_234356/l2_structured_single_sweep/layer_3_amt_0p40/structured_pruning_summary.csv
l2_structured,single_layer_sweep,6,1,0.4,0.506632,0.011105,0.495527,0.690055,0.021461,0.668595,1.342414,1.269612,744.926478,787.642059,1.456764,/home/afm176/yolo_project/3_pruning/pruning_plan_new_sw_full_20260712_234356/l2_structured_single_sweep/layer_6_amt_0p40/yolo26n_l2_layer_6_amt_0p40.pt,/home/afm176/yolo_project/3_pruning/pruning_plan_new_sw_full_20260712_234356/l2_structured_single_sweep/layer_6_amt_0p40/structured_pruning_summary.csv
l2_structured,single_layer_sweep,1,1,0.3,0.506632,0.010417,0.496215,0.690055,0.014862,0.675193,1.392600,1.492942,718.081050,669.818387,0.060707,/home/afm176/yolo_project/3_pruning/pruning_plan_new_sw_full_20260712_234356/l2_structured_single_sweep/layer_1_amt_0p30/yolo26n_l2_layer_1_amt_0p30.pt,/home/afm176/yolo_project/3_pruning/pruning_plan_new_sw_full_20260712_234356/l2_structured_single_sweep/layer_1_amt_0p30/structured_pruning_summary.csv
l2_structured,single_layer_sweep,6,1,0.5,0.506632,0.008441,0.498191,0.690055,0.016200,0.673855,1.626412,1.567544,614.850252,637.940543,1.809480,/home/afm176/yolo_project/3_pruning/pruning_plan_new_sw_full_20260712_234356/l2_structured_single_sweep/layer_6_amt_0p50/yolo26n_l2_layer_6_amt_0p50.pt,/home/afm176/yolo_project/3_pruning/pruning_plan_new_sw_full_20260712_234356/l2_structured_single_sweep/layer_6_amt_0p50/structured_pruning_summary.csv
l2_structured,single_layer_sweep,4,1,0.2,0.506632,0.007483,0.499149,0.690055,0.009835,0.680221,1.469750,1.302958,680.388032,767.484213,0.212833,/home/afm176/yolo_project/3_pruning/pruning_plan_new_sw_full_20260712_234356/l2_structured_single_sweep/layer_4_amt_0p20/yolo26n_l2_layer_4_amt_0p20.pt,/home/afm176/yolo_project/3_pruning/pruning_plan_new_sw_full_20260712_234356/l2_structured_single_sweep/layer_4_amt_0p20/structured_pruning_summary.csv
l2_structured,single_layer_sweep,3,1,0.5,0.506632,0.002620,0.504013,0.690055,0.004536,0.685519,1.278117,1.312423,782.400958,761.949195,0.775564,/home/afm176/yolo_project/3_pruning/pruning_plan_new_sw_full_20260712_234356/l2_structured_single_sweep/layer_3_amt_0p50/yolo26n_l2_layer_3_amt_0p50.pt,/home/afm176/yolo_project/3_pruning/pruning_plan_new_sw_full_20260712_234356/l2_structured_single_sweep/layer_3_amt_0p50/structured_pruning_summary.csv
l2_structured,single_layer_sweep,1,1,0.4,0.506632,0.000395,0.506237,0.690055,0.000505,0.689550,1.310224,1.365000,763.227986,732.600570,0.078882,/home/afm176/yolo_project/3_pruning/pruning_plan_new_sw_full_20260712_234356/l2_structured_single_sweep/layer_1_amt_0p40/yolo26n_l2_layer_1_amt_0p40.pt,/home/afm176/yolo_project/3_pruning/pruning_plan_new_sw_full_20260712_234356/l2_structured_single_sweep/layer_1_amt_0p40/structured_pruning_summary.csv
l2_structured,single_layer_sweep,2,1,0.3,0.506632,0.000236,0.506396,0.690055,0.000584,0.689471,1.432732,1.446749,697.967012,691.204773,0.079218,/home/afm176/yolo_project/3_pruning/pruning_plan_new_sw_full_20260712_234356/l2_structured_single_sweep/layer_2_amt_0p30/yolo26n_l2_layer_2_amt_0p30.pt,/home/afm176/yolo_project/3_pruning/pruning_plan_new_sw_full_20260712_234356/l2_structured_single_sweep/layer_2_amt_0p30/structured_pruning_summary.csv
l2_structured,single_layer_sweep,1,1,0.5,0.506632,0.000023,0.506609,0.690055,0.000076,0.689979,1.294369,1.290832,772.577186,774.694364,0.097056,/home/afm176/yolo_project/3_pruning/pruning_plan_new_sw_full_20260712_234356/l2_structured_single_sweep/layer_1_amt_0p50/yolo26n_l2_layer_1_amt_0p50.pt,/home/afm176/yolo_project/3_pruning/pruning_plan_new_sw_full_20260712_234356/l2_structured_single_sweep/layer_1_amt_0p50/structured_pruning_summary.csv
l2_structured,single_layer_sweep,4,1,0.5,0.506632,0.000000,0.506632,0.690055,0.000000,0.690055,1.487937,1.539512,672.071413,649.556351,0.538624,/home/afm176/yolo_project/3_pruning/pruning_plan_new_sw_full_20260712_234356/l2_structured_single_sweep/layer_4_amt_0p50/yolo26n_l2_layer_4_amt_0p50.pt,/home/afm176/yolo_project/3_pruning/pruning_plan_new_sw_full_20260712_234356/l2_structured_single_sweep/layer_4_amt_0p50/structured_pruning_summary.csv
l2_structured,single_layer_sweep,4,1,0.4,0.506632,0.000000,0.506632,0.690055,0.000000,0.690055,1.454113,1.689115,687.704289,592.025874,0.427559,/home/afm176/yolo_project/3_pruning/pruning_plan_new_sw_full_20260712_234356/l2_structured_single_sweep/layer_4_amt_0p40/yolo26n_l2_layer_4_amt_0p40.pt,/home/afm176/yolo_project/3_pruning/pruning_plan_new_sw_full_20260712_234356/l2_structured_single_sweep/layer_4_amt_0p40/structured_pruning_summary.csv
l2_structured,single_layer_sweep,4,1,0.3,0.506632,0.000001,0.506632,0.690055,0.000004,0.690051,1.536268,1.578940,650.928118,633.336434,0.325918,/home/afm176/yolo_project/3_pruning/pruning_plan_new_sw_full_20260712_234356/l2_structured_single_sweep/layer_4_amt_0p30/yolo26n_l2_layer_4_amt_0p30.pt,/home/afm176/yolo_project/3_pruning/pruning_plan_new_sw_full_20260712_234356/l2_structured_single_sweep/layer_4_amt_0p30/structured_pruning_summary.csv
l2_structured,single_layer_sweep,2,1,0.5,0.506632,0.000000,0.506632,0.690055,0.000000,0.690055,1.325719,1.299249,754.307412,769.675485,0.134751,/home/afm176/yolo_project/3_pruning/pruning_plan_new_sw_full_20260712_234356/l2_structured_single_sweep/layer_2_amt_0p50/yolo26n_l2_layer_2_amt_0p50.pt,/home/afm176/yolo_project/3_pruning/pruning_plan_new_sw_full_20260712_234356/l2_structured_single_sweep/layer_2_amt_0p50/structured_pruning_summary.csv
l2_structured,single_layer_sweep,2,1,0.4,0.506632,0.000000,0.506632,0.690055,0.000000,0.690055,1.423611,1.371651,702.439109,729.048328,0.106480,/home/afm176/yolo_project/3_pruning/pruning_plan_new_sw_full_20260712_234356/l2_structured_single_sweep/layer_2_amt_0p40/yolo26n_l2_layer_2_amt_0p40.pt,/home/afm176/yolo_project/3_pruning/pruning_plan_new_sw_full_20260712_234356/l2_structured_single_sweep/layer_2_amt_0p40/structured_pruning_summary.csv
