group_id,root,current_channel_index,raw_l1_sum,rejected_lower_scoring_candidates,parameters_before,parameters_removed,parameters_after,dependency_operation_count,step,reduction_percent
DG001,model.0.conv,12,3.4787521362304688,0,2508090,317,2507773,4,1,0.012639099872813198
DG011,model.16.m.0.cv1.conv,8,4.005400657653809,0,2507773,646,2507127,15,2,0.03839575134864104
DG001,model.0.conv,6,4.185722351074219,0,2507127,317,2506810,4,3,0.051034851221443134
DG001,model.0.conv,4,4.705278396606445,0,2506810,317,2506493,4,4,0.06367395109425633
DG012,model.16.m.0.cv2.conv,1,4.746002197265625,0,2506493,66,2506427,5,5,0.06630543561036983
DG012,model.16.m.0.cv2.conv,1,4.887983798980713,0,2506427,66,2506361,5,6,0.06893692012647223
DG012,model.16.m.0.cv2.conv,1,5.0894927978515625,0,2506361,66,2506295,5,7,0.07156840464257463
DG011,model.16.m.0.cv1.conv,14,5.095611572265625,0,2506295,646,2505649,15,8,0.09732505611840248
DG012,model.16.m.0.cv2.conv,7,5.096527099609375,0,2505649,66,2505583,5,9,0.09995654063450488
DG011,model.16.m.0.cv1.conv,4,5.1279144287109375,0,2505583,646,2504937,15,10,0.12571319211033272
DG012,model.16.m.0.cv2.conv,6,5.285560607910156,0,2504937,66,2504871,5,11,0.12834467662643512
DG012,model.16.m.0.cv2.conv,0,5.3072052001953125,0,2504871,66,2504805,5,12,0.13097616114253752
DG012,model.16.m.0.cv2.conv,3,5.395896911621094,0,2504805,66,2504739,5,13,0.13360764565865102
DG012,model.16.m.0.cv2.conv,0,5.3977203369140625,0,2504739,66,2504673,5,14,0.13623913017475342
DG012,model.16.m.0.cv2.conv,7,5.4393696784973145,0,2504673,66,2504607,5,15,0.13887061469085582
DG021,model.2.cv2.conv,31,5.450377464294434,0,2504607,626,2503981,4,16,0.16382984661634792
DG011,model.16.m.0.cv1.conv,6,5.498329162597656,0,2503981,646,2503335,15,17,0.18958649809217576
DG012,model.16.m.0.cv2.conv,1,5.5077056884765625,0,2503335,66,2503269,5,18,0.19221798260827816
DG011,model.16.m.0.cv1.conv,0,5.525514602661133,0,2503269,646,2502623,15,19,0.217974634084106
DG011,model.16.m.0.cv1.conv,2,5.539501190185547,0,2502623,646,2501977,15,20,0.24373128555992274
DG011,model.16.m.0.cv1.conv,4,5.556327819824219,0,2501977,646,2501331,15,21,0.2694879370357506
DG021,model.2.cv2.conv,42,5.563755035400391,0,2501331,626,2500705,4,22,0.2944471689612427
DG012,model.16.m.0.cv2.conv,2,5.587226867675781,0,2500705,66,2500639,5,23,0.2970786534773451
DG011,model.16.m.0.cv1.conv,3,5.617881774902344,0,2500639,646,2499993,15,24,0.3228353049531729
DG012,model.16.m.0.cv2.conv,3,5.669952392578125,0,2499993,66,2499927,5,25,0.3254667894692753
DG011,model.16.m.0.cv1.conv,6,5.687196731567383,0,2499927,646,2499281,15,26,0.35122344094510316
DG012,model.16.m.0.cv2.conv,1,5.690126419067383,0,2499281,66,2499215,5,27,0.35385492546120556
DG013,model.16.m.0.m.0.cv1.conv,15,5.6913933753967285,0,2499215,128,2499087,4,28,0.3589584105833543
DG012,model.16.m.0.cv2.conv,0,5.694267272949219,0,2499087,66,2499021,5,29,0.3615898950994567
DG014,model.16.m.0.m.1.cv1.conv,3,5.794814586639404,0,2499021,128,2498893,4,30,0.36669338022160547
DG011,model.16.m.0.cv1.conv,6,5.8040924072265625,0,2498893,610,2498283,15,31,0.391014676506829
DG014,model.16.m.0.m.1.cv1.conv,0,4.8452911376953125,0,2498283,110,2498173,4,32,0.39540048403367
DG014,model.16.m.0.m.1.cv1.conv,5,5.285245895385742,0,2498173,110,2498063,4,33,0.39978629156051104
DG013,model.16.m.0.m.0.cv1.conv,14,5.808000564575195,0,2498063,110,2497953,4,34,0.4041720990873521
DG001,model.0.conv,12,5.8217926025390625,0,2497953,317,2497636,4,35,0.4168111989601653
DG011,model.16.m.0.cv1.conv,3,5.835506916046143,0,2497636,556,2497080,15,36,0.4389794624594767
DG013,model.16.m.0.m.0.cv1.conv,7,4.860128402709961,0,2497080,92,2496988,4,37,0.44264759239102114
DG013,model.16.m.0.m.0.cv1.conv,12,5.1507110595703125,0,2496988,92,2496896,4,38,0.44631572232256556
DG013,model.16.m.0.m.0.cv1.conv,3,5.332241058349609,0,2496896,92,2496804,4,39,0.44998385225411
DG013,model.16.m.0.m.0.cv1.conv,2,5.50743293762207,0,2496804,92,2496712,4,40,0.4536519821856433
DG014,model.16.m.0.m.1.cv1.conv,3,5.523340225219727,0,2496712,92,2496620,4,41,0.4573201121171877
DG014,model.16.m.0.m.1.cv1.conv,2,5.547489166259766,0,2496620,92,2496528,4,42,0.4609882420487321
DG014,model.16.m.0.m.1.cv1.conv,7,5.693273544311523,0,2496528,92,2496436,4,43,0.46465637198027654
DG011,model.16.m.0.cv1.conv,4,5.868675231933594,0,2496436,430,2496006,15,44,0.48180089231247836
DG014,model.16.m.0.m.1.cv1.conv,7,4.281375885009766,0,2496006,74,2495932,4,45,0.48475134464871505
DG014,model.16.m.0.m.1.cv1.conv,0,4.8135986328125,0,2495932,74,2495858,4,46,0.48770179698495175
DG013,model.16.m.0.m.0.cv1.conv,6,4.9233245849609375,0,2495858,74,2495784,4,47,0.49065224932119955
DG013,model.16.m.0.m.0.cv1.conv,3,4.9460296630859375,0,2495784,74,2495710,4,48,0.49360270165743625
DG013,model.16.m.0.m.0.cv1.conv,4,5.090015411376953,0,2495710,74,2495636,4,49,0.49655315399367295
DG013,model.16.m.0.m.0.cv1.conv,2,5.145759582519531,0,2495636,74,2495562,4,50,0.49950360632992075
DG014,model.16.m.0.m.1.cv1.conv,0,5.196197509765625,0,2495562,74,2495488,4,51,0.5024540586661574
DG013,model.16.m.0.m.0.cv1.conv,2,5.423980712890625,0,2495488,74,2495414,4,52,0.5054045110023941
DG013,model.16.m.0.m.0.cv1.conv,1,5.4394989013671875,0,2495414,74,2495340,4,53,0.5083549633386308
DG013,model.16.m.0.m.0.cv1.conv,3,5.440277099609375,0,2495340,74,2495266,4,54,0.5113054156748786
DG014,model.16.m.0.m.1.cv1.conv,6,5.5174407958984375,0,2495266,74,2495192,4,55,0.5142558680111153
DG014,model.16.m.0.m.1.cv1.conv,0,5.666250228881836,0,2495192,74,2495118,4,56,0.517206320347352
DG013,model.16.m.0.m.0.cv1.conv,2,5.73297119140625,0,2495118,74,2495044,4,57,0.5201567726835998
DG013,model.16.m.0.m.0.cv1.conv,1,5.734157562255859,0,2495044,74,2494970,4,58,0.5231072250198365
DG011,model.16.m.0.cv1.conv,2,5.8992767333984375,1,2494970,178,2494792,15,59,0.5302042590178191
DG014,model.16.m.0.m.1.cv1.conv,2,4.6868896484375,1,2494792,56,2494736,4,60,0.5324370337587592
DG014,model.16.m.0.m.1.cv1.conv,1,4.893424987792969,1,2494736,56,2494680,4,61,0.5346698084996993
DG014,model.16.m.0.m.1.cv1.conv,2,4.911041259765625,1,2494680,56,2494624,4,62,0.5369025832406282
DG012,model.16.m.0.cv2.conv,1,5.900520324707031,1,2494624,66,2494558,5,63,0.5395340677567417
DG001,model.0.conv,1,5.9023895263671875,1,2494558,317,2494241,4,64,0.5521731676295549
DG021,model.2.cv2.conv,24,5.938558578491211,2,2494241,626,2493615,4,65,0.5771323995550359
DG011,model.16.m.0.cv1.conv,0,5.9591522216796875,2,2493615,124,2493491,15,66,0.5820764007671175
DG014,model.16.m.0.m.1.cv1.conv,1,3.88336181640625,1,2493491,38,2493453,4,67,0.5835914979127499
DG011,model.16.m.0.cv1.conv,1,6.016345977783203,3,2493453,106,2493347,15,68,0.5878178215295349
DG001,model.0.conv,3,6.0823516845703125,3,2493347,317,2493030,4,69,0.600456921402337
DG002,model.1.conv,16,6.065138816833496,3,2493030,124,2492906,4,70,0.6054009226144186
DG001,model.0.conv,8,6.108642578125,3,2492906,308,2492598,4,71,0.6176811836895779
DG021,model.2.cv2.conv,1,6.249785423278809,3,2492598,626,2491972,4,72,0.64264041561507
DG001,model.0.conv,5,6.3413848876953125,4,2491972,308,2491664,4,73,0.6549206766902294
DG002,model.1.conv,12,4.090726852416992,2,2491664,106,2491558,4,74,0.6591470003070032
DG002,model.1.conv,29,4.8469085693359375,2,2491558,106,2491452,4,75,0.6633733239237771
DG021,model.2.cv2.conv,1,6.42242431640625,4,2491452,626,2490826,4,76,0.6883325558492692
DG021,model.2.cv2.conv,25,6.4678955078125,4,2490826,626,2490200,4,77,0.7132917877747613
DG021,model.2.cv2.conv,22,6.500091552734375,4,2490200,626,2489574,4,78,0.7382510197002534
DG021,model.2.cv2.conv,44,6.546886444091797,4,2489574,626,2488948,4,79,0.7632102516257344
DG021,model.2.cv2.conv,55,6.567512512207031,4,2488948,626,2488322,4,80,0.7881694835512265
DG002,model.1.conv,21,6.644930839538574,4,2488322,106,2488216,4,81,0.7923958071680004
DG021,model.2.cv2.conv,40,6.828156471252441,4,2488216,626,2487590,4,82,0.8173550390934925
DG021,model.2.cv2.conv,11,6.876733303070068,4,2487590,626,2486964,4,83,0.8423142710189846
DG021,model.2.cv2.conv,7,6.88140869140625,4,2486964,626,2486338,4,84,0.8672735029444767
DG002,model.1.conv,21,6.898569107055664,4,2486338,106,2486232,4,85,0.8714998265612506
DG021,model.2.cv2.conv,12,6.901006698608398,4,2486232,626,2485606,4,86,0.8964590584867316
DG002,model.1.conv,8,7.000486373901367,4,2485606,106,2485500,4,87,0.9006853821035166
DG021,model.2.cv2.conv,20,7.030605316162109,4,2485500,626,2484874,4,88,0.9256446140289976
DG021,model.2.cv2.conv,5,7.218560218811035,4,2484874,626,2484248,4,89,0.9506038459544897
DG021,model.2.cv2.conv,24,7.253498077392578,4,2484248,626,2483622,4,90,0.9755630778799818
DG021,model.2.cv2.conv,14,7.3186187744140625,4,2483622,626,2482996,4,91,1.0005223098054739
DG021,model.2.cv2.conv,25,7.354351043701172,4,2482996,626,2482370,4,92,1.0254815417309548
DG021,model.2.cv2.conv,45,7.356631755828857,4,2482370,626,2481744,4,93,1.050440773656447
DG021,model.2.cv2.conv,27,7.362780570983887,4,2481744,626,2481118,4,94,1.075400005581939
DG021,model.2.cv2.conv,29,7.4369354248046875,4,2481118,626,2480492,4,95,1.1003592375074311
DG021,model.2.cv2.conv,29,7.447196960449219,4,2480492,626,2479866,4,96,1.1253184694329121
DG021,model.2.cv2.conv,21,7.447868347167969,4,2479866,626,2479240,4,97,1.1502777013584042
DG021,model.2.cv2.conv,7,7.468109130859375,4,2479240,626,2478614,4,98,1.1752369332838963
DG021,model.2.cv2.conv,39,7.496652603149414,4,2478614,626,2477988,4,99,1.2001961652093773
DG021,model.2.cv2.conv,11,7.498782157897949,4,2477988,626,2477362,4,100,1.2251553971348694
DG021,model.2.cv2.conv,20,7.534368515014648,4,2477362,626,2476736,4,101,1.2501146290603615
DG021,model.2.cv2.conv,13,7.5627970695495605,4,2476736,626,2476110,4,102,1.2750738609858536
DG021,model.2.cv2.conv,22,7.60809326171875,4,2476110,626,2475484,4,103,1.3000330929113346
DG021,model.2.cv2.conv,27,7.617616653442383,4,2475484,626,2474858,4,104,1.3249923248368267
DG021,model.2.cv2.conv,20,7.62327766418457,4,2474858,626,2474232,4,105,1.3499515567623188
DG018,model.19.m.0.cv2.conv,28,7.62628173828125,4,2474232,130,2474102,5,106,1.3551347838394956
DG001,model.0.conv,0,7.66119384765625,4,2474102,263,2473839,4,107,1.3656208509263967
DG002,model.1.conv,18,6.288938522338867,3,2473839,97,2473742,4,108,1.3694883357455279
DG002,model.1.conv,16,6.4610748291015625,4,2473742,97,2473645,4,109,1.3733558205646479
DG002,model.1.conv,9,7.37602424621582,4,2473645,97,2473548,4,110,1.377223305383779
DG002,model.1.conv,2,7.469987869262695,4,2473548,97,2473451,4,111,1.381090790202899
DG021,model.2.cv2.conv,2,7.705314636230469,4,2473451,626,2472825,4,112,1.4060500221283911
DG018,model.19.m.0.cv2.conv,5,7.7209320068359375,4,2472825,130,2472695,5,113,1.411233249205568
DG021,model.2.cv2.conv,14,7.7325592041015625,4,2472695,626,2472069,4,114,1.43619248113106
DG017,model.19.m.0.cv1.conv,19,7.735427379608154,4,2472069,1286,2470783,15,115,1.4874665582176094
DG021,model.2.cv2.conv,30,7.805253982543945,4,2470783,626,2470157,4,116,1.5124257901431015
DG018,model.19.m.0.cv2.conv,3,7.820426940917969,4,2470157,130,2470027,5,117,1.5176090172202783
DG021,model.2.cv2.conv,14,7.861919403076172,4,2470027,626,2469401,4,118,1.5425682491457593
DG021,model.2.cv2.conv,28,7.882110595703125,4,2469401,626,2468775,4,119,1.5675274810712514
DG018,model.19.m.0.cv2.conv,8,7.8822784423828125,4,2468775,130,2468645,5,120,1.5727107081484282
DG021,model.2.cv2.conv,2,7.890317916870117,4,2468645,626,2468019,4,121,1.5976699400739203
DG018,model.19.m.0.cv2.conv,18,7.933740615844727,4,2468019,130,2467889,5,122,1.602853167151097
DG001,model.0.conv,2,7.934295654296875,4,2467889,227,2467662,4,123,1.611903879047405
DG002,model.1.conv,15,6.983064651489258,4,2467662,88,2467574,4,124,1.6154125250688822
DG002,model.1.conv,17,7.361301422119141,4,2467574,88,2467486,4,125,1.6189211710903484
DG002,model.1.conv,19,7.6447954177856445,4,2467486,88,2467398,4,126,1.6224298171118257
DG002,model.1.conv,7,7.705772399902344,4,2467398,88,2467310,4,127,1.625938463133303
DG002,model.1.conv,6,7.794761657714844,4,2467310,88,2467222,4,128,1.6294471091547802
DG021,model.2.cv2.conv,15,7.938167572021484,4,2467222,626,2466596,4,129,1.6544063410802612
DG001,model.0.conv,0,7.944976806640625,4,2466596,182,2466414,4,130,1.661662858988311
DG002,model.1.conv,8,5.028053283691406,2,2466414,79,2466335,4,131,1.6648126662121343
DG002,model.1.conv,14,6.053825378417969,3,2466335,79,2466256,4,132,1.6679624734359577
DG002,model.1.conv,11,6.817844390869141,4,2466256,79,2466177,4,133,1.6711122806597811
DG002,model.1.conv,13,6.9990997314453125,4,2466177,79,2466098,4,134,1.6742620878836045
DG002,model.1.conv,8,7.048747539520264,4,2466098,79,2466019,4,135,1.677411895107428
DG002,model.1.conv,6,7.0812835693359375,4,2466019,79,2465940,4,136,1.6805617023312514
DG002,model.1.conv,5,7.187999725341797,4,2465940,79,2465861,4,137,1.6837115095550748
DG002,model.1.conv,6,7.323002815246582,4,2465861,79,2465782,4,138,1.6868613167788982
DG002,model.1.conv,0,7.330146789550781,4,2465782,79,2465703,4,139,1.6900111240027327
DG002,model.1.conv,0,7.369590759277344,4,2465703,79,2465624,4,140,1.693160931226556
DG002,model.1.conv,1,7.397974014282227,4,2465624,79,2465545,4,141,1.6963107384503795
DG002,model.1.conv,2,7.495359897613525,4,2465545,79,2465466,4,142,1.699460545674203
DG002,model.1.conv,3,7.529796600341797,4,2465466,79,2465387,4,143,1.7026103528980263
DG002,model.1.conv,3,7.779799461364746,4,2465387,79,2465308,4,144,1.7057601601218497
DG001,model.0.conv,2,7.948221206665039,4,2465308,56,2465252,4,145,1.7079929348627787
DG002,model.1.conv,2,6.788656234741211,4,2465252,70,2465182,4,146,1.7107839032889594
DG002,model.1.conv,1,7.089637756347656,4,2465182,70,2465112,4,147,1.713574871715129
DG033,model.6.m.0.cv2.conv,2,7.95457649230957,5,2465112,130,2464982,5,148,1.7187580987923057
DG021,model.2.cv2.conv,1,7.983848571777344,5,2464982,626,2464356,4,149,1.7437173307177978
DG021,model.2.cv2.conv,23,8.02712631225586,5,2464356,626,2463730,4,150,1.7686765626432899
DG021,model.2.cv2.conv,2,8.03598403930664,5,2463730,626,2463104,4,151,1.7936357945687709
DG006,model.13.m.0.cv1.conv,19,8.04595947265625,5,2463104,1286,2461818,15,152,1.8449098716553203
DG021,model.2.cv2.conv,15,8.051353454589844,5,2461818,626,2461192,4,153,1.8698691035808124
DG033,model.6.m.0.cv2.conv,9,8.119510650634766,5,2461192,130,2461062,5,154,1.8750523306579892
DG021,model.2.cv2.conv,17,8.13226318359375,5,2461062,626,2460436,4,155,1.9000115625834813
DG021,model.2.cv2.conv,10,8.143524169921875,5,2460436,626,2459810,4,156,1.9249707945089733
DG021,model.2.cv2.conv,4,8.14810562133789,5,2459810,626,2459184,4,157,1.9499300264344543
DG021,model.2.cv2.conv,11,8.15103530883789,5,2459184,626,2458558,4,158,1.9748892583599464
DG021,model.2.cv2.conv,2,8.153770446777344,5,2458558,626,2457932,4,159,1.9998484902854385
DG017,model.19.m.0.cv1.conv,28,8.156489372253418,5,2457932,1286,2456646,15,160,2.051122567371988
DG021,model.2.cv2.conv,10,8.161262512207031,5,2456646,626,2456020,4,161,2.076081799297469
DG018,model.19.m.0.cv2.conv,10,8.162723541259766,5,2456020,130,2455890,5,162,2.081265026374657
DG018,model.19.m.0.cv2.conv,5,8.186752319335938,5,2455890,130,2455760,5,163,2.0864482534518336
DG032,model.6.m.0.cv1.conv,11,8.195480346679688,5,2455760,1286,2454474,15,164,2.137722330538383
DG021,model.2.cv2.conv,6,8.229772567749023,5,2454474,626,2453848,4,165,2.162681562463864
DG033,model.6.m.0.cv2.conv,29,8.23944091796875,5,2453848,130,2453718,5,166,2.167864789541041
DG018,model.19.m.0.cv2.conv,2,8.256817817687988,5,2453718,130,2453588,5,167,2.1730480166182287
DG021,model.2.cv2.conv,3,8.266754150390625,5,2453588,626,2452962,4,168,2.1980072485437097
DG017,model.19.m.0.cv1.conv,9,8.298095703125,5,2452962,1286,2451676,15,169,2.249281325630259
DG010,model.16.cv2.conv,61,8.357481002807617,5,2451676,1112,2450564,14,170,2.293617852628893
DG017,model.19.m.0.cv1.conv,21,8.421791076660156,5,2450564,1286,2449278,15,171,2.3448919297154425
DG021,model.2.cv2.conv,5,8.426118850708008,5,2449278,626,2448652,4,172,2.3698511616409346
DG021,model.2.cv2.conv,10,8.444976806640625,5,2448652,626,2448026,4,173,2.3948103935664156
DG021,model.2.cv2.conv,11,8.444989204406738,5,2448026,626,2447400,4,174,2.4197696254919077
DG027,model.3.conv,38,8.41848087310791,5,2447400,165,2447235,4,175,2.426348336782169
DG021,model.2.cv2.conv,2,8.487174987792969,5,2447235,617,2446618,4,176,2.4509487299100075
DG027,model.3.conv,50,8.065940856933594,5,2446618,156,2446462,4,177,2.4571686024026262
DG018,model.19.m.0.cv2.conv,6,8.48787784576416,5,2446462,130,2446332,5,178,2.462351829479803
DG021,model.2.cv2.conv,8,8.507728576660156,5,2446332,608,2445724,4,179,2.4865933838099874
DG027,model.3.conv,18,7.7272162437438965,5,2445724,147,2445577,4,180,2.4924544175049523
DG027,model.3.conv,58,8.313928604125977,5,2445577,147,2445430,4,181,2.4983154511999173
DG027,model.3.conv,20,8.402547836303711,5,2445430,147,2445283,4,182,2.504176484894882
DG021,model.2.cv2.conv,0,8.529800415039062,5,2445283,581,2444702,4,183,2.527341522832116
DG027,model.3.conv,17,7.022464752197266,4,2444702,138,2444564,4,184,2.532843717729427
DG027,model.3.conv,25,7.630668640136719,5,2444564,138,2444426,4,185,2.5383459126267383
DG027,model.3.conv,40,7.711356163024902,5,2444426,138,2444288,4,186,2.5438481075240493
DG027,model.3.conv,41,7.92458438873291,5,2444288,138,2444150,4,187,2.5493503024213604
DG027,model.3.conv,39,7.925763130187988,5,2444150,138,2444012,4,188,2.5548524973186715
DG027,model.3.conv,19,7.979771614074707,5,2444012,138,2443874,4,189,2.5603546922159937
DG027,model.3.conv,27,7.985393524169922,5,2443874,138,2443736,4,190,2.5658568871133047
DG027,model.3.conv,0,8.261608123779297,5,2443736,138,2443598,4,191,2.571359082010616
DG027,model.3.conv,45,8.54627799987793,5,2443598,138,2443460,4,192,2.576861276907927
DG027,model.3.conv,20,8.564838409423828,5,2443460,138,2443322,4,193,2.582363471805238
DG018,model.19.m.0.cv2.conv,17,8.579944610595703,5,2443322,130,2443192,5,194,2.5875466988824147
DG021,model.2.cv2.conv,1,8.585262298583984,5,2443192,491,2442701,4,195,2.6071233488431433
DG027,model.3.conv,7,7.236502647399902,4,2442701,129,2442572,4,196,2.6122667049428006
DG027,model.3.conv,32,7.316782474517822,4,2442572,129,2442443,4,197,2.617410061042469
DG027,model.3.conv,27,7.419046401977539,4,2442443,129,2442314,4,198,2.622553417142126
DG027,model.3.conv,19,7.50784969329834,4,2442314,129,2442185,4,199,2.6276967732417944
DG027,model.3.conv,28,7.669984817504883,5,2442185,129,2442056,4,200,2.6328401293414516
DG027,model.3.conv,23,8.205142974853516,5,2442056,129,2441927,4,201,2.637983485441109
DG027,model.3.conv,4,8.242576599121094,5,2441927,129,2441798,4,202,2.643126841540777
DG027,model.3.conv,39,8.308660507202148,5,2441798,129,2441669,4,203,2.6482701976404344
DG027,model.3.conv,33,8.345756530761719,5,2441669,129,2441540,4,204,2.6534135537400916
DG027,model.3.conv,35,8.387496948242188,5,2441540,129,2441411,4,205,2.65855690983976
DG027,model.3.conv,37,8.488033294677734,5,2441411,129,2441282,4,206,2.663700265939417
DG027,model.3.conv,33,8.61821174621582,5,2441282,129,2441153,4,207,2.6688436220390854
DG033,model.6.m.0.cv2.conv,5,8.65854263305664,5,2441153,130,2441023,5,208,2.674026849116262
DG021,model.2.cv2.conv,0,8.664081573486328,5,2441023,383,2440640,4,209,2.689297433505178
DG027,model.3.conv,17,6.810455322265625,4,2440640,120,2440520,4,210,2.6940819508071923
DG027,model.3.conv,26,7.097755432128906,4,2440520,120,2440400,4,211,2.6988664681091956
DG027,model.3.conv,24,7.91802978515625,5,2440400,120,2440280,4,212,2.70365098541121
DG027,model.3.conv,17,7.986455917358398,5,2440280,120,2440160,4,213,2.7084355027132245
DG027,model.3.conv,31,8.00844955444336,5,2440160,120,2440040,4,214,2.713220020015228
DG027,model.3.conv,6,8.017460823059082,5,2440040,120,2439920,4,215,2.7180045373172423
DG027,model.3.conv,10,8.019306182861328,5,2439920,120,2439800,4,216,2.722789054619257
DG027,model.3.conv,20,8.13064956665039,5,2439800,120,2439680,4,217,2.72757357192126
DG027,model.3.conv,21,8.434492111206055,5,2439680,120,2439560,4,218,2.7323580892232746
DG027,model.3.conv,20,8.531654357910156,5,2439560,120,2439440,4,219,2.737142606525289
DG027,model.3.conv,16,8.58140754699707,5,2439440,120,2439320,4,220,2.7419271238272924
DG027,model.3.conv,10,8.583091735839844,5,2439320,120,2439200,4,221,2.746711641129307
DG018,model.19.m.0.cv2.conv,7,8.674789428710938,5,2439200,130,2439070,5,222,2.7518948682064837
DG018,model.19.m.0.cv2.conv,14,8.678888320922852,5,2439070,130,2438940,5,223,2.7570780952836604
DG017,model.19.m.0.cv1.conv,6,8.682913780212402,5,2438940,1286,2437654,15,224,2.80835217237021
DG018,model.19.m.0.cv2.conv,13,8.684459686279297,5,2437654,130,2437524,5,225,2.8135353994473866
DG018,model.19.m.0.cv2.conv,9,8.70606517791748,5,2437524,130,2437394,5,226,2.8187186265245634
DG027,model.3.conv,24,8.706626892089844,5,2437394,120,2437274,4,227,2.823503143826578
DG006,model.13.m.0.cv1.conv,21,8.741642951965332,5,2437274,1286,2435988,15,228,2.8747772209131273
DG018,model.19.m.0.cv2.conv,7,8.75069808959961,5,2435988,130,2435858,5,229,2.879960447990304
DG018,model.19.m.0.cv2.conv,12,8.77978801727295,5,2435858,130,2435728,5,230,2.885143675067481
DG027,model.3.conv,6,8.832113265991211,5,2435728,120,2435608,4,231,2.8899281923694953
DG017,model.19.m.0.cv1.conv,18,8.845104217529297,5,2435608,1286,2434322,15,232,2.9412022694560447
DG021,model.2.cv2.conv,5,8.846237182617188,5,2434322,257,2434065,4,233,2.9514491106778507
DG027,model.3.conv,15,6.887951850891113,4,2434065,111,2433954,4,234,2.9558747891822112
DG027,model.3.conv,3,7.178638458251953,4,2433954,111,2433843,4,235,2.9603004676865607
DG027,model.3.conv,0,7.386806488037109,4,2433843,111,2433732,4,236,2.9647261461909213
DG027,model.3.conv,9,7.506951332092285,4,2433732,111,2433621,4,237,2.969151824695282
DG027,model.3.conv,7,7.618507385253906,5,2433621,111,2433510,4,238,2.9735775031996425
DG027,model.3.conv,7,7.671293258666992,5,2433510,111,2433399,4,239,2.978003181704003
DG027,model.3.conv,8,7.785860061645508,5,2433399,111,2433288,4,240,2.9824288602083637
DG027,model.3.conv,13,7.844266891479492,5,2433288,111,2433177,4,241,2.9868545387127243
DG027,model.3.conv,8,7.9935302734375,5,2433177,111,2433066,4,242,2.991280217217085
DG027,model.3.conv,13,8.013669967651367,5,2433066,111,2432955,4,243,2.9957058957214455
DG027,model.3.conv,2,8.187751770019531,5,2432955,111,2432844,4,244,3.000131574225806
DG027,model.3.conv,4,8.21784782409668,5,2432844,111,2432733,4,245,3.0045572527301667
DG027,model.3.conv,5,8.276420593261719,5,2432733,111,2432622,4,246,3.0089829312345273
DG027,model.3.conv,1,8.363510131835938,5,2432622,111,2432511,4,247,3.013408609738888
DG027,model.3.conv,1,8.385444641113281,5,2432511,111,2432400,4,248,3.0178342882432485
DG027,model.3.conv,1,8.851375579833984,5,2432400,111,2432289,4,249,3.022259966747609
DG017,model.19.m.0.cv1.conv,14,8.86353874206543,5,2432289,1286,2431003,15,250,3.0735340438341474
DG033,model.6.m.0.cv2.conv,6,8.872917175292969,5,2431003,130,2430873,5,251,3.0787172709113353
DG021,model.2.cv2.conv,1,8.939436912536621,5,2430873,113,2430760,4,252,3.083222691370724
DG027,model.3.conv,3,5.660891056060791,2,2430760,102,2430658,4,253,3.0872895310774306
DG027,model.3.conv,1,6.876373291015625,4,2430658,102,2430556,4,254,3.0913563707841374
DG027,model.3.conv,0,7.0576171875,4,2430556,102,2430454,4,255,3.0954232104908552
DG027,model.3.conv,3,7.228694915771484,4,2430454,102,2430352,4,256,3.099490050197562
DG027,model.3.conv,0,7.253690719604492,4,2430352,102,2430250,4,257,3.1035568899042687
DG027,model.3.conv,0,7.5395355224609375,4,2430250,102,2430148,4,258,3.1076237296109754
DG033,model.6.m.0.cv2.conv,24,9.00839614868164,6,2430148,130,2430018,5,259,3.112806956688152
DG032,model.6.m.0.cv1.conv,27,9.03402328491211,6,2430018,1286,2428732,15,260,3.1640810337747016
DG021,model.2.cv2.conv,3,9.112457275390625,6,2428732,59,2428673,4,261,3.1664334214481893
DG006,model.13.m.0.cv1.conv,13,9.154571533203125,6,2428673,1286,2427387,15,262,3.2177074985347387
DG021,model.2.cv2.conv,1,9.174354553222656,6,2427387,59,2427328,4,263,3.2200598862082264
DG010,model.16.cv2.conv,24,9.22789192199707,6,2427328,1112,2426216,14,264,3.2643964132068604
DG018,model.19.m.0.cv2.conv,3,9.281831741333008,6,2426216,130,2426086,5,265,3.269579640284037
DG001,model.0.conv,0,9.321533203125,6,2426086,38,2426048,4,266,3.2710947374296806
DG007,model.13.m.0.cv2.conv,9,9.33584976196289,6,2426048,130,2425918,5,267,3.2762779645068574
DG021,model.2.cv2.conv,0,9.35788345336914,6,2425918,59,2425859,4,268,3.278630352180345
DG010,model.16.cv2.conv,54,9.377864837646484,6,2425859,1112,2424747,14,269,3.322966879178979
DG017,model.19.m.0.cv1.conv,5,9.403236389160156,6,2424747,1286,2423461,15,270,3.3742409562655284
DG032,model.6.m.0.cv1.conv,8,9.418121337890625,6,2423461,1286,2422175,15,271,3.425515033352078
DG001,model.0.conv,1,9.42852783203125,6,2422175,38,2422137,4,272,3.42703013049771
DG016,model.19.cv2.conv,110,9.431092262268066,6,2422137,1784,2420353,14,273,3.498159954387603
DG007,model.13.m.0.cv2.conv,19,9.432586669921875,6,2420353,130,2420223,5,274,3.5033431814647797
DG006,model.13.m.0.cv1.conv,24,9.434598922729492,6,2420223,1286,2418937,15,275,3.554617258551329
DG001,model.0.conv,0,9.448486328125,6,2418937,38,2418899,4,276,3.5561323556969615
DG018,model.19.m.0.cv2.conv,7,9.45749282836914,6,2418899,130,2418769,5,277,3.5613155827741383
DG017,model.19.m.0.cv1.conv,3,9.457735061645508,6,2418769,1286,2417483,15,278,3.6125896598606877
DG018,model.19.m.0.cv2.conv,3,9.476893424987793,6,2417483,130,2417353,5,279,3.6177728869378645
DG017,model.19.m.0.cv1.conv,0,9.484012603759766,6,2417353,1286,2416067,15,280,3.669046964024414
DG017,model.19.m.0.cv1.conv,6,9.508469581604004,6,2416067,1286,2414781,15,281,3.7203210411109633
DG032,model.6.m.0.cv1.conv,22,9.514974594116211,6,2414781,1286,2413495,15,282,3.7715951181975127
DG006,model.13.m.0.cv1.conv,25,9.51544189453125,6,2413495,1286,2412209,15,283,3.822869195284062
DG032,model.6.m.0.cv1.conv,23,9.51974105834961,6,2412209,1286,2410923,15,284,3.8741432723706115
DG007,model.13.m.0.cv2.conv,7,9.521234512329102,6,2410923,130,2410793,5,285,3.8793264994477883
DG018,model.19.m.0.cv2.conv,4,9.543643951416016,6,2410793,130,2410663,5,286,3.884509726524965
DG017,model.19.m.0.cv1.conv,9,9.554180145263672,6,2410663,1286,2409377,15,287,3.9357838036115145
DG032,model.6.m.0.cv1.conv,2,9.562597274780273,6,2409377,1286,2408091,15,288,3.987057880698064
DG033,model.6.m.0.cv2.conv,18,9.589359283447266,6,2408091,130,2407961,5,289,3.9922411077752407
DG033,model.6.m.0.cv2.conv,9,9.615407943725586,6,2407961,130,2407831,5,290,3.9974243348524174
DG018,model.19.m.0.cv2.conv,9,9.650105476379395,6,2407831,130,2407701,5,291,4.002607561929594
DG018,model.19.m.0.cv2.conv,2,9.653453826904297,6,2407701,130,2407571,5,292,4.007790789006771
DG032,model.6.m.0.cv1.conv,7,9.729290008544922,6,2407571,1286,2406285,15,293,4.059064866093321
DG017,model.19.m.0.cv1.conv,16,9.730395317077637,6,2406285,1286,2404999,15,294,4.11033894317987
DG017,model.19.m.0.cv1.conv,13,9.74057674407959,6,2404999,1286,2403713,15,295,4.161613020266419
DG018,model.19.m.0.cv2.conv,5,9.753457069396973,6,2403713,130,2403583,5,296,4.166796247343596
DG010,model.16.cv2.conv,51,9.778421401977539,7,2403583,1112,2402471,14,297,4.21113277434223
DG018,model.19.m.0.cv2.conv,7,9.782976150512695,7,2402471,130,2402341,5,298,4.216316001419407
DG033,model.6.m.0.cv2.conv,21,9.808525085449219,7,2402341,130,2402211,5,299,4.221499228496583
DG017,model.19.m.0.cv1.conv,8,9.810843467712402,7,2402211,1286,2400925,15,300,4.272773305583133
DG017,model.19.m.0.cv1.conv,7,9.811046600341797,7,2400925,1286,2399639,15,301,4.324047382669683
DG032,model.6.m.0.cv1.conv,6,9.822189331054688,7,2399639,1286,2398353,15,302,4.375321459756232
DG032,model.6.m.0.cv1.conv,0,9.822197914123535,7,2398353,1286,2397067,15,303,4.426595536842781
DG033,model.6.m.0.cv2.conv,10,9.82542610168457,7,2397067,130,2396937,5,304,4.431778763919958
DG017,model.19.m.0.cv1.conv,0,9.839054107666016,7,2396937,1286,2395651,15,305,4.483052841006508
DG033,model.6.m.0.cv2.conv,16,9.858932495117188,7,2395651,130,2395521,5,306,4.488236068083684
DG006,model.13.m.0.cv1.conv,21,9.866279602050781,8,2395521,1286,2394235,15,307,4.539510145170233
DG032,model.6.m.0.cv1.conv,4,9.869240760803223,8,2394235,1286,2392949,15,308,4.590784222256772
DG006,model.13.m.0.cv1.conv,19,9.874626159667969,8,2392949,1286,2391663,15,309,4.642058299343321
DG017,model.19.m.0.cv1.conv,6,9.885150909423828,8,2391663,1286,2390377,15,310,4.69333237642987
DG006,model.13.m.0.cv1.conv,19,9.890953063964844,8,2390377,1286,2389091,15,311,4.74460645351642
DG006,model.13.m.0.cv1.conv,19,9.962882995605469,8,2389091,1286,2387805,15,312,4.79588053060297
DG018,model.19.m.0.cv2.conv,1,9.964275360107422,8,2387805,130,2387675,5,313,4.801063757680146
DG007,model.13.m.0.cv2.conv,17,9.969060897827148,8,2387675,130,2387545,5,314,4.806246984757323
DG017,model.19.m.0.cv1.conv,0,10.00816535949707,8,2387545,1286,2386259,15,315,4.8575210618438724
DG032,model.6.m.0.cv1.conv,9,10.014833450317383,8,2386259,1286,2384973,15,316,4.908795138930422
DG033,model.6.m.0.cv2.conv,17,10.02299976348877,8,2384973,130,2384843,5,317,4.913978366007599
DG006,model.13.m.0.cv1.conv,11,10.043296813964844,8,2384843,1286,2383557,15,318,4.965252443094148
DG006,model.13.m.0.cv1.conv,2,10.043523788452148,8,2383557,1286,2382271,15,319,5.0165265201806974
DG007,model.13.m.0.cv2.conv,24,10.045892715454102,8,2382271,130,2382141,5,320,5.021709747257875
DG032,model.6.m.0.cv1.conv,5,10.059906005859375,8,2382141,1286,2380855,15,321,5.072983824344424
DG006,model.13.m.0.cv1.conv,0,10.07888412475586,8,2380855,1286,2379569,15,322,5.124257901430973
DG007,model.13.m.0.cv2.conv,13,10.080278396606445,8,2379569,130,2379439,5,323,5.12944112850815
DG032,model.6.m.0.cv1.conv,4,10.082708358764648,8,2379439,1286,2378153,15,324,5.1807152055947
DG006,model.13.m.0.cv1.conv,9,10.089073181152344,8,2378153,1286,2376867,15,325,5.231989282681249
DG032,model.6.m.0.cv1.conv,9,10.102935791015625,8,2376867,1286,2375581,15,326,5.283263359767787
DG018,model.19.m.0.cv2.conv,4,10.111198425292969,8,2375581,130,2375451,5,327,5.288446586844975
DG017,model.19.m.0.cv1.conv,9,10.135538101196289,8,2375451,1286,2374165,15,328,5.339720663931513
DG019,model.19.m.0.m.0.cv1.conv,26,9.975717544555664,8,2374165,218,2373947,4,329,5.348412537030168
DG020,model.19.m.0.m.1.cv1.conv,8,9.997678756713867,8,2373947,218,2373729,4,330,5.357104410128821
DG018,model.19.m.0.cv2.conv,1,10.146074295043945,8,2373729,130,2373599,5,331,5.362287637205998
DG007,model.13.m.0.cv2.conv,2,10.159421920776367,8,2373599,130,2373469,5,332,5.367470864283175
DG017,model.19.m.0.cv1.conv,7,10.160287857055664,8,2373469,1250,2372219,15,333,5.41730958617912
DG020,model.19.m.0.m.1.cv1.conv,20,9.301433563232422,6,2372219,200,2372019,4,334,5.425283781682477
DG020,model.19.m.0.m.1.cv1.conv,16,9.635035514831543,6,2372019,200,2371819,4,335,5.433257977185823
DG033,model.6.m.0.cv2.conv,3,10.162117004394531,8,2371819,130,2371689,5,336,5.438441204263
DG033,model.6.m.0.cv2.conv,5,10.176467895507812,8,2371689,130,2371559,5,337,5.443624431340188
DG006,model.13.m.0.cv1.conv,8,10.178792953491211,8,2371559,1286,2370273,15,338,5.494898508426727
DG007,model.13.m.0.cv2.conv,5,10.18475341796875,8,2370273,130,2370143,5,339,5.500081735503914
DG017,model.19.m.0.cv1.conv,3,10.203962326049805,8,2370143,1214,2368929,15,340,5.548485102209256
DG020,model.19.m.0.m.1.cv1.conv,21,8.368932723999023,6,2368929,182,2368747,4,341,5.555741620117304
DG020,model.19.m.0.m.1.cv1.conv,11,8.80492115020752,6,2368747,182,2368565,4,342,5.562998138025355
DG020,model.19.m.0.m.1.cv1.conv,9,8.824823379516602,6,2368565,182,2368383,4,343,5.570254655933404
DG019,model.19.m.0.m.0.cv1.conv,29,9.461560249328613,6,2368383,182,2368201,4,344,5.5775111738414545
DG019,model.19.m.0.m.0.cv1.conv,24,9.716056823730469,6,2368201,182,2368019,4,345,5.584767691749503
DG020,model.19.m.0.m.1.cv1.conv,25,9.759166717529297,6,2368019,182,2367837,4,346,5.592024209657554
DG020,model.19.m.0.m.1.cv1.conv,13,9.850616455078125,7,2367837,182,2367655,4,347,5.599280727565603
DG020,model.19.m.0.m.1.cv1.conv,1,9.940990447998047,8,2367655,182,2367473,4,348,5.606537245473642
DG019,model.19.m.0.m.0.cv1.conv,28,9.965360641479492,8,2367473,182,2367291,4,349,5.6137937633816914
DG020,model.19.m.0.m.1.cv1.conv,20,10.139434814453125,8,2367291,182,2367109,4,350,5.621050281289741
DG033,model.6.m.0.cv2.conv,0,10.204056739807129,8,2367109,130,2366979,5,351,5.626233508366929
DG006,model.13.m.0.cv1.conv,6,10.204635620117188,8,2366979,1286,2365693,15,352,5.677507585453467
DG033,model.6.m.0.cv2.conv,0,10.212076187133789,8,2365693,130,2365563,5,353,5.682690812530655
DG033,model.6.m.0.cv2.conv,11,10.221160888671875,8,2365563,130,2365433,5,354,5.687874039607832
DG020,model.19.m.0.m.1.cv1.conv,2,10.229992866516113,8,2365433,182,2365251,4,355,5.695130557515881
DG033,model.6.m.0.cv2.conv,5,10.235572814941406,8,2365251,130,2365121,5,356,5.7003137845930585
DG033,model.6.m.0.cv2.conv,6,10.274635314941406,8,2365121,130,2364991,5,357,5.705497011670236
DG033,model.6.m.0.cv2.conv,2,10.27518081665039,8,2364991,130,2364861,5,358,5.710680238747412
DG017,model.19.m.0.cv1.conv,9,10.280563354492188,8,2364861,1016,2363845,15,359,5.751189151904434
DG019,model.19.m.0.m.0.cv1.conv,1,9.241312026977539,6,2363845,164,2363681,4,360,5.757727992217188
DG020,model.19.m.0.m.1.cv1.conv,1,9.350990295410156,6,2363681,164,2363517,4,361,5.7642668325299296
DG020,model.19.m.0.m.1.cv1.conv,1,9.363934516906738,6,2363517,164,2363353,4,362,5.770805672842682
DG019,model.19.m.0.m.0.cv1.conv,1,9.635690689086914,6,2363353,164,2363189,4,363,5.777344513155425
DG020,model.19.m.0.m.1.cv1.conv,1,9.652870178222656,6,2363189,164,2363025,4,364,5.783883353468178
DG020,model.19.m.0.m.1.cv1.conv,5,9.671736717224121,6,2363025,164,2362861,4,365,5.79042219378092
DG020,model.19.m.0.m.1.cv1.conv,16,9.675898551940918,6,2362861,164,2362697,4,366,5.796961034093673
DG020,model.19.m.0.m.1.cv1.conv,2,9.700577735900879,6,2362697,164,2362533,4,367,5.803499874406426
DG020,model.19.m.0.m.1.cv1.conv,14,9.808055877685547,7,2362533,164,2362369,4,368,5.810038714719168
DG020,model.19.m.0.m.1.cv1.conv,13,9.82902717590332,7,2362369,164,2362205,4,369,5.816577555031921
DG019,model.19.m.0.m.0.cv1.conv,1,9.890462875366211,8,2362205,164,2362041,4,370,5.8231163953446625
DG020,model.19.m.0.m.1.cv1.conv,5,9.975502014160156,8,2362041,164,2361877,4,371,5.829655235657416
DG019,model.19.m.0.m.0.cv1.conv,14,10.009587287902832,8,2361877,164,2361713,4,372,5.836194075970158
DG020,model.19.m.0.m.1.cv1.conv,11,10.10660171508789,8,2361713,164,2361549,4,373,5.842732916282911
DG019,model.19.m.0.m.0.cv1.conv,4,10.145132064819336,8,2361549,164,2361385,4,374,5.849271756595654
DG019,model.19.m.0.m.0.cv1.conv,15,10.202178001403809,8,2361385,164,2361221,4,375,5.855810596908406
DG032,model.6.m.0.cv1.conv,0,10.294767379760742,8,2361221,1286,2359935,15,376,5.907084673994955
DG020,model.19.m.0.m.1.cv1.conv,3,10.3121337890625,8,2359935,164,2359771,4,377,5.913623514307698
DG033,model.6.m.0.cv2.conv,8,10.313884735107422,8,2359771,130,2359641,5,378,5.918806741384874
DG018,model.19.m.0.cv2.conv,2,10.320186614990234,8,2359641,130,2359511,5,379,5.923989968462062
DG033,model.6.m.0.cv2.conv,10,10.332252502441406,8,2359511,130,2359381,5,380,5.929173195539239
DG018,model.19.m.0.cv2.conv,3,10.333486557006836,8,2359381,130,2359251,5,381,5.934356422616416
DG033,model.6.m.0.cv2.conv,8,10.33773422241211,8,2359251,130,2359121,5,382,5.939539649693593
DG017,model.19.m.0.cv1.conv,8,10.352062225341797,8,2359121,710,2358411,15,383,5.967848043730484
DG020,model.19.m.0.m.1.cv1.conv,8,8.300841331481934,6,2358411,146,2358265,4,384,5.973669206447929
DG019,model.19.m.0.m.0.cv1.conv,21,9.308882713317871,6,2358265,146,2358119,4,385,5.979490369165386
DG019,model.19.m.0.m.0.cv1.conv,17,9.347430229187012,6,2358119,146,2357973,4,386,5.9853115318828305
DG019,model.19.m.0.m.0.cv1.conv,7,9.348775863647461,6,2357973,146,2357827,4,387,5.991132694600276
DG019,model.19.m.0.m.0.cv1.conv,17,9.579008102416992,6,2357827,146,2357681,4,388,5.996953857317722
DG020,model.19.m.0.m.1.cv1.conv,1,9.59758186340332,6,2357681,146,2357535,4,389,6.002775020035167
DG019,model.19.m.0.m.0.cv1.conv,4,9.69124698638916,6,2357535,146,2357389,4,390,6.008596182752612
DG019,model.19.m.0.m.0.cv1.conv,11,9.797741889953613,7,2357389,146,2357243,4,391,6.014417345470058
DG019,model.19.m.0.m.0.cv1.conv,1,9.943405151367188,8,2357243,146,2357097,4,392,6.020238508187504
DG020,model.19.m.0.m.1.cv1.conv,4,10.029899597167969,8,2357097,146,2356951,4,393,6.0260596709049485
DG020,model.19.m.0.m.1.cv1.conv,1,10.113422393798828,8,2356951,146,2356805,4,394,6.0318808336223935
DG019,model.19.m.0.m.0.cv1.conv,0,10.22142505645752,8,2356805,146,2356659,4,395,6.037701996339839
DG019,model.19.m.0.m.0.cv1.conv,10,10.267522811889648,8,2356659,146,2356513,4,396,6.043523159057296
DG020,model.19.m.0.m.1.cv1.conv,3,10.311837196350098,8,2356513,146,2356367,4,397,6.049344321774742
DG019,model.19.m.0.m.0.cv1.conv,7,10.327693939208984,8,2356367,146,2356221,4,398,6.0551654844921865
DG007,model.13.m.0.cv2.conv,19,10.353267669677734,8,2356221,130,2356091,5,399,6.060348711569363
DG017,model.19.m.0.cv1.conv,0,10.35628890991211,8,2356091,440,2355651,15,400,6.0778919416767385
DG020,model.19.m.0.m.1.cv1.conv,3,9.157608032226562,6,2355651,128,2355523,4,401,6.082995426798876
DG019,model.19.m.0.m.0.cv1.conv,6,9.42071533203125,6,2355523,128,2355395,4,402,6.0880989119210245
DG019,model.19.m.0.m.0.cv1.conv,4,9.580062866210938,6,2355395,128,2355267,4,403,6.093202397043173
DG019,model.19.m.0.m.0.cv1.conv,8,9.582752227783203,6,2355267,128,2355139,4,404,6.098305882165311
DG019,model.19.m.0.m.0.cv1.conv,7,9.676597595214844,6,2355139,128,2355011,4,405,6.10340936728746
DG019,model.19.m.0.m.0.cv1.conv,3,9.688861846923828,6,2355011,128,2354883,4,406,6.108512852409598
DG019,model.19.m.0.m.0.cv1.conv,3,9.717369079589844,6,2354883,128,2354755,4,407,6.113616337531747
DG020,model.19.m.0.m.1.cv1.conv,2,9.718935012817383,6,2354755,128,2354627,4,408,6.118719822653896
DG020,model.19.m.0.m.1.cv1.conv,2,9.752845764160156,6,2354627,128,2354499,4,409,6.123823307776033
DG019,model.19.m.0.m.0.cv1.conv,0,9.9994535446167,8,2354499,128,2354371,4,410,6.128926792898182
DG019,model.19.m.0.m.0.cv1.conv,1,10.01312255859375,8,2354371,128,2354243,4,411,6.13403027802033
DG007,model.13.m.0.cv2.conv,8,10.389694213867188,8,2354243,130,2354113,5,412,6.139213505097507
DG017,model.19.m.0.cv1.conv,5,10.403155326843262,8,2354113,242,2353871,15,413,6.148862281656564
DG020,model.19.m.0.m.1.cv1.conv,1,7.672233581542969,6,2353871,110,2353761,4,414,6.153248089183405
DG019,model.19.m.0.m.0.cv1.conv,1,9.271150588989258,7,2353761,110,2353651,4,415,6.157633896710246
DG019,model.19.m.0.m.0.cv1.conv,2,9.371313095092773,7,2353651,110,2353541,4,416,6.162019704237087
DG019,model.19.m.0.m.0.cv1.conv,1,9.48095703125,7,2353541,110,2353431,4,417,6.166405511763928
DG017,model.19.m.0.cv1.conv,5,10.404820442199707,10,2353431,170,2353261,15,418,6.173183577941776
DG010,model.16.cv2.conv,23,10.409319877624512,10,2353261,1112,2352149,14,419,6.2175201049404105
DG017,model.19.m.0.cv1.conv,3,10.41014289855957,10,2352149,170,2351979,15,420,6.224298171118258
DG007,model.13.m.0.cv2.conv,11,10.425838470458984,10,2351979,130,2351849,5,421,6.229481398195436
DG032,model.6.m.0.cv1.conv,12,10.434165954589844,10,2351849,1286,2350563,15,422,6.280755475281985
DG032,model.6.m.0.cv1.conv,5,10.437836647033691,10,2350563,1286,2349277,15,423,6.332029552368534
DG033,model.6.m.0.cv2.conv,7,10.441421508789062,10,2349277,130,2349147,5,424,6.337212779445711
DG006,model.13.m.0.cv1.conv,8,10.457454681396484,10,2349147,1286,2347861,15,425,6.388486856532261
DG032,model.6.m.0.cv1.conv,2,10.464797019958496,10,2347861,1286,2346575,15,426,6.43976093361881
DG018,model.19.m.0.cv2.conv,2,10.479347229003906,10,2346575,130,2346445,5,427,6.444944160695987
DG032,model.6.m.0.cv1.conv,12,10.491134643554688,10,2346445,1286,2345159,15,428,6.496218237782536
DG032,model.6.m.0.cv1.conv,0,10.496986389160156,10,2345159,1286,2343873,15,429,6.547492314869086
DG007,model.13.m.0.cv2.conv,14,10.499536514282227,10,2343873,130,2343743,5,430,6.552675541946263
DG007,model.13.m.0.cv2.conv,9,10.528511047363281,10,2343743,130,2343613,5,431,6.557858769023439
DG033,model.6.m.0.cv2.conv,4,10.535440444946289,10,2343613,130,2343483,5,432,6.5630419961006154
DG007,model.13.m.0.cv2.conv,15,10.53805923461914,10,2343483,130,2343353,5,433,6.568225223177793
DG006,model.13.m.0.cv1.conv,2,10.55855655670166,10,2343353,1286,2342067,15,434,6.6194993002643425
DG007,model.13.m.0.cv2.conv,9,10.558990478515625,10,2342067,130,2341937,5,435,6.624682527341519
DG006,model.13.m.0.cv1.conv,13,10.560815811157227,10,2341937,1286,2340651,15,436,6.675956604428068
DG017,model.19.m.0.cv1.conv,0,10.569608688354492,10,2340651,170,2340481,15,437,6.6827346706059165
DG006,model.13.m.0.cv1.conv,12,10.576227188110352,10,2340481,1286,2339195,15,438,6.7340087476924655
DG007,model.13.m.0.cv2.conv,6,10.577385902404785,10,2339195,130,2339065,5,439,6.739191974769643
DG033,model.6.m.0.cv2.conv,2,10.582706451416016,10,2339065,130,2338935,5,440,6.74437520184682
DG033,model.6.m.0.cv2.conv,3,10.58315658569336,10,2338935,130,2338805,5,441,6.749558428924008
DG017,model.19.m.0.cv1.conv,2,10.587852478027344,10,2338805,170,2338635,15,442,6.756336495101856
DG006,model.13.m.0.cv1.conv,3,10.596260070800781,10,2338635,1286,2337349,15,443,6.807610572188394
DG032,model.6.m.0.cv1.conv,6,10.59658432006836,10,2337349,1286,2336063,15,444,6.858884649274943
DG033,model.6.m.0.cv2.conv,4,10.605695724487305,10,2336063,130,2335933,5,445,6.86406787635212
DG007,model.13.m.0.cv2.conv,2,10.614873886108398,10,2335933,130,2335803,5,446,6.869251103429308
DG017,model.19.m.0.cv1.conv,0,10.636730194091797,10,2335803,170,2335633,15,447,6.876029169607156
DG033,model.6.m.0.cv2.conv,3,10.643077850341797,10,2335633,130,2335503,5,448,6.881212396684333
DG010,model.16.cv2.conv,58,10.644643783569336,10,2335503,1112,2334391,14,449,6.9255489236829675
DG032,model.6.m.0.cv1.conv,4,10.645597457885742,10,2334391,1286,2333105,15,450,6.976823000769505
DG034,model.6.m.0.m.0.cv1.conv,2,9.453693389892578,8,2333105,182,2332923,4,451,6.9840795186775555
DG035,model.6.m.0.m.1.cv1.conv,18,10.10249137878418,10,2332923,182,2332741,4,452,6.991336036585604
DG035,model.6.m.0.m.1.cv1.conv,0,10.206951141357422,10,2332741,182,2332559,4,453,6.998592554493655
DG034,model.6.m.0.m.0.cv1.conv,30,10.270139694213867,10,2332559,182,2332377,4,454,7.005849072401704
DG032,model.6.m.0.cv1.conv,1,10.651034355163574,10,2332377,1214,2331163,15,455,7.054252439107045
DG035,model.6.m.0.m.1.cv1.conv,25,9.233537673950195,8,2331163,164,2330999,4,456,7.060791279419798
DG034,model.6.m.0.m.0.cv1.conv,7,9.707806587219238,8,2330999,164,2330835,4,457,7.06733011973254
DG034,model.6.m.0.m.0.cv1.conv,4,9.929433822631836,10,2330835,164,2330671,4,458,7.073868960045293
DG034,model.6.m.0.m.0.cv1.conv,12,10.023015975952148,10,2330671,164,2330507,4,459,7.080407800358046
DG035,model.6.m.0.m.1.cv1.conv,18,10.107349395751953,10,2330507,164,2330343,4,460,7.086946640670789
DG034,model.6.m.0.m.0.cv1.conv,9,10.223152160644531,10,2330343,164,2330179,4,461,7.093485480983541
DG035,model.6.m.0.m.1.cv1.conv,21,10.321734428405762,10,2330179,164,2330015,4,462,7.100024321296283
DG035,model.6.m.0.m.1.cv1.conv,19,10.335861206054688,10,2330015,164,2329851,4,463,7.106563161609037
DG007,model.13.m.0.cv2.conv,7,10.682641983032227,11,2329851,130,2329721,5,464,7.111746388686213
DG033,model.6.m.0.cv2.conv,1,10.686179161071777,11,2329721,130,2329591,5,465,7.1169296157633894
DG007,model.13.m.0.cv2.conv,3,10.688375473022461,11,2329591,130,2329461,5,466,7.122112842840567
DG006,model.13.m.0.cv1.conv,4,10.68978500366211,11,2329461,1286,2328175,15,467,7.1733869199271165
DG007,model.13.m.0.cv2.conv,10,10.693061828613281,11,2328175,130,2328045,5,468,7.178570147004293
DG006,model.13.m.0.cv1.conv,4,10.700611114501953,11,2328045,1286,2326759,15,469,7.229844224090842
DG032,model.6.m.0.cv1.conv,6,10.705009460449219,11,2326759,1070,2325689,15,470,7.272506170033766
DG034,model.6.m.0.m.0.cv1.conv,15,9.372268676757812,8,2325689,146,2325543,4,471,7.278327332751222
DG035,model.6.m.0.m.1.cv1.conv,0,9.515652656555176,8,2325543,146,2325397,4,472,7.284148495468667
DG035,model.6.m.0.m.1.cv1.conv,7,9.53537654876709,8,2325397,146,2325251,4,473,7.289969658186113
DG034,model.6.m.0.m.0.cv1.conv,23,9.642230987548828,8,2325251,146,2325105,4,474,7.295790820903559
DG035,model.6.m.0.m.1.cv1.conv,19,9.66401481628418,8,2325105,146,2324959,4,475,7.301611983621004
DG035,model.6.m.0.m.1.cv1.conv,10,9.757840156555176,8,2324959,146,2324813,4,476,7.3074331463384485
DG034,model.6.m.0.m.0.cv1.conv,22,9.799214363098145,9,2324813,146,2324667,4,477,7.313254309055894
DG035,model.6.m.0.m.1.cv1.conv,7,9.809722900390625,9,2324667,146,2324521,4,478,7.31907547177334
DG035,model.6.m.0.m.1.cv1.conv,11,10.009273529052734,10,2324521,146,2324375,4,479,7.324896634490785
DG034,model.6.m.0.m.0.cv1.conv,20,10.036054611206055,10,2324375,146,2324229,4,480,7.33071779720823
DG034,model.6.m.0.m.0.cv1.conv,1,10.11353874206543,10,2324229,146,2324083,4,481,7.336538959925676
DG035,model.6.m.0.m.1.cv1.conv,16,10.172021865844727,10,2324083,146,2323937,4,482,7.342360122643132
DG034,model.6.m.0.m.0.cv1.conv,15,10.245941162109375,10,2323937,146,2323791,4,483,7.348181285360578
DG034,model.6.m.0.m.0.cv1.conv,12,10.33597469329834,10,2323791,146,2323645,4,484,7.354002448078023
DG035,model.6.m.0.m.1.cv1.conv,6,10.450481414794922,10,2323645,146,2323499,4,485,7.359823610795468
DG035,model.6.m.0.m.1.cv1.conv,0,10.453605651855469,10,2323499,146,2323353,4,486,7.365644773512914
DG035,model.6.m.0.m.1.cv1.conv,3,10.575801849365234,10,2323353,146,2323207,4,487,7.37146593623036
DG035,model.6.m.0.m.1.cv1.conv,7,10.578157424926758,10,2323207,146,2323061,4,488,7.3772870989478045
DG035,model.6.m.0.m.1.cv1.conv,10,10.589258193969727,10,2323061,146,2322915,4,489,7.3831082616652495
DG034,model.6.m.0.m.0.cv1.conv,17,10.615484237670898,10,2322915,146,2322769,4,490,7.388929424382695
DG035,model.6.m.0.m.1.cv1.conv,3,10.653541564941406,10,2322769,146,2322623,4,491,7.394750587100141
DG034,model.6.m.0.m.0.cv1.conv,14,10.668991088867188,11,2322623,146,2322477,4,492,7.400571749817586
DG006,model.13.m.0.cv1.conv,1,10.740211486816406,11,2322477,1286,2321191,15,493,7.451845826904135
DG008,model.13.m.0.m.0.cv1.conv,13,9.82919692993164,9,2321191,164,2321027,4,494,7.4583846672168885
DG008,model.13.m.0.m.0.cv1.conv,20,10.14256477355957,10,2321027,164,2320863,4,495,7.4649235075296305
DG008,model.13.m.0.m.0.cv1.conv,16,10.22651481628418,10,2320863,164,2320699,4,496,7.471462347842383
DG008,model.13.m.0.m.0.cv1.conv,0,10.265501022338867,10,2320699,164,2320535,4,497,7.478001188155126
DG009,model.13.m.0.m.1.cv1.conv,31,10.293338775634766,10,2320535,164,2320371,4,498,7.484540028467879
DG009,model.13.m.0.m.1.cv1.conv,3,10.441701889038086,10,2320371,164,2320207,4,499,7.491078868780621
DG009,model.13.m.0.m.1.cv1.conv,10,10.471900939941406,10,2320207,164,2320043,4,500,7.497617709093374
DG008,model.13.m.0.m.0.cv1.conv,13,10.483023643493652,10,2320043,164,2319879,4,501,7.504156549406127
DG008,model.13.m.0.m.0.cv1.conv,11,10.520818710327148,10,2319879,164,2319715,4,502,7.510695389718869
DG008,model.13.m.0.m.0.cv1.conv,8,10.548213958740234,10,2319715,164,2319551,4,503,7.517234230031622
DG008,model.13.m.0.m.0.cv1.conv,24,10.564658164978027,10,2319551,164,2319387,4,504,7.5237730703443635
DG018,model.19.m.0.cv2.conv,1,10.743936538696289,11,2319387,130,2319257,5,505,7.528956297421541
DG035,model.6.m.0.m.1.cv1.conv,2,10.758831024169922,11,2319257,146,2319111,4,506,7.5347774601389865
DG032,model.6.m.0.cv1.conv,4,10.774768829345703,11,2319111,656,2318455,15,507,7.560932821389987
DG035,model.6.m.0.m.1.cv1.conv,0,8.764360427856445,8,2318455,128,2318327,4,508,7.5660363065121246
DG034,model.6.m.0.m.0.cv1.conv,4,8.822856903076172,8,2318327,128,2318199,4,509,7.571139791634273
DG034,model.6.m.0.m.0.cv1.conv,9,9.423072814941406,8,2318199,128,2318071,4,510,7.576243276756411
DG035,model.6.m.0.m.1.cv1.conv,2,9.473514556884766,8,2318071,128,2317943,4,511,7.58134676187856
DG034,model.6.m.0.m.0.cv1.conv,5,9.576900482177734,8,2317943,128,2317815,4,512,7.586450247000709
DG035,model.6.m.0.m.1.cv1.conv,1,9.603240966796875,8,2317815,128,2317687,4,513,7.591553732122847
DG035,model.6.m.0.m.1.cv1.conv,2,9.651409149169922,8,2317687,128,2317559,4,514,7.596657217244996
DG034,model.6.m.0.m.0.cv1.conv,10,9.690590858459473,8,2317559,128,2317431,4,515,7.6017607023671445
DG035,model.6.m.0.m.1.cv1.conv,4,9.729164123535156,8,2317431,128,2317303,4,516,7.606864187489282
DG035,model.6.m.0.m.1.cv1.conv,6,9.803449630737305,9,2317303,128,2317175,4,517,7.6119676726114305
DG035,model.6.m.0.m.1.cv1.conv,4,9.845626831054688,9,2317175,128,2317047,4,518,7.617071157733579
DG034,model.6.m.0.m.0.cv1.conv,11,9.864410400390625,10,2317047,128,2316919,4,519,7.622174642855716
DG034,model.6.m.0.m.0.cv1.conv,8,9.88747787475586,10,2316919,128,2316791,4,520,7.627278127977865
DG035,model.6.m.0.m.1.cv1.conv,2,9.9266357421875,10,2316791,128,2316663,4,521,7.632381613100003
DG034,model.6.m.0.m.0.cv1.conv,9,9.975540161132812,10,2316663,128,2316535,4,522,7.637485098222152
DG034,model.6.m.0.m.0.cv1.conv,4,10.134658813476562,10,2316535,128,2316407,4,523,7.642588583344301
DG034,model.6.m.0.m.0.cv1.conv,2,10.146003723144531,10,2316407,128,2316279,4,524,7.647692068466439
DG034,model.6.m.0.m.0.cv1.conv,2,10.302780151367188,10,2316279,128,2316151,4,525,7.652795553588588
DG035,model.6.m.0.m.1.cv1.conv,1,10.360847473144531,10,2316151,128,2316023,4,526,7.657899038710736
DG034,model.6.m.0.m.0.cv1.conv,4,10.435345649719238,10,2316023,128,2315895,4,527,7.663002523832874
DG034,model.6.m.0.m.0.cv1.conv,3,10.57364559173584,10,2315895,128,2315767,4,528,7.668106008955022
DG035,model.6.m.0.m.1.cv1.conv,0,10.58237075805664,10,2315767,128,2315639,4,529,7.673209494077171
DG035,model.6.m.0.m.1.cv1.conv,0,10.599689483642578,10,2315639,128,2315511,4,530,7.678312979199308
DG007,model.13.m.0.cv2.conv,2,10.78640365600586,12,2315511,130,2315381,5,531,7.6834962062764856
DG032,model.6.m.0.cv1.conv,5,10.790809631347656,12,2315381,242,2315139,15,532,7.693144982835543
DG034,model.6.m.0.m.0.cv1.conv,0,8.97360610961914,9,2315139,110,2315029,4,533,7.697530790362384
DG034,model.6.m.0.m.0.cv1.conv,0,8.98921012878418,9,2315029,110,2314919,4,534,7.701916597889236
DG034,model.6.m.0.m.0.cv1.conv,1,10.451866149902344,11,2314919,110,2314809,4,535,7.706302405416077
DG034,model.6.m.0.m.0.cv1.conv,0,10.475341796875,11,2314809,110,2314699,4,536,7.710688212942918
DG006,model.13.m.0.cv1.conv,3,10.799564361572266,12,2314699,1088,2313611,15,537,7.754067836481148
DG008,model.13.m.0.m.0.cv1.conv,22,9.142135620117188,9,2313611,146,2313465,4,538,7.759888999198594
DG008,model.13.m.0.m.0.cv1.conv,13,9.46139907836914,9,2313465,146,2313319,4,539,7.76571016191604
DG009,model.13.m.0.m.1.cv1.conv,15,9.481045722961426,9,2313319,146,2313173,4,540,7.771531324633485
DG008,model.13.m.0.m.0.cv1.conv,10,9.648320198059082,9,2313173,146,2313027,4,541,7.77735248735093
DG009,model.13.m.0.m.1.cv1.conv,20,9.711223602294922,9,2313027,146,2312881,4,542,7.783173650068376
DG009,model.13.m.0.m.1.cv1.conv,2,9.724390029907227,9,2312881,146,2312735,4,543,7.7889948127858215
DG008,model.13.m.0.m.0.cv1.conv,6,9.900075912475586,11,2312735,146,2312589,4,544,7.794815975503266
DG008,model.13.m.0.m.0.cv1.conv,12,9.903205871582031,11,2312589,146,2312443,4,545,7.800637138220723
DG008,model.13.m.0.m.0.cv1.conv,7,10.038223266601562,11,2312443,146,2312297,4,546,7.806458300938168
DG008,model.13.m.0.m.0.cv1.conv,4,10.105522155761719,11,2312297,146,2312151,4,547,7.812279463655614
DG008,model.13.m.0.m.0.cv1.conv,1,10.166358947753906,11,2312151,146,2312005,4,548,7.8181006263730595
DG008,model.13.m.0.m.0.cv1.conv,14,10.316329956054688,11,2312005,146,2311859,4,549,7.823921789090504
DG008,model.13.m.0.m.0.cv1.conv,6,10.34242057800293,11,2311859,146,2311713,4,550,7.829742951807949
DG009,model.13.m.0.m.1.cv1.conv,17,10.352495193481445,11,2311713,146,2311567,4,551,7.835564114525395
DG008,model.13.m.0.m.0.cv1.conv,10,10.366939544677734,11,2311567,146,2311421,4,552,7.841385277242841
DG008,model.13.m.0.m.0.cv1.conv,7,10.369017601013184,11,2311421,146,2311275,4,553,7.847206439960286
DG008,model.13.m.0.m.0.cv1.conv,3,10.373443603515625,11,2311275,146,2311129,4,554,7.853027602677731
DG009,model.13.m.0.m.1.cv1.conv,2,10.4259033203125,11,2311129,146,2310983,4,555,7.858848765395177
DG009,model.13.m.0.m.1.cv1.conv,22,10.430641174316406,11,2310983,146,2310837,4,556,7.864669928112622
DG008,model.13.m.0.m.0.cv1.conv,2,10.444210052490234,11,2310837,146,2310691,4,557,7.870491090830079
DG008,model.13.m.0.m.0.cv1.conv,3,10.460800170898438,11,2310691,146,2310545,4,558,7.876312253547524
DG009,model.13.m.0.m.1.cv1.conv,9,10.668750762939453,12,2310545,146,2310399,4,559,7.882133416264969
DG009,model.13.m.0.m.1.cv1.conv,20,10.713639259338379,12,2310399,146,2310253,4,560,7.887954578982415
DG009,model.13.m.0.m.1.cv1.conv,20,10.779401779174805,12,2310253,146,2310107,4,561,7.89377574169986
DG006,model.13.m.0.cv1.conv,3,10.804366111755371,12,2310107,656,2309451,15,562,7.91993110295085
DG008,model.13.m.0.m.0.cv1.conv,7,9.089118957519531,9,2309451,128,2309323,4,563,7.925034588072998
DG009,model.13.m.0.m.1.cv1.conv,7,9.456302642822266,9,2309323,128,2309195,4,564,7.9301380731951365
DG009,model.13.m.0.m.1.cv1.conv,12,9.539131164550781,9,2309195,128,2309067,4,565,7.935241558317285
DG009,model.13.m.0.m.1.cv1.conv,10,9.574580192565918,9,2309067,128,2308939,4,566,7.940345043439434
DG008,model.13.m.0.m.0.cv1.conv,2,9.625322341918945,9,2308939,128,2308811,4,567,7.945448528561572
DG008,model.13.m.0.m.0.cv1.conv,4,9.62844467163086,9,2308811,128,2308683,4,568,7.950552013683721
DG008,model.13.m.0.m.0.cv1.conv,4,9.763282775878906,10,2308683,128,2308555,4,569,7.95565549880587
DG009,model.13.m.0.m.1.cv1.conv,5,9.860963821411133,10,2308555,128,2308427,4,570,7.960758983928007
DG009,model.13.m.0.m.1.cv1.conv,14,9.938194274902344,11,2308427,128,2308299,4,571,7.965862469050156
DG009,model.13.m.0.m.1.cv1.conv,9,9.946271896362305,11,2308299,128,2308171,4,572,7.970965954172293
DG009,model.13.m.0.m.1.cv1.conv,11,10.00467300415039,11,2308171,128,2308043,4,573,7.976069439294442
DG008,model.13.m.0.m.0.cv1.conv,2,10.070602416992188,11,2308043,128,2307915,4,574,7.98117292441659
DG008,model.13.m.0.m.0.cv1.conv,0,10.078601837158203,11,2307915,128,2307787,4,575,7.986276409538728
DG008,model.13.m.0.m.0.cv1.conv,0,10.133468627929688,11,2307787,128,2307659,4,576,7.991379894660877
DG009,model.13.m.0.m.1.cv1.conv,10,10.182182312011719,11,2307659,128,2307531,4,577,7.996483379783026
DG009,model.13.m.0.m.1.cv1.conv,0,10.224133491516113,11,2307531,128,2307403,4,578,8.001586864905164
DG009,model.13.m.0.m.1.cv1.conv,8,10.317955017089844,11,2307403,128,2307275,4,579,8.006690350027313
DG009,model.13.m.0.m.1.cv1.conv,3,10.328811645507812,11,2307275,128,2307147,4,580,8.011793835149462
DG009,model.13.m.0.m.1.cv1.conv,1,10.392570495605469,11,2307147,128,2307019,4,581,8.0168973202716
DG008,model.13.m.0.m.0.cv1.conv,1,10.396682739257812,11,2307019,128,2306891,4,582,8.022000805393748
DG009,model.13.m.0.m.1.cv1.conv,2,10.458866119384766,11,2306891,128,2306763,4,583,8.027104290515885
DG009,model.13.m.0.m.1.cv1.conv,6,10.751245498657227,13,2306763,128,2306635,4,584,8.032207775638033
DG032,model.6.m.0.cv1.conv,3,10.815847396850586,13,2306635,170,2306465,15,585,8.038985841815883
DG032,model.6.m.0.cv1.conv,0,10.831086158752441,15,2306465,170,2306295,15,586,8.04576390799373
DG006,model.13.m.0.cv1.conv,3,10.841906547546387,15,2306295,260,2306035,15,587,8.056130362148084
DG009,model.13.m.0.m.1.cv1.conv,5,9.775840759277344,12,2306035,110,2305925,4,588,8.060516169674937
DG009,model.13.m.0.m.1.cv1.conv,4,9.890594482421875,13,2305925,110,2305815,4,589,8.064901977201778
DG009,model.13.m.0.m.1.cv1.conv,2,9.922168731689453,13,2305815,110,2305705,4,590,8.069287784728619
DG009,model.13.m.0.m.1.cv1.conv,0,10.012569427490234,13,2305705,110,2305595,4,591,8.07367359225546
DG009,model.13.m.0.m.1.cv1.conv,0,10.291343688964844,13,2305595,110,2305485,4,592,8.078059399782301
DG010,model.16.cv2.conv,45,10.849184036254883,15,2305485,1112,2304373,14,593,8.122395926780934
DG007,model.13.m.0.cv2.conv,7,10.851806640625,15,2304373,130,2304243,5,594,8.127579153858111
DG032,model.6.m.0.cv1.conv,3,10.854948043823242,16,2304243,170,2304073,15,595,8.134357220035959
DG007,model.13.m.0.cv2.conv,8,10.855712890625,16,2304073,130,2303943,5,596,8.139540447113147
DG006,model.13.m.0.cv1.conv,0,10.86861801147461,16,2303943,170,2303773,15,597,8.146318513290996
DG006,model.13.m.0.cv1.conv,4,10.880199432373047,16,2303773,170,2303603,15,598,8.153096579468844
DG007,model.13.m.0.cv2.conv,6,10.88034439086914,16,2303603,130,2303473,5,599,8.15827980654602
DG033,model.6.m.0.cv2.conv,0,10.891389846801758,16,2303473,130,2303343,5,600,8.163463033623197
DG032,model.6.m.0.cv1.conv,1,10.896034240722656,16,2303343,170,2303173,15,601,8.170241099801046
DG006,model.13.m.0.cv1.conv,1,10.9034423828125,16,2303173,170,2303003,15,602,8.177019165978894
DG010,model.16.cv2.conv,3,10.927224159240723,16,2303003,1112,2301891,14,603,8.221355692977529
DG010,model.16.cv2.conv,7,10.930106163024902,16,2301891,1112,2300779,14,604,8.265692219976161
DG007,model.13.m.0.cv2.conv,6,10.94622802734375,16,2300779,130,2300649,5,605,8.270875447053339
DG032,model.6.m.0.cv1.conv,0,10.955533981323242,16,2300649,170,2300479,15,606,8.277653513231186
DG006,model.13.m.0.cv1.conv,0,11.00540542602539,17,2300479,170,2300309,15,607,8.284431579409034
DG006,model.13.m.0.cv1.conv,1,11.034745216369629,17,2300309,170,2300139,15,608,8.291209645586884
DG007,model.13.m.0.cv2.conv,2,11.050857543945312,17,2300139,130,2300009,5,609,8.296392872664061
DG007,model.13.m.0.cv2.conv,4,11.075218200683594,17,2300009,130,2299879,5,610,8.301576099741236
DG007,model.13.m.0.cv2.conv,4,11.169876098632812,19,2299879,130,2299749,5,611,8.306759326818414
DG007,model.13.m.0.cv2.conv,1,11.19451904296875,19,2299749,130,2299619,5,612,8.311942553895591
DG007,model.13.m.0.cv2.conv,1,11.210121154785156,19,2299619,130,2299489,5,613,8.317125780972766
DG007,model.13.m.0.cv2.conv,0,11.272882461547852,19,2299489,130,2299359,5,614,8.322309008049956
DG010,model.16.cv2.conv,20,11.30056095123291,19,2299359,1112,2298247,14,615,8.366645535048578
DG010,model.16.cv2.conv,22,11.41028881072998,20,2298247,1112,2297135,14,616,8.410982062047212
DG010,model.16.cv2.conv,7,11.41391372680664,20,2297135,1112,2296023,14,617,8.455318589045845
DG010,model.16.cv2.conv,27,11.664224624633789,20,2296023,1112,2294911,14,618,8.49965511604448
DG010,model.16.cv2.conv,5,11.71638298034668,20,2294911,1112,2293799,14,619,8.543991643043114
DG010,model.16.cv2.conv,22,11.745377540588379,20,2293799,1112,2292687,14,620,8.588328170041748
DG010,model.16.cv2.conv,34,11.9719877243042,20,2292687,1112,2291575,14,621,8.632664697040383
DG010,model.16.cv2.conv,6,11.979284286499023,20,2291575,1112,2290463,14,622,8.677001224039005
DG010,model.16.cv2.conv,20,12.111831665039062,20,2290463,1112,2289351,14,623,8.72133775103764
DG010,model.16.cv2.conv,27,12.233657836914062,20,2289351,1112,2288239,14,624,8.765674278036272
DG010,model.16.cv2.conv,14,12.35704231262207,20,2288239,1112,2287127,14,625,8.810010805034906
DG028,model.4.cv2.conv,84,12.677614212036133,20,2287127,1314,2285813,6,626,8.862401269491926
DG010,model.16.cv2.conv,1,12.749889373779297,20,2285813,1112,2284701,14,627,8.90673779649056
DG010,model.16.cv2.conv,3,12.800796508789062,20,2284701,1112,2283589,14,628,8.951074323489195
DG028,model.4.cv2.conv,91,12.936467170715332,20,2283589,1314,2282275,6,629,9.003464787946204
DG038,model.8.m.0.cv1.conv,19,12.97555160522461,20,2282275,2566,2279709,15,630,9.105773716254205
DG010,model.16.cv2.conv,12,13.017353057861328,20,2279709,1112,2278597,14,631,9.15011024325283
DG010,model.16.cv2.conv,19,13.058425903320312,20,2278597,1112,2277485,14,632,9.194446770251464
DG010,model.16.cv2.conv,21,13.131158828735352,20,2277485,1112,2276373,14,633,9.238783297250098
DG010,model.16.cv2.conv,17,13.150495529174805,20,2276373,1112,2275261,14,634,9.28311982424873
DG028,model.4.cv2.conv,67,13.16921615600586,20,2275261,1314,2273947,6,635,9.33551028870575
DG028,model.4.cv2.conv,99,13.189695358276367,20,2273947,1314,2272633,6,636,9.38790075316277
DG010,model.16.cv2.conv,24,13.189861297607422,20,2272633,1112,2271521,14,637,9.432237280161393
DG010,model.16.cv2.conv,18,13.262741088867188,20,2271521,1112,2270409,14,638,9.476573807160026
DG016,model.19.cv2.conv,126,13.429784774780273,20,2270409,1784,2268625,14,639,9.54770363104992
DG028,model.4.cv2.conv,98,13.44626235961914,20,2268625,1314,2267311,6,640,9.60009409550694
DG028,model.4.cv2.conv,107,13.452106475830078,20,2267311,1314,2265997,6,641,9.652484559963959
DG028,model.4.cv2.conv,57,13.454488754272461,20,2265997,1314,2264683,6,642,9.704875024420978
DG010,model.16.cv2.conv,1,13.475580215454102,20,2264683,1112,2263571,14,643,9.7492115514196
DG010,model.16.cv2.conv,15,13.582498550415039,20,2263571,1112,2262459,14,644,9.793548078418235
DG010,model.16.cv2.conv,32,13.585958480834961,20,2262459,1112,2261347,14,645,9.83788460541687
DG028,model.4.cv2.conv,5,13.688152313232422,20,2261347,1314,2260033,6,646,9.890275069873889
DG010,model.16.cv2.conv,13,13.693682670593262,20,2260033,1112,2258921,14,647,9.934611596872521
DG038,model.8.m.0.cv1.conv,41,13.71635913848877,20,2258921,2566,2256355,15,648,10.036920525180514
DG028,model.4.cv2.conv,17,13.878435134887695,20,2256355,1314,2255041,6,649,10.089310989637534
DG010,model.16.cv2.conv,21,13.88504409790039,20,2255041,1112,2253929,14,650,10.133647516636168
DG010,model.16.cv2.conv,28,14.069860458374023,20,2253929,1112,2252817,14,651,10.177984043634803
DG028,model.4.cv2.conv,36,14.148073196411133,20,2252817,1314,2251503,6,652,10.23037450809181
DG010,model.16.cv2.conv,25,14.151978492736816,20,2251503,1112,2250391,14,653,10.274711035090444
DG010,model.16.cv2.conv,15,14.161104202270508,20,2250391,1112,2249279,14,654,10.319047562089079
DG028,model.4.cv2.conv,37,14.238094329833984,20,2249279,1314,2247965,6,655,10.371438026546098
DG010,model.16.cv2.conv,4,14.25531005859375,20,2247965,1112,2246853,14,656,10.415774553544733
DG028,model.4.cv2.conv,116,14.311564445495605,20,2246853,1314,2245539,6,657,10.468165018001752
DG028,model.4.cv2.conv,14,14.392200469970703,20,2245539,1314,2244225,6,658,10.52055548245876
DG010,model.16.cv2.conv,0,14.409225463867188,20,2244225,1112,2243113,14,659,10.564892009457393
DG028,model.4.cv2.conv,25,14.44370174407959,20,2243113,1314,2241799,6,660,10.617282473914413
DG028,model.4.cv2.conv,59,14.45482063293457,20,2241799,1314,2240485,6,661,10.669672938371432
DG026,model.22.m.0.1.ffn.0.conv,49,14.485783576965332,20,2240485,258,2240227,4,662,10.679959650570758
DG026,model.22.m.0.1.ffn.0.conv,205,14.502557754516602,20,2240227,258,2239969,4,663,10.690246362770072
DG028,model.4.cv2.conv,59,14.522833824157715,20,2239969,1314,2238655,6,664,10.742636827227091
DG038,model.8.m.0.cv1.conv,58,14.536773681640625,20,2238655,2566,2236089,15,665,10.844945755535084
DG028,model.4.cv2.conv,31,14.540538787841797,20,2236089,1314,2234775,6,666,10.897336219992104
DG028,model.4.cv2.conv,8,14.547779083251953,20,2234775,1314,2233461,6,667,10.949726684449123
DG010,model.16.cv2.conv,16,14.563694953918457,20,2233461,1112,2232349,14,668,10.994063211447758
DG028,model.4.cv2.conv,86,14.567914962768555,20,2232349,1314,2231035,6,669,11.046453675904777
DG028,model.4.cv2.conv,89,14.622618675231934,20,2231035,1314,2229721,6,670,11.098844140361786
DG028,model.4.cv2.conv,87,14.650484085083008,20,2229721,1314,2228407,6,671,11.151234604818805
DG038,model.8.m.0.cv1.conv,30,14.660930633544922,20,2228407,2566,2225841,15,672,11.253543533126798
DG028,model.4.cv2.conv,27,14.666825294494629,20,2225841,1314,2224527,6,673,11.305933997583818
DG028,model.4.cv2.conv,41,14.682477951049805,20,2224527,1314,2223213,6,674,11.358324462040837
DG010,model.16.cv2.conv,14,14.688620567321777,20,2223213,1112,2222101,14,675,11.40266098903947
DG028,model.4.cv2.conv,66,14.695053100585938,20,2222101,1314,2220787,6,676,11.45505145349649
DG028,model.4.cv2.conv,100,14.697490692138672,20,2220787,1314,2219473,6,677,11.507441917953498
DG010,model.16.cv2.conv,5,14.763021469116211,20,2219473,1112,2218361,14,678,11.551778444952133
DG010,model.16.cv2.conv,14,14.764223098754883,20,2218361,1112,2217249,14,679,11.596114971950765
DG028,model.4.cv2.conv,19,14.768022537231445,20,2217249,1314,2215935,6,680,11.648505436407785
DG028,model.4.cv2.conv,91,14.781482696533203,20,2215935,1314,2214621,6,681,11.700895900864804
DG028,model.4.cv2.conv,47,14.809328079223633,20,2214621,1314,2213307,6,682,11.753286365321813
DG028,model.4.cv2.conv,76,14.829007148742676,20,2213307,1314,2211993,6,683,11.805676829778832
DG026,model.22.m.0.1.ffn.0.conv,6,14.857269287109375,20,2211993,258,2211735,4,684,11.815963541978158
DG016,model.19.cv2.conv,22,14.863887786865234,20,2211735,1784,2209951,14,685,11.88709336586805
DG028,model.4.cv2.conv,82,14.893707275390625,20,2209951,1314,2208637,6,686,11.93948383032507
DG016,model.19.cv2.conv,70,14.907049179077148,20,2208637,1784,2206853,14,687,12.010613654214964
DG028,model.4.cv2.conv,5,14.928863525390625,20,2206853,1314,2205539,6,688,12.063004118671984
DG028,model.4.cv2.conv,74,14.942070007324219,20,2205539,1314,2204225,6,689,12.11539458312899
DG028,model.4.cv2.conv,65,14.949337005615234,20,2204225,1314,2202911,6,690,12.16778504758601
DG010,model.16.cv2.conv,15,14.965585708618164,20,2202911,1112,2201799,14,691,12.212121574584645
DG028,model.4.cv2.conv,47,14.969297409057617,20,2201799,1314,2200485,6,692,12.264512039041664
DG010,model.16.cv2.conv,12,15.013500213623047,20,2200485,1112,2199373,14,693,12.308848566040298
DG028,model.4.cv2.conv,7,15.0264892578125,20,2199373,1314,2198059,6,694,12.361239030497305
DG010,model.16.cv2.conv,6,15.040024757385254,20,2198059,1112,2196947,14,695,12.40557555749594
DG010,model.16.cv2.conv,15,15.043317794799805,20,2196947,1112,2195835,14,696,12.449912084494574
DG028,model.4.cv2.conv,46,15.044567108154297,20,2195835,1314,2194521,6,697,12.502302548951594
DG028,model.4.cv2.conv,32,15.04527473449707,20,2194521,1314,2193207,6,698,12.554693013408613
DG028,model.4.cv2.conv,67,15.04983139038086,20,2193207,1314,2191893,6,699,12.607083477865622
DG028,model.4.cv2.conv,38,15.056924819946289,20,2191893,1314,2190579,6,700,12.659473942322641
DG028,model.4.cv2.conv,31,15.058998107910156,20,2190579,1314,2189265,6,701,12.711864406779661
DG028,model.4.cv2.conv,59,15.060733795166016,20,2189265,1314,2187951,6,702,12.76425487123668
DG028,model.4.cv2.conv,85,15.06195068359375,20,2187951,1314,2186637,6,703,12.8166453356937
DG028,model.4.cv2.conv,75,15.075767517089844,20,2186637,1314,2185323,6,704,12.869035800150709
DG028,model.4.cv2.conv,19,15.095728874206543,20,2185323,1314,2184009,6,705,12.921426264607728
DG028,model.4.cv2.conv,44,15.097393035888672,20,2184009,1314,2182695,6,706,12.973816729064747
DG010,model.16.cv2.conv,15,15.121225357055664,20,2182695,1112,2181583,14,707,13.01815325606338
DG028,model.4.cv2.conv,81,15.130148887634277,20,2181583,1314,2180269,6,708,13.0705437205204
DG028,model.4.cv2.conv,42,15.134222984313965,20,2180269,1314,2178955,6,709,13.122934184977408
DG028,model.4.cv2.conv,61,15.140798568725586,20,2178955,1314,2177641,6,710,13.175324649434428
DG028,model.4.cv2.conv,61,15.159046173095703,20,2177641,1314,2176327,6,711,13.227715113891447
DG028,model.4.cv2.conv,56,15.165933609008789,20,2176327,1314,2175013,6,712,13.280105578348467
DG028,model.4.cv2.conv,58,15.177620887756348,20,2175013,1314,2173699,6,713,13.332496042805486
DG028,model.4.cv2.conv,7,15.18202018737793,20,2173699,1314,2172385,6,714,13.384886507262495
DG026,model.22.m.0.1.ffn.0.conv,83,15.200584411621094,20,2172385,258,2172127,4,715,13.395173219461821
DG010,model.16.cv2.conv,13,15.204706192016602,20,2172127,1112,2171015,14,716,13.439509746460454
DG015,model.17.conv,1,14.809783935546875,20,2171015,274,2170741,5,717,13.450434394300048
DG028,model.4.cv2.conv,29,15.219311714172363,20,2170741,1314,2169427,6,718,13.502824858757068
DG028,model.4.cv2.conv,46,15.223237991333008,20,2169427,1314,2168113,6,719,13.555215323214076
DG028,model.4.cv2.conv,23,15.228814125061035,20,2168113,1314,2166799,6,720,13.607605787671096
DG028,model.4.cv2.conv,41,15.232189178466797,20,2166799,1314,2165485,6,721,13.659996252128115
DG028,model.4.cv2.conv,40,15.245210647583008,20,2165485,1314,2164171,6,722,13.712386716585135
DG028,model.4.cv2.conv,5,15.266042709350586,20,2164171,1314,2162857,6,723,13.764777181042142
DG028,model.4.cv2.conv,20,15.28330135345459,20,2162857,1314,2161543,6,724,13.817167645499161
DG028,model.4.cv2.conv,22,15.289504051208496,20,2161543,1314,2160229,6,725,13.86955810995618
DG028,model.4.cv2.conv,63,15.293937683105469,20,2160229,1314,2158915,6,726,13.9219485744132
DG028,model.4.cv2.conv,46,15.368324279785156,20,2158915,1314,2157601,6,727,13.97433903887022
DG004,model.10.m.0.ffn.0.conv,1,15.386571884155273,20,2157601,258,2157343,4,728,13.984625751069535
DG028,model.4.cv2.conv,39,15.400650024414062,20,2157343,1314,2156029,6,729,14.037016215526554
DG028,model.4.cv2.conv,8,15.410205841064453,20,2156029,1314,2154715,6,730,14.089406679983574
DG028,model.4.cv2.conv,21,15.413928985595703,20,2154715,1314,2153401,6,731,14.141797144440593
DG028,model.4.cv2.conv,21,15.429290771484375,20,2153401,1314,2152087,6,732,14.194187608897613
DG010,model.16.cv2.conv,11,15.430285453796387,20,2152087,1103,2150984,14,733,14.238165297098593
DG015,model.17.conv,42,14.605911254882812,20,2150984,265,2150719,5,734,14.248731106140532
DG015,model.17.conv,51,15.113324165344238,20,2150719,265,2150454,5,735,14.259296915182473
DG015,model.17.conv,31,15.366719245910645,20,2150454,265,2150189,5,736,14.269862724224414
DG028,model.4.cv2.conv,16,15.439056396484375,20,2150189,1314,2148875,6,737,14.322253188681422
DG028,model.4.cv2.conv,16,15.442094802856445,20,2148875,1314,2147561,6,738,14.374643653138442
DG028,model.4.cv2.conv,36,15.448390007019043,20,2147561,1314,2146247,6,739,14.427034117595461
DG028,model.4.cv2.conv,25,15.449703216552734,20,2146247,1314,2144933,6,740,14.47942458205248
DG028,model.4.cv2.conv,16,15.455028533935547,20,2144933,1314,2143619,6,741,14.5318150465095
DG038,model.8.m.0.cv1.conv,24,15.472543716430664,20,2143619,2566,2141053,15,742,14.634123974817491
DG028,model.4.cv2.conv,40,15.478227615356445,20,2141053,1314,2139739,6,743,14.68651443927451
DG028,model.4.cv2.conv,37,15.500202178955078,20,2139739,1314,2138425,6,744,14.73890490373152
DG028,model.4.cv2.conv,15,15.501129150390625,20,2138425,1314,2137111,6,745,14.791295368188539
DG026,model.22.m.0.1.ffn.0.conv,242,15.510063171386719,20,2137111,258,2136853,4,746,14.801582080387865
DG028,model.4.cv2.conv,13,15.514748573303223,20,2136853,1314,2135539,6,747,14.853972544844884
DG016,model.19.cv2.conv,96,15.526013374328613,20,2135539,1784,2133755,14,748,14.925102368734777
DG010,model.16.cv2.conv,6,15.533119201660156,20,2133755,1076,2132679,14,749,14.968003540542806
DG015,model.17.conv,52,14.611780166625977,20,2132679,256,2132423,5,750,14.978210510787093
DG015,model.17.conv,52,15.267646789550781,20,2132423,256,2132167,5,751,14.98841748103138
DG028,model.4.cv2.conv,18,15.543295860290527,20,2132167,1314,2130853,6,752,15.0408079454884
DG028,model.4.cv2.conv,0,15.545734405517578,20,2130853,1314,2129539,6,753,15.093198409945419
DG028,model.4.cv2.conv,23,15.558050155639648,20,2129539,1314,2128225,6,754,15.145588874402439
DG026,model.22.m.0.1.ffn.0.conv,172,15.576898574829102,20,2128225,258,2127967,4,755,15.155875586601752
DG028,model.4.cv2.conv,25,15.577350616455078,20,2127967,1314,2126653,6,756,15.208266051058771
DG028,model.4.cv2.conv,36,15.579841613769531,20,2126653,1314,2125339,6,757,15.260656515515791
DG028,model.4.cv2.conv,30,15.581554412841797,20,2125339,1314,2124025,6,758,15.31304697997281
DG026,model.22.m.0.1.ffn.0.conv,93,15.598718643188477,20,2124025,258,2123767,4,759,15.323333692172136
DG015,model.17.conv,47,15.641911506652832,20,2123767,256,2123511,5,760,15.333540662416423
DG028,model.4.cv2.conv,41,15.653797149658203,20,2123511,1314,2122197,6,761,15.385931126873443
DG015,model.17.conv,55,15.659570693969727,20,2122197,256,2121941,5,762,15.396138097117728
DG010,model.16.cv2.conv,7,15.670318603515625,20,2121941,1040,2120901,14,763,15.437603913735154
DG015,model.17.conv,13,14.772656440734863,20,2120901,247,2120654,5,764,15.447452045181787
DG015,model.17.conv,53,15.06887435913086,20,2120654,247,2120407,5,765,15.45730017662843
DG015,model.17.conv,3,15.535930633544922,20,2120407,247,2120160,5,766,15.467148308075075
DG028,model.4.cv2.conv,21,15.68229866027832,20,2120160,1314,2118846,6,767,15.519538772532082
DG028,model.4.cv2.conv,7,15.683536529541016,20,2118846,1314,2117532,6,768,15.571929236989101
DG028,model.4.cv2.conv,17,15.688514709472656,20,2117532,1314,2116218,6,769,15.62431970144612
DG016,model.19.cv2.conv,96,15.690947532653809,20,2116218,1784,2114434,14,770,15.695449525336013
DG028,model.4.cv2.conv,18,15.692527770996094,20,2114434,1314,2113120,6,771,15.747839989793032
DG010,model.16.cv2.conv,2,15.69296646118164,20,2113120,1013,2112107,14,772,15.788229290017508
DG015,model.17.conv,10,14.166637420654297,20,2112107,238,2111869,5,773,15.797718582666487
DG015,model.17.conv,46,14.372269630432129,20,2111869,238,2111631,5,774,15.807207875315477
DG015,model.17.conv,6,14.640806198120117,20,2111631,238,2111393,5,775,15.816697167964467
DG015,model.17.conv,41,15.005902290344238,20,2111393,238,2111155,5,776,15.826186460613457
DG015,model.17.conv,0,15.222232818603516,20,2111155,238,2110917,5,777,15.835675753262446
DG015,model.17.conv,27,15.27939224243164,20,2110917,238,2110679,5,778,15.845165045911436
DG015,model.17.conv,40,15.280019760131836,20,2110679,238,2110441,5,779,15.854654338560415
DG015,model.17.conv,27,15.353713989257812,20,2110441,238,2110203,5,780,15.864143631209405
DG015,model.17.conv,22,15.624452590942383,20,2110203,238,2109965,5,781,15.873632923858395
DG015,model.17.conv,5,15.627017974853516,20,2109965,238,2109727,5,782,15.883122216507385
DG026,model.22.m.0.1.ffn.0.conv,197,15.70057487487793,20,2109727,258,2109469,4,783,15.893408928706709
DG028,model.4.cv2.conv,4,15.707042694091797,20,2109469,1314,2108155,6,784,15.945799393163718
DG028,model.4.cv2.conv,5,15.711315155029297,20,2108155,1314,2106841,6,785,15.998189857620737
DG028,model.4.cv2.conv,11,15.715717315673828,20,2106841,1314,2105527,6,786,16.050580322077757
DG028,model.4.cv2.conv,16,15.7225980758667,20,2105527,1314,2104213,6,787,16.102970786534776
DG028,model.4.cv2.conv,17,15.74388313293457,20,2104213,1314,2102899,6,788,16.155361250991795
DG026,model.22.m.0.1.ffn.0.conv,211,15.747467041015625,20,2102899,258,2102641,4,789,16.16564796319111
DG028,model.4.cv2.conv,22,15.757453918457031,20,2102641,1314,2101327,6,790,16.21803842764813
DG015,model.17.conv,9,15.764015197753906,20,2101327,238,2101089,5,791,16.227527720297118
DG028,model.4.cv2.conv,12,15.764335632324219,20,2101089,1314,2099775,6,792,16.279918184754138
DG015,model.17.conv,14,15.765130996704102,20,2099775,238,2099537,5,793,16.289407477403127
DG010,model.16.cv2.conv,7,15.77214241027832,20,2099537,905,2098632,14,794,16.32549071205579
DG015,model.17.conv,35,14.233865737915039,20,2098632,229,2098403,5,795,16.334621165907127
DG015,model.17.conv,30,14.385993003845215,20,2098403,229,2098174,5,796,16.34375161975846
DG015,model.17.conv,23,14.52717399597168,20,2098174,229,2097945,5,797,16.3528820736098
DG015,model.17.conv,2,14.617677688598633,20,2097945,229,2097716,5,798,16.362012527461133
DG015,model.17.conv,4,14.959132194519043,20,2097716,229,2097487,5,799,16.37114298131247
DG015,model.17.conv,8,14.968191146850586,20,2097487,229,2097258,5,800,16.380273435163804
DG015,model.17.conv,23,15.015533447265625,20,2097258,229,2097029,5,801,16.389403889015142
DG015,model.17.conv,2,15.05119800567627,20,2097029,229,2096800,5,802,16.39853434286649
DG015,model.17.conv,12,15.16707992553711,20,2096800,229,2096571,5,803,16.407664796717825
DG015,model.17.conv,9,15.261634826660156,20,2096571,229,2096342,5,804,16.41679525056916
DG015,model.17.conv,20,15.372325897216797,20,2096342,229,2096113,5,805,16.425925704420496
DG015,model.17.conv,23,15.595054626464844,20,2096113,229,2095884,5,806,16.435056158271834
DG015,model.17.conv,27,15.68789291381836,20,2095884,229,2095655,5,807,16.44418661212317
DG015,model.17.conv,15,15.777092933654785,20,2095655,229,2095426,5,808,16.453317065974502
DG028,model.4.cv2.conv,21,15.77789306640625,20,2095426,1314,2094112,6,809,16.505707530431522
DG015,model.17.conv,8,15.797889709472656,20,2094112,229,2093883,5,810,16.51483798428286
DG026,model.22.m.0.1.ffn.0.conv,118,15.812724113464355,20,2093883,258,2093625,4,811,16.525124696482184
DG028,model.4.cv2.conv,14,15.818061828613281,20,2093625,1314,2092311,6,812,16.577515160939203
DG028,model.4.cv2.conv,7,15.823234558105469,20,2092311,1314,2090997,6,813,16.629905625396212
DG028,model.4.cv2.conv,10,15.842756271362305,20,2090997,1314,2089683,6,814,16.68229608985323
DG028,model.4.cv2.conv,16,15.869586944580078,20,2089683,1314,2088369,6,815,16.73468655431025
DG028,model.4.cv2.conv,18,15.885444641113281,20,2088369,1314,2087055,6,816,16.78707701876727
DG010,model.16.cv2.conv,9,15.88555908203125,20,2087055,770,2086285,14,817,16.81777767145517
DG015,model.17.conv,3,13.922674179077148,20,2086285,220,2086065,5,818,16.826549286508865
DG015,model.17.conv,0,14.318885803222656,20,2086065,220,2085845,5,819,16.835320901562547
DG015,model.17.conv,3,14.91306209564209,20,2085845,220,2085625,5,820,16.84409251661623
DG015,model.17.conv,11,15.271209716796875,20,2085625,220,2085405,5,821,16.85286413166992
DG015,model.17.conv,10,15.374247550964355,20,2085405,220,2085185,5,822,16.861635746723604
DG015,model.17.conv,8,15.469974517822266,20,2085185,220,2084965,5,823,16.870407361777286
DG015,model.17.conv,10,15.672664642333984,20,2084965,220,2084745,5,824,16.87917897683098
DG015,model.17.conv,1,15.824213027954102,20,2084745,220,2084525,5,825,16.88795059188466
DG010,model.16.cv2.conv,1,15.906298637390137,20,2084525,698,2083827,14,826,16.91578053419136
DG015,model.17.conv,8,13.698970794677734,20,2083827,211,2083616,5,827,16.92419331044739
DG015,model.17.conv,5,14.890047073364258,20,2083616,211,2083405,5,828,16.932606086703426
DG015,model.17.conv,10,14.917139053344727,20,2083405,211,2083194,5,829,16.941018862959467
DG015,model.17.conv,5,14.977315902709961,20,2083194,211,2082983,5,830,16.949431639215497
DG015,model.17.conv,6,15.420701026916504,20,2082983,211,2082772,5,831,16.957844415471534
DG015,model.17.conv,6,15.796350479125977,20,2082772,211,2082561,5,832,16.966257191727575
DG026,model.22.m.0.1.ffn.0.conv,242,15.910500526428223,20,2082561,258,2082303,4,833,16.97654390392689
DG010,model.16.cv2.conv,3,15.929855346679688,20,2082303,644,2081659,14,834,17.00222081344769
DG015,model.17.conv,0,14.77835464477539,20,2081659,202,2081457,5,835,17.010274750906063
DG015,model.17.conv,5,14.79007339477539,20,2081457,202,2081255,5,836,17.01832868836445
DG015,model.17.conv,1,14.854358673095703,20,2081255,202,2081053,5,837,17.026382625822833
DG015,model.17.conv,7,15.282777786254883,20,2081053,202,2080851,5,838,17.03443656328122
DG015,model.17.conv,7,15.378692626953125,20,2080851,202,2080649,5,839,17.042490500739603
DG015,model.17.conv,4,15.672497749328613,20,2080649,202,2080447,5,840,17.05054443819799
DG028,model.4.cv2.conv,25,15.93494987487793,20,2080447,1314,2079133,6,841,17.102934902655008
DG028,model.4.cv2.conv,8,15.937957763671875,20,2079133,1314,2077819,6,842,17.155325367112027
DG028,model.4.cv2.conv,2,15.941308975219727,20,2077819,1314,2076505,6,843,17.207715831569036
DG028,model.4.cv2.conv,1,15.95001220703125,20,2076505,1314,2075191,6,844,17.260106296026056
DG028,model.4.cv2.conv,20,15.978948593139648,20,2075191,1314,2073877,6,845,17.312496760483075
DG015,model.17.conv,1,15.989450454711914,20,2073877,202,2073675,5,846,17.32055069794146
DG028,model.4.cv2.conv,7,16.009857177734375,20,2073675,1314,2072361,6,847,17.37294116239848
DG028,model.4.cv2.conv,9,16.02248191833496,20,2072361,1314,2071047,6,848,17.4253316268555
DG028,model.4.cv2.conv,10,16.033815383911133,20,2071047,1314,2069733,6,849,17.477722091312508
DG016,model.19.cv2.conv,64,16.0508975982666,20,2069733,1784,2067949,14,850,17.548851915202402
DG028,model.4.cv2.conv,0,16.059730529785156,20,2067949,1314,2066635,6,851,17.60124237965942
DG030,model.5.conv,107,15.476045608520508,20,2066635,310,2066325,4,852,17.61360238268962
DG028,model.4.cv2.conv,11,16.081178665161133,20,2066325,1305,2065020,6,853,17.665634008348984
DG028,model.4.cv2.conv,5,16.094011306762695,20,2065020,1305,2063715,6,854,17.717665634008352
DG028,model.4.cv2.conv,10,16.095458984375,20,2063715,1305,2062410,6,855,17.769697259667716
DG030,model.5.conv,116,15.996807098388672,20,2062410,283,2062127,4,856,17.78098074630495
DG030,model.5.conv,125,16.08561134338379,20,2062127,283,2061844,4,857,17.792264232942202
DG028,model.4.cv2.conv,15,16.095993041992188,20,2061844,1287,2060557,6,858,17.843578181006258
DG030,model.5.conv,22,15.227542877197266,20,2060557,274,2060283,4,859,17.854502828845852
DG030,model.5.conv,69,15.481884956359863,20,2060283,274,2060009,4,860,17.865427476685447
DG028,model.4.cv2.conv,2,16.099523544311523,20,2060009,1269,2058740,6,861,17.91602374715421
DG030,model.5.conv,22,14.26950740814209,20,2058740,265,2058475,4,862,17.92658955619615
DG030,model.5.conv,38,15.786518096923828,20,2058475,265,2058210,4,863,17.937155365238088
DG030,model.5.conv,88,15.809715270996094,20,2058210,265,2057945,4,864,17.94772117428003
DG030,model.5.conv,62,15.888224601745605,20,2057945,265,2057680,4,865,17.95828698332197
DG028,model.4.cv2.conv,7,16.10497283935547,20,2057680,1233,2056447,6,866,18.007447898600127
DG030,model.5.conv,14,14.592844009399414,20,2056447,256,2056191,4,867,18.017654868844424
DG030,model.5.conv,12,14.632999420166016,20,2056191,256,2055935,4,868,18.02786183908871
DG030,model.5.conv,88,14.985309600830078,20,2055935,256,2055679,4,869,18.038068809332998
DG030,model.5.conv,92,15.083734512329102,20,2055679,256,2055423,4,870,18.04827577957728
DG030,model.5.conv,61,15.593884468078613,20,2055423,256,2055167,4,871,18.05848274982158
DG030,model.5.conv,110,15.649598121643066,20,2055167,256,2054911,4,872,18.068689720065866
DG030,model.5.conv,1,15.740087509155273,20,2054911,256,2054655,4,873,18.078896690310152
DG030,model.5.conv,96,15.816726684570312,20,2054655,256,2054399,4,874,18.08910366055445
DG030,model.5.conv,66,15.875288009643555,20,2054399,256,2054143,4,875,18.099310630798737
DG030,model.5.conv,104,15.936891555786133,20,2054143,256,2053887,4,876,18.109517601043024
DG030,model.5.conv,2,15.939573287963867,20,2053887,256,2053631,4,877,18.11972457128731
DG030,model.5.conv,42,16.05472755432129,20,2053631,256,2053375,4,878,18.129931541531608
DG030,model.5.conv,69,16.05862045288086,20,2053375,256,2053119,4,879,18.140138511775895
DG039,model.8.m.0.cv2.conv,37,16.11456871032715,20,2053119,258,2052861,5,880,18.15042522397522
DG028,model.4.cv2.conv,13,16.11665916442871,20,2052861,1116,2051745,6,881,18.19492123488392
DG030,model.5.conv,91,14.924586296081543,20,2051745,247,2051498,4,882,18.204769366330552
DG030,model.5.conv,47,14.926965713500977,20,2051498,247,2051251,4,883,18.214617497777198
DG030,model.5.conv,96,14.964354515075684,20,2051251,247,2051004,4,884,18.22446562922383
DG030,model.5.conv,94,15.177445411682129,20,2051004,247,2050757,4,885,18.234313760670474
DG030,model.5.conv,98,15.224106788635254,20,2050757,247,2050510,4,886,18.244161892117106
DG030,model.5.conv,28,15.278961181640625,20,2050510,247,2050263,4,887,18.25401002356375
DG030,model.5.conv,94,15.456037521362305,20,2050263,247,2050016,4,888,18.263858155010382
DG030,model.5.conv,78,15.468681335449219,20,2050016,247,2049769,4,889,18.273706286457024
DG030,model.5.conv,35,15.499190330505371,20,2049769,247,2049522,4,890,18.28355441790367
DG030,model.5.conv,46,15.508801460266113,20,2049522,247,2049275,4,891,18.2934025493503
DG030,model.5.conv,81,15.679916381835938,20,2049275,247,2049028,4,892,18.303250680796946
DG030,model.5.conv,49,15.742717742919922,20,2049028,247,2048781,4,893,18.313098812243577
DG030,model.5.conv,27,15.75328254699707,20,2048781,247,2048534,4,894,18.322946943690223
DG030,model.5.conv,84,15.766938209533691,20,2048534,247,2048287,4,895,18.332795075136854
DG030,model.5.conv,52,15.89527702331543,20,2048287,247,2048040,4,896,18.342643206583496
DG030,model.5.conv,17,15.964468002319336,20,2048040,247,2047793,4,897,18.35249133803013
DG030,model.5.conv,26,15.991466522216797,20,2047793,247,2047546,4,898,18.362339469476773
DG026,model.22.m.0.1.ffn.0.conv,48,16.139850616455078,20,2047546,258,2047288,4,899,18.3726261816761
DG028,model.4.cv2.conv,3,16.16938591003418,20,2047288,963,2046325,6,900,18.411021933024728
DG030,model.5.conv,80,13.776481628417969,20,2046325,238,2046087,4,901,18.42051122567372
DG030,model.5.conv,77,14.281599044799805,20,2046087,238,2045849,4,902,18.430000518322707
DG030,model.5.conv,85,14.466743469238281,20,2045849,238,2045611,4,903,18.4394898109717
DG030,model.5.conv,27,14.510496139526367,20,2045611,238,2045373,4,904,18.448979103620687
DG030,model.5.conv,31,14.671924591064453,20,2045373,238,2045135,4,905,18.458468396269666
DG030,model.5.conv,33,14.716550827026367,20,2045135,238,2044897,4,906,18.467957688918656
DG030,model.5.conv,80,14.980582237243652,20,2044897,238,2044659,4,907,18.477446981567645
DG030,model.5.conv,4,15.126704216003418,20,2044659,238,2044421,4,908,18.486936274216635
DG030,model.5.conv,24,15.141382217407227,20,2044421,238,2044183,4,909,18.496425566865625
DG030,model.5.conv,43,15.167854309082031,20,2044183,238,2043945,4,910,18.505914859514615
DG030,model.5.conv,42,15.304258346557617,20,2043945,238,2043707,4,911,18.515404152163594
DG030,model.5.conv,74,15.360509872436523,20,2043707,238,2043469,4,912,18.524893444812584
DG030,model.5.conv,28,15.414922714233398,20,2043469,238,2043231,4,913,18.534382737461573
DG030,model.5.conv,73,15.487059593200684,20,2043231,238,2042993,4,914,18.543872030110563
DG030,model.5.conv,68,15.49005126953125,20,2042993,238,2042755,4,915,18.553361322759553
DG030,model.5.conv,73,15.520238876342773,20,2042755,238,2042517,4,916,18.562850615408532
DG030,model.5.conv,44,15.52814769744873,20,2042517,238,2042279,4,917,18.572339908057522
DG030,model.5.conv,42,15.566791534423828,20,2042279,238,2042041,4,918,18.581829200706512
DG030,model.5.conv,65,15.566933631896973,20,2042041,238,2041803,4,919,18.5913184933555
DG030,model.5.conv,21,15.57256031036377,20,2041803,238,2041565,4,920,18.60080778600449
DG030,model.5.conv,22,15.582708358764648,20,2041565,238,2041327,4,921,18.61029707865348
DG030,model.5.conv,17,15.675518035888672,20,2041327,238,2041089,4,922,18.61978637130246
DG030,model.5.conv,52,15.682577133178711,20,2041089,238,2040851,4,923,18.62927566395145
DG030,model.5.conv,2,15.687110900878906,20,2040851,238,2040613,4,924,18.63876495660044
DG030,model.5.conv,15,15.733686447143555,20,2040613,238,2040375,4,925,18.64825424924943
DG030,model.5.conv,37,15.868062973022461,20,2040375,238,2040137,4,926,18.65774354189842
DG030,model.5.conv,23,15.883500099182129,20,2040137,238,2039899,4,927,18.66723283454741
DG030,model.5.conv,60,16.000030517578125,20,2039899,238,2039661,4,928,18.67672212719639
DG030,model.5.conv,4,16.068124771118164,20,2039661,238,2039423,4,929,18.686211419845378
DG030,model.5.conv,21,16.09259796142578,20,2039423,238,2039185,4,930,18.695700712494368
DG028,model.4.cv2.conv,3,16.169858932495117,20,2039185,693,2038492,6,931,18.723331299913482
DG030,model.5.conv,50,13.339598655700684,20,2038492,229,2038263,4,932,18.732461753764817
DG030,model.5.conv,14,14.424539566040039,20,2038263,229,2038034,4,933,18.741592207616154
DG030,model.5.conv,20,14.425857543945312,20,2038034,229,2037805,4,934,18.75072266146749
DG030,model.5.conv,2,14.56912612915039,20,2037805,229,2037576,4,935,18.759853115318826
DG030,model.5.conv,41,14.569742202758789,20,2037576,229,2037347,4,936,18.76898356917016
DG030,model.5.conv,15,14.723896026611328,20,2037347,229,2037118,4,937,18.778114023021498
DG030,model.5.conv,11,14.834247589111328,20,2037118,229,2036889,4,938,18.787244476872843
DG030,model.5.conv,20,14.919631958007812,20,2036889,229,2036660,4,939,18.79637493072418
DG030,model.5.conv,39,14.939947128295898,20,2036660,229,2036431,4,940,18.805505384575515
DG030,model.5.conv,10,15.060237884521484,20,2036431,229,2036202,4,941,18.814635838426852
DG030,model.5.conv,31,15.160636901855469,20,2036202,229,2035973,4,942,18.823766292278187
DG030,model.5.conv,33,15.234301567077637,20,2035973,229,2035744,4,943,18.832896746129524
DG030,model.5.conv,24,15.279232025146484,20,2035744,229,2035515,4,944,18.84202719998086
DG030,model.5.conv,29,15.32293701171875,20,2035515,229,2035286,4,945,18.851157653832196
DG030,model.5.conv,27,15.341058731079102,20,2035286,229,2035057,4,946,18.86028810768353
DG030,model.5.conv,9,15.405454635620117,20,2035057,229,2034828,4,947,18.86941856153488
DG030,model.5.conv,25,15.445947647094727,20,2034828,229,2034599,4,948,18.878549015386213
DG030,model.5.conv,0,15.562772750854492,20,2034599,229,2034370,4,949,18.88767946923755
DG030,model.5.conv,9,15.59762191772461,20,2034370,229,2034141,4,950,18.896809923088888
DG030,model.5.conv,16,15.607402801513672,20,2034141,229,2033912,4,951,18.905940376940222
DG030,model.5.conv,30,15.60898208618164,20,2033912,229,2033683,4,952,18.915070830791556
DG030,model.5.conv,26,15.627325057983398,20,2033683,229,2033454,4,953,18.924201284642894
DG030,model.5.conv,2,15.649219512939453,20,2033454,229,2033225,4,954,18.933331738494232
DG030,model.5.conv,7,15.657503128051758,20,2033225,229,2032996,4,955,18.942462192345566
DG030,model.5.conv,34,15.725618362426758,20,2032996,229,2032767,4,956,18.9515926461969
DG030,model.5.conv,30,15.764793395996094,20,2032767,229,2032538,4,957,18.96072310004825
DG030,model.5.conv,12,15.769767761230469,20,2032538,229,2032309,4,958,18.969853553899586
DG030,model.5.conv,11,15.772217750549316,20,2032309,229,2032080,4,959,18.97898400775092
DG030,model.5.conv,26,15.850227355957031,20,2032080,229,2031851,4,960,18.988114461602258
DG030,model.5.conv,4,15.936075210571289,20,2031851,229,2031622,4,961,18.997244915453592
DG028,model.4.cv2.conv,10,16.174720764160156,20,2031622,423,2031199,6,962,19.01411033894318
DG030,model.5.conv,20,14.064996719360352,20,2031199,220,2030979,4,963,19.022881953996862
DG030,model.5.conv,12,14.202354431152344,20,2030979,220,2030759,4,964,19.031653569050555
DG030,model.5.conv,21,14.25653076171875,20,2030759,220,2030539,4,965,19.040425184104237
DG030,model.5.conv,10,14.425457000732422,20,2030539,220,2030319,4,966,19.04919679915793
DG030,model.5.conv,15,14.541986465454102,20,2030319,220,2030099,4,967,19.05796841421161
DG030,model.5.conv,20,14.65665054321289,20,2030099,220,2029879,4,968,19.066740029265294
DG030,model.5.conv,10,14.84890365600586,20,2029879,220,2029659,4,969,19.075511644318986
DG030,model.5.conv,18,15.166759490966797,20,2029659,220,2029439,4,970,19.08428325937267
DG030,model.5.conv,15,15.268424987792969,20,2029439,220,2029219,4,971,19.09305487442635
DG030,model.5.conv,6,15.353628158569336,20,2029219,220,2028999,4,972,19.101826489480047
DG030,model.5.conv,18,15.474262237548828,20,2028999,220,2028779,4,973,19.11059810453373
DG030,model.5.conv,16,15.642438888549805,20,2028779,220,2028559,4,974,19.11936971958742
DG030,model.5.conv,14,15.893390655517578,20,2028559,220,2028339,4,975,19.128141334641104
DG030,model.5.conv,5,16.060157775878906,20,2028339,220,2028119,4,976,19.136912949694786
DG030,model.5.conv,0,16.181259155273438,20,2028119,220,2027899,4,977,19.14568456474848
DG026,model.22.m.0.1.ffn.0.conv,56,16.19803810119629,20,2027899,258,2027641,4,978,19.155971276947792
DG010,model.16.cv2.conv,4,16.221296310424805,20,2027641,581,2027060,14,979,19.179136314885035
DG015,model.17.conv,0,13.848102569580078,20,2027060,193,2026867,5,980,19.186831413545768
DG015,model.17.conv,2,13.865272521972656,20,2026867,193,2026674,5,981,19.1945265122065
DG015,model.17.conv,0,15.159185409545898,20,2026674,193,2026481,5,982,19.20222161086723
DG015,model.17.conv,1,15.347511291503906,20,2026481,193,2026288,5,983,19.209916709527963
DG016,model.19.cv2.conv,106,16.238845825195312,21,2026288,1784,2024504,14,984,19.281046533417857
DG030,model.5.conv,3,16.24187660217285,21,2024504,220,2024284,4,985,19.28981814847155
DG030,model.5.conv,3,16.24803924560547,21,2024284,220,2024064,4,986,19.298589763525232
DG028,model.4.cv2.conv,9,16.281261444091797,21,2024064,270,2023794,6,987,19.30935492745476
DG030,model.5.conv,7,14.302708625793457,20,2023794,211,2023583,4,988,19.317767703710786
DG030,model.5.conv,10,15.064586639404297,20,2023583,211,2023372,4,989,19.326180479966826
DG030,model.5.conv,9,15.415283203125,20,2023372,211,2023161,4,990,19.334593256222867
DG030,model.5.conv,5,15.803743362426758,20,2023161,211,2022950,4,991,19.343006032478893
DG030,model.5.conv,4,15.80800724029541,20,2022950,211,2022739,4,992,19.351418808734934
DG026,model.22.m.0.1.ffn.0.conv,173,16.284027099609375,21,2022739,258,2022481,4,993,19.361705520934258
DG010,model.16.cv2.conv,3,16.290136337280273,21,2022481,545,2021936,14,994,19.38343520368089
DG016,model.19.cv2.conv,116,16.290699005126953,21,2021936,1784,2020152,14,995,19.45456502757078
DG028,model.4.cv2.conv,8,16.310958862304688,21,2020152,225,2019927,6,996,19.46353599751205
DG030,model.5.conv,5,10.9599609375,16,2019927,202,2019725,4,997,19.471589934970435
DG030,model.5.conv,1,14.28818130493164,21,2019725,202,2019523,4,998,19.47964387242882
DG030,model.5.conv,3,15.094446182250977,21,2019523,202,2019321,4,999,19.487697809887205
DG030,model.5.conv,0,15.251203536987305,21,2019321,202,2019119,4,1000,19.49575174734559
DG030,model.5.conv,2,15.429313659667969,21,2019119,202,2018917,4,1001,19.503805684803975
DG030,model.5.conv,0,15.897972106933594,21,2018917,202,2018715,4,1002,19.511859622262364
DG028,model.4.cv2.conv,1,16.322006225585938,21,2018715,171,2018544,6,1003,19.51867755941773
DG038,model.8.m.0.cv1.conv,44,16.324527740478516,22,2018544,2566,2015978,15,1004,19.620986487725723
DG026,model.22.m.0.1.ffn.0.conv,230,16.32927894592285,22,2015978,258,2015720,4,1005,19.631273199925047
DG028,model.4.cv2.conv,0,16.33617401123047,22,2015720,171,2015549,6,1006,19.638091137080405
DG026,model.22.m.0.1.ffn.0.conv,56,16.344863891601562,22,2015549,258,2015291,4,1007,19.64837784927973
DG010,model.16.cv2.conv,5,16.36349868774414,22,2015291,545,2014746,14,1008,19.67010753202636
DG026,model.22.m.0.1.ffn.0.conv,89,16.363746643066406,22,2014746,258,2014488,4,1009,19.680394244225685
DG010,model.16.cv2.conv,3,16.390281677246094,22,2014488,545,2013943,14,1010,19.702123926972316
DG026,model.22.m.0.1.ffn.0.conv,73,16.419452667236328,22,2013943,258,2013685,4,1011,19.71241063917164
DG028,model.4.cv2.conv,4,16.428726196289062,22,2013685,171,2013514,6,1012,19.71922857632701
DG026,model.22.m.0.1.ffn.0.conv,209,16.480045318603516,22,2013514,258,2013256,4,1013,19.729515288526333
DG028,model.4.cv2.conv,3,16.482446670532227,22,2013256,171,2013085,6,1014,19.73633322568169
DG026,model.22.m.0.1.ffn.0.conv,191,16.496479034423828,22,2013085,258,2012827,4,1015,19.746619937881015
DG010,model.16.cv2.conv,2,16.517213821411133,22,2012827,545,2012282,14,1016,19.768349620627646
DG028,model.4.cv2.conv,2,16.54146385192871,22,2012282,171,2012111,6,1017,19.775167557783014
DG026,model.22.m.0.1.ffn.0.conv,40,16.552160263061523,22,2012111,258,2011853,4,1018,19.78545426998234
DG026,model.22.m.0.1.ffn.0.conv,104,16.55218505859375,22,2011853,258,2011595,4,1019,19.795740982181663
DG038,model.8.m.0.cv1.conv,10,16.57312774658203,22,2011595,2566,2009029,15,1020,19.898049910489657
DG026,model.22.m.0.1.ffn.0.conv,121,16.657333374023438,22,2009029,258,2008771,4,1021,19.90833662268898
DG010,model.16.cv2.conv,1,16.659547805786133,22,2008771,545,2008226,14,1022,19.930066305435613
DG026,model.22.m.0.1.ffn.0.conv,106,16.665184020996094,22,2008226,258,2007968,4,1023,19.940353017634937
DG026,model.22.m.0.1.ffn.0.conv,106,16.665672302246094,22,2007968,258,2007710,4,1024,19.95063972983425
DG028,model.4.cv2.conv,2,16.695636749267578,22,2007710,171,2007539,6,1025,19.95745766698962
DG028,model.4.cv2.conv,0,16.70811653137207,22,2007539,171,2007368,6,1026,19.964275604144987
DG026,model.22.m.0.1.ffn.0.conv,230,16.718692779541016,22,2007368,258,2007110,4,1027,19.97456231634431
DG026,model.22.m.0.1.ffn.0.conv,122,16.759456634521484,22,2007110,258,2006852,4,1028,19.98484902854363
DG026,model.22.m.0.1.ffn.0.conv,99,16.766878128051758,22,2006852,258,2006594,4,1029,19.995135740742953
DG026,model.22.m.0.1.ffn.0.conv,153,16.829177856445312,22,2006594,258,2006336,4,1030,20.005422452942277
DG026,model.22.m.0.1.ffn.0.conv,2,16.83509635925293,22,2006336,258,2006078,4,1031,20.015709165141605
DG026,model.22.m.0.1.ffn.0.conv,168,16.850690841674805,22,2006078,258,2005820,4,1032,20.02599587734093
DG026,model.22.m.0.1.ffn.0.conv,194,16.8665771484375,22,2005820,258,2005562,4,1033,20.036282589540242
DG016,model.19.cv2.conv,114,16.87924575805664,22,2005562,1784,2003778,14,1034,20.107412413430136
DG026,model.22.m.0.1.ffn.0.conv,22,16.880081176757812,22,2003778,258,2003520,4,1035,20.117699125629464
DG016,model.19.cv2.conv,36,16.937602996826172,22,2003520,1784,2001736,14,1036,20.188828949519355
DG026,model.22.m.0.1.ffn.0.conv,207,17.005596160888672,22,2001736,258,2001478,4,1037,20.19911566171868
DG026,model.22.m.0.1.ffn.0.conv,9,17.076786041259766,23,2001478,258,2001220,4,1038,20.209402373918007
DG010,model.16.cv2.conv,0,17.091320037841797,23,2001220,545,2000675,14,1039,20.231132056664634
DG016,model.19.cv2.conv,108,17.118497848510742,23,2000675,1784,1998891,14,1040,20.30226188055453
DG026,model.22.m.0.1.ffn.0.conv,40,17.126251220703125,23,1998891,258,1998633,4,1041,20.312548592753853
DG026,model.22.m.0.1.ffn.0.conv,170,17.14348602294922,23,1998633,258,1998375,4,1042,20.32283530495317
DG026,model.22.m.0.1.ffn.0.conv,9,17.203214645385742,23,1998375,258,1998117,4,1043,20.333122017152494
DG026,model.22.m.0.1.ffn.0.conv,142,17.213584899902344,23,1998117,258,1997859,4,1044,20.343408729351818
DG022,model.2.m.0.cv1.conv,7,17.242328643798828,24,1997859,290,1997569,4,1045,20.354971312831672
DG038,model.8.m.0.cv1.conv,5,17.273117065429688,24,1997569,2566,1995003,15,1046,20.457280241139674
DG026,model.22.m.0.1.ffn.0.conv,134,17.350658416748047,24,1995003,258,1994745,4,1047,20.467566953339002
DG026,model.22.m.0.1.ffn.0.conv,144,17.352691650390625,24,1994745,258,1994487,4,1048,20.477853665538316
DG022,model.2.m.0.cv1.conv,5,17.357023239135742,24,1994487,290,1994197,4,1049,20.489416249018177
DG026,model.22.m.0.1.ffn.0.conv,90,17.375701904296875,24,1994197,258,1993939,4,1050,20.4997029612175
DG026,model.22.m.0.1.ffn.0.conv,206,17.379989624023438,24,1993939,258,1993681,4,1051,20.50998967341683
DG026,model.22.m.0.1.ffn.0.conv,210,17.38616943359375,24,1993681,258,1993423,4,1052,20.520276385616143
DG026,model.22.m.0.1.ffn.0.conv,102,17.408361434936523,24,1993423,258,1993165,4,1053,20.530563097815467
DG026,model.22.m.0.1.ffn.0.conv,20,17.427431106567383,24,1993165,258,1992907,4,1054,20.540849810014794
DG016,model.19.cv2.conv,56,17.499675750732422,24,1992907,1784,1991123,14,1055,20.61197963390469
DG026,model.22.m.0.1.ffn.0.conv,45,17.55276870727539,24,1991123,258,1990865,4,1056,20.622266346104013
DG026,model.22.m.0.1.ffn.0.conv,61,17.59403419494629,24,1990865,258,1990607,4,1057,20.632553058303326
DG022,model.2.m.0.cv1.conv,4,17.59486961364746,24,1990607,290,1990317,4,1058,20.644115641783188
DG026,model.22.m.0.1.ffn.0.conv,3,17.611719131469727,24,1990317,258,1990059,4,1059,20.654402353982515
DG026,model.22.m.0.1.ffn.0.conv,18,17.6143741607666,24,1990059,258,1989801,4,1060,20.66468906618184
DG038,model.8.m.0.cv1.conv,3,17.61948585510254,24,1989801,2566,1987235,15,1061,20.766997994489834
DG026,model.22.m.0.1.ffn.0.conv,128,17.630327224731445,24,1987235,258,1986977,4,1062,20.77728470668916
DG026,model.22.m.0.1.ffn.0.conv,116,17.657684326171875,24,1986977,258,1986719,4,1063,20.787571418888472
DG026,model.22.m.0.1.ffn.0.conv,143,17.690345764160156,24,1986719,258,1986461,4,1064,20.7978581310878
DG026,model.22.m.0.1.ffn.0.conv,113,17.705730438232422,24,1986461,258,1986203,4,1065,20.808144843287124
DG026,model.22.m.0.1.ffn.0.conv,83,17.722000122070312,24,1986203,258,1985945,4,1066,20.81843155548645
DG026,model.22.m.0.1.ffn.0.conv,41,17.722410202026367,24,1985945,258,1985687,4,1067,20.828718267685765
DG026,model.22.m.0.1.ffn.0.conv,3,17.765689849853516,24,1985687,258,1985429,4,1068,20.83900497988509
DG026,model.22.m.0.1.ffn.0.conv,87,17.78117561340332,24,1985429,258,1985171,4,1069,20.849291692084414
DG026,model.22.m.0.1.ffn.0.conv,43,17.800830841064453,24,1985171,258,1984913,4,1070,20.85957840428374
DG026,model.22.m.0.1.ffn.0.conv,133,17.818893432617188,24,1984913,258,1984655,4,1071,20.869865116483066
DG026,model.22.m.0.1.ffn.0.conv,189,17.83386993408203,24,1984655,258,1984397,4,1072,20.88015182868238
DG026,model.22.m.0.1.ffn.0.conv,109,17.864229202270508,24,1984397,258,1984139,4,1073,20.890438540881707
DG016,model.19.cv2.conv,102,17.87798309326172,24,1984139,1784,1982355,14,1074,20.961568364771598
DG026,model.22.m.0.1.ffn.0.conv,145,17.878564834594727,24,1982355,258,1982097,4,1075,20.971855076970925
DG026,model.22.m.0.1.ffn.0.conv,159,17.891204833984375,24,1982097,258,1981839,4,1076,20.98214178917025
DG026,model.22.m.0.1.ffn.0.conv,74,17.897769927978516,24,1981839,258,1981581,4,1077,20.992428501369563
DG026,model.22.m.0.1.ffn.0.conv,38,17.908889770507812,24,1981581,258,1981323,4,1078,21.00271521356889
DG026,model.22.m.0.1.ffn.0.conv,156,17.941890716552734,24,1981323,258,1981065,4,1079,21.013001925768215
DG026,model.22.m.0.1.ffn.0.conv,125,17.95580291748047,24,1981065,258,1980807,4,1080,21.02328863796754
DG022,model.2.m.0.cv1.conv,1,17.98080825805664,24,1980807,290,1980517,4,1081,21.034851221447393
DG026,model.22.m.0.1.ffn.0.conv,167,17.984886169433594,24,1980517,258,1980259,4,1082,21.045137933646718
DG026,model.22.m.0.1.ffn.0.conv,82,17.989028930664062,24,1980259,258,1980001,4,1083,21.055424645846045
DG026,model.22.m.0.1.ffn.0.conv,117,18.001052856445312,24,1980001,258,1979743,4,1084,21.06571135804537
DG016,model.19.cv2.conv,97,18.02212905883789,24,1979743,1784,1977959,14,1085,21.13684118193526
DG026,model.22.m.0.1.ffn.0.conv,184,18.049165725708008,24,1977959,258,1977701,4,1086,21.147127894134577
DG026,model.22.m.0.1.ffn.0.conv,145,18.113367080688477,24,1977701,258,1977443,4,1087,21.1574146063339
DG026,model.22.m.0.1.ffn.0.conv,1,18.125869750976562,24,1977443,258,1977185,4,1088,21.167701318533226
DG004,model.10.m.0.ffn.0.conv,113,18.12795066833496,24,1977185,258,1976927,4,1089,21.177988030732553
DG026,model.22.m.0.1.ffn.0.conv,153,18.135028839111328,24,1976927,258,1976669,4,1090,21.188274742931867
DG026,model.22.m.0.1.ffn.0.conv,3,18.144651412963867,24,1976669,258,1976411,4,1091,21.19856145513119
DG026,model.22.m.0.1.ffn.0.conv,10,18.194255828857422,24,1976411,258,1976153,4,1092,21.20884816733052
DG026,model.22.m.0.1.ffn.0.conv,24,18.205991744995117,24,1976153,258,1975895,4,1093,21.219134879529843
DG016,model.19.cv2.conv,103,18.213987350463867,24,1975895,1784,1974111,14,1094,21.290264703419737
DG026,model.22.m.0.1.ffn.0.conv,44,18.218812942504883,24,1974111,258,1973853,4,1095,21.30055141561905
DG016,model.19.cv2.conv,28,18.224607467651367,24,1973853,1784,1972069,14,1096,21.371681239508945
DG026,model.22.m.0.1.ffn.0.conv,162,18.234224319458008,24,1972069,258,1971811,4,1097,21.38196795170827
DG026,model.22.m.0.1.ffn.0.conv,98,18.247501373291016,24,1971811,258,1971553,4,1098,21.392254663907593
DG026,model.22.m.0.1.ffn.0.conv,14,18.249509811401367,24,1971553,258,1971295,4,1099,21.40254137610692
DG026,model.22.m.0.1.ffn.0.conv,60,18.266725540161133,24,1971295,258,1971037,4,1100,21.412828088306245
DG022,model.2.m.0.cv1.conv,2,18.270084381103516,24,1971037,290,1970747,4,1101,21.4243906717861
DG026,model.22.m.0.1.ffn.0.conv,71,18.271713256835938,24,1970747,258,1970489,4,1102,21.434677383985424
DG038,model.8.m.0.cv1.conv,39,18.27342987060547,24,1970489,2566,1967923,15,1103,21.536986312293415
DG026,model.22.m.0.1.ffn.0.conv,133,18.29096221923828,24,1967923,258,1967665,4,1104,21.547273024492743
DG004,model.10.m.0.ffn.0.conv,228,18.295185089111328,24,1967665,258,1967407,4,1105,21.557559736692067
DG016,model.19.cv2.conv,6,18.305633544921875,24,1967407,1784,1965623,14,1106,21.62868956058196
DG026,model.22.m.0.1.ffn.0.conv,20,18.333202362060547,24,1965623,258,1965365,4,1107,21.638976272781285
DG026,model.22.m.0.1.ffn.0.conv,40,18.343965530395508,24,1965365,258,1965107,4,1108,21.6492629849806
DG026,model.22.m.0.1.ffn.0.conv,93,18.38082504272461,24,1965107,258,1964849,4,1109,21.659549697179926
DG026,model.22.m.0.1.ffn.0.conv,160,18.38723373413086,24,1964849,258,1964591,4,1110,21.66983640937925
DG026,model.22.m.0.1.ffn.0.conv,157,18.389917373657227,24,1964591,258,1964333,4,1111,21.680123121578575
DG026,model.22.m.0.1.ffn.0.conv,145,18.395370483398438,24,1964333,258,1964075,4,1112,21.690409833777892
DG026,model.22.m.0.1.ffn.0.conv,56,18.444398880004883,24,1964075,258,1963817,4,1113,21.700696545977216
DG004,model.10.m.0.ffn.0.conv,234,18.444461822509766,24,1963817,258,1963559,4,1114,21.71098325817654
DG026,model.22.m.0.1.ffn.0.conv,97,18.45156478881836,24,1963559,258,1963301,4,1115,21.721269970375868
DG026,model.22.m.0.1.ffn.0.conv,63,18.46445083618164,24,1963301,258,1963043,4,1116,21.73155668257518
DG026,model.22.m.0.1.ffn.0.conv,31,18.465883255004883,24,1963043,258,1962785,4,1117,21.741843394774506
DG039,model.8.m.0.cv2.conv,36,18.499774932861328,24,1962785,258,1962527,5,1118,21.752130106973834
DG022,model.2.m.0.cv1.conv,2,18.516759872436523,24,1962527,290,1962237,4,1119,21.763692690453695
DG004,model.10.m.0.ffn.0.conv,34,18.54666519165039,24,1962237,258,1961979,4,1120,21.77397940265301
DG026,model.22.m.0.1.ffn.0.conv,30,18.56781005859375,24,1961979,258,1961721,4,1121,21.784266114852336
DG026,model.22.m.0.1.ffn.0.conv,89,18.575653076171875,24,1961721,258,1961463,4,1122,21.79455282705166
DG026,model.22.m.0.1.ffn.0.conv,0,18.60873031616211,24,1961463,258,1961205,4,1123,21.804839539250985
DG026,model.22.m.0.1.ffn.0.conv,133,18.619121551513672,24,1961205,258,1960947,4,1124,21.815126251450312
DG026,model.22.m.0.1.ffn.0.conv,82,18.619918823242188,24,1960947,258,1960689,4,1125,21.825412963649626
DG004,model.10.m.0.ffn.0.conv,97,18.620479583740234,24,1960689,258,1960431,4,1126,21.83569967584895
DG026,model.22.m.0.1.ffn.0.conv,70,18.65624237060547,24,1960431,258,1960173,4,1127,21.845986388048278
DG026,model.22.m.0.1.ffn.0.conv,73,18.659574508666992,24,1960173,258,1959915,4,1128,21.856273100247602
DG016,model.19.cv2.conv,35,18.687232971191406,24,1959915,1784,1958131,14,1129,21.927402924137496
DG026,model.22.m.0.1.ffn.0.conv,70,18.693387985229492,24,1958131,258,1957873,4,1130,21.93768963633681
DG026,model.22.m.0.1.ffn.0.conv,50,18.698448181152344,24,1957873,258,1957615,4,1131,21.947976348536137
DG016,model.19.cv2.conv,71,18.6989803314209,24,1957615,1784,1955831,14,1132,22.019106172426028
DG026,model.22.m.0.1.ffn.0.conv,73,18.715656280517578,24,1955831,258,1955573,4,1133,22.029392884625352
DG026,model.22.m.0.1.ffn.0.conv,47,18.722394943237305,24,1955573,258,1955315,4,1134,22.03967959682468
DG004,model.10.m.0.ffn.0.conv,148,18.725879669189453,24,1955315,258,1955057,4,1135,22.049966309023993
DG004,model.10.m.0.ffn.0.conv,0,18.732683181762695,24,1955057,258,1954799,4,1136,22.060253021223318
DG026,model.22.m.0.1.ffn.0.conv,61,18.73935317993164,24,1954799,258,1954541,4,1137,22.070539733422645
DG026,model.22.m.0.1.ffn.0.conv,102,18.748382568359375,24,1954541,258,1954283,4,1138,22.08082644562197
DG026,model.22.m.0.1.ffn.0.conv,57,18.756866455078125,24,1954283,258,1954025,4,1139,22.091113157821283
DG038,model.8.m.0.cv1.conv,17,18.76301383972168,24,1954025,2566,1951459,15,1140,22.19342208612929
DG026,model.22.m.0.1.ffn.0.conv,96,18.76656723022461,24,1951459,258,1951201,4,1141,22.203708798328613
DG004,model.10.m.0.ffn.0.conv,204,18.770618438720703,24,1951201,258,1950943,4,1142,22.21399551052793
DG026,model.22.m.0.1.ffn.0.conv,110,18.792924880981445,24,1950943,258,1950685,4,1143,22.224282222727254
DG026,model.22.m.0.1.ffn.0.conv,67,18.793075561523438,24,1950685,258,1950427,4,1144,22.23456893492658
DG004,model.10.m.0.ffn.0.conv,196,18.795799255371094,24,1950427,258,1950169,4,1145,22.244855647125906
DG026,model.22.m.0.1.ffn.0.conv,27,18.805030822753906,24,1950169,258,1949911,4,1146,22.25514235932522
DG004,model.10.m.0.ffn.0.conv,88,18.828107833862305,24,1949911,258,1949653,4,1147,22.265429071524544
DG026,model.22.m.0.1.ffn.0.conv,119,18.845623016357422,24,1949653,258,1949395,4,1148,22.27571578372387
DG004,model.10.m.0.ffn.0.conv,76,18.86422348022461,24,1949395,258,1949137,4,1149,22.286002495923196
DG026,model.22.m.0.1.ffn.0.conv,139,18.865198135375977,24,1949137,258,1948879,4,1150,22.29628920812251
DG026,model.22.m.0.1.ffn.0.conv,92,18.86771011352539,24,1948879,258,1948621,4,1151,22.306575920321837
DG026,model.22.m.0.1.ffn.0.conv,96,18.876142501831055,24,1948621,258,1948363,4,1152,22.31686263252116
DG026,model.22.m.0.1.ffn.0.conv,58,18.904010772705078,24,1948363,258,1948105,4,1153,22.32714934472049
DG026,model.22.m.0.1.ffn.0.conv,102,18.90532112121582,24,1948105,258,1947847,4,1154,22.337436056919813
DG026,model.22.m.0.1.ffn.0.conv,119,18.91752052307129,24,1947847,258,1947589,4,1155,22.347722769119127
DG026,model.22.m.0.1.ffn.0.conv,87,18.94281768798828,24,1947589,258,1947331,4,1156,22.358009481318454
DG038,model.8.m.0.cv1.conv,33,18.946557998657227,24,1947331,2566,1944765,15,1157,22.460318409626446
DG026,model.22.m.0.1.ffn.0.conv,87,18.94814109802246,24,1944765,258,1944507,4,1158,22.47060512182577
DG026,model.22.m.0.1.ffn.0.conv,10,18.950044631958008,24,1944507,258,1944249,4,1159,22.480891834025098
DG004,model.10.m.0.ffn.0.conv,220,18.950218200683594,24,1944249,258,1943991,4,1160,22.491178546224422
DG026,model.22.m.0.1.ffn.0.conv,102,18.951324462890625,24,1943991,258,1943733,4,1161,22.501465258423735
DG004,model.10.m.0.ffn.0.conv,131,18.954683303833008,24,1943733,258,1943475,4,1162,22.511751970623063
DG026,model.22.m.0.1.ffn.0.conv,27,18.958118438720703,24,1943475,258,1943217,4,1163,22.522038682822387
DG004,model.10.m.0.ffn.0.conv,20,18.970447540283203,24,1943217,258,1942959,4,1164,22.53232539502171
DG026,model.22.m.0.1.ffn.0.conv,67,18.996362686157227,24,1942959,258,1942701,4,1165,22.54261210722103
DG004,model.10.m.0.ffn.0.conv,53,19.007740020751953,24,1942701,258,1942443,4,1166,22.552898819420353
DG026,model.22.m.0.1.ffn.0.conv,74,19.008285522460938,24,1942443,258,1942185,4,1167,22.563185531619677
DG026,model.22.m.0.1.ffn.0.conv,89,19.008319854736328,24,1942185,258,1941927,4,1168,22.573472243819005
DG038,model.8.m.0.cv1.conv,37,19.009050369262695,24,1941927,2566,1939361,15,1169,22.675781172126996
DG026,model.22.m.0.1.ffn.0.conv,2,19.012939453125,24,1939361,258,1939103,4,1170,22.68606788432632
DG026,model.22.m.0.1.ffn.0.conv,115,19.019817352294922,24,1939103,258,1938845,4,1171,22.696354596525648
DG026,model.22.m.0.1.ffn.0.conv,13,19.03340721130371,24,1938845,258,1938587,4,1172,22.70664130872496
DG026,model.22.m.0.1.ffn.0.conv,26,19.039016723632812,24,1938587,258,1938329,4,1173,22.716928020924286
DG004,model.10.m.0.ffn.0.conv,27,19.043333053588867,24,1938329,258,1938071,4,1174,22.727214733123613
DG039,model.8.m.0.cv2.conv,25,19.05757713317871,24,1938071,258,1937813,5,1175,22.737501445322938
DG022,model.2.m.0.cv1.conv,0,19.063961029052734,24,1937813,290,1937523,4,1176,22.749064028802792
DG026,model.22.m.0.1.ffn.0.conv,72,19.068443298339844,24,1937523,258,1937265,4,1177,22.759350741002116
DG016,model.19.cv2.conv,22,19.072847366333008,24,1937265,1784,1935481,14,1178,22.830480564892007
DG004,model.10.m.0.ffn.0.conv,172,19.078060150146484,24,1935481,258,1935223,4,1179,22.840767277091334
DG026,model.22.m.0.1.ffn.0.conv,66,19.080886840820312,24,1935223,258,1934965,4,1180,22.85105398929066
DG039,model.8.m.0.cv2.conv,46,19.084442138671875,24,1934965,258,1934707,5,1181,22.861340701489972
DG026,model.22.m.0.1.ffn.0.conv,112,19.100778579711914,24,1934707,258,1934449,4,1182,22.8716274136893
DG026,model.22.m.0.1.ffn.0.conv,99,19.14092254638672,24,1934449,258,1934191,4,1183,22.881914125888624
DG026,model.22.m.0.1.ffn.0.conv,43,19.144058227539062,24,1934191,258,1933933,4,1184,22.892200838087952
DG004,model.10.m.0.ffn.0.conv,66,19.145109176635742,24,1933933,258,1933675,4,1185,22.902487550287265
DG004,model.10.m.0.ffn.0.conv,153,19.161754608154297,24,1933675,258,1933417,4,1186,22.91277426248659
DG026,model.22.m.0.1.ffn.0.conv,25,19.162931442260742,24,1933417,258,1933159,4,1187,22.923060974685917
DG026,model.22.m.0.1.ffn.0.conv,54,19.16949462890625,24,1933159,258,1932901,4,1188,22.93334768688524
DG026,model.22.m.0.1.ffn.0.conv,112,19.175312042236328,24,1932901,258,1932643,4,1189,22.943634399084566
DG039,model.8.m.0.cv2.conv,39,19.17682456970215,24,1932643,258,1932385,5,1190,22.953921111283883
DG004,model.10.m.0.ffn.0.conv,148,19.19379425048828,24,1932385,258,1932127,4,1191,22.964207823483207
DG026,model.22.m.0.1.ffn.0.conv,44,19.199371337890625,24,1932127,258,1931869,4,1192,22.97449453568253
DG016,model.19.cv2.conv,83,19.21004867553711,24,1931869,1784,1930085,14,1193,23.045624359572425
DG026,model.22.m.0.1.ffn.0.conv,101,19.22629737854004,24,1930085,258,1929827,4,1194,23.05591107177175
DG026,model.22.m.0.1.ffn.0.conv,15,19.227516174316406,24,1929827,258,1929569,4,1195,23.066197783971067
DG026,model.22.m.0.1.ffn.0.conv,28,19.24346351623535,24,1929569,258,1929311,4,1196,23.07648449617039
DG038,model.8.m.0.cv1.conv,47,19.246286392211914,24,1929311,2566,1926745,15,1197,23.178793424478382
DG004,model.10.m.0.ffn.0.conv,177,19.249900817871094,24,1926745,258,1926487,4,1198,23.18908013667771
DG004,model.10.m.0.ffn.0.conv,215,19.250202178955078,24,1926487,258,1926229,4,1199,23.199366848877034
DG004,model.10.m.0.ffn.0.conv,132,19.25116539001465,24,1926229,258,1925971,4,1200,23.209653561076358
DG004,model.10.m.0.ffn.0.conv,224,19.253639221191406,24,1925971,258,1925713,4,1201,23.219940273275686
DG039,model.8.m.0.cv2.conv,41,19.254119873046875,24,1925713,258,1925455,5,1202,23.230226985475
DG026,model.22.m.0.1.ffn.0.conv,4,19.26403045654297,24,1925455,258,1925197,4,1203,23.240513697674324
DG026,model.22.m.0.1.ffn.0.conv,77,19.26987075805664,24,1925197,258,1924939,4,1204,23.25080040987365
DG016,model.19.cv2.conv,99,19.272668838500977,24,1924939,1784,1923155,14,1205,23.321930233763545
DG004,model.10.m.0.ffn.0.conv,106,19.293441772460938,24,1923155,258,1922897,4,1206,23.33221694596287
DG026,model.22.m.0.1.ffn.0.conv,67,19.294124603271484,24,1922897,258,1922639,4,1207,23.342503658162183
DG026,model.22.m.0.1.ffn.0.conv,9,19.314529418945312,24,1922639,258,1922381,4,1208,23.35279037036151
DG026,model.22.m.0.1.ffn.0.conv,23,19.316905975341797,24,1922381,258,1922123,4,1209,23.363077082560835
DG026,model.22.m.0.1.ffn.0.conv,50,19.32082176208496,24,1922123,258,1921865,4,1210,23.37336379476016
DG026,model.22.m.0.1.ffn.0.conv,52,19.322126388549805,24,1921865,258,1921607,4,1211,23.383650506959476
DG026,model.22.m.0.1.ffn.0.conv,27,19.328445434570312,24,1921607,258,1921349,4,1212,23.3939372191588
DG039,model.8.m.0.cv2.conv,45,19.331541061401367,24,1921349,258,1921091,5,1213,23.404223931358125
DG026,model.22.m.0.1.ffn.0.conv,78,19.33346176147461,24,1921091,258,1920833,4,1214,23.414510643557453
DG004,model.10.m.0.ffn.0.conv,194,19.335182189941406,24,1920833,258,1920575,4,1215,23.424797355756766
DG004,model.10.m.0.ffn.0.conv,7,19.33617401123047,24,1920575,258,1920317,4,1216,23.43508406795609
DG016,model.19.cv2.conv,33,19.336212158203125,24,1920317,1784,1918533,14,1217,23.506213891845984
DG026,model.22.m.0.1.ffn.0.conv,28,19.340003967285156,24,1918533,258,1918275,4,1218,23.51650060404531
DG026,model.22.m.0.1.ffn.0.conv,14,19.340545654296875,24,1918275,258,1918017,4,1219,23.526787316244636
DG026,model.22.m.0.1.ffn.0.conv,47,19.353397369384766,24,1918017,258,1917759,4,1220,23.53707402844396
DG004,model.10.m.0.ffn.0.conv,147,19.360809326171875,24,1917759,258,1917501,4,1221,23.547360740643274
DG026,model.22.m.0.1.ffn.0.conv,63,19.369884490966797,24,1917501,258,1917243,4,1222,23.557647452842602
DG026,model.22.m.0.1.ffn.0.conv,95,19.37612533569336,24,1917243,258,1916985,4,1223,23.567934165041926
DG004,model.10.m.0.ffn.0.conv,85,19.378366470336914,24,1916985,258,1916727,4,1224,23.57822087724125
DG026,model.22.m.0.1.ffn.0.conv,71,19.379117965698242,24,1916727,258,1916469,4,1225,23.588507589440567
DG004,model.10.m.0.ffn.0.conv,112,19.393341064453125,24,1916469,258,1916211,4,1226,23.59879430163989
DG026,model.22.m.0.1.ffn.0.conv,94,19.399126052856445,24,1916211,258,1915953,4,1227,23.609081013839216
DG004,model.10.m.0.ffn.0.conv,107,19.40326690673828,24,1915953,258,1915695,4,1228,23.619367726038544
DG039,model.8.m.0.cv2.conv,37,19.40625762939453,24,1915695,258,1915437,5,1229,23.629654438237857
DG004,model.10.m.0.ffn.0.conv,3,19.40841293334961,24,1915437,258,1915179,4,1230,23.63994115043718
DG026,model.22.m.0.1.ffn.0.conv,45,19.409215927124023,24,1915179,258,1914921,4,1231,23.65022786263651
DG004,model.10.m.0.ffn.0.conv,49,19.411251068115234,24,1914921,258,1914663,4,1232,23.660514574835833
DG004,model.10.m.0.ffn.0.conv,14,19.417495727539062,24,1914663,258,1914405,4,1233,23.67080128703516
DG039,model.8.m.0.cv2.conv,17,19.417926788330078,24,1914405,258,1914147,5,1234,23.681087999234474
DG004,model.10.m.0.ffn.0.conv,122,19.418140411376953,24,1914147,258,1913889,4,1235,23.6913747114338
DG038,model.8.m.0.cv1.conv,20,19.426639556884766,24,1913889,2566,1911323,15,1236,23.793683639741793
DG004,model.10.m.0.ffn.0.conv,184,19.428266525268555,24,1911323,258,1911065,4,1237,23.803970351941118
DG004,model.10.m.0.ffn.0.conv,156,19.43077850341797,24,1911065,258,1910807,4,1238,23.814257064140442
DG004,model.10.m.0.ffn.0.conv,100,19.43248748779297,24,1910807,258,1910549,4,1239,23.82454377633977
DG039,model.8.m.0.cv2.conv,46,19.435251235961914,24,1910549,258,1910291,5,1240,23.834830488539083
DG026,model.22.m.0.1.ffn.0.conv,58,19.435537338256836,24,1910291,258,1910033,4,1241,23.845117200738407
DG039,model.8.m.0.cv2.conv,42,19.440637588500977,24,1910033,258,1909775,5,1242,23.855403912937735
DG026,model.22.m.0.1.ffn.0.conv,56,19.44176483154297,24,1909775,258,1909517,4,1243,23.86569062513706
DG026,model.22.m.0.1.ffn.0.conv,17,19.442054748535156,24,1909517,258,1909259,4,1244,23.875977337336383
DG004,model.10.m.0.ffn.0.conv,214,19.4455623626709,24,1909259,258,1909001,4,1245,23.8862640495357
DG039,model.8.m.0.cv2.conv,51,19.4466495513916,24,1909001,258,1908743,5,1246,23.896550761735025
DG026,model.22.m.0.1.ffn.0.conv,30,19.446903228759766,24,1908743,258,1908485,4,1247,23.90683747393435
DG038,model.8.m.0.cv1.conv,38,19.448894500732422,24,1908485,2566,1905919,15,1248,24.009146402242344
DG039,model.8.m.0.cv2.conv,46,19.44901466369629,24,1905919,258,1905661,5,1249,24.019433114441668
DG004,model.10.m.0.ffn.0.conv,185,19.454483032226562,24,1905661,258,1905403,4,1250,24.029719826640992
DG004,model.10.m.0.ffn.0.conv,139,19.454626083374023,24,1905403,258,1905145,4,1251,24.04000653884031
DG038,model.8.m.0.cv1.conv,16,19.458364486694336,24,1905145,2566,1902579,15,1252,24.14231546714831
DG004,model.10.m.0.ffn.0.conv,169,19.459428787231445,24,1902579,258,1902321,4,1253,24.152602179347625
DG004,model.10.m.0.ffn.0.conv,0,19.46091651916504,24,1902321,258,1902063,4,1254,24.162888891546952
DG026,model.22.m.0.1.ffn.0.conv,16,19.480072021484375,24,1902063,258,1901805,4,1255,24.173175603746277
DG026,model.22.m.0.1.ffn.0.conv,35,19.48459243774414,24,1901805,258,1901547,4,1256,24.183462315945604
DG004,model.10.m.0.ffn.0.conv,134,19.485309600830078,24,1901547,258,1901289,4,1257,24.19374902814493
DG004,model.10.m.0.ffn.0.conv,15,19.490909576416016,24,1901289,258,1901031,4,1258,24.204035740344242
DG004,model.10.m.0.ffn.0.conv,157,19.501020431518555,24,1901031,258,1900773,4,1259,24.21432245254357
DG039,model.8.m.0.cv2.conv,32,19.50371551513672,24,1900773,258,1900515,5,1260,24.224609164742894
DG004,model.10.m.0.ffn.0.conv,4,19.50469970703125,24,1900515,258,1900257,4,1261,24.23489587694222
DG004,model.10.m.0.ffn.0.conv,40,19.510465621948242,24,1900257,258,1899999,4,1262,24.245182589141535
DG026,model.22.m.0.1.ffn.0.conv,14,19.513471603393555,24,1899999,258,1899741,4,1263,24.25546930134086
DG026,model.22.m.0.1.ffn.0.conv,66,19.52297019958496,24,1899741,258,1899483,4,1264,24.265756013540184
DG038,model.8.m.0.cv1.conv,24,19.536720275878906,24,1899483,2566,1896917,15,1265,24.36806494184818
DG038,model.8.m.0.cv1.conv,16,19.53765869140625,24,1896917,2566,1894351,15,1266,24.47037387015617
DG026,model.22.m.0.1.ffn.0.conv,2,19.53878402709961,24,1894351,258,1894093,4,1267,24.480660582355497
DG039,model.8.m.0.cv2.conv,0,19.54147720336914,24,1894093,258,1893835,5,1268,24.49094729455482
DG004,model.10.m.0.ffn.0.conv,104,19.545217514038086,24,1893835,258,1893577,4,1269,24.501234006754146
DG004,model.10.m.0.ffn.0.conv,203,19.548553466796875,24,1893577,258,1893319,4,1270,24.511520718953463
DG004,model.10.m.0.ffn.0.conv,127,19.55130386352539,24,1893319,258,1893061,4,1271,24.521807431152787
DG004,model.10.m.0.ffn.0.conv,173,19.554079055786133,24,1893061,258,1892803,4,1272,24.53209414335211
DG004,model.10.m.0.ffn.0.conv,53,19.560726165771484,24,1892803,258,1892545,4,1273,24.54238085555144
DG004,model.10.m.0.ffn.0.conv,183,19.572853088378906,24,1892545,258,1892287,4,1274,24.552667567750763
DG039,model.8.m.0.cv2.conv,29,19.576778411865234,24,1892287,258,1892029,5,1275,24.562954279950077
DG026,model.22.m.0.1.ffn.0.conv,3,19.576892852783203,24,1892029,258,1891771,4,1276,24.573240992149405
DG038,model.8.m.0.cv1.conv,25,19.577720642089844,24,1891771,2566,1889205,15,1277,24.675549920457396
DG016,model.19.cv2.conv,96,19.585742950439453,24,1889205,1784,1887421,14,1278,24.74667974434729
DG004,model.10.m.0.ffn.0.conv,189,19.58601188659668,24,1887421,258,1887163,4,1279,24.756966456546614
DG026,model.22.m.0.1.ffn.0.conv,82,19.595836639404297,24,1887163,258,1886905,4,1280,24.76725316874594
DG039,model.8.m.0.cv2.conv,18,19.60028839111328,24,1886905,258,1886647,5,1281,24.777539880945266
DG026,model.22.m.0.1.ffn.0.conv,25,19.600841522216797,24,1886647,258,1886389,4,1282,24.78782659314458
DG004,model.10.m.0.ffn.0.conv,181,19.602313995361328,24,1886389,258,1886131,4,1283,24.798113305343904
DG004,model.10.m.0.ffn.0.conv,104,19.608905792236328,24,1886131,258,1885873,4,1284,24.80840001754323
DG004,model.10.m.0.ffn.0.conv,152,19.61273193359375,24,1885873,258,1885615,4,1285,24.818686729742556
DG039,model.8.m.0.cv2.conv,44,19.61275863647461,24,1885615,258,1885357,5,1286,24.82897344194187
DG026,model.22.m.0.1.ffn.0.conv,12,19.614429473876953,24,1885357,258,1885099,4,1287,24.839260154141197
DG026,model.22.m.0.1.ffn.0.conv,46,19.614826202392578,24,1885099,258,1884841,4,1288,24.84954686634052
DG026,model.22.m.0.1.ffn.0.conv,31,19.6202392578125,24,1884841,258,1884583,4,1289,24.85983357853985
DG004,model.10.m.0.ffn.0.conv,151,19.62363052368164,24,1884583,258,1884325,4,1290,24.870120290739173
DG004,model.10.m.0.ffn.0.conv,145,19.6252384185791,24,1884325,258,1884067,4,1291,24.880407002938487
DG026,model.22.m.0.1.ffn.0.conv,45,19.625816345214844,24,1884067,258,1883809,4,1292,24.890693715137814
DG004,model.10.m.0.ffn.0.conv,1,19.626121520996094,24,1883809,258,1883551,4,1293,24.90098042733714
DG039,model.8.m.0.cv2.conv,6,19.628799438476562,24,1883551,258,1883293,5,1294,24.911267139536463
DG004,model.10.m.0.ffn.0.conv,94,19.63567352294922,24,1883293,258,1883035,4,1295,24.92155385173578
DG039,model.8.m.0.cv2.conv,40,19.64134407043457,24,1883035,258,1882777,5,1296,24.931840563935104
DG039,model.8.m.0.cv2.conv,10,19.64869499206543,24,1882777,258,1882519,5,1297,24.94212727613443
DG004,model.10.m.0.ffn.0.conv,87,19.65301513671875,24,1882519,258,1882261,4,1298,24.952413988333756
DG004,model.10.m.0.ffn.0.conv,60,19.653635025024414,24,1882261,258,1882003,4,1299,24.96270070053308
DG039,model.8.m.0.cv2.conv,35,19.653703689575195,24,1882003,258,1881745,5,1300,24.972987412732394
DG004,model.10.m.0.ffn.0.conv,120,19.661396026611328,24,1881745,258,1881487,4,1301,24.98327412493172
DG026,model.22.m.0.1.ffn.0.conv,49,19.666807174682617,24,1881487,258,1881229,4,1302,24.993560837131046
DG004,model.10.m.0.ffn.0.conv,8,19.669612884521484,24,1881229,258,1880971,4,1303,25.00384754933037
DG026,model.22.m.0.1.ffn.0.conv,12,19.672155380249023,24,1880971,258,1880713,4,1304,25.014134261529687
DG026,model.22.m.0.1.ffn.0.conv,71,19.680004119873047,24,1880713,258,1880455,4,1305,25.02442097372901
DG004,model.10.m.0.ffn.0.conv,99,19.69900894165039,24,1880455,258,1880197,4,1306,25.034707685928336
DG004,model.10.m.0.ffn.0.conv,143,19.70621109008789,24,1880197,258,1879939,4,1307,25.044994398127663
DG004,model.10.m.0.ffn.0.conv,50,19.707971572875977,24,1879939,258,1879681,4,1308,25.055281110326977
DG004,model.10.m.0.ffn.0.conv,2,19.712505340576172,24,1879681,258,1879423,4,1309,25.0655678225263
DG004,model.10.m.0.ffn.0.conv,57,19.71763801574707,24,1879423,258,1879165,4,1310,25.07585453472563
DG004,model.10.m.0.ffn.0.conv,109,19.72179412841797,24,1879165,258,1878907,4,1311,25.086141246924953
DG026,model.22.m.0.1.ffn.0.conv,35,19.72335433959961,24,1878907,258,1878649,4,1312,25.096427959124277
DG004,model.10.m.0.ffn.0.conv,133,19.723928451538086,24,1878649,258,1878391,4,1313,25.106714671323594
DG004,model.10.m.0.ffn.0.conv,122,19.73124122619629,24,1878391,258,1878133,4,1314,25.11700138352292
DG004,model.10.m.0.ffn.0.conv,123,19.734725952148438,24,1878133,258,1877875,4,1315,25.127288095722243
DG026,model.22.m.0.1.ffn.0.conv,17,19.73819351196289,24,1877875,258,1877617,4,1316,25.13757480792157
DG026,model.22.m.0.1.ffn.0.conv,5,19.74901580810547,24,1877617,258,1877359,4,1317,25.147861520120884
DG026,model.22.m.0.1.ffn.0.conv,65,19.750213623046875,24,1877359,258,1877101,4,1318,25.158148232320208
DG004,model.10.m.0.ffn.0.conv,93,19.753154754638672,24,1877101,258,1876843,4,1319,25.168434944519536
DG004,model.10.m.0.ffn.0.conv,68,19.75780487060547,24,1876843,258,1876585,4,1320,25.17872165671886
DG026,model.22.m.0.1.ffn.0.conv,13,19.75967025756836,24,1876585,258,1876327,4,1321,25.189008368918174
DG004,model.10.m.0.ffn.0.conv,163,19.76544761657715,24,1876327,258,1876069,4,1322,25.1992950811175
DG004,model.10.m.0.ffn.0.conv,29,19.76676368713379,24,1876069,258,1875811,4,1323,25.209581793316826
DG004,model.10.m.0.ffn.0.conv,59,19.771427154541016,24,1875811,258,1875553,4,1324,25.219868505516153
DG039,model.8.m.0.cv2.conv,2,19.777612686157227,24,1875553,258,1875295,5,1325,25.230155217715478
DG026,model.22.m.0.1.ffn.0.conv,44,19.778900146484375,24,1875295,258,1875037,4,1326,25.24044192991479
DG004,model.10.m.0.ffn.0.conv,73,19.785541534423828,24,1875037,258,1874779,4,1327,25.25072864211412
DG004,model.10.m.0.ffn.0.conv,71,19.78959846496582,24,1874779,258,1874521,4,1328,25.261015354313443
DG038,model.8.m.0.cv1.conv,7,19.789737701416016,24,1874521,2566,1871955,15,1329,25.363324282621434
DG004,model.10.m.0.ffn.0.conv,99,19.792762756347656,24,1871955,258,1871697,4,1330,25.373610994820762
DG004,model.10.m.0.ffn.0.conv,163,19.795150756835938,24,1871697,258,1871439,4,1331,25.383897707020086
DG004,model.10.m.0.ffn.0.conv,110,19.796390533447266,24,1871439,258,1871181,4,1332,25.3941844192194
DG004,model.10.m.0.ffn.0.conv,146,19.797266006469727,24,1871181,258,1870923,4,1333,25.404471131418727
DG004,model.10.m.0.ffn.0.conv,141,19.799949645996094,24,1870923,258,1870665,4,1334,25.41475784361805
DG004,model.10.m.0.ffn.0.conv,142,19.80238914489746,24,1870665,258,1870407,4,1335,25.42504455581738
DG039,model.8.m.0.cv2.conv,1,19.807903289794922,24,1870407,258,1870149,5,1336,25.435331268016704
DG039,model.8.m.0.cv2.conv,34,19.809165954589844,24,1870149,258,1869891,5,1337,25.445617980216017
DG004,model.10.m.0.ffn.0.conv,141,19.812639236450195,24,1869891,258,1869633,4,1338,25.455904692415345
DG026,model.22.m.0.1.ffn.0.conv,7,19.81406593322754,24,1869633,258,1869375,4,1339,25.46619140461467
DG004,model.10.m.0.ffn.0.conv,24,19.817867279052734,24,1869375,258,1869117,4,1340,25.476478116813993
DG004,model.10.m.0.ffn.0.conv,106,19.81793785095215,24,1869117,258,1868859,4,1341,25.48676482901331
DG026,model.22.m.0.1.ffn.0.conv,42,19.823827743530273,24,1868859,258,1868601,4,1342,25.497051541212635
DG004,model.10.m.0.ffn.0.conv,53,19.829809188842773,24,1868601,258,1868343,4,1343,25.50733825341196
DG004,model.10.m.0.ffn.0.conv,133,19.832868576049805,24,1868343,258,1868085,4,1344,25.517624965611287
DG004,model.10.m.0.ffn.0.conv,101,19.847789764404297,24,1868085,258,1867827,4,1345,25.5279116778106
DG004,model.10.m.0.ffn.0.conv,123,19.849170684814453,24,1867827,258,1867569,4,1346,25.538198390009924
DG004,model.10.m.0.ffn.0.conv,120,19.880451202392578,24,1867569,258,1867311,4,1347,25.548485102209252
DG004,model.10.m.0.ffn.0.conv,95,19.886911392211914,24,1867311,258,1867053,4,1348,25.558771814408576
DG039,model.8.m.0.cv2.conv,13,19.889942169189453,24,1867053,258,1866795,5,1349,25.5690585266079
DG004,model.10.m.0.ffn.0.conv,48,19.89896583557129,24,1866795,258,1866537,4,1350,25.579345238807218
DG004,model.10.m.0.ffn.0.conv,31,19.906204223632812,24,1866537,258,1866279,4,1351,25.58963195100654
DG004,model.10.m.0.ffn.0.conv,30,19.906696319580078,24,1866279,258,1866021,4,1352,25.599918663205866
DG039,model.8.m.0.cv2.conv,25,19.912986755371094,24,1866021,258,1865763,5,1353,25.610205375405194
DG004,model.10.m.0.ffn.0.conv,94,19.928478240966797,24,1865763,258,1865505,4,1354,25.620492087604507
DG004,model.10.m.0.ffn.0.conv,147,19.931673049926758,24,1865505,258,1865247,4,1355,25.63077879980383
DG026,model.22.m.0.1.ffn.0.conv,15,19.93476104736328,24,1865247,258,1864989,4,1356,25.64106551200316
DG004,model.10.m.0.ffn.0.conv,87,19.950841903686523,24,1864989,258,1864731,4,1357,25.651352224202483
DG004,model.10.m.0.ffn.0.conv,114,19.953508377075195,24,1864731,258,1864473,4,1358,25.661638936401797
DG004,model.10.m.0.ffn.0.conv,62,19.954805374145508,24,1864473,258,1864215,4,1359,25.671925648601125
DG004,model.10.m.0.ffn.0.conv,33,19.957998275756836,24,1864215,258,1863957,4,1360,25.68221236080045
DG004,model.10.m.0.ffn.0.conv,34,19.965362548828125,24,1863957,258,1863699,4,1361,25.692499072999773
DG004,model.10.m.0.ffn.0.conv,33,19.96700668334961,24,1863699,258,1863441,4,1362,25.7027857851991
DG004,model.10.m.0.ffn.0.conv,109,19.967269897460938,24,1863441,258,1863183,4,1363,25.713072497398414
DG004,model.10.m.0.ffn.0.conv,132,19.968793869018555,24,1863183,258,1862925,4,1364,25.72335920959774
DG004,model.10.m.0.ffn.0.conv,75,19.989971160888672,24,1862925,258,1862667,4,1365,25.733645921797066
DG039,model.8.m.0.cv2.conv,23,20.001258850097656,24,1862667,258,1862409,5,1366,25.74393263399639
DG026,model.22.m.0.1.ffn.0.conv,43,20.003801345825195,24,1862409,258,1862151,4,1367,25.754219346195704
DG004,model.10.m.0.ffn.0.conv,14,20.00635528564453,24,1862151,258,1861893,4,1368,25.764506058395032
DG004,model.10.m.0.ffn.0.conv,77,20.007320404052734,24,1861893,258,1861635,4,1369,25.774792770594356
DG004,model.10.m.0.ffn.0.conv,17,20.01068878173828,24,1861635,258,1861377,4,1370,25.785079482793684
DG004,model.10.m.0.ffn.0.conv,22,20.011720657348633,24,1861377,258,1861119,4,1371,25.795366194993008
DG026,model.22.m.0.1.ffn.0.conv,39,20.015396118164062,24,1861119,258,1860861,4,1372,25.80565290719232
DG004,model.10.m.0.ffn.0.conv,78,20.018259048461914,24,1860861,258,1860603,4,1373,25.81593961939165
DG004,model.10.m.0.ffn.0.conv,119,20.01834487915039,24,1860603,258,1860345,4,1374,25.826226331590973
DG004,model.10.m.0.ffn.0.conv,129,20.02340316772461,24,1860345,258,1860087,4,1375,25.836513043790298
DG004,model.10.m.0.ffn.0.conv,101,20.026119232177734,25,1860087,258,1859829,4,1376,25.846799755989615
DG004,model.10.m.0.ffn.0.conv,68,20.033035278320312,25,1859829,258,1859571,4,1377,25.85708646818894
DG004,model.10.m.0.ffn.0.conv,14,20.037307739257812,25,1859571,258,1859313,4,1378,25.867373180388263
DG004,model.10.m.0.ffn.0.conv,101,20.038904190063477,25,1859313,258,1859055,4,1379,25.87765989258759
DG026,model.22.m.0.1.ffn.0.conv,63,20.047277450561523,25,1859055,258,1858797,4,1380,25.887946604786904
DG004,model.10.m.0.ffn.0.conv,76,20.04783058166504,25,1858797,258,1858539,4,1381,25.89823331698623
DG004,model.10.m.0.ffn.0.conv,30,20.0545654296875,25,1858539,258,1858281,4,1382,25.908520029185556
DG039,model.8.m.0.cv2.conv,14,20.056407928466797,25,1858281,258,1858023,5,1383,25.91880674138488
DG026,model.22.m.0.1.ffn.0.conv,2,20.058351516723633,25,1858023,258,1857765,4,1384,25.92909345358421
DG004,model.10.m.0.ffn.0.conv,129,20.059497833251953,25,1857765,258,1857507,4,1385,25.939380165783522
DG004,model.10.m.0.ffn.0.conv,111,20.060131072998047,25,1857507,258,1857249,4,1386,25.949666877982846
DG004,model.10.m.0.ffn.0.conv,14,20.062789916992188,25,1857249,258,1856991,4,1387,25.959953590182174
DG004,model.10.m.0.ffn.0.conv,66,20.06568145751953,25,1856991,258,1856733,4,1388,25.970240302381498
DG004,model.10.m.0.ffn.0.conv,33,20.06589698791504,25,1856733,258,1856475,4,1389,25.98052701458081
DG004,model.10.m.0.ffn.0.conv,95,20.067323684692383,25,1856475,258,1856217,4,1390,25.99081372678014
DG004,model.10.m.0.ffn.0.conv,1,20.070737838745117,25,1856217,258,1855959,4,1391,26.001100438979464
DG039,model.8.m.0.cv2.conv,12,20.078479766845703,25,1855959,258,1855701,5,1392,26.011387151178788
DG026,model.22.m.0.1.ffn.0.conv,58,20.07876968383789,25,1855701,258,1855443,4,1393,26.021673863378105
DG039,model.8.m.0.cv2.conv,30,20.08283042907715,25,1855443,258,1855185,5,1394,26.03196057557743
DG026,model.22.m.0.1.ffn.0.conv,47,20.090049743652344,25,1855185,258,1854927,4,1395,26.042247287776753
DG004,model.10.m.0.ffn.0.conv,3,20.096755981445312,25,1854927,258,1854669,4,1396,26.05253399997608
DG026,model.22.m.0.1.ffn.0.conv,18,20.101879119873047,25,1854669,258,1854411,4,1397,26.062820712175405
DG004,model.10.m.0.ffn.0.conv,80,20.102947235107422,25,1854411,258,1854153,4,1398,26.07310742437472
DG004,model.10.m.0.ffn.0.conv,81,20.109954833984375,25,1854153,258,1853895,4,1399,26.083394136574046
DG004,model.10.m.0.ffn.0.conv,104,20.110095977783203,25,1853895,258,1853637,4,1400,26.09368084877337
DG039,model.8.m.0.cv2.conv,12,20.1102294921875,25,1853637,258,1853379,5,1401,26.103967560972695
DG004,model.10.m.0.ffn.0.conv,43,20.11495590209961,25,1853379,258,1853121,4,1402,26.114254273172012
DG026,model.22.m.0.1.ffn.0.conv,47,20.120723724365234,25,1853121,258,1852863,4,1403,26.124540985371336
DG004,model.10.m.0.ffn.0.conv,118,20.1216983795166,25,1852863,258,1852605,4,1404,26.13482769757066
DG004,model.10.m.0.ffn.0.conv,11,20.12445068359375,25,1852605,258,1852347,4,1405,26.145114409769988
DG026,model.22.m.0.1.ffn.0.conv,11,20.127914428710938,25,1852347,258,1852089,4,1406,26.155401121969312
DG004,model.10.m.0.ffn.0.conv,89,20.128223419189453,25,1852089,258,1851831,4,1407,26.165687834168626
DG004,model.10.m.0.ffn.0.conv,47,20.134471893310547,25,1851831,258,1851573,4,1408,26.175974546367954
DG026,model.22.m.0.1.ffn.0.conv,41,20.135299682617188,25,1851573,258,1851315,4,1409,26.186261258567278
DG004,model.10.m.0.ffn.0.conv,16,20.151683807373047,25,1851315,258,1851057,4,1410,26.196547970766602
DG004,model.10.m.0.ffn.0.conv,81,20.15208625793457,25,1851057,258,1850799,4,1411,26.20683468296592
DG004,model.10.m.0.ffn.0.conv,91,20.15251922607422,25,1850799,258,1850541,4,1412,26.217121395165243
DG038,model.8.m.0.cv1.conv,22,20.162134170532227,25,1850541,2566,1847975,15,1413,26.319430323473235
DG004,model.10.m.0.ffn.0.conv,11,20.163925170898438,25,1847975,258,1847717,4,1414,26.329717035672562
DG004,model.10.m.0.ffn.0.conv,44,20.168283462524414,25,1847717,258,1847459,4,1415,26.340003747871886
DG004,model.10.m.0.ffn.0.conv,87,20.177303314208984,25,1847459,258,1847201,4,1416,26.350290460071214
DG004,model.10.m.0.ffn.0.conv,83,20.17759132385254,25,1847201,258,1846943,4,1417,26.360577172270528
DG038,model.8.m.0.cv1.conv,10,20.17959213256836,25,1846943,2566,1844377,15,1418,26.46288610057853
DG004,model.10.m.0.ffn.0.conv,53,20.18008041381836,25,1844377,258,1844119,4,1419,26.473172812777847
DG004,model.10.m.0.ffn.0.conv,63,20.18569564819336,25,1844119,258,1843861,4,1420,26.48345952497717
DG004,model.10.m.0.ffn.0.conv,85,20.185699462890625,25,1843861,258,1843603,4,1421,26.493746237176495
DG031,model.6.cv2.conv,122,20.186866760253906,25,1843603,2626,1840977,6,1422,26.598447424135497
DG038,model.8.m.0.cv1.conv,24,20.188644409179688,25,1840977,2566,1838411,15,1423,26.700756352443488
DG038,model.8.m.0.cv1.conv,23,20.190988540649414,25,1838411,2566,1835845,15,1424,26.803065280751493
DG004,model.10.m.0.ffn.0.conv,40,20.193506240844727,25,1835845,258,1835587,4,1425,26.813351992950807
DG004,model.10.m.0.ffn.0.conv,39,20.19759750366211,25,1835587,258,1835329,4,1426,26.82363870515013
DG026,model.22.m.0.1.ffn.0.conv,39,20.20258140563965,25,1835329,258,1835071,4,1427,26.83392541734946
DG004,model.10.m.0.ffn.0.conv,100,20.20949363708496,25,1835071,258,1834813,4,1428,26.844212129548783
DG039,model.8.m.0.cv2.conv,20,20.21050453186035,25,1834813,258,1834555,5,1429,26.854498841748097
DG004,model.10.m.0.ffn.0.conv,20,20.214508056640625,25,1834555,258,1834297,4,1430,26.864785553947424
DG026,model.22.m.0.1.ffn.0.conv,6,20.22261619567871,25,1834297,258,1834039,4,1431,26.87507226614675
DG004,model.10.m.0.ffn.0.conv,58,20.22538185119629,25,1834039,258,1833781,4,1432,26.885358978346076
DG004,model.10.m.0.ffn.0.conv,91,20.23065948486328,25,1833781,258,1833523,4,1433,26.8956456905454
DG004,model.10.m.0.ffn.0.conv,10,20.231849670410156,25,1833523,258,1833265,4,1434,26.905932402744714
DG004,model.10.m.0.ffn.0.conv,77,20.23430633544922,25,1833265,258,1833007,4,1435,26.91621911494404
DG038,model.8.m.0.cv1.conv,22,20.240537643432617,25,1833007,2566,1830441,15,1436,27.018528043252033
DG004,model.10.m.0.ffn.0.conv,18,20.24091339111328,25,1830441,258,1830183,4,1437,27.028814755451357
DG038,model.8.m.0.cv1.conv,22,20.241411209106445,25,1830183,2566,1827617,15,1438,27.131123683759352
DG004,model.10.m.0.ffn.0.conv,2,20.247940063476562,25,1827617,258,1827359,4,1439,27.141410395958676
DG026,model.22.m.0.1.ffn.0.conv,34,20.249170303344727,25,1827359,258,1827101,4,1440,27.151697108158
DG039,model.8.m.0.cv2.conv,8,20.26291275024414,25,1827101,258,1826843,5,1441,27.161983820357328
DG004,model.10.m.0.ffn.0.conv,36,20.264366149902344,25,1826843,258,1826585,4,1442,27.17227053255664
DG004,model.10.m.0.ffn.0.conv,28,20.264535903930664,25,1826585,258,1826327,4,1443,27.182557244755966
DG004,model.10.m.0.ffn.0.conv,79,20.265968322753906,25,1826327,258,1826069,4,1444,27.192843956955294
DG039,model.8.m.0.cv2.conv,5,20.266626358032227,25,1826069,258,1825811,5,1445,27.203130669154618
DG039,model.8.m.0.cv2.conv,19,20.266725540161133,25,1825811,258,1825553,5,1446,27.213417381353942
DG039,model.8.m.0.cv2.conv,1,20.270828247070312,25,1825553,258,1825295,5,1447,27.22370409355326
DG004,model.10.m.0.ffn.0.conv,91,20.27707290649414,25,1825295,258,1825037,4,1448,27.233990805752583
DG026,model.22.m.0.1.ffn.0.conv,33,20.282596588134766,25,1825037,258,1824779,4,1449,27.244277517951907
DG026,model.22.m.0.1.ffn.0.conv,37,20.28466796875,25,1824779,258,1824521,4,1450,27.254564230151235
DG004,model.10.m.0.ffn.0.conv,87,20.286453247070312,25,1824521,258,1824263,4,1451,27.26485094235055
DG004,model.10.m.0.ffn.0.conv,20,20.289005279541016,25,1824263,258,1824005,4,1452,27.275137654549873
DG004,model.10.m.0.ffn.0.conv,77,20.29098892211914,25,1824005,258,1823747,4,1453,27.2854243667492
DG004,model.10.m.0.ffn.0.conv,42,20.291561126708984,25,1823747,258,1823489,4,1454,27.295711078948525
DG039,model.8.m.0.cv2.conv,1,20.29987335205078,25,1823489,258,1823231,5,1455,27.30599779114784
DG026,model.22.m.0.1.ffn.0.conv,40,20.30323028564453,25,1823231,258,1822973,4,1456,27.316284503347166
DG004,model.10.m.0.ffn.0.conv,63,20.319746017456055,25,1822973,258,1822715,4,1457,27.32657121554649
DG039,model.8.m.0.cv2.conv,11,20.33085823059082,25,1822715,258,1822457,5,1458,27.336857927745818
DG004,model.10.m.0.ffn.0.conv,82,20.343372344970703,25,1822457,258,1822199,4,1459,27.347144639945142
DG026,model.22.m.0.1.ffn.0.conv,49,20.351390838623047,25,1822199,258,1821941,4,1460,27.357431352144456
DG026,model.22.m.0.1.ffn.0.conv,1,20.3516788482666,25,1821941,258,1821683,4,1461,27.367718064343784
DG004,model.10.m.0.ffn.0.conv,77,20.352022171020508,25,1821683,258,1821425,4,1462,27.378004776543108
DG004,model.10.m.0.ffn.0.conv,7,20.36013412475586,25,1821425,258,1821167,4,1463,27.388291488742432
DG004,model.10.m.0.ffn.0.conv,48,20.363948822021484,25,1821167,258,1820909,4,1464,27.39857820094175
DG031,model.6.cv2.conv,58,20.365766525268555,25,1820909,2626,1818283,6,1465,27.503279387900758
DG004,model.10.m.0.ffn.0.conv,14,20.370786666870117,25,1818283,258,1818025,4,1466,27.51356610010007
DG038,model.8.m.0.cv1.conv,27,20.371280670166016,25,1818025,2566,1815459,15,1467,27.615875028408077
DG004,model.10.m.0.ffn.0.conv,63,20.375938415527344,25,1815459,258,1815201,4,1468,27.62616174060739
DG004,model.10.m.0.ffn.0.conv,56,20.386863708496094,25,1815201,258,1814943,4,1469,27.636448452806718
DG004,model.10.m.0.ffn.0.conv,48,20.387710571289062,25,1814943,258,1814685,4,1470,27.646735165006042
DG004,model.10.m.0.ffn.0.conv,36,20.389249801635742,25,1814685,258,1814427,4,1471,27.657021877205366
DG004,model.10.m.0.ffn.0.conv,39,20.39177894592285,25,1814427,258,1814169,4,1472,27.667308589404684
DG004,model.10.m.0.ffn.0.conv,43,20.396644592285156,25,1814169,258,1813911,4,1473,27.677595301604008
DG004,model.10.m.0.ffn.0.conv,35,20.398681640625,25,1813911,258,1813653,4,1474,27.687882013803332
DG026,model.22.m.0.1.ffn.0.conv,37,20.399587631225586,25,1813653,258,1813395,4,1475,27.69816872600266
DG026,model.22.m.0.1.ffn.0.conv,11,20.40169906616211,25,1813395,258,1813137,4,1476,27.708455438201973
DG026,model.22.m.0.1.ffn.0.conv,1,20.407262802124023,25,1813137,258,1812879,4,1477,27.718742150401297
DG016,model.19.cv2.conv,96,20.41058921813965,25,1812879,1784,1811095,14,1478,27.78987197429119
DG004,model.10.m.0.ffn.0.conv,11,20.418319702148438,25,1811095,258,1810837,4,1479,27.800158686490516
DG026,model.22.m.0.1.ffn.0.conv,37,20.42227554321289,25,1810837,258,1810579,4,1480,27.810445398689843
DG004,model.10.m.0.ffn.0.conv,62,20.42707633972168,25,1810579,258,1810321,4,1481,27.820732110889168
DG004,model.10.m.0.ffn.0.conv,60,20.432727813720703,25,1810321,258,1810063,4,1482,27.83101882308848
DG016,model.19.cv2.conv,1,20.436058044433594,25,1810063,1784,1808279,14,1483,27.902148646978375
DG004,model.10.m.0.ffn.0.conv,7,20.438379287719727,25,1808279,258,1808021,4,1484,27.9124353591777
DG004,model.10.m.0.ffn.0.conv,65,20.441417694091797,25,1808021,258,1807763,4,1485,27.922722071377027
DG004,model.10.m.0.ffn.0.conv,26,20.4416446685791,25,1807763,258,1807505,4,1486,27.93300878357635
DG004,model.10.m.0.ffn.0.conv,31,20.442899703979492,25,1807505,258,1807247,4,1487,27.943295495775665
DG038,model.8.m.0.cv1.conv,5,20.44740867614746,25,1807247,2566,1804681,15,1488,28.04560442408367
DG004,model.10.m.0.ffn.0.conv,57,20.453489303588867,25,1804681,258,1804423,4,1489,28.055891136282984
DG004,model.10.m.0.ffn.0.conv,30,20.454126358032227,25,1804423,258,1804165,4,1490,28.06617784848231
DG026,model.22.m.0.1.ffn.0.conv,32,20.456321716308594,25,1804165,258,1803907,4,1491,28.076464560681636
DG004,model.10.m.0.ffn.0.conv,4,20.458791732788086,25,1803907,258,1803649,4,1492,28.08675127288096
DG004,model.10.m.0.ffn.0.conv,31,20.46310043334961,25,1803649,258,1803391,4,1493,28.097037985080277
DG038,model.8.m.0.cv1.conv,16,20.46336555480957,25,1803391,2566,1800825,15,1494,28.19934691338828
DG039,model.8.m.0.cv2.conv,23,20.463516235351562,25,1800825,258,1800567,5,1495,28.209633625587593
DG038,model.8.m.0.cv1.conv,10,20.464435577392578,25,1800567,2566,1798001,15,1496,28.311942553895598
DG004,model.10.m.0.ffn.0.conv,52,20.47355079650879,25,1798001,258,1797743,4,1497,28.32222926609491
DG038,model.8.m.0.cv1.conv,16,20.475196838378906,25,1797743,2566,1795177,15,1498,28.424538194402913
DG026,model.22.m.0.1.ffn.0.conv,32,20.479103088378906,25,1795177,258,1794919,4,1499,28.43482490660224
DG039,model.8.m.0.cv2.conv,1,20.479442596435547,25,1794919,258,1794661,5,1500,28.445111618801555
DG004,model.10.m.0.ffn.0.conv,14,20.48778533935547,25,1794661,258,1794403,4,1501,28.45539833100088
DG004,model.10.m.0.ffn.0.conv,33,20.490327835083008,25,1794403,258,1794145,4,1502,28.465685043200207
DG039,model.8.m.0.cv2.conv,13,20.49065399169922,25,1794145,258,1793887,5,1503,28.47597175539953
DG026,model.22.m.0.1.ffn.0.conv,19,20.493513107299805,25,1793887,258,1793629,4,1504,28.486258467598844
DG026,model.22.m.0.1.ffn.0.conv,36,20.49470329284668,25,1793629,258,1793371,4,1505,28.496545179798172
DG004,model.10.m.0.ffn.0.conv,2,20.501813888549805,25,1793371,258,1793113,4,1506,28.506831891997496
DG026,model.22.m.0.1.ffn.0.conv,30,20.502704620361328,25,1793113,258,1792855,4,1507,28.517118604196824
DG038,model.8.m.0.cv1.conv,10,20.50475311279297,25,1792855,2566,1790289,15,1508,28.619427532504815
DG039,model.8.m.0.cv2.conv,7,20.506792068481445,25,1790289,258,1790031,5,1509,28.62971424470414
DG004,model.10.m.0.ffn.0.conv,58,20.510541915893555,25,1790031,258,1789773,4,1510,28.640000956903457
DG004,model.10.m.0.ffn.0.conv,55,20.513324737548828,25,1789773,258,1789515,4,1511,28.65028766910278
DG004,model.10.m.0.ffn.0.conv,26,20.519697189331055,25,1789515,258,1789257,4,1512,28.660574381302105
DG039,model.8.m.0.cv2.conv,2,20.521686553955078,25,1789257,258,1788999,5,1513,28.670861093501433
DG004,model.10.m.0.ffn.0.conv,54,20.531177520751953,25,1788999,258,1788741,4,1514,28.681147805700757
DG038,model.8.m.0.cv1.conv,12,20.531827926635742,25,1788741,2566,1786175,15,1515,28.78345673400875
DG026,model.22.m.0.1.ffn.0.conv,10,20.53635597229004,25,1786175,258,1785917,4,1516,28.793743446208076
DG016,model.19.cv2.conv,45,20.537343978881836,25,1785917,1784,1784133,14,1517,28.864873270097966
DG038,model.8.m.0.cv1.conv,7,20.537357330322266,25,1784133,2566,1781567,15,1518,28.96718219840596
DG026,model.22.m.0.1.ffn.0.conv,12,20.559268951416016,25,1781567,258,1781309,4,1519,28.977468910605285
DG039,model.8.m.0.cv2.conv,1,20.560007095336914,25,1781309,258,1781051,5,1520,28.9877556228046
DG004,model.10.m.0.ffn.0.conv,1,20.562904357910156,25,1781051,258,1780793,4,1521,28.998042335003927
DG026,model.22.m.0.1.ffn.0.conv,8,20.564268112182617,25,1780793,258,1780535,4,1522,29.00832904720325
DG004,model.10.m.0.ffn.0.conv,45,20.568195343017578,25,1780535,258,1780277,4,1523,29.01861575940258
DG004,model.10.m.0.ffn.0.conv,8,20.575397491455078,25,1780277,258,1780019,4,1524,29.028902471601892
DG004,model.10.m.0.ffn.0.conv,21,20.580726623535156,25,1780019,258,1779761,4,1525,29.039189183801216
DG026,model.22.m.0.1.ffn.0.conv,15,20.584014892578125,25,1779761,258,1779503,4,1526,29.049475896000544
DG004,model.10.m.0.ffn.0.conv,41,20.59231185913086,25,1779503,258,1779245,4,1527,29.05976260819987
DG038,model.8.m.0.cv1.conv,10,20.594322204589844,25,1779245,2566,1776679,15,1528,29.16207153650786
DG038,model.8.m.0.cv1.conv,14,20.608753204345703,25,1776679,2566,1774113,15,1529,29.264380464815854
DG040,model.8.m.0.m.0.cv1.conv,42,20.282073974609375,25,1774113,488,1773625,4,1530,29.283837501844033
DG041,model.8.m.0.m.1.cv1.conv,1,20.31658935546875,25,1773625,488,1773137,4,1531,29.303294538872205
DG038,model.8.m.0.cv1.conv,16,20.61069107055664,25,1773137,2530,1770607,15,1532,29.404168111989605
DG026,model.22.m.0.1.ffn.0.conv,29,20.613508224487305,25,1770607,258,1770349,4,1533,29.41445482418893
DG004,model.10.m.0.ffn.0.conv,14,20.61367416381836,25,1770349,258,1770091,4,1534,29.424741536388243
DG026,model.22.m.0.1.ffn.0.conv,34,20.616748809814453,25,1770091,258,1769833,4,1535,29.43502824858757
DG026,model.22.m.0.1.ffn.0.conv,24,20.619613647460938,25,1769833,258,1769575,4,1536,29.445314960786895
DG004,model.10.m.0.ffn.0.conv,41,20.622447967529297,25,1769575,258,1769317,4,1537,29.45560167298622
DG004,model.10.m.0.ffn.0.conv,34,20.63364028930664,25,1769317,258,1769059,4,1538,29.465888385185536
DG039,model.8.m.0.cv2.conv,2,20.637451171875,25,1769059,258,1768801,5,1539,29.47617509738486
DG026,model.22.m.0.1.ffn.0.conv,29,20.639801025390625,25,1768801,258,1768543,4,1540,29.486461809584185
DG038,model.8.m.0.cv1.conv,6,20.641427993774414,25,1768543,2530,1766013,15,1541,29.587335382701575
DG041,model.8.m.0.m.1.cv1.conv,5,20.451465606689453,25,1766013,452,1765561,4,1542,29.60535706453915
DG004,model.10.m.0.ffn.0.conv,4,20.654361724853516,25,1765561,258,1765303,4,1543,29.615643776738477
DG004,model.10.m.0.ffn.0.conv,42,20.659957885742188,25,1765303,258,1765045,4,1544,29.6259304889378
DG038,model.8.m.0.cv1.conv,1,20.67343521118164,25,1765045,2512,1762533,15,1545,29.726086384459894
DG016,model.19.cv2.conv,8,20.68112564086914,25,1762533,1784,1760749,14,1546,29.797216208349774
DG004,model.10.m.0.ffn.0.conv,20,20.689308166503906,25,1760749,258,1760491,4,1547,29.8075029205491
DG004,model.10.m.0.ffn.0.conv,26,20.697002410888672,25,1760491,258,1760233,4,1548,29.817789632748426
DG004,model.10.m.0.ffn.0.conv,4,20.70514678955078,25,1760233,258,1759975,4,1549,29.828076344947753
DG004,model.10.m.0.ffn.0.conv,3,20.706451416015625,25,1759975,258,1759717,4,1550,29.838363057147077
DG004,model.10.m.0.ffn.0.conv,18,20.70749855041504,25,1759717,258,1759459,4,1551,29.84864976934639
DG004,model.10.m.0.ffn.0.conv,29,20.713775634765625,25,1759459,258,1759201,4,1552,29.85893648154572
DG016,model.19.cv2.conv,71,20.71540069580078,25,1759201,1784,1757417,14,1553,29.93006630543561
DG004,model.10.m.0.ffn.0.conv,36,20.723037719726562,25,1757417,258,1757159,4,1554,29.940353017634934
DG004,model.10.m.0.ffn.0.conv,20,20.725017547607422,25,1757159,258,1756901,4,1555,29.95063972983426
DG038,model.8.m.0.cv1.conv,19,20.72650146484375,25,1756901,2512,1754389,15,1556,30.05079562535635
DG004,model.10.m.0.ffn.0.conv,6,20.730361938476562,25,1754389,258,1754131,4,1557,30.061082337555668
DG038,model.8.m.0.cv1.conv,12,20.730953216552734,25,1754131,2512,1751619,15,1558,30.161238233077757
DG041,model.8.m.0.m.1.cv1.conv,58,16.53913116455078,22,1751619,398,1751221,4,1559,30.177106882129433
DG040,model.8.m.0.m.0.cv1.conv,50,20.577381134033203,25,1751221,398,1750823,4,1560,30.192975531181098
DG038,model.8.m.0.cv1.conv,15,20.734657287597656,25,1750823,2476,1748347,15,1561,30.291696071512586
DG026,model.22.m.0.1.ffn.0.conv,2,20.73872184753418,25,1748347,258,1748089,4,1562,30.30198278371191
DG026,model.22.m.0.1.ffn.0.conv,8,20.74378204345703,25,1748089,258,1747831,4,1563,30.312269495911227
DG039,model.8.m.0.cv2.conv,5,20.744049072265625,25,1747831,258,1747573,5,1564,30.32255620811055
DG039,model.8.m.0.cv2.conv,11,20.747814178466797,25,1747573,258,1747315,5,1565,30.332842920309876
DG004,model.10.m.0.ffn.0.conv,19,20.749658584594727,25,1747315,258,1747057,4,1566,30.343129632509203
DG038,model.8.m.0.cv1.conv,11,20.764083862304688,25,1747057,2476,1744581,15,1567,30.441850172840688
DG041,model.8.m.0.m.1.cv1.conv,27,19.261449813842773,24,1744581,362,1744219,4,1568,30.45628346670175
DG040,model.8.m.0.m.0.cv1.conv,44,19.812639236450195,24,1744219,362,1743857,4,1569,30.470716760562823
DG040,model.8.m.0.m.0.cv1.conv,23,20.480886459350586,25,1743857,362,1743495,4,1570,30.485150054423883
DG004,model.10.m.0.ffn.0.conv,19,20.77126693725586,25,1743495,258,1743237,4,1571,30.495436766623207
DG004,model.10.m.0.ffn.0.conv,3,20.77418327331543,25,1743237,258,1742979,4,1572,30.50572347882253
DG004,model.10.m.0.ffn.0.conv,16,20.785171508789062,25,1742979,258,1742721,4,1573,30.51601019102186
DG004,model.10.m.0.ffn.0.conv,6,20.786670684814453,25,1742721,258,1742463,4,1574,30.526296903221173
DG039,model.8.m.0.cv2.conv,13,20.79199981689453,25,1742463,258,1742205,5,1575,30.536583615420497
DG039,model.8.m.0.cv2.conv,14,20.795303344726562,25,1742205,258,1741947,5,1576,30.546870327619825
DG004,model.10.m.0.ffn.0.conv,3,20.803436279296875,25,1741947,258,1741689,4,1577,30.55715703981915
DG004,model.10.m.0.ffn.0.conv,25,20.820398330688477,25,1741689,258,1741431,4,1578,30.567443752018463
DG038,model.8.m.0.cv1.conv,11,20.820505142211914,25,1741431,2422,1739009,15,1579,30.66401125956405
DG040,model.8.m.0.m.0.cv1.conv,22,20.100872039794922,25,1739009,344,1738665,4,1580,30.677726875829812
DG040,model.8.m.0.m.0.cv1.conv,36,20.647096633911133,25,1738665,344,1738321,4,1581,30.69144249209558
DG040,model.8.m.0.m.0.cv1.conv,24,20.823707580566406,25,1738321,344,1737977,4,1582,30.705158108361342
DG004,model.10.m.0.ffn.0.conv,10,20.824386596679688,25,1737977,258,1737719,4,1583,30.715444820560666
DG026,model.22.m.0.1.ffn.0.conv,13,20.825658798217773,25,1737719,258,1737461,4,1584,30.725731532759994
DG004,model.10.m.0.ffn.0.conv,16,20.833145141601562,25,1737461,258,1737203,4,1585,30.736018244959308
DG004,model.10.m.0.ffn.0.conv,23,20.841739654541016,25,1737203,258,1736945,4,1586,30.74630495715863
DG016,model.19.cv2.conv,42,20.841800689697266,25,1736945,1784,1735161,14,1587,30.817434781048526
DG004,model.10.m.0.ffn.0.conv,19,20.843502044677734,25,1735161,258,1734903,4,1588,30.82772149324785
DG038,model.8.m.0.cv1.conv,4,20.851335525512695,25,1734903,2368,1732535,15,1589,30.922135968007524
DG040,model.8.m.0.m.0.cv1.conv,53,20.068872451782227,25,1732535,326,1732209,4,1590,30.93513390667799
DG041,model.8.m.0.m.1.cv1.conv,35,20.148481369018555,25,1732209,326,1731883,4,1591,30.94813184534845
DG040,model.8.m.0.m.0.cv1.conv,39,20.405567169189453,25,1731883,326,1731557,4,1592,30.961129784018915
DG041,model.8.m.0.m.1.cv1.conv,26,20.494272232055664,25,1731557,326,1731231,4,1593,30.97412772268938
DG040,model.8.m.0.m.0.cv1.conv,16,20.564815521240234,25,1731231,326,1730905,4,1594,30.987125661359837
DG041,model.8.m.0.m.1.cv1.conv,49,20.635534286499023,25,1730905,326,1730579,4,1595,31.000123600030307
DG041,model.8.m.0.m.1.cv1.conv,28,20.716957092285156,25,1730579,326,1730253,4,1596,31.013121538700762
DG016,model.19.cv2.conv,6,20.851890563964844,25,1730253,1784,1728469,14,1597,31.084251362590653
DG004,model.10.m.0.ffn.0.conv,22,20.85306167602539,25,1728469,258,1728211,4,1598,31.09453807478998
DG038,model.8.m.0.cv1.conv,9,20.856464385986328,25,1728211,2242,1725969,15,1599,31.183928806382543
DG041,model.8.m.0.m.1.cv1.conv,24,19.93553924560547,24,1725969,308,1725661,4,1600,31.1962090674577
DG040,model.8.m.0.m.0.cv1.conv,30,20.02176284790039,24,1725661,308,1725353,4,1601,31.208489328532863
DG041,model.8.m.0.m.1.cv1.conv,29,20.057422637939453,25,1725353,308,1725045,4,1602,31.220769589608032
DG040,model.8.m.0.m.0.cv1.conv,18,20.0870361328125,25,1725045,308,1724737,4,1603,31.23304985068319
DG041,model.8.m.0.m.1.cv1.conv,38,20.116392135620117,25,1724737,308,1724429,4,1604,31.245330111758353
DG041,model.8.m.0.m.1.cv1.conv,4,20.19540023803711,25,1724429,308,1724121,4,1605,31.25761037283351
DG041,model.8.m.0.m.1.cv1.conv,11,20.341888427734375,25,1724121,308,1723813,4,1606,31.26989063390867
DG041,model.8.m.0.m.1.cv1.conv,40,20.38528823852539,25,1723813,308,1723505,4,1607,31.282170894983828
DG040,model.8.m.0.m.0.cv1.conv,50,20.492515563964844,25,1723505,308,1723197,4,1608,31.29445115605899
DG040,model.8.m.0.m.0.cv1.conv,6,20.53965187072754,25,1723197,308,1722889,4,1609,31.30673141713416
DG041,model.8.m.0.m.1.cv1.conv,6,20.593181610107422,25,1722889,308,1722581,4,1610,31.319011678209318
DG041,model.8.m.0.m.1.cv1.conv,41,20.685102462768555,25,1722581,308,1722273,4,1611,31.331291939284476
DG041,model.8.m.0.m.1.cv1.conv,40,20.78661346435547,25,1722273,308,1721965,4,1612,31.343572200359638
DG041,model.8.m.0.m.1.cv1.conv,43,20.79622459411621,25,1721965,308,1721657,4,1613,31.355852461434797
DG038,model.8.m.0.cv1.conv,13,20.859596252441406,25,1721657,1990,1719667,15,1614,31.435195706693143
DG040,model.8.m.0.m.0.cv1.conv,12,19.432588577270508,24,1719667,290,1719377,4,1615,31.446758290173005
DG040,model.8.m.0.m.0.cv1.conv,27,19.57440948486328,24,1719377,290,1719087,4,1616,31.458320873652855
DG041,model.8.m.0.m.1.cv1.conv,39,19.654621124267578,24,1719087,290,1718797,4,1617,31.46988345713272
DG040,model.8.m.0.m.0.cv1.conv,21,19.71856689453125,24,1718797,290,1718507,4,1618,31.481446040612582
DG041,model.8.m.0.m.1.cv1.conv,33,19.914749145507812,24,1718507,290,1718217,4,1619,31.493008624092433
DG040,model.8.m.0.m.0.cv1.conv,10,19.921239852905273,24,1718217,290,1717927,4,1620,31.504571207572297
DG041,model.8.m.0.m.1.cv1.conv,28,19.929691314697266,24,1717927,290,1717637,4,1621,31.51613379105216
DG040,model.8.m.0.m.0.cv1.conv,31,19.940393447875977,24,1717637,290,1717347,4,1622,31.52769637453201
DG040,model.8.m.0.m.0.cv1.conv,23,19.95549201965332,24,1717347,290,1717057,4,1623,31.539258958011875
DG040,model.8.m.0.m.0.cv1.conv,28,20.029579162597656,25,1717057,290,1716767,4,1624,31.550821541491736
DG040,model.8.m.0.m.0.cv1.conv,18,20.031536102294922,25,1716767,290,1716477,4,1625,31.562384124971587
DG040,model.8.m.0.m.0.cv1.conv,33,20.236719131469727,25,1716477,290,1716187,4,1626,31.57394670845145
DG041,model.8.m.0.m.1.cv1.conv,29,20.302474975585938,25,1716187,290,1715897,4,1627,31.585509291931313
DG041,model.8.m.0.m.1.cv1.conv,39,20.31342315673828,25,1715897,290,1715607,4,1628,31.597071875411164
DG041,model.8.m.0.m.1.cv1.conv,30,20.392471313476562,25,1715607,290,1715317,4,1629,31.60863445889103
DG041,model.8.m.0.m.1.cv1.conv,4,20.48685073852539,25,1715317,290,1715027,4,1630,31.62019704237089
DG040,model.8.m.0.m.0.cv1.conv,13,20.550750732421875,25,1715027,290,1714737,4,1631,31.63175962585074
DG040,model.8.m.0.m.0.cv1.conv,29,20.584035873413086,25,1714737,290,1714447,4,1632,31.643322209330606
DG040,model.8.m.0.m.0.cv1.conv,22,20.608707427978516,25,1714447,290,1714157,4,1633,31.654884792810467
DG041,model.8.m.0.m.1.cv1.conv,11,20.61402130126953,25,1714157,290,1713867,4,1634,31.66644737629033
DG040,model.8.m.0.m.0.cv1.conv,12,20.638721466064453,25,1713867,290,1713577,4,1635,31.678009959770183
DG041,model.8.m.0.m.1.cv1.conv,37,20.67810821533203,25,1713577,290,1713287,4,1636,31.689572543250044
DG041,model.8.m.0.m.1.cv1.conv,7,20.746501922607422,25,1713287,290,1712997,4,1637,31.701135126729906
DG041,model.8.m.0.m.1.cv1.conv,16,20.75518226623535,25,1712997,290,1712707,4,1638,31.71269771020976
DG040,model.8.m.0.m.0.cv1.conv,11,20.8060302734375,25,1712707,290,1712417,4,1639,31.72426029368962
DG040,model.8.m.0.m.0.cv1.conv,30,20.8177547454834,25,1712417,290,1712127,4,1640,31.735822877169483
DG041,model.8.m.0.m.1.cv1.conv,21,20.825178146362305,25,1712127,290,1711837,4,1641,31.747385460649337
DG040,model.8.m.0.m.0.cv1.conv,19,20.836198806762695,25,1711837,290,1711547,4,1642,31.7589480441292
DG040,model.8.m.0.m.0.cv1.conv,12,20.842113494873047,25,1711547,290,1711257,4,1643,31.77051062760906
DG042,model.9.cv1.conv,69,20.859676361083984,25,1711257,1282,1709975,7,1644,31.821625220785542
DG039,model.8.m.0.cv2.conv,8,20.866127014160156,25,1709975,258,1709717,5,1645,31.83191193298486
DG004,model.10.m.0.ffn.0.conv,18,20.86705780029297,25,1709717,258,1709459,4,1646,31.842198645184183
DG040,model.8.m.0.m.0.cv1.conv,8,20.877851486206055,25,1709459,290,1709169,4,1647,31.853761228664045
DG039,model.8.m.0.cv2.conv,9,20.884279251098633,25,1709169,258,1708911,5,1648,31.864047940863372
DG039,model.8.m.0.cv2.conv,10,20.88858413696289,25,1708911,258,1708653,5,1649,31.874334653062686
DG004,model.10.m.0.ffn.0.conv,19,20.894123077392578,25,1708653,258,1708395,4,1650,31.88462136526201
DG038,model.8.m.0.cv1.conv,15,20.901931762695312,25,1708395,1450,1706945,15,1651,31.942434282661303
DG040,model.8.m.0.m.0.cv1.conv,17,18.694942474365234,24,1706945,272,1706673,4,1652,31.95327918854587
DG040,model.8.m.0.m.0.cv1.conv,16,19.013751983642578,24,1706673,272,1706401,4,1653,31.964124094430424
DG041,model.8.m.0.m.1.cv1.conv,22,19.15749168395996,24,1706401,272,1706129,4,1654,31.974969000314978
DG040,model.8.m.0.m.0.cv1.conv,25,19.397613525390625,24,1706129,272,1705857,4,1655,31.985813906199535
DG040,model.8.m.0.m.0.cv1.conv,9,19.43147087097168,24,1705857,272,1705585,4,1656,31.9966588120841
DG040,model.8.m.0.m.0.cv1.conv,11,19.740360260009766,24,1705585,272,1705313,4,1657,32.00750371796865
DG041,model.8.m.0.m.1.cv1.conv,0,19.849964141845703,24,1705313,272,1705041,4,1658,32.01834862385321
DG040,model.8.m.0.m.0.cv1.conv,23,20.02080535888672,24,1705041,272,1704769,4,1659,32.02919352973777
DG040,model.8.m.0.m.0.cv1.conv,22,20.030065536499023,25,1704769,272,1704497,4,1660,32.04003843562233
DG040,model.8.m.0.m.0.cv1.conv,24,20.09608268737793,25,1704497,272,1704225,4,1661,32.05088334150689
DG040,model.8.m.0.m.0.cv1.conv,8,20.130226135253906,25,1704225,272,1703953,4,1662,32.06172824739144
DG040,model.8.m.0.m.0.cv1.conv,15,20.132694244384766,25,1703953,272,1703681,4,1663,32.072573153276
DG041,model.8.m.0.m.1.cv1.conv,5,20.206798553466797,25,1703681,272,1703409,4,1664,32.08341805916055
DG041,model.8.m.0.m.1.cv1.conv,16,20.28211784362793,25,1703409,272,1703137,4,1665,32.09426296504512
DG040,model.8.m.0.m.0.cv1.conv,15,20.284761428833008,25,1703137,272,1702865,4,1666,32.10510787092967
DG041,model.8.m.0.m.1.cv1.conv,28,20.28716278076172,25,1702865,272,1702593,4,1667,32.115952776814225
DG041,model.8.m.0.m.1.cv1.conv,26,20.44076919555664,25,1702593,272,1702321,4,1668,32.12679768269878
DG041,model.8.m.0.m.1.cv1.conv,9,20.465394973754883,25,1702321,272,1702049,4,1669,32.13764258858335
DG040,model.8.m.0.m.0.cv1.conv,1,20.465587615966797,25,1702049,272,1701777,4,1670,32.1484874944679
DG041,model.8.m.0.m.1.cv1.conv,21,20.5035457611084,25,1701777,272,1701505,4,1671,32.15933240035246
DG040,model.8.m.0.m.0.cv1.conv,13,20.553054809570312,25,1701505,272,1701233,4,1672,32.170177306237015
DG040,model.8.m.0.m.0.cv1.conv,5,20.667776107788086,25,1701233,272,1700961,4,1673,32.181022212121576
DG041,model.8.m.0.m.1.cv1.conv,24,20.830034255981445,25,1700961,272,1700689,4,1674,32.19186711800614
DG041,model.8.m.0.m.1.cv1.conv,23,20.854801177978516,25,1700689,272,1700417,4,1675,32.20271202389069
DG004,model.10.m.0.ffn.0.conv,10,20.90601348876953,25,1700417,258,1700159,4,1676,32.212998736090015
DG039,model.8.m.0.cv2.conv,6,20.907236099243164,25,1700159,258,1699901,5,1677,32.22328544828934
DG039,model.8.m.0.cv2.conv,8,20.909393310546875,25,1699901,258,1699643,5,1678,32.233572160488656
DG041,model.8.m.0.m.1.cv1.conv,6,20.91710662841797,25,1699643,272,1699371,4,1679,32.244417066373224
DG040,model.8.m.0.m.0.cv1.conv,10,20.932758331298828,25,1699371,272,1699099,4,1680,32.25526197225778
DG039,model.8.m.0.cv2.conv,6,20.945974349975586,25,1699099,258,1698841,5,1681,32.2655486844571
DG004,model.10.m.0.ffn.0.conv,9,20.952255249023438,25,1698841,258,1698583,4,1682,32.27583539665642
DG039,model.8.m.0.cv2.conv,3,20.952491760253906,25,1698583,258,1698325,5,1683,32.28612210885574
DG038,model.8.m.0.cv1.conv,14,20.969547271728516,25,1698325,982,1697343,15,1684,32.3252754087772
DG041,model.8.m.0.m.1.cv1.conv,17,17.138856887817383,23,1697343,254,1697089,4,1685,32.33540263706646
DG040,model.8.m.0.m.0.cv1.conv,9,18.824134826660156,24,1697089,254,1696835,4,1686,32.3455298653557
DG041,model.8.m.0.m.1.cv1.conv,19,18.83251953125,24,1696835,254,1696581,4,1687,32.355657093644965
DG041,model.8.m.0.m.1.cv1.conv,19,19.294086456298828,24,1696581,254,1696327,4,1688,32.36578432193422
DG040,model.8.m.0.m.0.cv1.conv,8,19.47888946533203,24,1696327,254,1696073,4,1689,32.37591155022348
DG041,model.8.m.0.m.1.cv1.conv,5,19.67777442932129,24,1696073,254,1695819,4,1690,32.38603877851274
DG040,model.8.m.0.m.0.cv1.conv,1,19.822311401367188,24,1695819,254,1695565,4,1691,32.396166006801984
DG040,model.8.m.0.m.0.cv1.conv,3,19.858774185180664,24,1695565,254,1695311,4,1692,32.40629323509124
DG040,model.8.m.0.m.0.cv1.conv,8,19.96332550048828,24,1695311,254,1695057,4,1693,32.416420463380504
DG040,model.8.m.0.m.0.cv1.conv,5,19.98678207397461,24,1695057,254,1694803,4,1694,32.42654769166976
DG040,model.8.m.0.m.0.cv1.conv,2,19.993284225463867,24,1694803,254,1694549,4,1695,32.43667491995901
DG040,model.8.m.0.m.0.cv1.conv,7,20.016294479370117,24,1694549,254,1694295,4,1696,32.44680214824827
DG041,model.8.m.0.m.1.cv1.conv,8,20.045053482055664,25,1694295,254,1694041,4,1697,32.45692937653752
DG041,model.8.m.0.m.1.cv1.conv,12,20.38375473022461,25,1694041,254,1693787,4,1698,32.46705660482678
DG040,model.8.m.0.m.0.cv1.conv,1,20.51750946044922,25,1693787,254,1693533,4,1699,32.477183833116044
DG041,model.8.m.0.m.1.cv1.conv,10,20.53034210205078,25,1693533,254,1693279,4,1700,32.487311061405286
DG040,model.8.m.0.m.0.cv1.conv,6,20.823596954345703,25,1693279,254,1693025,4,1701,32.49743828969455
DG041,model.8.m.0.m.1.cv1.conv,10,20.8478946685791,25,1693025,254,1692771,4,1702,32.50756551798381
DG041,model.8.m.0.m.1.cv1.conv,3,20.888282775878906,25,1692771,254,1692517,4,1703,32.51769274627306
DG041,model.8.m.0.m.1.cv1.conv,6,20.891016006469727,25,1692517,254,1692263,4,1704,32.52781997456231
DG038,model.8.m.0.cv1.conv,0,20.969928741455078,25,1692263,622,1691641,15,1705,32.55261972257774
DG040,model.8.m.0.m.0.cv1.conv,3,19.438621520996094,24,1691641,236,1691405,4,1706,32.5620292732717
DG041,model.8.m.0.m.1.cv1.conv,12,19.650177001953125,24,1691405,236,1691169,4,1707,32.57143882396565
DG041,model.8.m.0.m.1.cv1.conv,10,19.682907104492188,24,1691169,236,1690933,4,1708,32.580848374659595
DG040,model.8.m.0.m.0.cv1.conv,0,19.830141067504883,24,1690933,236,1690697,4,1709,32.59025792535356
DG040,model.8.m.0.m.0.cv1.conv,4,19.929933547973633,24,1690697,236,1690461,4,1710,32.599667476047514
DG041,model.8.m.0.m.1.cv1.conv,10,19.987060546875,24,1690461,236,1690225,4,1711,32.60907702674146
DG041,model.8.m.0.m.1.cv1.conv,8,20.149085998535156,25,1690225,236,1689989,4,1712,32.61848657743543
DG040,model.8.m.0.m.0.cv1.conv,0,20.177705764770508,25,1689989,236,1689753,4,1713,32.62789612812937
DG040,model.8.m.0.m.0.cv1.conv,1,20.235036849975586,25,1689753,236,1689517,4,1714,32.637305678823324
DG041,model.8.m.0.m.1.cv1.conv,7,20.249038696289062,25,1689517,236,1689281,4,1715,32.646715229517284
DG041,model.8.m.0.m.1.cv1.conv,4,20.251842498779297,25,1689281,236,1689045,4,1716,32.656124780211236
DG041,model.8.m.0.m.1.cv1.conv,0,20.26565170288086,25,1689045,236,1688809,4,1717,32.66553433090519
DG040,model.8.m.0.m.0.cv1.conv,0,20.380369186401367,25,1688809,236,1688573,4,1718,32.67494388159915
DG041,model.8.m.0.m.1.cv1.conv,5,20.47446060180664,25,1688573,236,1688337,4,1719,32.6843534322931
DG041,model.8.m.0.m.1.cv1.conv,0,20.537790298461914,25,1688337,236,1688101,4,1720,32.69376298298705
DG004,model.10.m.0.ffn.0.conv,10,20.98588752746582,25,1688101,258,1687843,4,1721,32.70404969518638
DG004,model.10.m.0.ffn.0.conv,18,20.992591857910156,25,1687843,258,1687585,4,1722,32.7143364073857
DG004,model.10.m.0.ffn.0.conv,14,20.997631072998047,25,1687585,258,1687327,4,1723,32.724623119585026
DG016,model.19.cv2.conv,90,21.00829315185547,26,1687327,1784,1685543,14,1724,32.79575294347492
DG004,model.10.m.0.ffn.0.conv,14,21.013259887695312,26,1685543,258,1685285,4,1725,32.80603965567423
DG004,model.10.m.0.ffn.0.conv,5,21.019954681396484,26,1685285,258,1685027,4,1726,32.81632636787356
DG004,model.10.m.0.ffn.0.conv,10,21.045991897583008,26,1685027,258,1684769,4,1727,32.82661308007289
DG004,model.10.m.0.ffn.0.conv,3,21.05512046813965,26,1684769,258,1684511,4,1728,32.83689979227221
DG039,model.8.m.0.cv2.conv,3,21.072874069213867,26,1684511,258,1684253,5,1729,32.84718650447152
DG038,model.8.m.0.cv1.conv,12,21.077930450439453,26,1684253,352,1683901,15,1730,32.86122108855742
DG041,model.8.m.0.m.1.cv1.conv,1,19.397117614746094,24,1683901,218,1683683,4,1731,32.86991296165608
DG041,model.8.m.0.m.1.cv1.conv,0,19.986156463623047,25,1683683,218,1683465,4,1732,32.87860483475473
DG041,model.8.m.0.m.1.cv1.conv,0,20.580440521240234,26,1683465,218,1683247,4,1733,32.88729670785339
DG026,model.22.m.0.1.ffn.0.conv,20,21.08197593688965,26,1683247,258,1682989,4,1734,32.89758342005271
DG016,model.19.cv2.conv,57,21.09792709350586,26,1682989,1784,1681205,14,1735,32.9687132439426
DG038,model.8.m.0.cv1.conv,9,21.098966598510742,26,1681205,298,1680907,15,1736,32.98059479524259
DG004,model.10.m.0.ffn.0.conv,7,21.099613189697266,26,1680907,258,1680649,4,1737,32.99088150744191
DG026,model.22.m.0.1.ffn.0.conv,16,21.10904884338379,26,1680649,258,1680391,4,1738,33.001168219641244
DG004,model.10.m.0.ffn.0.conv,8,21.112579345703125,26,1680391,258,1680133,4,1739,33.01145493184057
DG038,model.8.m.0.cv1.conv,5,21.122699737548828,26,1680133,298,1679835,15,1740,33.023336483140554
DG026,model.22.m.0.1.ffn.0.conv,23,21.129690170288086,27,1679835,258,1679577,4,1741,33.03362319533988
DG004,model.10.m.0.ffn.0.conv,8,21.133243560791016,27,1679577,258,1679319,4,1742,33.0439099075392
DG004,model.10.m.0.ffn.0.conv,9,21.139543533325195,27,1679319,258,1679061,4,1743,33.054196619738526
DG038,model.8.m.0.cv1.conv,6,21.142601013183594,27,1679061,298,1678763,15,1744,33.06607817103851
DG039,model.8.m.0.cv2.conv,0,21.146175384521484,27,1678763,258,1678505,5,1745,33.076364883237844
DG039,model.8.m.0.cv2.conv,4,21.148984909057617,27,1678505,258,1678247,5,1746,33.08665159543717
DG004,model.10.m.0.ffn.0.conv,5,21.154842376708984,27,1678247,258,1677989,4,1747,33.09693830763649
DG004,model.10.m.0.ffn.0.conv,6,21.165315628051758,27,1677989,258,1677731,4,1748,33.10722501983581
DG038,model.8.m.0.cv1.conv,4,21.168289184570312,27,1677731,298,1677433,15,1749,33.1191065711358
DG026,model.22.m.0.1.ffn.0.conv,8,21.170862197875977,27,1677433,258,1677175,4,1750,33.129393283335126
DG004,model.10.m.0.ffn.0.conv,5,21.1917724609375,27,1677175,258,1676917,4,1751,33.13967999553446
DG038,model.8.m.0.cv1.conv,0,21.232208251953125,27,1676917,298,1676619,15,1752,33.151561546834444
DG026,model.22.m.0.1.ffn.0.conv,2,21.237714767456055,27,1676619,258,1676361,4,1753,33.16184825903377
DG038,model.8.m.0.cv1.conv,5,21.249595642089844,27,1676361,298,1676063,15,1754,33.17372981033376
DG004,model.10.m.0.ffn.0.conv,0,21.297096252441406,27,1676063,258,1675805,4,1755,33.18401652253308
DG004,model.10.m.0.ffn.0.conv,2,21.305606842041016,27,1675805,258,1675547,4,1756,33.1943032347324
DG004,model.10.m.0.ffn.0.conv,3,21.327526092529297,27,1675547,258,1675289,4,1757,33.204589946931726
DG026,model.22.m.0.1.ffn.0.conv,9,21.33653450012207,27,1675289,258,1675031,4,1758,33.21487665913105
DG004,model.10.m.0.ffn.0.conv,1,21.336965560913086,27,1675031,258,1674773,4,1759,33.22516337133038
DG039,model.8.m.0.cv2.conv,0,21.339326858520508,27,1674773,258,1674515,5,1760,33.23545008352969
DG004,model.10.m.0.ffn.0.conv,1,21.345367431640625,27,1674515,258,1674257,4,1761,33.245736795729016
DG026,model.22.m.0.1.ffn.0.conv,2,21.353729248046875,27,1674257,258,1673999,4,1762,33.25602350792835
DG016,model.19.cv2.conv,25,21.357501983642578,27,1673999,1784,1672215,14,1763,33.32715333181824
DG026,model.22.m.0.1.ffn.0.conv,3,21.380626678466797,27,1672215,258,1671957,4,1764,33.33744004401756
DG038,model.8.m.0.cv1.conv,5,21.411521911621094,27,1671957,298,1671659,15,1765,33.34932159531755
DG039,model.8.m.0.cv2.conv,0,21.417516708374023,27,1671659,258,1671401,5,1766,33.35960830751687
DG026,model.22.m.0.1.ffn.0.conv,11,21.417802810668945,27,1671401,258,1671143,4,1767,33.3698950197162
DG038,model.8.m.0.cv1.conv,0,21.421756744384766,27,1671143,298,1670845,15,1768,33.38177657101619
DG026,model.22.m.0.1.ffn.0.conv,15,21.42547035217285,27,1670845,258,1670587,4,1769,33.39206328321551
DG038,model.8.m.0.cv1.conv,0,21.452409744262695,28,1670587,298,1670289,15,1770,33.40394483451551
DG026,model.22.m.0.1.ffn.0.conv,14,21.512598037719727,28,1670289,258,1670031,4,1771,33.41423154671483
DG026,model.22.m.0.1.ffn.0.conv,5,21.58262825012207,28,1670031,258,1669773,4,1772,33.42451825891415
DG016,model.19.cv2.conv,72,21.642417907714844,28,1669773,1784,1667989,14,1773,33.49564808280404
DG039,model.8.m.0.cv2.conv,0,21.692277908325195,28,1667989,258,1667731,5,1774,33.50593479500337
DG038,model.8.m.0.cv1.conv,0,21.69795799255371,28,1667731,298,1667433,15,1775,33.51781634630336
DG038,model.8.m.0.cv1.conv,1,21.75967025756836,28,1667433,298,1667135,15,1776,33.52969789760336
DG016,model.19.cv2.conv,15,21.760576248168945,28,1667135,1784,1665351,14,1777,33.600827721493246
DG016,model.19.cv2.conv,9,21.781551361083984,28,1665351,1784,1663567,14,1778,33.67195754538314
DG026,model.22.m.0.1.ffn.0.conv,10,21.783897399902344,28,1663567,258,1663309,4,1779,33.68224425758246
DG016,model.19.cv2.conv,76,21.9228515625,28,1663309,1784,1661525,14,1780,33.75337408147235
DG026,model.22.m.0.1.ffn.0.conv,9,22.132061004638672,29,1661525,258,1661267,4,1781,33.763660793671676
DG026,model.22.m.0.1.ffn.0.conv,5,22.20525550842285,29,1661267,258,1661009,4,1782,33.77394750587101
DG026,model.22.m.0.1.ffn.0.conv,12,22.23735237121582,29,1661009,258,1660751,4,1783,33.78423421807032
DG031,model.6.cv2.conv,72,22.27719497680664,29,1660751,2626,1658125,6,1784,33.88893540502933
DG026,model.22.m.0.1.ffn.0.conv,3,22.347776412963867,30,1658125,258,1657867,4,1785,33.899222117228646
DG026,model.22.m.0.1.ffn.0.conv,11,22.34785270690918,30,1657867,258,1657609,4,1786,33.90950882942797
DG026,model.22.m.0.1.ffn.0.conv,7,22.494699478149414,30,1657609,258,1657351,4,1787,33.919795541627295
DG005,model.13.cv2.conv,104,22.63990020751953,30,1657351,386,1656965,8,1788,33.93518573894876
DG026,model.22.m.0.1.ffn.0.conv,0,22.711029052734375,30,1656965,258,1656707,4,1789,33.945472451148085
DG016,model.19.cv2.conv,23,22.7127742767334,30,1656707,1784,1654923,14,1790,34.016602275037975
DG026,model.22.m.0.1.ffn.0.conv,6,22.755826950073242,30,1654923,258,1654665,4,1791,34.0268889872373
DG026,model.22.m.0.1.ffn.0.conv,4,22.79549789428711,30,1654665,258,1654407,4,1792,34.03717569943663
DG016,model.19.cv2.conv,44,22.822265625,30,1654407,1784,1652623,14,1793,34.10830552332652
DG016,model.19.cv2.conv,13,22.88329315185547,30,1652623,1784,1650839,14,1794,34.179435347216405
DG016,model.19.cv2.conv,27,22.940914154052734,30,1650839,1784,1649055,14,1795,34.250565171106295
DG016,model.19.cv2.conv,12,23.28113555908203,30,1649055,1784,1647271,14,1796,34.321694994996186
DG016,model.19.cv2.conv,4,23.320837020874023,30,1647271,1784,1645487,14,1797,34.39282481888608
DG026,model.22.m.0.1.ffn.0.conv,2,23.447866439819336,30,1645487,258,1645229,4,1798,34.40311153108541
DG016,model.19.cv2.conv,15,23.452693939208984,30,1645229,1784,1643445,14,1799,34.4742413549753
DG016,model.19.cv2.conv,59,23.45319938659668,30,1643445,1784,1641661,14,1800,34.54537117886519
DG016,model.19.cv2.conv,51,23.465190887451172,30,1641661,1784,1639877,14,1801,34.616501002755086
DG016,model.19.cv2.conv,43,23.484756469726562,30,1639877,1784,1638093,14,1802,34.68763082664498
DG026,model.22.m.0.1.ffn.0.conv,3,23.488582611083984,30,1638093,258,1637835,4,1803,34.6979175388443
DG016,model.19.cv2.conv,46,23.497135162353516,30,1637835,1784,1636051,14,1804,34.7690473627342
DG016,model.19.cv2.conv,63,23.6711368560791,30,1636051,1784,1634267,14,1805,34.84017718662409
DG016,model.19.cv2.conv,33,23.70663070678711,30,1634267,1784,1632483,14,1806,34.91130701051398
DG005,model.13.cv2.conv,115,23.747045516967773,30,1632483,386,1632097,8,1807,34.926697207835446
DG026,model.22.m.0.1.ffn.0.conv,0,23.983524322509766,30,1632097,258,1631839,4,1808,34.93698392003477
DG016,model.19.cv2.conv,56,24.14508056640625,30,1631839,1784,1630055,14,1809,35.00811374392466
DG042,model.9.cv1.conv,84,24.259056091308594,30,1630055,1282,1628773,7,1810,35.059228337101146
DG016,model.19.cv2.conv,20,24.324935913085938,30,1628773,1784,1626989,14,1811,35.13035816099104
DG026,model.22.m.0.1.ffn.0.conv,2,24.350418090820312,30,1626989,258,1626731,4,1812,35.140644873190354
DG005,model.13.cv2.conv,61,24.438411712646484,30,1626731,386,1626345,8,1813,35.15603507051183
DG016,model.19.cv2.conv,26,24.452804565429688,30,1626345,1784,1624561,14,1814,35.22716489440172
DG042,model.9.cv1.conv,91,24.71453857421875,30,1624561,1282,1623279,7,1815,35.2782794875782
DG031,model.6.cv2.conv,19,24.719039916992188,30,1623279,2626,1620653,6,1816,35.3829806745372
DG005,model.13.cv2.conv,3,24.741670608520508,30,1620653,386,1620267,8,1817,35.39837087185867
DG016,model.19.cv2.conv,47,24.911376953125,30,1620267,1784,1618483,14,1818,35.46950069574856
DG031,model.6.cv2.conv,25,24.92934226989746,30,1618483,2626,1615857,6,1819,35.574201882707555
DG016,model.19.cv2.conv,22,25.213844299316406,30,1615857,1784,1614073,14,1820,35.645331706597446
DG031,model.6.cv2.conv,13,25.31376075744629,30,1614073,2626,1611447,6,1821,35.75003289355645
DG016,model.19.cv2.conv,31,25.36101722717285,30,1611447,1784,1609663,14,1822,35.82116271744634
DG031,model.6.cv2.conv,40,25.400907516479492,30,1609663,2626,1607037,6,1823,35.92586390440534
DG016,model.19.cv2.conv,68,25.44306182861328,30,1607037,1784,1605253,14,1824,35.99699372829524
DG016,model.19.cv2.conv,41,25.539569854736328,30,1605253,1784,1603469,14,1825,36.06812355218513
DG016,model.19.cv2.conv,3,25.70217514038086,30,1603469,1784,1601685,14,1826,36.13925337607502
DG016,model.19.cv2.conv,29,25.71966552734375,30,1601685,1784,1599901,14,1827,36.210383199964916
DG016,model.19.cv2.conv,0,25.72199058532715,30,1599901,1784,1598117,14,1828,36.28151302385481
DG005,model.13.cv2.conv,118,25.794469833374023,30,1598117,386,1597731,8,1829,36.296903221176265
DG031,model.6.cv2.conv,73,25.919536590576172,30,1597731,2626,1595105,6,1830,36.40160440813528
DG031,model.6.cv2.conv,52,25.994829177856445,30,1595105,2626,1592479,6,1831,36.50630559509428
DG016,model.19.cv2.conv,34,26.01246452331543,30,1592479,1784,1590695,14,1832,36.57743541898417
DG026,model.22.m.0.1.ffn.0.conv,1,26.052555084228516,30,1590695,258,1590437,4,1833,36.58772213118348
DG031,model.6.cv2.conv,78,26.126605987548828,30,1590437,2626,1587811,6,1834,36.69242331814249
DG026,model.22.m.0.1.ffn.0.conv,1,26.557342529296875,30,1587811,258,1587553,4,1835,36.70271003034181
DG042,model.9.cv1.conv,70,26.636173248291016,30,1587553,1282,1586271,7,1836,36.75382462351829
DG016,model.19.cv2.conv,11,26.64236068725586,30,1586271,1784,1584487,14,1837,36.82495444740819
DG042,model.9.cv1.conv,30,26.6665096282959,30,1584487,1282,1583205,7,1838,36.87606904058467
DG031,model.6.cv2.conv,26,26.679765701293945,30,1583205,2626,1580579,6,1839,36.98077022754367
DG005,model.13.cv2.conv,119,26.776519775390625,30,1580579,386,1580193,8,1840,36.99616042486513
DG031,model.6.cv2.conv,95,26.779617309570312,30,1580193,2626,1577567,6,1841,37.10086161182413
DG016,model.19.cv2.conv,23,26.79730796813965,30,1577567,1784,1575783,14,1842,37.17199143571403
DG031,model.6.cv2.conv,29,26.815114974975586,30,1575783,2626,1573157,6,1843,37.27669262267304
DG031,model.6.cv2.conv,17,26.890899658203125,30,1573157,2626,1570531,6,1844,37.38139380963204
DG016,model.19.cv2.conv,31,26.920652389526367,30,1570531,1784,1568747,14,1845,37.45252363352193
DG031,model.6.cv2.conv,4,26.93721580505371,30,1568747,2626,1566121,6,1846,37.557224820480926
DG016,model.19.cv2.conv,59,26.993247985839844,30,1566121,1784,1564337,14,1847,37.62835464437082
DG005,model.13.cv2.conv,67,27.10912322998047,30,1564337,386,1563951,8,1848,37.64374484169228
DG016,model.19.cv2.conv,47,27.17094612121582,30,1563951,1784,1562167,14,1849,37.71487466558218
DG031,model.6.cv2.conv,98,27.171329498291016,30,1562167,2626,1559541,6,1850,37.81957585254118
DG031,model.6.cv2.conv,0,27.200214385986328,30,1559541,2626,1556915,6,1851,37.924277039500176
DG016,model.19.cv2.conv,33,27.267051696777344,31,1556915,1784,1555131,14,1852,37.995406863390066
DG016,model.19.cv2.conv,10,27.4481143951416,31,1555131,1784,1553347,14,1853,38.066536687279964
DG005,model.13.cv2.conv,105,27.486440658569336,31,1553347,386,1552961,8,1854,38.08192688460142
DG005,model.13.cv2.conv,2,27.492305755615234,31,1552961,386,1552575,8,1855,38.097317081922895
DG016,model.19.cv2.conv,27,27.576595306396484,31,1552575,1784,1550791,14,1856,38.16844690581279
DG016,model.19.cv2.conv,22,27.61794662475586,31,1550791,1784,1549007,14,1857,38.239576729702684
DG031,model.6.cv2.conv,46,27.628074645996094,31,1549007,2626,1546381,6,1858,38.34427791666168
DG005,model.13.cv2.conv,59,27.690990447998047,31,1546381,386,1545995,8,1859,38.35966811398315
DG016,model.19.cv2.conv,35,27.751201629638672,31,1545995,1784,1544211,14,1860,38.43079793787304
DG031,model.6.cv2.conv,45,27.758052825927734,31,1544211,2626,1541585,6,1861,38.53549912483204
DG016,model.19.cv2.conv,43,27.791057586669922,31,1541585,1784,1539801,14,1862,38.606628948721934
DG031,model.6.cv2.conv,58,27.81601333618164,31,1539801,2626,1537175,6,1863,38.71133013568093
DG005,model.13.cv2.conv,16,27.9254093170166,31,1537175,386,1536789,8,1864,38.726720333002405
DG005,model.13.cv2.conv,58,27.9700984954834,31,1536789,386,1536403,8,1865,38.74211053032387
DG031,model.6.cv2.conv,44,27.999296188354492,31,1536403,2626,1533777,6,1866,38.84681171728287
DG031,model.6.cv2.conv,6,28.233335494995117,31,1533777,2626,1531151,6,1867,38.951512904241866
DG024,model.22.cv2.conv,1,28.310087203979492,31,1531151,824,1530327,13,1868,38.98436658971568
DG031,model.6.cv2.conv,103,28.38561248779297,31,1530327,2626,1527701,6,1869,39.08906777667468
DG005,model.13.cv2.conv,75,28.400421142578125,31,1527701,386,1527315,8,1870,39.104457973996155
DG005,model.13.cv2.conv,7,28.431039810180664,31,1527315,386,1526929,8,1871,39.119848171317614
DG031,model.6.cv2.conv,43,28.447002410888672,31,1526929,2626,1524303,6,1872,39.22454935827662
DG005,model.13.cv2.conv,95,28.460851669311523,31,1524303,386,1523917,8,1873,39.23993955559808
DG031,model.6.cv2.conv,77,28.537986755371094,31,1523917,2626,1521291,6,1874,39.34464074255708
DG016,model.19.cv2.conv,46,28.628238677978516,31,1521291,1784,1519507,14,1875,39.41577056644697
DG031,model.6.cv2.conv,63,28.639568328857422,31,1519507,2626,1516881,6,1876,39.520471753405985
DG031,model.6.cv2.conv,35,28.695653915405273,31,1516881,2626,1514255,6,1877,39.62517294036498
DG031,model.6.cv2.conv,31,28.721271514892578,31,1514255,2626,1511629,6,1878,39.72987412732398
DG031,model.6.cv2.conv,58,28.745868682861328,31,1511629,2626,1509003,6,1879,39.834575314282986
DG016,model.19.cv2.conv,29,28.752111434936523,31,1509003,1784,1507219,14,1880,39.90570513817288
DG016,model.19.cv2.conv,49,28.76096534729004,31,1507219,1784,1505435,14,1881,39.97683496206277
DG016,model.19.cv2.conv,18,28.789953231811523,31,1505435,1784,1503651,14,1882,40.04796478595266
DG016,model.19.cv2.conv,40,28.8050537109375,31,1503651,1784,1501867,14,1883,40.119094609842556
DG005,model.13.cv2.conv,44,28.809329986572266,31,1501867,386,1501481,8,1884,40.134484807164014
DG005,model.13.cv2.conv,14,28.81266975402832,31,1501481,386,1501095,8,1885,40.14987500448548
DG016,model.19.cv2.conv,40,28.831371307373047,31,1501095,1784,1499311,14,1886,40.22100482837537
DG005,model.13.cv2.conv,37,28.87738037109375,31,1499311,386,1498925,8,1887,40.23639502569685
DG016,model.19.cv2.conv,32,28.89232063293457,31,1498925,1784,1497141,14,1888,40.30752484958674
DG031,model.6.cv2.conv,6,28.91350555419922,31,1497141,2626,1494515,6,1889,40.41222603654574
DG031,model.6.cv2.conv,22,28.94495964050293,31,1494515,2626,1491889,6,1890,40.51692722350474
DG005,model.13.cv2.conv,40,28.957504272460938,31,1491889,386,1491503,8,1891,40.5323174208262
DG005,model.13.cv2.conv,21,28.962644577026367,31,1491503,386,1491117,8,1892,40.547707618147676
DG031,model.6.cv2.conv,94,28.989789962768555,31,1491117,2626,1488491,6,1893,40.652408805106674
DG031,model.6.cv2.conv,59,29.046958923339844,31,1488491,2626,1485865,6,1894,40.75710999206568
DG031,model.6.cv2.conv,61,29.08930015563965,31,1485865,2626,1483239,6,1895,40.86181117902468
DG005,model.13.cv2.conv,51,29.13026237487793,31,1483239,386,1482853,8,1896,40.877201376346136
DG005,model.13.cv2.conv,85,29.13559913635254,31,1482853,386,1482467,8,1897,40.892591573667616
DG005,model.13.cv2.conv,81,29.15056800842285,31,1482467,386,1482081,8,1898,40.907981770989075
DG005,model.13.cv2.conv,19,29.158109664916992,31,1482081,386,1481695,8,1899,40.92337196831055
DG016,model.19.cv2.conv,0,29.218765258789062,31,1481695,1784,1479911,14,1900,40.994501792200445
DG005,model.13.cv2.conv,85,29.26326560974121,31,1479911,386,1479525,8,1901,41.009891989521904
DG031,model.6.cv2.conv,80,29.34552001953125,31,1479525,2626,1476899,6,1902,41.11459317648091
DG005,model.13.cv2.conv,85,29.351041793823242,31,1476899,386,1476513,8,1903,41.12998337380237
DG016,model.19.cv2.conv,7,29.36067771911621,31,1476513,1784,1474729,14,1904,41.201113197692266
DG031,model.6.cv2.conv,75,29.399089813232422,31,1474729,2626,1472103,6,1905,41.30581438465127
DG031,model.6.cv2.conv,90,29.401737213134766,31,1472103,2626,1469477,6,1906,41.410515571610276
DG005,model.13.cv2.conv,69,29.40836524963379,31,1469477,386,1469091,8,1907,41.425905768931734
DG016,model.19.cv2.conv,28,29.41231918334961,31,1469091,1784,1467307,14,1908,41.49703559282163
DG031,model.6.cv2.conv,84,29.420381546020508,31,1467307,2626,1464681,6,1909,41.60173677978063
DG005,model.13.cv2.conv,94,29.46448516845703,31,1464681,386,1464295,8,1910,41.61712697710209
DG031,model.6.cv2.conv,45,29.4702091217041,31,1464295,2626,1461669,6,1911,41.7218281640611
DG031,model.6.cv2.conv,54,29.476533889770508,31,1461669,2626,1459043,6,1912,41.826529351020106
DG005,model.13.cv2.conv,16,29.53285026550293,31,1459043,386,1458657,8,1913,41.841919548341565
DG031,model.6.cv2.conv,9,29.548267364501953,31,1458657,2626,1456031,6,1914,41.94662073530056
DG031,model.6.cv2.conv,31,29.55952262878418,31,1456031,2626,1453405,6,1915,42.05132192225957
DG031,model.6.cv2.conv,53,29.577316284179688,31,1453405,2626,1450779,6,1916,42.156023109218566
DG005,model.13.cv2.conv,90,29.58087730407715,31,1450779,386,1450393,8,1917,42.17141330654004
DG031,model.6.cv2.conv,79,29.596420288085938,31,1450393,2626,1447767,6,1918,42.27611449349904
DG031,model.6.cv2.conv,15,29.5986385345459,31,1447767,2626,1445141,6,1919,42.38081568045804
DG031,model.6.cv2.conv,75,29.6060791015625,31,1445141,2626,1442515,6,1920,42.48551686741704
DG005,model.13.cv2.conv,23,29.613027572631836,31,1442515,386,1442129,8,1921,42.5009070647385
DG005,model.13.cv2.conv,52,29.629182815551758,31,1442129,386,1441743,8,1922,42.51629726205998
DG031,model.6.cv2.conv,54,29.630760192871094,31,1441743,2626,1439117,6,1923,42.62099844901898
DG031,model.6.cv2.conv,51,29.635398864746094,31,1439117,2626,1436491,6,1924,42.725699635977975
DG031,model.6.cv2.conv,50,29.668289184570312,31,1436491,2626,1433865,6,1925,42.83040082293697
DG005,model.13.cv2.conv,91,29.683143615722656,31,1433865,386,1433479,8,1926,42.84579102025844
DG005,model.13.cv2.conv,8,29.68630027770996,31,1433479,386,1433093,8,1927,42.86118121757991
DG005,model.13.cv2.conv,24,29.71651268005371,31,1433093,386,1432707,8,1928,42.87657141490138
DG031,model.6.cv2.conv,56,29.73577308654785,31,1432707,2626,1430081,6,1929,42.981272601860375
DG031,model.6.cv2.conv,37,29.7387638092041,31,1430081,2626,1427455,6,1930,43.08597378881937
DG031,model.6.cv2.conv,55,29.757944107055664,31,1427455,2626,1424829,6,1931,43.19067497577838
DG005,model.13.cv2.conv,40,29.76435089111328,31,1424829,386,1424443,8,1932,43.20606517309985
DG016,model.19.cv2.conv,36,29.768508911132812,31,1424443,1784,1422659,14,1933,43.27719499698974
DG031,model.6.cv2.conv,48,29.772014617919922,31,1422659,2626,1420033,6,1934,43.38189618394874
DG016,model.19.cv2.conv,1,29.773746490478516,31,1420033,1784,1418249,14,1935,43.45302600783864
DG016,model.19.cv2.conv,5,29.781076431274414,31,1418249,1784,1416465,14,1936,43.52415583172853
DG031,model.6.cv2.conv,7,29.783100128173828,31,1416465,2626,1413839,6,1937,43.628857018687526
DG031,model.6.cv2.conv,26,29.78502655029297,31,1413839,2626,1411213,6,1938,43.73355820564653
DG031,model.6.cv2.conv,60,29.800813674926758,31,1411213,2626,1408587,6,1939,43.83825939260553
DG005,model.13.cv2.conv,61,29.812726974487305,31,1408587,386,1408201,8,1940,43.85364958992699
DG031,model.6.cv2.conv,22,29.843425750732422,31,1408201,2626,1405575,6,1941,43.958350776886
DG005,model.13.cv2.conv,16,29.852853775024414,31,1405575,386,1405189,8,1942,43.973740974207466
DG031,model.6.cv2.conv,48,29.875547409057617,31,1405189,2626,1402563,6,1943,44.078442161166464
DG016,model.19.cv2.conv,19,29.913463592529297,31,1402563,1784,1400779,14,1944,44.149571985056355
DG031,model.6.cv2.conv,1,29.92412567138672,31,1400779,2626,1398153,6,1945,44.25427317201536
DG016,model.19.cv2.conv,31,29.925851821899414,31,1398153,1784,1396369,14,1946,44.32540299590525
DG023,model.20.conv,78,29.43677520751953,31,1396369,600,1395769,5,1947,44.3493255824153
DG005,model.13.cv2.conv,69,29.935041427612305,31,1395769,386,1395383,8,1948,44.36471577973678
DG031,model.6.cv2.conv,47,29.94217872619629,31,1395383,2626,1392757,6,1949,44.469416966695775
DG005,model.13.cv2.conv,50,29.946008682250977,31,1392757,386,1392371,8,1950,44.48480716401724
DG031,model.6.cv2.conv,30,29.947044372558594,31,1392371,2626,1389745,6,1951,44.58950835097624
DG016,model.19.cv2.conv,29,29.956035614013672,31,1389745,1775,1387970,14,1952,44.660279336068484
DG005,model.13.cv2.conv,47,29.962636947631836,31,1387970,386,1387584,8,1953,44.67566953338995
DG016,model.19.cv2.conv,7,30.000499725341797,31,1387584,1775,1385809,14,1954,44.74644051848219
DG031,model.6.cv2.conv,2,30.013973236083984,31,1385809,2626,1383183,6,1955,44.85114170544119
DG005,model.13.cv2.conv,12,30.020225524902344,31,1383183,386,1382797,8,1956,44.86653190276266
DG031,model.6.cv2.conv,28,30.044275283813477,31,1382797,2626,1380171,6,1957,44.971233089721665
DG005,model.13.cv2.conv,46,30.061473846435547,31,1380171,386,1379785,8,1958,44.98662328704312
DG005,model.13.cv2.conv,14,30.09145736694336,31,1379785,386,1379399,8,1959,45.0020134843646
DG031,model.6.cv2.conv,14,30.09555435180664,31,1379399,2626,1376773,6,1960,45.1067146713236
DG031,model.6.cv2.conv,5,30.153947830200195,31,1376773,2626,1374147,6,1961,45.2114158582826
DG031,model.6.cv2.conv,56,30.172264099121094,31,1374147,2626,1371521,6,1962,45.3161170452416
DG031,model.6.cv2.conv,3,30.177711486816406,31,1371521,2626,1368895,6,1963,45.4208182322006
DG005,model.13.cv2.conv,17,30.194616317749023,31,1368895,386,1368509,8,1964,45.43620842952206
DG031,model.6.cv2.conv,36,30.203752517700195,31,1368509,2626,1365883,6,1965,45.54090961648106
DG005,model.13.cv2.conv,8,30.20452308654785,31,1365883,386,1365497,8,1966,45.55629981380254
DG005,model.13.cv2.conv,41,30.21133804321289,31,1365497,386,1365111,8,1967,45.571690011124
DG005,model.13.cv2.conv,2,30.23431396484375,31,1365111,386,1364725,8,1968,45.58708020844547
DG031,model.6.cv2.conv,12,30.238929748535156,31,1364725,2626,1362099,6,1969,45.691781395404476
DG031,model.6.cv2.conv,14,30.246679306030273,31,1362099,2626,1359473,6,1970,45.796482582363474
DG005,model.13.cv2.conv,54,30.251052856445312,31,1359473,386,1359087,8,1971,45.81187277968494
DG031,model.6.cv2.conv,21,30.292482376098633,31,1359087,2626,1356461,6,1972,45.91657396664394
DG031,model.6.cv2.conv,37,30.2974910736084,31,1356461,2626,1353835,6,1973,46.021275153602936
DG031,model.6.cv2.conv,28,30.307376861572266,31,1353835,2626,1351209,6,1974,46.125976340561934
DG031,model.6.cv2.conv,13,30.31753158569336,31,1351209,2626,1348583,6,1975,46.230677527520946
DG005,model.13.cv2.conv,48,30.34781265258789,31,1348583,386,1348197,8,1976,46.24606772484241
DG031,model.6.cv2.conv,38,30.34783363342285,31,1348197,2626,1345571,6,1977,46.35076891180141
DG031,model.6.cv2.conv,30,30.366254806518555,31,1345571,2626,1342945,6,1978,46.45547009876041
DG031,model.6.cv2.conv,21,30.37708854675293,31,1342945,2626,1340319,6,1979,46.560171285719406
DG005,model.13.cv2.conv,69,30.37722396850586,31,1340319,386,1339933,8,1980,46.575561483040886
DG005,model.13.cv2.conv,64,30.38018035888672,31,1339933,386,1339547,8,1981,46.590951680362345
DG005,model.13.cv2.conv,67,30.406042098999023,31,1339547,386,1339161,8,1982,46.60634187768381
DG031,model.6.cv2.conv,5,30.410579681396484,31,1339161,2626,1336535,6,1983,46.71104306464282
DG031,model.6.cv2.conv,30,30.41488265991211,31,1336535,2626,1333909,6,1984,46.81574425160182
DG005,model.13.cv2.conv,42,30.41986083984375,31,1333909,386,1333523,8,1985,46.83113444892329
DG031,model.6.cv2.conv,0,30.442224502563477,31,1333523,2626,1330897,6,1986,46.935835635882285
DG005,model.13.cv2.conv,5,30.44540786743164,31,1330897,386,1330511,8,1987,46.95122583320376
DG016,model.19.cv2.conv,18,30.44584083557129,31,1330511,1775,1328736,14,1988,47.021996818295996
DG005,model.13.cv2.conv,55,30.462297439575195,31,1328736,386,1328350,8,1989,47.03738701561746
DG005,model.13.cv2.conv,41,30.473011016845703,31,1328350,386,1327964,8,1990,47.052777212938935
DG031,model.6.cv2.conv,33,30.488115310668945,31,1327964,2626,1325338,6,1991,47.15747839989793
DG031,model.6.cv2.conv,15,30.502700805664062,31,1325338,2626,1322712,6,1992,47.26217958685693
DG005,model.13.cv2.conv,63,30.525753021240234,31,1322712,386,1322326,8,1993,47.2775697841784
DG023,model.20.conv,80,30.534202575683594,31,1322326,573,1321753,5,1994,47.300415854295494
DG005,model.13.cv2.conv,40,30.53437614440918,31,1321753,386,1321367,8,1995,47.315806051616974
DG005,model.13.cv2.conv,49,30.543025970458984,31,1321367,386,1320981,8,1996,47.33119624893843
DG005,model.13.cv2.conv,31,30.557945251464844,31,1320981,386,1320595,8,1997,47.346586446259906
DG016,model.19.cv2.conv,32,30.55963134765625,31,1320595,1766,1318829,14,1998,47.41699859255449
DG005,model.13.cv2.conv,65,30.57438087463379,31,1318829,386,1318443,8,1999,47.43238878987596
DG031,model.6.cv2.conv,12,30.578210830688477,31,1318443,2626,1315817,6,2000,47.53708997683497
DG005,model.13.cv2.conv,38,30.59008026123047,31,1315817,386,1315431,8,2001,47.55248017415643
DG005,model.13.cv2.conv,19,30.595474243164062,31,1315431,386,1315045,8,2002,47.567870371477895
DG031,model.6.cv2.conv,22,30.60858154296875,31,1315045,2626,1312419,6,2003,47.67257155843689
DG016,model.19.cv2.conv,19,30.620628356933594,31,1312419,1766,1310653,14,2004,47.742983704731486
DG023,model.20.conv,33,30.51776695251465,31,1310653,555,1310098,5,2005,47.765112097253294
DG031,model.6.cv2.conv,11,30.623966217041016,31,1310098,2626,1307472,6,2006,47.86981328421229
DG031,model.6.cv2.conv,3,30.62649917602539,31,1307472,2626,1304846,6,2007,47.97451447117129
DG005,model.13.cv2.conv,59,30.63671112060547,31,1304846,386,1304460,8,2008,47.989904668492755
DG031,model.6.cv2.conv,40,30.65960693359375,31,1304460,2626,1301834,6,2009,48.09460585545175
DG016,model.19.cv2.conv,0,30.666067123413086,31,1301834,1757,1300077,14,2010,48.164659162948695
DG031,model.6.cv2.conv,40,30.67938804626465,31,1300077,2626,1297451,6,2011,48.2693603499077
DG031,model.6.cv2.conv,25,30.684274673461914,31,1297451,2626,1294825,6,2012,48.3740615368667
DG005,model.13.cv2.conv,58,30.6978816986084,31,1294825,386,1294439,8,2013,48.38945173418817
DG005,model.13.cv2.conv,42,30.728527069091797,31,1294439,386,1294053,8,2014,48.40484193150964
DG005,model.13.cv2.conv,27,30.729467391967773,31,1294053,386,1293667,8,2015,48.420232128831096
DG005,model.13.cv2.conv,49,30.733234405517578,31,1293667,386,1293281,8,2016,48.43562232615257
DG005,model.13.cv2.conv,42,30.74807357788086,31,1293281,386,1292895,8,2017,48.451012523474034
DG031,model.6.cv2.conv,7,30.761682510375977,31,1292895,2626,1290269,6,2018,48.55571371043303
DG016,model.19.cv2.conv,2,30.762460708618164,31,1290269,1757,1288512,14,2019,48.625767017929974
DG023,model.20.conv,32,30.09639549255371,31,1288512,537,1287975,5,2020,48.64717773285647
DG023,model.20.conv,101,30.617431640625,31,1287975,537,1287438,5,2021,48.66858844778298
DG031,model.6.cv2.conv,29,30.766387939453125,31,1287438,2626,1284812,6,2022,48.77328963474198
DG005,model.13.cv2.conv,48,30.78596305847168,31,1284812,386,1284426,8,2023,48.788679832063444
DG031,model.6.cv2.conv,24,30.789335250854492,31,1284426,2626,1281800,6,2024,48.89338101902244
DG031,model.6.cv2.conv,14,30.796926498413086,31,1281800,2626,1279174,6,2025,48.99808220598144
DG031,model.6.cv2.conv,21,30.819194793701172,31,1279174,2626,1276548,6,2026,49.10278339294044
DG036,model.7.conv,118,30.127208709716797,31,1276548,564,1275984,4,2027,49.1252706242599
DG031,model.6.cv2.conv,32,30.823698043823242,31,1275984,2617,1273367,6,2028,49.22961297242124
DG036,model.7.conv,71,30.79416275024414,31,1273367,555,1272812,4,2029,49.251741364943044
DG031,model.6.cv2.conv,22,30.828777313232422,31,1272812,2608,1270204,6,2030,49.35572487430674
DG036,model.7.conv,60,29.65245819091797,31,1270204,546,1269658,4,2031,49.377494428030886
DG036,model.7.conv,81,30.308820724487305,31,1269658,546,1269112,4,2032,49.399263981755034
DG031,model.6.cv2.conv,31,30.8330135345459,31,1269112,2590,1266522,6,2033,49.50252981352343
DG036,model.7.conv,158,30.74297523498535,31,1266522,537,1265985,4,2034,49.52394052844994
DG031,model.6.cv2.conv,25,30.834514617919922,31,1265985,2581,1263404,6,2035,49.62684752142068
DG036,model.7.conv,2,30.427242279052734,31,1263404,528,1262876,4,2036,49.64789939754953
DG036,model.7.conv,66,30.809255599975586,31,1262876,528,1262348,4,2037,49.668951273678374
DG005,model.13.cv2.conv,12,30.842866897583008,31,1262348,386,1261962,8,2038,49.68434147099985
DG005,model.13.cv2.conv,25,30.865703582763672,31,1261962,386,1261576,8,2039,49.69973166832131
DG031,model.6.cv2.conv,15,30.869098663330078,31,1261576,2563,1259013,6,2040,49.80192098369676
DG036,model.7.conv,75,29.954517364501953,31,1259013,519,1258494,4,2041,49.82261402102795
DG036,model.7.conv,102,29.997825622558594,31,1258494,519,1257975,4,2042,49.84330705835915
DG036,model.7.conv,34,30.589710235595703,31,1257975,519,1257456,4,2043,49.86400009569034
DG036,model.7.conv,91,30.70196533203125,31,1257456,519,1256937,4,2044,49.88469313302154
DG005,model.13.cv2.conv,47,30.8747615814209,31,1256937,386,1256551,8,2045,49.900083330343016
DG005,model.13.cv2.conv,29,30.876266479492188,31,1256551,386,1256165,8,2046,49.915473527664474
DG005,model.13.cv2.conv,20,30.88249969482422,31,1256165,386,1255779,8,2047,49.93086372498594
DG005,model.13.cv2.conv,25,30.922460556030273,31,1255779,386,1255393,8,2048,49.94625392230741
DG005,model.13.cv2.conv,44,30.927021026611328,31,1255393,386,1255007,8,2049,49.96164411962888
DG005,model.13.cv2.conv,14,30.929471969604492,31,1255007,386,1254621,8,2050,49.97703431695035
DG031,model.6.cv2.conv,0,30.934213638305664,31,1254621,2527,1252094,6,2051,50.077788277135184
DG036,model.7.conv,53,28.415773391723633,31,1252094,510,1251584,4,2052,50.09812247566874
DG036,model.7.conv,99,29.784671783447266,31,1251584,510,1251074,4,2053,50.118456674202285
DG036,model.7.conv,26,30.36453628540039,31,1251074,510,1250564,4,2054,50.138790872735825
DG036,model.7.conv,69,30.504451751708984,31,1250564,510,1250054,4,2055,50.15912507126937
DG036,model.7.conv,84,30.774160385131836,31,1250054,510,1249544,4,2056,50.17945926980292
DG031,model.6.cv2.conv,22,30.936676025390625,31,1249544,2482,1247062,6,2057,50.2784190359995
DG036,model.7.conv,57,29.849592208862305,31,1247062,501,1246561,4,2058,50.2983943957354
DG036,model.7.conv,237,30.067596435546875,31,1246561,501,1246060,4,2059,50.318369755471295
DG036,model.7.conv,3,30.131696701049805,31,1246060,501,1245559,4,2060,50.33834511520718
DG036,model.7.conv,158,30.1890869140625,31,1245559,501,1245058,4,2061,50.358320474943085
DG036,model.7.conv,183,30.189311981201172,31,1245058,501,1244557,4,2062,50.37829583467898
DG036,model.7.conv,75,30.199913024902344,31,1244557,501,1244056,4,2063,50.39827119441487
DG036,model.7.conv,174,30.23063087463379,31,1244056,501,1243555,4,2064,50.41824655415077
DG036,model.7.conv,7,30.322851181030273,31,1243555,501,1243054,4,2065,50.43822191388666
DG036,model.7.conv,36,30.326732635498047,31,1243054,501,1242553,4,2066,50.45819727362255
DG036,model.7.conv,82,30.419404983520508,31,1242553,501,1242052,4,2067,50.478172633358454
DG036,model.7.conv,121,30.447235107421875,31,1242052,501,1241551,4,2068,50.49814799309434
DG036,model.7.conv,198,30.548748016357422,31,1241551,501,1241050,4,2069,50.51812335283024
DG036,model.7.conv,113,30.808290481567383,31,1241050,501,1240549,4,2070,50.53809871256614
DG036,model.7.conv,111,30.8161563873291,31,1240549,501,1240048,4,2071,50.55807407230203
DG005,model.13.cv2.conv,25,30.946121215820312,31,1240048,386,1239662,8,2072,50.5734642696235
DG005,model.13.cv2.conv,32,30.953351974487305,31,1239662,386,1239276,8,2073,50.588854466944966
DG031,model.6.cv2.conv,21,30.970470428466797,31,1239276,2356,1236920,6,2074,50.68279048997444
DG036,model.7.conv,103,28.833751678466797,31,1236920,492,1236428,4,2075,50.70240701091269
DG036,model.7.conv,149,29.51239776611328,31,1236428,492,1235936,4,2076,50.72202353185094
DG036,model.7.conv,151,29.729673385620117,31,1235936,492,1235444,4,2077,50.74164005278917
DG036,model.7.conv,159,29.81999397277832,31,1235444,492,1234952,4,2078,50.76125657372742
DG036,model.7.conv,29,29.821392059326172,31,1234952,492,1234460,4,2079,50.78087309466566
DG036,model.7.conv,114,29.923707962036133,31,1234460,492,1233968,4,2080,50.80048961560391
DG036,model.7.conv,141,30.1837158203125,31,1233968,492,1233476,4,2081,50.82010613654215
DG036,model.7.conv,184,30.44781494140625,31,1233476,492,1232984,4,2082,50.8397226574804
DG036,model.7.conv,86,30.480743408203125,31,1232984,492,1232492,4,2083,50.85933917841864
DG036,model.7.conv,77,30.48184585571289,31,1232492,492,1232000,4,2084,50.87895569935688
DG036,model.7.conv,98,30.49411392211914,31,1232000,492,1231508,4,2085,50.89857222029512
DG036,model.7.conv,37,30.511146545410156,31,1231508,492,1231016,4,2086,50.91818874123337
DG036,model.7.conv,34,30.541717529296875,31,1231016,492,1230524,4,2087,50.93780526217162
DG036,model.7.conv,211,30.607725143432617,31,1230524,492,1230032,4,2088,50.95742178310986
DG036,model.7.conv,34,30.612548828125,31,1230032,492,1229540,4,2089,50.977038304048094
DG036,model.7.conv,10,30.74933624267578,31,1229540,492,1229048,4,2090,50.996654824986344
DG036,model.7.conv,14,30.795581817626953,31,1229048,492,1228556,4,2091,51.016271345924594
DG036,model.7.conv,197,30.83182144165039,31,1228556,492,1228064,4,2092,51.035887866862836
DG036,model.7.conv,190,30.97064971923828,31,1228064,492,1227572,4,2093,51.05550438780108
DG036,model.7.conv,35,30.97148895263672,31,1227572,492,1227080,4,2094,51.075120908739315
DG005,model.13.cv2.conv,33,30.977340698242188,31,1227080,386,1226694,8,2095,51.09051110606079
DG031,model.6.cv2.conv,2,30.977584838867188,31,1226694,2176,1224518,6,2096,51.17727035313725
DG036,model.7.conv,156,28.34381103515625,31,1224518,483,1224035,4,2097,51.19652803527784
DG036,model.7.conv,131,29.72258186340332,31,1224035,483,1223552,4,2098,51.21578571741843
DG036,model.7.conv,202,29.7244815826416,31,1223552,483,1223069,4,2099,51.23504339955902
DG036,model.7.conv,1,29.959827423095703,31,1223069,483,1222586,4,2100,51.254301081699616
DG036,model.7.conv,63,29.98747444152832,31,1222586,483,1222103,4,2101,51.273558763840214
DG036,model.7.conv,109,29.992435455322266,31,1222103,483,1221620,4,2102,51.292816445980804
DG036,model.7.conv,26,30.035429000854492,31,1221620,483,1221137,4,2103,51.312074128121395
DG036,model.7.conv,1,30.079744338989258,31,1221137,483,1220654,4,2104,51.33133181026199
DG036,model.7.conv,54,30.157196044921875,31,1220654,483,1220171,4,2105,51.35058949240259
DG036,model.7.conv,63,30.249387741088867,31,1220171,483,1219688,4,2106,51.36984717454318
DG036,model.7.conv,52,30.29352378845215,31,1219688,483,1219205,4,2107,51.38910485668377
DG036,model.7.conv,93,30.310792922973633,31,1219205,483,1218722,4,2108,51.40836253882437
DG036,model.7.conv,69,30.421030044555664,31,1218722,483,1218239,4,2109,51.42762022096497
DG036,model.7.conv,156,30.424196243286133,31,1218239,483,1217756,4,2110,51.446877903105545
DG036,model.7.conv,171,30.42483139038086,31,1217756,483,1217273,4,2111,51.46613558524614
DG036,model.7.conv,149,30.594406127929688,31,1217273,483,1216790,4,2112,51.48539326738673
DG036,model.7.conv,106,30.614395141601562,31,1216790,483,1216307,4,2113,51.50465094952733
DG036,model.7.conv,76,30.64271354675293,31,1216307,483,1215824,4,2114,51.52390863166792
DG036,model.7.conv,70,30.681344985961914,31,1215824,483,1215341,4,2115,51.543166313808506
DG036,model.7.conv,165,30.68471908569336,31,1215341,483,1214858,4,2116,51.5624239959491
DG036,model.7.conv,87,30.742956161499023,31,1214858,483,1214375,4,2117,51.581681678089694
DG036,model.7.conv,120,30.78179168701172,31,1214375,483,1213892,4,2118,51.60093936023029
DG036,model.7.conv,132,30.80890464782715,31,1213892,483,1213409,4,2119,51.62019704237088
DG036,model.7.conv,97,30.8638916015625,31,1213409,483,1212926,4,2120,51.63945472451148
DG036,model.7.conv,153,30.912460327148438,31,1212926,483,1212443,4,2121,51.65871240665207
DG036,model.7.conv,33,30.92849349975586,31,1212443,483,1211960,4,2122,51.67797008879267
DG036,model.7.conv,4,30.961639404296875,31,1211960,483,1211477,4,2123,51.69722777093326
DG005,model.13.cv2.conv,34,30.99357032775879,31,1211477,386,1211091,8,2124,51.712617968254726
DG031,model.6.cv2.conv,12,30.997873306274414,31,1211091,1933,1209158,6,2125,51.78968856779462
DG036,model.7.conv,31,29.132638931274414,31,1209158,474,1208684,4,2126,51.808587411137566
DG036,model.7.conv,116,29.146364212036133,31,1208684,474,1208210,4,2127,51.827486254480505
DG036,model.7.conv,112,29.14793586730957,31,1208210,474,1207736,4,2128,51.84638509782344
DG036,model.7.conv,161,29.22930908203125,31,1207736,474,1207262,4,2129,51.86528394116638
DG036,model.7.conv,55,29.55752944946289,31,1207262,474,1206788,4,2130,51.88418278450933
DG036,model.7.conv,28,29.57510757446289,31,1206788,474,1206314,4,2131,51.903081627852266
DG036,model.7.conv,87,29.61189079284668,31,1206314,474,1205840,4,2132,51.921980471195205
DG036,model.7.conv,56,29.82867431640625,31,1205840,474,1205366,4,2133,51.940879314538144
DG036,model.7.conv,103,29.901535034179688,31,1205366,474,1204892,4,2134,51.9597781578811
DG036,model.7.conv,123,29.984447479248047,31,1204892,474,1204418,4,2135,51.978677001224035
DG036,model.7.conv,15,30.1673583984375,31,1204418,474,1203944,4,2136,51.99757584456698
DG036,model.7.conv,117,30.3912296295166,31,1203944,474,1203470,4,2137,52.016474687909934
DG036,model.7.conv,74,30.393020629882812,31,1203470,474,1202996,4,2138,52.03537353125287
DG036,model.7.conv,96,30.437084197998047,31,1202996,474,1202522,4,2139,52.05427237459581
DG036,model.7.conv,21,30.501188278198242,31,1202522,474,1202048,4,2140,52.07317121793875
DG036,model.7.conv,38,30.51458740234375,31,1202048,474,1201574,4,2141,52.09207006128169
DG036,model.7.conv,20,30.548669815063477,31,1201574,474,1201100,4,2142,52.110968904624634
DG036,model.7.conv,29,30.549949645996094,31,1201100,474,1200626,4,2143,52.12986774796757
DG036,model.7.conv,7,30.574552536010742,31,1200626,474,1200152,4,2144,52.14876659131051
DG036,model.7.conv,16,30.61880874633789,31,1200152,474,1199678,4,2145,52.16766543465346
DG036,model.7.conv,46,30.653034210205078,31,1199678,474,1199204,4,2146,52.1865642779964
DG036,model.7.conv,150,30.664257049560547,31,1199204,474,1198730,4,2147,52.20546312133935
DG036,model.7.conv,64,30.66969108581543,31,1198730,474,1198256,4,2148,52.22436196468229
DG036,model.7.conv,103,30.7117977142334,31,1198256,474,1197782,4,2149,52.24326080802524
DG036,model.7.conv,10,30.72344207763672,31,1197782,474,1197308,4,2150,52.26215965136818
DG036,model.7.conv,132,30.736536026000977,31,1197308,474,1196834,4,2151,52.28105849471112
DG036,model.7.conv,111,30.737213134765625,31,1196834,474,1196360,4,2152,52.29995733805406
DG036,model.7.conv,127,30.742136001586914,31,1196360,474,1195886,4,2153,52.318856181397
DG036,model.7.conv,63,30.761123657226562,31,1195886,474,1195412,4,2154,52.33775502473994
DG036,model.7.conv,129,30.777873992919922,31,1195412,474,1194938,4,2155,52.35665386808288
DG036,model.7.conv,46,30.805755615234375,31,1194938,474,1194464,4,2156,52.37555271142582
DG036,model.7.conv,106,30.839405059814453,31,1194464,474,1193990,4,2157,52.394451554768764
DG036,model.7.conv,52,30.842544555664062,31,1193990,474,1193516,4,2158,52.41335039811171
DG036,model.7.conv,134,30.851797103881836,31,1193516,474,1193042,4,2159,52.432249241454656
DG036,model.7.conv,6,30.92737579345703,31,1193042,474,1192568,4,2160,52.451148084797595
DG036,model.7.conv,78,30.955585479736328,31,1192568,474,1192094,4,2161,52.47004692814053
DG036,model.7.conv,55,30.959131240844727,31,1192094,474,1191620,4,2162,52.488945771483486
DG036,model.7.conv,9,30.986064910888672,31,1191620,474,1191146,4,2163,52.507844614826425
DG036,model.7.conv,3,31.0008487701416,31,1191146,474,1190672,4,2164,52.52674345816936
DG005,model.13.cv2.conv,13,31.007356643676758,31,1190672,386,1190286,8,2165,52.54213365549083
DG005,model.13.cv2.conv,39,31.01264762878418,31,1190286,386,1189900,8,2166,52.557523852812295
DG031,model.6.cv2.conv,19,31.014392852783203,31,1189900,1582,1188318,6,2167,52.6205997392438
DG036,model.7.conv,124,28.746530532836914,31,1188318,465,1187853,4,2168,52.6391397437891
DG036,model.7.conv,69,28.79446029663086,31,1187853,465,1187388,4,2169,52.657679748334395
DG036,model.7.conv,54,28.96347427368164,31,1187388,465,1186923,4,2170,52.67621975287968
DG036,model.7.conv,5,29.220796585083008,31,1186923,465,1186458,4,2171,52.69475975742497
DG036,model.7.conv,78,29.301631927490234,31,1186458,465,1185993,4,2172,52.713299761970255
DG036,model.7.conv,90,29.466365814208984,31,1185993,465,1185528,4,2173,52.731839766515556
DG036,model.7.conv,18,29.52537727355957,31,1185528,465,1185063,4,2174,52.75037977106085
DG036,model.7.conv,65,29.58397674560547,31,1185063,465,1184598,4,2175,52.768919775606136
DG036,model.7.conv,9,29.611263275146484,31,1184598,465,1184133,4,2176,52.78745978015142
DG036,model.7.conv,104,29.731746673583984,31,1184133,465,1183668,4,2177,52.80599978469672
DG036,model.7.conv,0,29.773136138916016,31,1183668,465,1183203,4,2178,52.82453978924202
DG036,model.7.conv,128,29.77972412109375,31,1183203,465,1182738,4,2179,52.843079793787304
DG036,model.7.conv,40,29.80453872680664,31,1182738,465,1182273,4,2180,52.86161979833259
DG036,model.7.conv,50,29.90355682373047,31,1182273,465,1181808,4,2181,52.88015980287788
DG036,model.7.conv,70,29.971426010131836,31,1181808,465,1181343,4,2182,52.89869980742318
DG036,model.7.conv,44,30.018444061279297,31,1181343,465,1180878,4,2183,52.91723981196847
DG036,model.7.conv,82,30.087486267089844,31,1180878,465,1180413,4,2184,52.93577981651376
DG036,model.7.conv,14,30.0917911529541,31,1180413,465,1179948,4,2185,52.954319821059045
DG036,model.7.conv,34,30.095802307128906,31,1179948,465,1179483,4,2186,52.972859825604345
DG036,model.7.conv,30,30.109439849853516,31,1179483,465,1179018,4,2187,52.991399830149646
DG036,model.7.conv,24,30.135766983032227,31,1179018,465,1178553,4,2188,53.00993983469493
DG036,model.7.conv,50,30.167041778564453,31,1178553,465,1178088,4,2189,53.02847983924022
DG036,model.7.conv,26,30.197425842285156,31,1178088,465,1177623,4,2190,53.047019843785506
DG036,model.7.conv,41,30.23727035522461,31,1177623,465,1177158,4,2191,53.0655598483308
DG036,model.7.conv,80,30.28142547607422,31,1177158,465,1176693,4,2192,53.0840998528761
DG036,model.7.conv,37,30.282699584960938,31,1176693,465,1176228,4,2193,53.10263985742139
DG036,model.7.conv,90,30.296083450317383,31,1176228,465,1175763,4,2194,53.121179861966674
DG036,model.7.conv,76,30.40092658996582,31,1175763,465,1175298,4,2195,53.13971986651197
DG036,model.7.conv,72,30.43013572692871,31,1175298,465,1174833,4,2196,53.158259871057254
DG036,model.7.conv,33,30.451946258544922,31,1174833,465,1174368,4,2197,53.176799875602555
DG036,model.7.conv,83,30.532394409179688,31,1174368,465,1173903,4,2198,53.19533988014784
DG036,model.7.conv,64,30.547147750854492,31,1173903,465,1173438,4,2199,53.21387988469313
DG036,model.7.conv,8,30.61014175415039,31,1173438,465,1172973,4,2200,53.23241988923842
DG036,model.7.conv,81,30.62172508239746,31,1172973,465,1172508,4,2201,53.25095989378372
DG036,model.7.conv,83,30.635910034179688,31,1172508,465,1172043,4,2202,53.26949989832901
DG036,model.7.conv,85,30.66712760925293,31,1172043,465,1171578,4,2203,53.288039902874296
DG036,model.7.conv,29,30.669708251953125,31,1171578,465,1171113,4,2204,53.30657990741958
DG036,model.7.conv,15,30.692302703857422,31,1171113,465,1170648,4,2205,53.32511991196488
DG036,model.7.conv,80,30.722444534301758,31,1170648,465,1170183,4,2206,53.34365991651018
DG036,model.7.conv,5,30.795488357543945,31,1170183,465,1169718,4,2207,53.36219992105546
DG036,model.7.conv,79,30.865684509277344,31,1169718,465,1169253,4,2208,53.38073992560075
DG036,model.7.conv,91,30.87602996826172,31,1169253,465,1168788,4,2209,53.39927993014605
DG036,model.7.conv,45,30.897193908691406,31,1168788,465,1168323,4,2210,53.417819934691344
DG036,model.7.conv,70,30.90345001220703,31,1168323,465,1167858,4,2211,53.43635993923663
DG036,model.7.conv,65,30.912017822265625,31,1167858,465,1167393,4,2212,53.45489994378192
DG036,model.7.conv,41,30.913185119628906,31,1167393,465,1166928,4,2213,53.473439948327204
DG036,model.7.conv,81,30.913909912109375,31,1166928,465,1166463,4,2214,53.491979952872505
DG036,model.7.conv,28,30.916366577148438,31,1166463,465,1165998,4,2215,53.5105199574178
DG036,model.7.conv,43,30.924362182617188,31,1165998,465,1165533,4,2216,53.529059961963085
DG036,model.7.conv,59,30.92721939086914,31,1165533,465,1165068,4,2217,53.54759996650837
DG036,model.7.conv,48,30.979827880859375,31,1165068,465,1164603,4,2218,53.56613997105367
DG005,model.13.cv2.conv,0,31.02055549621582,31,1164603,386,1164217,8,2219,53.58153016837514
DG036,model.7.conv,27,31.034093856811523,31,1164217,465,1163752,4,2220,53.60007017292043
DG005,model.13.cv2.conv,32,31.048023223876953,31,1163752,386,1163366,8,2221,53.6154603702419
DG031,model.6.cv2.conv,18,31.06378173828125,31,1163366,1114,1162252,6,2222,53.65987663919556
DG036,model.7.conv,16,26.491186141967773,30,1162252,456,1161796,4,2223,53.6780578049432
DG036,model.7.conv,61,29.090681076049805,31,1161796,456,1161340,4,2224,53.69623897069084
DG036,model.7.conv,26,29.128652572631836,31,1161340,456,1160884,4,2225,53.71442013643848
DG036,model.7.conv,60,29.20635223388672,31,1160884,456,1160428,4,2226,53.73260130218613
DG036,model.7.conv,36,29.394100189208984,31,1160428,456,1159972,4,2227,53.75078246793377
DG036,model.7.conv,39,29.50220489501953,31,1159972,456,1159516,4,2228,53.7689636336814
DG036,model.7.conv,2,29.57044219970703,31,1159516,456,1159060,4,2229,53.78714479942906
DG036,model.7.conv,28,29.61847496032715,31,1159060,456,1158604,4,2230,53.805325965176685
DG036,model.7.conv,8,29.652822494506836,31,1158604,456,1158148,4,2231,53.823507130924334
DG036,model.7.conv,59,29.65626335144043,31,1158148,456,1157692,4,2232,53.841688296671975
DG036,model.7.conv,1,29.667564392089844,31,1157692,456,1157236,4,2233,53.85986946241961
DG036,model.7.conv,69,29.672138214111328,31,1157236,456,1156780,4,2234,53.87805062816725
DG036,model.7.conv,56,29.736854553222656,31,1156780,456,1156324,4,2235,53.89623179391489
DG036,model.7.conv,27,29.798004150390625,31,1156324,456,1155868,4,2236,53.91441295966253
DG036,model.7.conv,48,29.81377410888672,31,1155868,456,1155412,4,2237,53.93259412541017
DG036,model.7.conv,45,29.827455520629883,31,1155412,456,1154956,4,2238,53.95077529115782
DG036,model.7.conv,56,29.832298278808594,31,1154956,456,1154500,4,2239,53.968956456905445
DG036,model.7.conv,20,29.991079330444336,31,1154500,456,1154044,4,2240,53.987137622653094
DG036,model.7.conv,0,30.051816940307617,31,1154044,456,1153588,4,2241,54.005318788400736
DG036,model.7.conv,58,30.171775817871094,31,1153588,456,1153132,4,2242,54.02349995414837
DG036,model.7.conv,49,30.185867309570312,31,1153132,456,1152676,4,2243,54.041681119896026
DG036,model.7.conv,57,30.343231201171875,31,1152676,456,1152220,4,2244,54.05986228564365
DG036,model.7.conv,47,30.379615783691406,31,1152220,456,1151764,4,2245,54.0780434513913
DG036,model.7.conv,23,30.38026237487793,31,1151764,456,1151308,4,2246,54.096224617138944
DG036,model.7.conv,13,30.388460159301758,31,1151308,456,1150852,4,2247,54.11440578288658
DG036,model.7.conv,35,30.450613021850586,31,1150852,456,1150396,4,2248,54.13258694863422
DG036,model.7.conv,45,30.451244354248047,31,1150396,456,1149940,4,2249,54.15076811438186
DG036,model.7.conv,27,30.503292083740234,31,1149940,456,1149484,4,2250,54.168949280129496
DG036,model.7.conv,5,30.540542602539062,31,1149484,456,1149028,4,2251,54.18713044587714
DG036,model.7.conv,47,30.542625427246094,31,1149028,456,1148572,4,2252,54.205311611624786
DG036,model.7.conv,43,30.57634162902832,31,1148572,456,1148116,4,2253,54.223492777372414
DG036,model.7.conv,30,30.583532333374023,31,1148116,456,1147660,4,2254,54.24167394312006
DG036,model.7.conv,38,30.65401840209961,31,1147660,456,1147204,4,2255,54.259855108867704
DG036,model.7.conv,2,30.726852416992188,31,1147204,456,1146748,4,2256,54.27803627461534
DG036,model.7.conv,17,30.814369201660156,31,1146748,456,1146292,4,2257,54.296217440362994
DG036,model.7.conv,15,30.822952270507812,31,1146292,456,1145836,4,2258,54.31439860611063
DG036,model.7.conv,0,30.837282180786133,31,1145836,456,1145380,4,2259,54.33257977185827
DG036,model.7.conv,45,30.870729446411133,31,1145380,456,1144924,4,2260,54.35076093760591
DG036,model.7.conv,10,30.873619079589844,31,1144924,456,1144468,4,2261,54.36894210335355
DG036,model.7.conv,9,30.878204345703125,31,1144468,456,1144012,4,2262,54.38712326910119
DG036,model.7.conv,9,30.892789840698242,31,1144012,456,1143556,4,2263,54.40530443484883
DG005,model.13.cv2.conv,10,31.06696128845215,31,1143556,386,1143170,8,2264,54.420694632170296
DG031,model.6.cv2.conv,8,31.076486587524414,31,1143170,745,1142425,6,2265,54.450398510420285
DG036,model.7.conv,23,27.83985137939453,31,1142425,447,1141978,4,2266,54.46822083737026
DG036,model.7.conv,8,28.875858306884766,31,1141978,447,1141531,4,2267,54.486043164320265
DG036,model.7.conv,21,28.954666137695312,31,1141531,447,1141084,4,2268,54.50386549127024
DG036,model.7.conv,9,29.473495483398438,31,1141084,447,1140637,4,2269,54.521687818220244
DG036,model.7.conv,1,29.533966064453125,31,1140637,447,1140190,4,2270,54.539510145170226
DG036,model.7.conv,4,29.55359649658203,31,1140190,447,1139743,4,2271,54.55733247212022
DG036,model.7.conv,13,29.723237991333008,31,1139743,447,1139296,4,2272,54.575154799070205
DG036,model.7.conv,12,29.731369018554688,31,1139296,447,1138849,4,2273,54.5929771260202
DG036,model.7.conv,35,29.75655746459961,31,1138849,447,1138402,4,2274,54.610799452970184
DG036,model.7.conv,36,30.00341796875,31,1138402,447,1137955,4,2275,54.62862177992018
DG036,model.7.conv,3,30.019271850585938,31,1137955,447,1137508,4,2276,54.64644410687016
DG036,model.7.conv,13,30.125770568847656,31,1137508,447,1137061,4,2277,54.66426643382016
DG036,model.7.conv,34,30.168664932250977,31,1137061,447,1136614,4,2278,54.68208876077014
DG036,model.7.conv,4,30.314361572265625,31,1136614,447,1136167,4,2279,54.699911087720146
DG036,model.7.conv,29,30.423717498779297,31,1136167,447,1135720,4,2280,54.71773341467012
DG036,model.7.conv,27,30.644550323486328,31,1135720,447,1135273,4,2281,54.735555741620125
DG036,model.7.conv,9,30.647701263427734,31,1135273,447,1134826,4,2282,54.7533780685701
DG036,model.7.conv,8,30.70261001586914,31,1134826,447,1134379,4,2283,54.771200395520104
DG036,model.7.conv,21,30.831787109375,31,1134379,447,1133932,4,2284,54.78902272247008
DG036,model.7.conv,25,30.869033813476562,31,1133932,447,1133485,4,2285,54.80684504942008
DG036,model.7.conv,8,31.003557205200195,31,1133485,447,1133038,4,2286,54.82466737637006
DG036,model.7.conv,23,31.00981903076172,31,1133038,447,1132591,4,2287,54.84248970332006
DG031,model.6.cv2.conv,6,31.119041442871094,31,1132591,547,1132044,6,2288,54.86429912802172
DG036,model.7.conv,24,28.489105224609375,31,1132044,438,1131606,4,2289,54.88176261617406
DG036,model.7.conv,6,28.703603744506836,31,1131606,438,1131168,4,2290,54.8992261043264
DG036,model.7.conv,13,29.623212814331055,31,1131168,438,1130730,4,2291,54.91668959247874
DG036,model.7.conv,15,29.92209243774414,31,1130730,438,1130292,4,2292,54.93415308063108
DG036,model.7.conv,1,29.96415138244629,31,1130292,438,1129854,4,2293,54.95161656878342
DG036,model.7.conv,16,30.164730072021484,31,1129854,438,1129416,4,2294,54.96908005693575
DG036,model.7.conv,4,30.31867027282715,31,1129416,438,1128978,4,2295,54.9865435450881
DG036,model.7.conv,7,30.717041015625,31,1128978,438,1128540,4,2296,55.004007033240434
DG036,model.7.conv,1,30.7806453704834,31,1128540,438,1128102,4,2297,55.02147052139277
DG036,model.7.conv,15,30.924339294433594,31,1128102,438,1127664,4,2298,55.038934009545116
DG036,model.7.conv,11,30.968399047851562,31,1127664,438,1127226,4,2299,55.05639749769745
DG036,model.7.conv,4,31.049205780029297,31,1127226,438,1126788,4,2300,55.07386098584979
DG036,model.7.conv,4,31.075641632080078,31,1126788,438,1126350,4,2301,55.091324474002136
DG036,model.7.conv,0,31.098560333251953,31,1126350,438,1125912,4,2302,55.10878796215447
DG037,model.8.cv2.conv,75,31.121179580688477,31,1125912,1259,1124653,9,2303,55.158985522848056
DG031,model.6.cv2.conv,19,31.128067016601562,31,1124653,421,1124232,6,2304,55.17577120438262
DG036,model.7.conv,2,28.550199508666992,31,1124232,429,1123803,4,2305,55.19287585373731
DG036,model.7.conv,2,29.333942413330078,31,1123803,429,1123374,4,2306,55.20998050309199
DG036,model.7.conv,8,29.497886657714844,31,1123374,429,1122945,4,2307,55.227085152446676
DG036,model.7.conv,5,29.90354347229004,31,1122945,429,1122516,4,2308,55.24418980180137
DG036,model.7.conv,0,30.64139175415039,31,1122516,429,1122087,4,2309,55.26129445115606
DG036,model.7.conv,2,30.85223960876465,31,1122087,429,1121658,4,2310,55.27839910051075
DG036,model.7.conv,1,30.919044494628906,31,1121658,429,1121229,4,2311,55.29550374986544
DG036,model.7.conv,3,31.06157684326172,31,1121229,429,1120800,4,2312,55.31260839922012
DG016,model.19.cv2.conv,29,31.14198875427246,31,1120800,1739,1119061,14,2313,55.381944029121755
DG023,model.20.conv,69,30.353849411010742,31,1119061,528,1118533,5,2314,55.402995905250606
DG023,model.20.conv,62,30.912200927734375,31,1118533,528,1118005,5,2315,55.42404778137946
DG016,model.19.cv2.conv,5,31.174135208129883,31,1118005,1721,1116284,14,2316,55.49266573368578
DG023,model.20.conv,60,30.58018684387207,31,1116284,519,1115765,5,2317,55.513358771016996
DG023,model.20.conv,59,30.685773849487305,31,1115765,519,1115246,5,2318,55.53405180834818
DG023,model.20.conv,14,30.945880889892578,31,1115246,519,1114727,5,2319,55.55474484567938
DG005,model.13.cv2.conv,10,31.17954444885254,31,1114727,386,1114341,8,2320,55.57013504300086
DG016,model.19.cv2.conv,26,31.20896339416504,31,1114341,1694,1112647,14,2321,55.63767647891423
DG023,model.20.conv,106,29.026535034179688,31,1112647,510,1112137,5,2322,55.65801067744778
DG023,model.20.conv,15,31.155841827392578,31,1112137,510,1111627,5,2323,55.678344875981324
DG031,model.6.cv2.conv,13,31.22654151916504,31,1111627,349,1111278,6,2324,55.69225984713467
DG036,model.7.conv,0,30.916887283325195,31,1111278,420,1110858,4,2325,55.709005657691705
DG036,model.7.conv,0,30.99559783935547,31,1110858,420,1110438,4,2326,55.72575146824874
DG023,model.20.conv,30,31.228437423706055,31,1110438,510,1109928,5,2327,55.7460856667823
DG005,model.13.cv2.conv,28,31.230003356933594,31,1109928,386,1109542,8,2328,55.76147586410376
DG005,model.13.cv2.conv,14,31.232603073120117,31,1109542,386,1109156,8,2329,55.776866061425224
DG031,model.6.cv2.conv,6,31.235843658447266,31,1109156,331,1108825,6,2330,55.79006335498327
DG005,model.13.cv2.conv,34,31.260986328125,32,1108825,386,1108439,8,2331,55.80545355230474
DG031,model.6.cv2.conv,15,31.29768180847168,32,1108439,331,1108108,6,2332,55.81865084586279
DG031,model.6.cv2.conv,3,31.332073211669922,32,1108108,331,1107777,6,2333,55.831848139420835
DG031,model.6.cv2.conv,10,31.33948516845703,32,1107777,331,1107446,6,2334,55.84504543297888
DG031,model.6.cv2.conv,2,31.34284019470215,32,1107446,331,1107115,6,2335,55.85824272653692
DG005,model.13.cv2.conv,21,31.34601593017578,32,1107115,386,1106729,8,2336,55.873632923858395
DG016,model.19.cv2.conv,22,31.368942260742188,32,1106729,1667,1105062,14,2337,55.94009784337884
DG023,model.20.conv,108,29.993389129638672,32,1105062,501,1104561,5,2338,55.96007320311471
DG023,model.20.conv,65,30.12071990966797,32,1104561,501,1104060,5,2339,55.98004856285061
DG023,model.20.conv,0,30.149044036865234,32,1104060,501,1103559,5,2340,56.000023922586514
DG023,model.20.conv,97,30.991987228393555,32,1103559,501,1103058,5,2341,56.019999282322395
DG005,model.13.cv2.conv,18,31.379289627075195,32,1103058,386,1102672,8,2342,56.03538947964387
DG005,model.13.cv2.conv,32,31.38801383972168,32,1102672,386,1102286,8,2343,56.05077967696535
DG031,model.6.cv2.conv,8,31.38951301574707,32,1102286,331,1101955,6,2344,56.063976970523385
DG005,model.13.cv2.conv,11,31.394771575927734,32,1101955,386,1101569,8,2345,56.07936716784485
DG003,model.10.cv2.conv,55,31.3978271484375,32,1101569,642,1100927,8,2346,56.104964335410614
DG005,model.13.cv2.conv,27,31.411142349243164,32,1100927,386,1100541,8,2347,56.12035453273207
DG005,model.13.cv2.conv,24,31.42892074584961,32,1100541,386,1100155,8,2348,56.13574473005355
DG005,model.13.cv2.conv,8,31.44639015197754,32,1100155,386,1099769,8,2349,56.15113492737501
DG031,model.6.cv2.conv,2,31.447105407714844,32,1099769,331,1099438,6,2350,56.16433222093307
DG005,model.13.cv2.conv,25,31.450382232666016,32,1099438,386,1099052,8,2351,56.17972241825453
DG031,model.6.cv2.conv,7,31.456127166748047,32,1099052,331,1098721,6,2352,56.19291971181257
DG031,model.6.cv2.conv,2,31.46139907836914,32,1098721,331,1098390,6,2353,56.206117005370615
DG023,model.20.conv,30,31.476119995117188,32,1098390,501,1097889,5,2354,56.22609236510652
DG016,model.19.cv2.conv,6,31.500526428222656,32,1097889,1622,1096267,14,2355,56.2907630906387
DG023,model.20.conv,2,30.453990936279297,32,1096267,492,1095775,5,2356,56.31037961157694
DG023,model.20.conv,102,30.559476852416992,32,1095775,492,1095283,5,2357,56.329996132515184
DG023,model.20.conv,72,30.67181396484375,32,1095283,492,1094791,5,2358,56.34961265345342
DG023,model.20.conv,36,30.847122192382812,32,1094791,492,1094299,5,2359,56.36922917439166
DG023,model.20.conv,13,30.85688018798828,32,1094299,492,1093807,5,2360,56.38884569532991
DG023,model.20.conv,24,30.953147888183594,32,1093807,492,1093315,5,2361,56.40846221626816
DG023,model.20.conv,66,30.976642608642578,32,1093315,492,1092823,5,2362,56.4280787372064
DG023,model.20.conv,80,31.109477996826172,32,1092823,492,1092331,5,2363,56.447695258144634
DG023,model.20.conv,22,31.111549377441406,32,1092331,492,1091839,5,2364,56.467311779082884
DG023,model.20.conv,80,31.328994750976562,32,1091839,492,1091347,5,2365,56.486928300021134
DG005,model.13.cv2.conv,17,31.5146541595459,32,1091347,386,1090961,8,2366,56.5023184973426
DG005,model.13.cv2.conv,24,31.52140235900879,32,1090961,386,1090575,8,2367,56.51770869466406
DG016,model.19.cv2.conv,4,31.524627685546875,32,1090575,1532,1089043,14,2368,56.57879103221974
DG023,model.20.conv,3,30.449142456054688,32,1089043,483,1088560,5,2369,56.598048714360324
DG023,model.20.conv,82,30.542251586914062,32,1088560,483,1088077,5,2370,56.61730639650092
DG023,model.20.conv,13,30.630191802978516,32,1088077,483,1087594,5,2371,56.63656407864151
DG023,model.20.conv,95,30.82229995727539,32,1087594,483,1087111,5,2372,56.65582176078211
DG023,model.20.conv,42,30.840831756591797,32,1087111,483,1086628,5,2373,56.6750794429227
DG023,model.20.conv,45,31.04096221923828,32,1086628,483,1086145,5,2374,56.694337125063285
DG023,model.20.conv,59,31.296430587768555,32,1086145,483,1085662,5,2375,56.71359480720388
DG016,model.19.cv2.conv,22,31.538768768310547,32,1085662,1469,1084193,14,2376,56.772165273176
DG023,model.20.conv,91,30.30910301208496,32,1084193,474,1083719,5,2377,56.79106411651895
DG023,model.20.conv,90,30.859943389892578,32,1083719,474,1083245,5,2378,56.80996295986189
