step,domain,group_id,root_module,current_channel_index_pruned,l1_score_at_selection,global_candidate_rank_this_step,root_out_channels_before,root_out_channels_after,parameters_before,parameters_after,parameters_removed_this_step,cumulative_parameters_removed,cumulative_parameter_reduction_percent,target_parameters,target_error_after,absolute_target_error_after,minimum_current_generic_root_out_channels,protected_outputs_unchanged,forward_pass_ok
1,GEN,DG001,model.0.conv,12,3.4787521362304688,1,16,15,2508090,2507773,317,317,0.012639099872811583,1091130,1416643,1416643,8,True,True
2,GEN,DG011,model.16.m.0.cv1.conv,8,4.005400657653809,1,16,15,2507773,2507127,646,963,0.03839575134863581,1091130,1415997,1415997,8,True,True
3,GEN,DG001,model.0.conv,6,4.185722351074219,1,15,14,2507127,2506810,317,1280,0.051034851221447394,1091130,1415680,1415680,8,True,True
4,GEN,DG001,model.0.conv,4,4.705278396606445,1,14,13,2506810,2506493,317,1597,0.06367395109425898,1091130,1415363,1415363,8,True,True
5,GEN,DG012,model.16.m.0.cv2.conv,1,4.746002197265625,1,16,15,2506493,2506427,66,1663,0.06630543561036487,1091130,1415297,1415297,8,True,True
6,GEN,DG012,model.16.m.0.cv2.conv,1,4.887983798980713,1,15,14,2506427,2506361,66,1729,0.06893692012647074,1091130,1415231,1415231,8,True,True
7,GEN,DG012,model.16.m.0.cv2.conv,1,5.0894927978515625,1,14,13,2506361,2506295,66,1795,0.07156840464257662,1091130,1415165,1415165,8,True,True
8,GEN,DG011,model.16.m.0.cv1.conv,14,5.095611572265625,1,15,14,2506295,2505649,646,2441,0.09732505611840085,1091130,1414519,1414519,8,True,True
9,GEN,DG012,model.16.m.0.cv2.conv,7,5.096527099609375,1,13,12,2505649,2505583,66,2507,0.09995654063450674,1091130,1414453,1414453,8,True,True
10,GEN,DG011,model.16.m.0.cv1.conv,4,5.1279144287109375,1,14,13,2505583,2504937,646,3153,0.12571319211033097,1091130,1413807,1413807,8,True,True
11,GEN,DG012,model.16.m.0.cv2.conv,6,5.285560607910156,1,12,11,2504937,2504871,66,3219,0.12834467662643684,1091130,1413741,1413741,8,True,True
12,GEN,DG012,model.16.m.0.cv2.conv,0,5.3072052001953125,1,11,10,2504871,2504805,66,3285,0.13097616114254274,1091130,1413675,1413675,8,True,True
13,GEN,DG012,model.16.m.0.cv2.conv,3,5.395896911621094,1,10,9,2504805,2504739,66,3351,0.1336076456586486,1091130,1413609,1413609,8,True,True
14,GEN,DG012,model.16.m.0.cv2.conv,0,5.3977203369140625,1,9,8,2504739,2504673,66,3417,0.1362391301747545,1091130,1413543,1413543,8,True,True
15,GEN,DG021,model.2.cv2.conv,31,5.450377464294434,1,64,63,2504673,2504047,626,4043,0.1611983621002436,1091130,1412917,1412917,8,True,True
16,GEN,DG011,model.16.m.0.cv1.conv,6,5.498329162597656,1,13,12,2504047,2503401,646,4689,0.18695501357606784,1091130,1412271,1412271,8,True,True
17,GEN,DG011,model.16.m.0.cv1.conv,0,5.525514602661133,1,12,11,2503401,2502755,646,5335,0.21271166505189207,1091130,1411625,1411625,8,True,True
18,GEN,DG011,model.16.m.0.cv1.conv,2,5.539501190185547,1,11,10,2502755,2502109,646,5981,0.2384683165277163,1091130,1410979,1410979,8,True,True
19,GEN,DG011,model.16.m.0.cv1.conv,4,5.556327819824219,1,10,9,2502109,2501463,646,6627,0.26422496800354056,1091130,1410333,1410333,8,True,True
20,GEN,DG021,model.2.cv2.conv,42,5.563755035400391,1,63,62,2501463,2500837,626,7253,0.28918419992902966,1091130,1409707,1409707,8,True,True
21,GEN,DG011,model.16.m.0.cv1.conv,3,5.617881774902344,1,9,8,2500837,2500191,646,7899,0.3149408514048539,1091130,1409061,1409061,8,True,True
22,GEN,DG001,model.0.conv,12,5.8217926025390625,1,13,12,2500191,2499874,317,8216,0.3275799512776655,1091130,1408744,1408744,8,True,True
23,GEN,DG001,model.0.conv,1,5.9023895263671875,1,12,11,2499874,2499557,317,8533,0.34021905115047707,1091130,1408427,1408427,8,True,True
24,GEN,DG021,model.2.cv2.conv,24,5.938558578491211,1,62,61,2499557,2498931,626,9159,0.36517828307596617,1091130,1407801,1407801,8,True,True
25,GEN,DG001,model.0.conv,3,6.0823516845703125,1,11,10,2498931,2498614,317,9476,0.37781738294877776,1091130,1407484,1407484,8,True,True
26,GEN,DG002,model.1.conv,16,6.065138816833496,1,32,31,2498614,2498490,124,9600,0.3827613841608555,1091130,1407360,1407360,8,True,True
27,GEN,DG001,model.0.conv,8,6.108642578125,1,10,9,2498490,2498182,308,9908,0.39504164523601626,1091130,1407052,1407052,8,True,True
28,GEN,DG021,model.2.cv2.conv,1,6.249785423278809,1,61,60,2498182,2497556,626,10534,0.42000087716150536,1091130,1406426,1406426,8,True,True
29,GEN,DG001,model.0.conv,5,6.3413848876953125,1,9,8,2497556,2497248,308,10842,0.43228113823666614,1091130,1406118,1406118,8,True,True
30,GEN,DG002,model.1.conv,12,4.090726852416992,1,31,30,2497248,2497142,106,10948,0.43650746185344225,1091130,1406012,1406012,8,True,True
31,GEN,DG002,model.1.conv,29,4.8469085693359375,1,30,29,2497142,2497036,106,11054,0.44073378547021835,1091130,1405906,1405906,8,True,True
32,GEN,DG021,model.2.cv2.conv,1,6.42242431640625,1,60,59,2497036,2496410,626,11680,0.4656930173957075,1091130,1405280,1405280,8,True,True
33,GEN,DG021,model.2.cv2.conv,25,6.4678955078125,1,59,58,2496410,2495784,626,12306,0.4906522493211966,1091130,1404654,1404654,8,True,True
34,GEN,DG021,model.2.cv2.conv,22,6.500091552734375,1,58,57,2495784,2495158,626,12932,0.5156114812466858,1091130,1404028,1404028,8,True,True
35,GEN,DG021,model.2.cv2.conv,44,6.546886444091797,1,57,56,2495158,2494532,626,13558,0.5405707131721749,1091130,1403402,1403402,8,True,True
36,GEN,DG021,model.2.cv2.conv,55,6.567512512207031,1,56,55,2494532,2493906,626,14184,0.565529945097664,1091130,1402776,1402776,8,True,True
37,GEN,DG013,model.16.m.0.m.0.cv1.conv,15,6.614466190338135,1,16,15,2493906,2493760,146,14330,0.5713511078151103,1091130,1402630,1402630,8,True,True
38,GEN,DG002,model.1.conv,21,6.644930839538574,1,29,28,2493760,2493654,106,14436,0.5755774314318864,1091130,1402524,1402524,8,True,True
39,GEN,DG014,model.16.m.0.m.1.cv1.conv,3,6.759887218475342,1,16,15,2493654,2493508,146,14582,0.5813985941493328,1091130,1402378,1402378,8,True,True
40,GEN,DG021,model.2.cv2.conv,40,6.828156471252441,1,55,54,2493508,2492882,626,15208,0.6063578260748219,1091130,1401752,1401752,8,True,True
41,GEN,DG021,model.2.cv2.conv,11,6.876733779907227,1,54,53,2492882,2492256,626,15834,0.631317058000311,1091130,1401126,1401126,8,True,True
42,GEN,DG021,model.2.cv2.conv,7,6.88140869140625,1,53,52,2492256,2491630,626,16460,0.6562762899258001,1091130,1400500,1400500,8,True,True
43,GEN,DG002,model.1.conv,21,6.898569107055664,1,28,27,2491630,2491524,106,16566,0.6605026135425762,1091130,1400394,1400394,8,True,True
44,GEN,DG021,model.2.cv2.conv,12,6.901006698608398,1,52,51,2491524,2490898,626,17192,0.6854618454680653,1091130,1399768,1399768,8,True,True
45,GEN,DG002,model.1.conv,8,7.000486373901367,1,27,26,2490898,2490792,106,17298,0.6896881690848414,1091130,1399662,1399662,8,True,True
46,GEN,DG021,model.2.cv2.conv,20,7.030605316162109,1,51,50,2490792,2490166,626,17924,0.7146474010103305,1091130,1399036,1399036,8,True,True
47,GEN,DG021,model.2.cv2.conv,5,7.218560218811035,1,50,49,2490166,2489540,626,18550,0.7396066329358197,1091130,1398410,1398410,8,True,True
48,GEN,DG021,model.2.cv2.conv,24,7.253498077392578,1,49,48,2489540,2488914,626,19176,0.7645658648613088,1091130,1397784,1397784,8,True,True
49,GEN,DG021,model.2.cv2.conv,14,7.3186187744140625,1,48,47,2488914,2488288,626,19802,0.7895250967867979,1091130,1397158,1397158,8,True,True
50,GEN,DG021,model.2.cv2.conv,25,7.354351043701172,1,47,46,2488288,2487662,626,20428,0.814484328712287,1091130,1396532,1396532,8,True,True
51,GEN,DG021,model.2.cv2.conv,45,7.356631755828857,1,46,45,2487662,2487036,626,21054,0.8394435606377761,1091130,1395906,1395906,8,True,True
52,GEN,DG021,model.2.cv2.conv,27,7.362780570983887,1,45,44,2487036,2486410,626,21680,0.8644027925632652,1091130,1395280,1395280,8,True,True
53,GEN,DG021,model.2.cv2.conv,29,7.4369354248046875,1,44,43,2486410,2485784,626,22306,0.8893620244887543,1091130,1394654,1394654,8,True,True
54,GEN,DG021,model.2.cv2.conv,29,7.447196960449219,1,43,42,2485784,2485158,626,22932,0.9143212564142436,1091130,1394028,1394028,8,True,True
55,GEN,DG021,model.2.cv2.conv,21,7.447868347167969,1,42,41,2485158,2484532,626,23558,0.9392804883397327,1091130,1393402,1393402,8,True,True
56,GEN,DG021,model.2.cv2.conv,7,7.468109130859375,1,41,40,2484532,2483906,626,24184,0.9642397202652218,1091130,1392776,1392776,8,True,True
57,GEN,DG021,model.2.cv2.conv,39,7.496652603149414,1,40,39,2483906,2483280,626,24810,0.9891989521907109,1091130,1392150,1392150,8,True,True
58,GEN,DG021,model.2.cv2.conv,11,7.498782157897949,1,39,38,2483280,2482654,626,25436,1.0141581841162,1091130,1391524,1391524,8,True,True
59,GEN,DG021,model.2.cv2.conv,20,7.534368515014648,1,38,37,2482654,2482028,626,26062,1.0391174160416892,1091130,1390898,1390898,8,True,True
60,GEN,DG021,model.2.cv2.conv,13,7.5627970695495605,1,37,36,2482028,2481402,626,26688,1.0640766479671782,1091130,1390272,1390272,8,True,True
61,GEN,DG021,model.2.cv2.conv,22,7.60809326171875,1,36,35,2481402,2480776,626,27314,1.0890358798926674,1091130,1389646,1389646,8,True,True
62,GEN,DG021,model.2.cv2.conv,27,7.617616653442383,1,35,34,2480776,2480150,626,27940,1.1139951118181564,1091130,1389020,1389020,8,True,True
63,GEN,DG021,model.2.cv2.conv,20,7.62327766418457,1,34,33,2480150,2479524,626,28566,1.1389543437436456,1091130,1388394,1388394,8,True,True
64,GEN,DG018,model.19.m.0.cv2.conv,28,7.62628173828125,1,32,31,2479524,2479394,130,28696,1.144137570820824,1091130,1388264,1388264,8,True,True
65,GEN,DG021,model.2.cv2.conv,2,7.705314636230469,1,33,32,2479394,2478768,626,29322,1.169096802746313,1091130,1387638,1387638,8,True,True
66,GEN,DG018,model.19.m.0.cv2.conv,5,7.7209320068359375,1,31,30,2478768,2478638,130,29452,1.1742800298234912,1091130,1387508,1387508,8,True,True
67,GEN,DG017,model.19.m.0.cv1.conv,19,7.735427379608154,1,32,31,2478638,2477352,1286,30738,1.225554106910039,1091130,1386222,1386222,8,True,True
68,GEN,DG002,model.1.conv,9,7.743509292602539,1,26,25,2477352,2477246,106,30844,1.2297804305268152,1091130,1386116,1386116,8,True,True
69,GEN,DG018,model.19.m.0.cv2.conv,3,7.820426940917969,1,30,29,2477246,2477116,130,30974,1.2349636576039935,1091130,1385986,1385986,8,True,True
70,GEN,DG018,model.19.m.0.cv2.conv,8,7.8822784423828125,1,29,28,2477116,2476986,130,31104,1.2401468846811716,1091130,1385856,1385856,8,True,True
71,GEN,DG018,model.19.m.0.cv2.conv,18,7.933740615844727,1,28,27,2476986,2476856,130,31234,1.24533011175835,1091130,1385726,1385726,8,True,True
72,GEN,DG033,model.6.m.0.cv2.conv,2,7.95457649230957,1,32,31,2476856,2476726,130,31364,1.2505133388355283,1091130,1385596,1385596,8,True,True
73,GEN,DG006,model.13.m.0.cv1.conv,19,8.04595947265625,1,32,31,2476726,2475440,1286,32650,1.3017874159220761,1091130,1384310,1384310,8,True,True
74,GEN,DG033,model.6.m.0.cv2.conv,9,8.119510650634766,1,31,30,2475440,2475310,130,32780,1.3069706429992545,1091130,1384180,1384180,8,True,True
75,GEN,DG017,model.19.m.0.cv1.conv,28,8.156489372253418,1,31,30,2475310,2474024,1286,34066,1.3582447200858023,1091130,1382894,1382894,8,True,True
76,GEN,DG018,model.19.m.0.cv2.conv,10,8.162723541259766,1,27,26,2474024,2473894,130,34196,1.3634279471629807,1091130,1382764,1382764,8,True,True
77,GEN,DG018,model.19.m.0.cv2.conv,5,8.186752319335938,1,26,25,2473894,2473764,130,34326,1.3686111742401588,1091130,1382634,1382634,8,True,True
78,GEN,DG032,model.6.m.0.cv1.conv,11,8.195480346679688,1,32,31,2473764,2472478,1286,35612,1.4198852513267068,1091130,1381348,1381348,8,True,True
79,GEN,DG033,model.6.m.0.cv2.conv,29,8.23944091796875,1,30,29,2472478,2472348,130,35742,1.425068478403885,1091130,1381218,1381218,8,True,True
80,GEN,DG018,model.19.m.0.cv2.conv,2,8.256817817687988,1,25,24,2472348,2472218,130,35872,1.4302517054810633,1091130,1381088,1381088,8,True,True
81,GEN,DG014,model.16.m.0.m.1.cv1.conv,6,8.278501510620117,1,15,14,2472218,2472072,146,36018,1.4360728681985095,1091130,1380942,1380942,8,True,True
82,GEN,DG017,model.19.m.0.cv1.conv,9,8.298095703125,1,30,29,2472072,2470786,1286,37304,1.4873469452850576,1091130,1379656,1379656,8,True,True
83,GEN,DG014,model.16.m.0.m.1.cv1.conv,3,8.33009147644043,1,14,13,2470786,2470640,146,37450,1.4931681080025039,1091130,1379510,1379510,8,True,True
84,GEN,DG002,model.1.conv,15,8.360549926757812,2,25,24,2470640,2470534,106,37556,1.49739443161928,1091130,1379404,1379404,8,True,True
85,GEN,DG017,model.19.m.0.cv1.conv,21,8.421791076660156,2,29,28,2470534,2469248,1286,38842,1.5486685087058278,1091130,1378118,1378118,8,True,True
86,GEN,DG014,model.16.m.0.m.1.cv1.conv,0,8.456832885742188,2,13,12,2469248,2469102,146,38988,1.5544896714232743,1091130,1377972,1377972,8,True,True
87,GEN,DG018,model.19.m.0.cv2.conv,6,8.48787784576416,2,24,23,2469102,2468972,130,39118,1.5596728985004524,1091130,1377842,1377842,8,True,True
88,GEN,DG018,model.19.m.0.cv2.conv,17,8.579944610595703,2,23,22,2468972,2468842,130,39248,1.5648561255776308,1091130,1377712,1377712,8,True,True
89,GEN,DG033,model.6.m.0.cv2.conv,5,8.65854263305664,2,29,28,2468842,2468712,130,39378,1.570039352654809,1091130,1377582,1377582,8,True,True
90,GEN,DG018,model.19.m.0.cv2.conv,7,8.674789428710938,2,22,21,2468712,2468582,130,39508,1.5752225797319872,1091130,1377452,1377452,8,True,True
91,GEN,DG018,model.19.m.0.cv2.conv,14,8.678888320922852,2,21,20,2468582,2468452,130,39638,1.5804058068091655,1091130,1377322,1377322,8,True,True
92,GEN,DG017,model.19.m.0.cv1.conv,6,8.682913780212402,2,28,27,2468452,2467166,1286,40924,1.6316798838957134,1091130,1376036,1376036,8,True,True
93,GEN,DG018,model.19.m.0.cv2.conv,13,8.684459686279297,2,20,19,2467166,2467036,130,41054,1.6368631109728917,1091130,1375906,1375906,8,True,True
94,GEN,DG018,model.19.m.0.cv2.conv,9,8.70606517791748,2,19,18,2467036,2466906,130,41184,1.64204633805007,1091130,1375776,1375776,8,True,True
95,GEN,DG006,model.13.m.0.cv1.conv,21,8.741642951965332,2,31,30,2466906,2465620,1286,42470,1.693320415136618,1091130,1374490,1374490,8,True,True
96,GEN,DG018,model.19.m.0.cv2.conv,7,8.75069808959961,2,18,17,2465620,2465490,130,42600,1.6985036422137962,1091130,1374360,1374360,8,True,True
97,GEN,DG018,model.19.m.0.cv2.conv,12,8.77978801727295,2,17,16,2465490,2465360,130,42730,1.7036868692909743,1091130,1374230,1374230,8,True,True
98,GEN,DG017,model.19.m.0.cv1.conv,18,8.845104217529297,2,27,26,2465360,2464074,1286,44016,1.7549609463775224,1091130,1372944,1372944,8,True,True
99,GEN,DG013,model.16.m.0.m.0.cv1.conv,3,8.855905532836914,2,15,14,2464074,2463928,146,44162,1.7607821090949687,1091130,1372798,1372798,8,True,True
100,GEN,DG017,model.19.m.0.cv1.conv,14,8.86353874206543,2,26,25,2463928,2462642,1286,45448,1.8120561861815165,1091130,1371512,1371512,8,True,True
101,GEN,DG033,model.6.m.0.cv2.conv,6,8.872917175292969,2,28,27,2462642,2462512,130,45578,1.8172394132586949,1091130,1371382,1371382,8,True,True
102,GEN,DG002,model.1.conv,2,8.88060188293457,2,24,23,2462512,2462406,106,45684,1.821465736875471,1091130,1371276,1371276,8,True,True
103,GEN,DG033,model.6.m.0.cv2.conv,24,9.00839614868164,2,27,26,2462406,2462276,130,45814,1.8266489639526493,1091130,1371146,1371146,8,True,True
104,GEN,DG013,model.16.m.0.m.0.cv1.conv,2,9.026155471801758,2,14,13,2462276,2462130,146,45960,1.8324701266700956,1091130,1371000,1371000,8,True,True
105,GEN,DG032,model.6.m.0.cv1.conv,27,9.03402328491211,2,31,30,2462130,2460844,1286,47246,1.8837442037566434,1091130,1369714,1369714,8,True,True
106,GEN,DG014,model.16.m.0.m.1.cv1.conv,2,9.037043571472168,2,12,11,2460844,2460698,146,47392,1.88956536647409,1091130,1369568,1369568,8,True,True
107,GEN,DG013,model.16.m.0.m.0.cv1.conv,0,9.143810272216797,2,13,12,2460698,2460552,146,47538,1.8953865291915362,1091130,1369422,1369422,8,True,True
108,GEN,DG006,model.13.m.0.cv1.conv,13,9.154571533203125,2,30,29,2460552,2459266,1286,48824,1.946660606278084,1091130,1368136,1368136,8,True,True
109,GEN,DG013,model.16.m.0.m.0.cv1.conv,11,9.199716567993164,2,12,11,2459266,2459120,146,48970,1.9524817689955305,1091130,1367990,1367990,8,True,True
110,GEN,DG007,model.13.m.0.cv2.conv,9,9.33584976196289,3,32,31,2459120,2458990,130,49100,1.9576649960727086,1091130,1367860,1367860,8,True,True
111,GEN,DG017,model.19.m.0.cv1.conv,5,9.403236389160156,4,25,24,2458990,2457704,1286,50386,2.0089390731592567,1091130,1366574,1366574,8,True,True
112,GEN,DG014,model.16.m.0.m.1.cv1.conv,2,9.405508041381836,4,11,10,2457704,2457558,146,50532,2.014760235876703,1091130,1366428,1366428,8,True,True
113,GEN,DG014,model.16.m.0.m.1.cv1.conv,1,9.411964416503906,4,10,9,2457558,2457412,146,50678,2.020581398594149,1091130,1366282,1366282,8,True,True
114,GEN,DG032,model.6.m.0.cv1.conv,8,9.418121337890625,4,30,29,2457412,2456126,1286,51964,2.0718554756806973,1091130,1364996,1364996,8,True,True
115,GEN,DG007,model.13.m.0.cv2.conv,19,9.432586669921875,5,31,30,2456126,2455996,130,52094,2.0770387027578754,1091130,1364866,1364866,8,True,True
116,GEN,DG006,model.13.m.0.cv1.conv,24,9.434598922729492,5,29,28,2455996,2454710,1286,53380,2.1283127798444235,1091130,1363580,1363580,8,True,True
117,GEN,DG013,model.16.m.0.m.0.cv1.conv,2,9.457428932189941,5,11,10,2454710,2454564,146,53526,2.1341339425618697,1091130,1363434,1363434,8,True,True
118,GEN,DG017,model.19.m.0.cv1.conv,3,9.457735061645508,5,24,23,2454564,2453278,1286,54812,2.185408019648418,1091130,1362148,1362148,8,True,True
119,GEN,DG014,model.16.m.0.m.1.cv1.conv,3,9.46155834197998,5,9,8,2453278,2453132,146,54958,2.191229182365864,1091130,1362002,1362002,8,True,True
120,GEN,DG002,model.1.conv,15,9.474897384643555,5,23,22,2453132,2453026,106,55064,2.19545550598264,1091130,1361896,1361896,8,True,True
121,GEN,DG017,model.19.m.0.cv1.conv,0,9.484012603759766,5,23,22,2453026,2451740,1286,56350,2.2467295830691882,1091130,1360610,1360610,8,True,True
122,GEN,DG017,model.19.m.0.cv1.conv,6,9.508469581604004,5,22,21,2451740,2450454,1286,57636,2.298003660155736,1091130,1359324,1359324,8,True,True
123,GEN,DG032,model.6.m.0.cv1.conv,22,9.514974594116211,5,29,28,2450454,2449168,1286,58922,2.349277737242284,1091130,1358038,1358038,8,True,True
124,GEN,DG006,model.13.m.0.cv1.conv,25,9.51544189453125,5,28,27,2449168,2447882,1286,60208,2.400551814328832,1091130,1356752,1356752,8,True,True
125,GEN,DG032,model.6.m.0.cv1.conv,23,9.51974105834961,5,28,27,2447882,2446596,1286,61494,2.4518258914153797,1091130,1355466,1355466,8,True,True
126,GEN,DG007,model.13.m.0.cv2.conv,7,9.521234512329102,5,30,29,2446596,2446466,130,61624,2.457009118492558,1091130,1355336,1355336,8,True,True
127,GEN,DG017,model.19.m.0.cv1.conv,9,9.554180145263672,5,21,20,2446466,2445180,1286,62910,2.508283195579106,1091130,1354050,1354050,8,True,True
128,GEN,DG032,model.6.m.0.cv1.conv,2,9.562597274780273,5,27,26,2445180,2443894,1286,64196,2.559557272665654,1091130,1352764,1352764,8,True,True
129,GEN,DG033,model.6.m.0.cv2.conv,18,9.589359283447266,5,26,25,2443894,2443764,130,64326,2.564740499742832,1091130,1352634,1352634,8,True,True
130,GEN,DG033,model.6.m.0.cv2.conv,9,9.615407943725586,5,25,24,2443764,2443634,130,64456,2.5699237268200106,1091130,1352504,1352504,8,True,True
131,GEN,DG013,model.16.m.0.m.0.cv1.conv,6,9.630268096923828,5,10,9,2443634,2443488,146,64602,2.575744889537457,1091130,1352358,1352358,8,True,True
132,GEN,DG013,model.16.m.0.m.0.cv1.conv,3,9.676231384277344,5,9,8,2443488,2443342,146,64748,2.581566052254903,1091130,1352212,1352212,8,True,True
133,GEN,DG032,model.6.m.0.cv1.conv,7,9.729290008544922,5,26,25,2443342,2442056,1286,66034,2.632840129341451,1091130,1350926,1350926,8,True,True
134,GEN,DG017,model.19.m.0.cv1.conv,16,9.730395317077637,5,20,19,2442056,2440770,1286,67320,2.684114206427999,1091130,1349640,1349640,8,True,True
135,GEN,DG017,model.19.m.0.cv1.conv,13,9.74057674407959,5,19,18,2440770,2439484,1286,68606,2.735388283514547,1091130,1348354,1348354,8,True,True
136,GEN,DG033,model.6.m.0.cv2.conv,21,9.808525085449219,6,24,23,2439484,2439354,130,68736,2.740571510591725,1091130,1348224,1348224,8,True,True
137,GEN,DG017,model.19.m.0.cv1.conv,8,9.810843467712402,6,18,17,2439354,2438068,1286,70022,2.791845587678273,1091130,1346938,1346938,8,True,True
138,GEN,DG017,model.19.m.0.cv1.conv,7,9.811046600341797,6,17,16,2438068,2436782,1286,71308,2.843119664764821,1091130,1345652,1345652,8,True,True
139,GEN,DG032,model.6.m.0.cv1.conv,6,9.822189331054688,6,25,24,2436782,2435496,1286,72594,2.8943937418513688,1091130,1344366,1344366,8,True,True
140,GEN,DG032,model.6.m.0.cv1.conv,0,9.822197914123535,6,24,23,2435496,2434210,1286,73880,2.945667818937917,1091130,1343080,1343080,8,True,True
141,GEN,DG033,model.6.m.0.cv2.conv,10,9.82542610168457,6,23,22,2434210,2434080,130,74010,2.950851046015095,1091130,1342950,1342950,8,True,True
142,GEN,DG033,model.6.m.0.cv2.conv,16,9.858932495117188,6,22,21,2434080,2433950,130,74140,2.9560342730922735,1091130,1342820,1342820,8,True,True
143,GEN,DG006,model.13.m.0.cv1.conv,21,9.866279602050781,6,27,26,2433950,2432664,1286,75426,3.007308350178821,1091130,1341534,1341534,8,True,True
144,GEN,DG032,model.6.m.0.cv1.conv,4,9.869240760803223,6,23,22,2432664,2431378,1286,76712,3.058582427265369,1091130,1340248,1340248,8,True,True
145,GEN,DG006,model.13.m.0.cv1.conv,19,9.874626159667969,6,26,25,2431378,2430092,1286,77998,3.1098565043519173,1091130,1338962,1338962,8,True,True
146,GEN,DG006,model.13.m.0.cv1.conv,19,9.890953063964844,6,25,24,2430092,2428806,1286,79284,3.161130581438465,1091130,1337676,1337676,8,True,True
147,GEN,DG006,model.13.m.0.cv1.conv,19,9.962882995605469,6,24,23,2428806,2427520,1286,80570,3.212404658525013,1091130,1336390,1336390,8,True,True
148,GEN,DG007,model.13.m.0.cv2.conv,17,9.969060897827148,6,29,28,2427520,2427390,130,80700,3.217587885602191,1091130,1336260,1336260,8,True,True
149,GEN,DG032,model.6.m.0.cv1.conv,9,10.014833450317383,6,22,21,2427390,2426104,1286,81986,3.268861962688739,1091130,1334974,1334974,8,True,True
150,GEN,DG033,model.6.m.0.cv2.conv,17,10.02299976348877,6,21,20,2426104,2425974,130,82116,3.2740451897659173,1091130,1334844,1334844,8,True,True
151,GEN,DG006,model.13.m.0.cv1.conv,11,10.043296813964844,6,23,22,2425974,2424688,1286,83402,3.3253192668524654,1091130,1333558,1333558,8,True,True
152,GEN,DG006,model.13.m.0.cv1.conv,2,10.043523788452148,6,22,21,2424688,2423402,1286,84688,3.3765933439390134,1091130,1332272,1332272,8,True,True
153,GEN,DG007,model.13.m.0.cv2.conv,24,10.045892715454102,6,28,27,2423402,2423272,130,84818,3.3817765710161916,1091130,1332142,1332142,8,True,True
154,GEN,DG032,model.6.m.0.cv1.conv,5,10.059906005859375,6,21,20,2423272,2421986,1286,86104,3.4330506481027396,1091130,1330856,1330856,8,True,True
155,GEN,DG006,model.13.m.0.cv1.conv,0,10.07888412475586,6,21,20,2421986,2420700,1286,87390,3.4843247251892873,1091130,1329570,1329570,8,True,True
156,GEN,DG007,model.13.m.0.cv2.conv,13,10.080278396606445,6,27,26,2420700,2420570,130,87520,3.489507952266466,1091130,1329440,1329440,8,True,True
157,GEN,DG032,model.6.m.0.cv1.conv,4,10.082708358764648,6,20,19,2420570,2419284,1286,88806,3.5407820293530134,1091130,1328154,1328154,8,True,True
158,GEN,DG006,model.13.m.0.cv1.conv,9,10.089073181152344,6,20,19,2419284,2417998,1286,90092,3.5920561064395615,1091130,1326868,1326868,8,True,True
159,GEN,DG032,model.6.m.0.cv1.conv,9,10.102935791015625,6,19,18,2417998,2416712,1286,91378,3.6433301835261096,1091130,1325582,1325582,8,True,True
160,GEN,DG007,model.13.m.0.cv2.conv,2,10.159421920776367,6,26,25,2416712,2416582,130,91508,3.6485134106032877,1091130,1325452,1325452,8,True,True
161,GEN,DG033,model.6.m.0.cv2.conv,3,10.162117004394531,6,20,19,2416582,2416452,130,91638,3.653696637680466,1091130,1325322,1325322,8,True,True
162,GEN,DG033,model.6.m.0.cv2.conv,5,10.176467895507812,6,19,18,2416452,2416322,130,91768,3.6588798647576444,1091130,1325192,1325192,8,True,True
163,GEN,DG006,model.13.m.0.cv1.conv,8,10.178792953491211,6,19,18,2416322,2415036,1286,93054,3.710153941844192,1091130,1323906,1323906,8,True,True
164,GEN,DG007,model.13.m.0.cv2.conv,5,10.18475341796875,6,25,24,2415036,2414906,130,93184,3.7153371689213706,1091130,1323776,1323776,8,True,True
165,GEN,DG033,model.6.m.0.cv2.conv,0,10.204056739807129,6,18,17,2414906,2414776,130,93314,3.7205203959985487,1091130,1323646,1323646,8,True,True
166,GEN,DG006,model.13.m.0.cv1.conv,6,10.204635620117188,6,18,17,2414776,2413490,1286,94600,3.7717944730850967,1091130,1322360,1322360,8,True,True
167,GEN,DG033,model.6.m.0.cv2.conv,0,10.212076187133789,6,17,16,2413490,2413360,130,94730,3.776977700162275,1091130,1322230,1322230,8,True,True
168,GEN,DG002,model.1.conv,7,10.216699600219727,6,22,21,2413360,2413254,106,94836,3.781204023779051,1091130,1322124,1322124,8,True,True
169,GEN,DG032,model.6.m.0.cv1.conv,0,10.294767379760742,6,18,17,2413254,2411968,1286,96122,3.832478100865599,1091130,1320838,1320838,8,True,True
170,GEN,DG007,model.13.m.0.cv2.conv,19,10.353267669677734,6,24,23,2411968,2411838,130,96252,3.837661327942777,1091130,1320708,1320708,8,True,True
171,GEN,DG007,model.13.m.0.cv2.conv,8,10.389694213867188,6,23,22,2411838,2411708,130,96382,3.8428445550199553,1091130,1320578,1320578,8,True,True
172,GEN,DG007,model.13.m.0.cv2.conv,11,10.425838470458984,7,22,21,2411708,2411578,130,96512,3.848027782097134,1091130,1320448,1320448,8,True,True
173,GEN,DG032,model.6.m.0.cv1.conv,12,10.434165954589844,7,17,16,2411578,2410292,1286,97798,3.8993018591836814,1091130,1319162,1319162,8,True,True
174,GEN,DG006,model.13.m.0.cv1.conv,8,10.457454681396484,7,17,16,2410292,2409006,1286,99084,3.9505759362702295,1091130,1317876,1317876,8,True,True
175,GEN,DG007,model.13.m.0.cv2.conv,14,10.499536514282227,7,21,20,2409006,2408876,130,99214,3.9557591633474076,1091130,1317746,1317746,8,True,True
176,GEN,DG002,model.1.conv,20,10.515690803527832,7,21,20,2408876,2408770,106,99320,3.9599854869641837,1091130,1317640,1317640,8,True,True
177,GEN,DG007,model.13.m.0.cv2.conv,9,10.528511047363281,7,20,19,2408770,2408640,130,99450,3.9651687140413623,1091130,1317510,1317510,8,True,True
178,GEN,DG007,model.13.m.0.cv2.conv,15,10.53805923461914,7,19,18,2408640,2408510,130,99580,3.9703519411185404,1091130,1317380,1317380,8,True,True
179,GEN,DG007,model.13.m.0.cv2.conv,9,10.558990478515625,7,18,17,2408510,2408380,130,99710,3.9755351681957185,1091130,1317250,1317250,8,True,True
180,GEN,DG007,model.13.m.0.cv2.conv,6,10.577385902404785,7,17,16,2408380,2408250,130,99840,3.980718395272897,1091130,1317120,1317120,8,True,True
181,GEN,DG002,model.1.conv,14,10.8468599319458,8,20,19,2408250,2408144,106,99946,3.984944718889673,1091130,1317014,1317014,8,True,True
182,GEN,DG002,model.1.conv,9,11.016359329223633,11,19,18,2408144,2408038,106,100052,3.9891710425064493,1091130,1316908,1316908,8,True,True
183,GEN,DG002,model.1.conv,15,11.09835433959961,11,18,17,2408038,2407932,106,100158,3.9933973661232254,1091130,1316802,1316802,8,True,True
184,GEN,DG002,model.1.conv,6,11.144126892089844,11,17,16,2407932,2407826,106,100264,3.9976236897400015,1091130,1316696,1316696,8,True,True
185,GEN,DG028,model.4.cv2.conv,84,12.677614212036133,22,128,127,2407826,2406512,1314,101578,4.050014154197019,1091130,1315382,1315382,8,True,True
186,GEN,DG019,model.19.m.0.m.0.cv1.conv,26,12.891688346862793,24,32,31,2406512,2406222,290,101868,4.061576737676877,1091130,1315092,1315092,8,True,True
187,GEN,DG028,model.4.cv2.conv,91,12.936468124389648,24,127,126,2406222,2404908,1314,103182,4.113967202133895,1091130,1313778,1313778,8,True,True
188,GEN,DG038,model.8.m.0.cv1.conv,19,12.97555160522461,24,64,63,2404908,2402342,2566,105748,4.21627613044189,1091130,1311212,1311212,8,True,True
189,GEN,DG028,model.4.cv2.conv,67,13.16921615600586,28,126,125,2402342,2401028,1314,107062,4.2686665948989075,1091130,1309898,1309898,8,True,True
190,GEN,DG028,model.4.cv2.conv,99,13.189695358276367,28,125,124,2401028,2399714,1314,108376,4.321057059355924,1091130,1308584,1308584,8,True,True
191,GEN,DG028,model.4.cv2.conv,98,13.44626235961914,31,124,123,2399714,2398400,1314,109690,4.373447523812941,1091130,1307270,1307270,8,True,True
192,GEN,DG028,model.4.cv2.conv,107,13.452106475830078,31,123,122,2398400,2397086,1314,111004,4.425837988269959,1091130,1305956,1305956,8,True,True
193,GEN,DG028,model.4.cv2.conv,57,13.454488754272461,31,122,121,2397086,2395772,1314,112318,4.478228452726976,1091130,1304642,1304642,8,True,True
194,GEN,DG028,model.4.cv2.conv,5,13.688152313232422,34,121,120,2395772,2394458,1314,113632,4.530618917183992,1091130,1303328,1303328,8,True,True
195,GEN,DG038,model.8.m.0.cv1.conv,41,13.71635913848877,35,63,62,2394458,2391892,2566,116198,4.632927845491988,1091130,1300762,1300762,8,True,True
196,GEN,DG020,model.19.m.0.m.1.cv1.conv,21,13.836536407470703,35,32,31,2391892,2391602,290,116488,4.644490428971847,1091130,1300472,1300472,8,True,True
197,GEN,DG028,model.4.cv2.conv,17,13.878435134887695,35,120,119,2391602,2390288,1314,117802,4.696880893428864,1091130,1299158,1299158,8,True,True
198,GEN,DG028,model.4.cv2.conv,36,14.148073196411133,37,119,118,2390288,2388974,1314,119116,4.749271357885881,1091130,1297844,1297844,8,True,True
199,GEN,DG028,model.4.cv2.conv,37,14.238094329833984,39,118,117,2388974,2387660,1314,120430,4.801661822342898,1091130,1296530,1296530,8,True,True
200,GEN,DG028,model.4.cv2.conv,116,14.311564445495605,40,117,116,2387660,2386346,1314,121744,4.854052286799916,1091130,1295216,1295216,8,True,True
201,GEN,DG028,model.4.cv2.conv,14,14.392200469970703,40,116,115,2386346,2385032,1314,123058,4.906442751256932,1091130,1293902,1293902,8,True,True
202,GEN,DG028,model.4.cv2.conv,25,14.44370174407959,41,115,114,2385032,2383718,1314,124372,4.95883321571395,1091130,1292588,1292588,8,True,True
203,GEN,DG028,model.4.cv2.conv,59,14.45482063293457,41,114,113,2383718,2382404,1314,125686,5.011223680170967,1091130,1291274,1291274,8,True,True
204,GEN,DG026,model.22.m.0.1.ffn.0.conv,49,14.485782623291016,41,256,255,2382404,2382146,258,125944,5.02151039237029,1091130,1291016,1291016,8,True,True
205,GEN,DG026,model.22.m.0.1.ffn.0.conv,205,14.502557754516602,41,255,254,2382146,2381888,258,126202,5.031797104569613,1091130,1290758,1290758,8,True,True
206,GEN,DG028,model.4.cv2.conv,59,14.522833824157715,41,113,112,2381888,2380574,1314,127516,5.084187569026629,1091130,1289444,1289444,8,True,True
207,GEN,DG038,model.8.m.0.cv1.conv,58,14.536774635314941,41,62,61,2380574,2378008,2566,130082,5.186496497334625,1091130,1286878,1286878,8,True,True
208,GEN,DG028,model.4.cv2.conv,31,14.540538787841797,41,112,111,2378008,2376694,1314,131396,5.238886961791642,1091130,1285564,1285564,8,True,True
209,GEN,DG028,model.4.cv2.conv,8,14.547779083251953,41,111,110,2376694,2375380,1314,132710,5.2912774262486595,1091130,1284250,1284250,8,True,True
210,GEN,DG028,model.4.cv2.conv,86,14.567914962768555,42,110,109,2375380,2374066,1314,134024,5.343667890705676,1091130,1282936,1282936,8,True,True
211,GEN,DG028,model.4.cv2.conv,89,14.622618675231934,42,109,108,2374066,2372752,1314,135338,5.396058355162694,1091130,1281622,1281622,8,True,True
212,GEN,DG028,model.4.cv2.conv,87,14.650484085083008,42,108,107,2372752,2371438,1314,136652,5.448448819619711,1091130,1280308,1280308,8,True,True
213,GEN,DG038,model.8.m.0.cv1.conv,30,14.660930633544922,42,61,60,2371438,2368872,2566,139218,5.550757747927706,1091130,1277742,1277742,8,True,True
214,GEN,DG028,model.4.cv2.conv,27,14.666825294494629,42,107,106,2368872,2367558,1314,140532,5.603148212384723,1091130,1276428,1276428,8,True,True
215,GEN,DG028,model.4.cv2.conv,41,14.682477951049805,42,106,105,2367558,2366244,1314,141846,5.65553867684174,1091130,1275114,1275114,8,True,True
216,GEN,DG028,model.4.cv2.conv,66,14.695053100585938,43,105,104,2366244,2364930,1314,143160,5.707929141298758,1091130,1273800,1273800,8,True,True
217,GEN,DG028,model.4.cv2.conv,100,14.697490692138672,43,104,103,2364930,2363616,1314,144474,5.760319605755774,1091130,1272486,1272486,8,True,True
218,GEN,DG028,model.4.cv2.conv,19,14.768022537231445,45,103,102,2363616,2362302,1314,145788,5.812710070212791,1091130,1271172,1271172,8,True,True
219,GEN,DG028,model.4.cv2.conv,91,14.781482696533203,45,102,101,2362302,2360988,1314,147102,5.865100534669809,1091130,1269858,1269858,8,True,True
220,GEN,DG028,model.4.cv2.conv,47,14.809328079223633,45,101,100,2360988,2359674,1314,148416,5.917490999126826,1091130,1268544,1268544,8,True,True
221,GEN,DG020,model.19.m.0.m.1.cv1.conv,27,14.815299987792969,45,31,30,2359674,2359384,290,148706,5.929053582606684,1091130,1268254,1268254,8,True,True
222,GEN,DG028,model.4.cv2.conv,76,14.829007148742676,45,100,99,2359384,2358070,1314,150020,5.981444047063702,1091130,1266940,1266940,8,True,True
223,GEN,DG026,model.22.m.0.1.ffn.0.conv,6,14.857269287109375,45,254,253,2358070,2357812,258,150278,5.9917307592630245,1091130,1266682,1266682,8,True,True
224,GEN,DG028,model.4.cv2.conv,82,14.893707275390625,46,99,98,2357812,2356498,1314,151592,6.044121223720042,1091130,1265368,1265368,8,True,True
225,GEN,DG028,model.4.cv2.conv,5,14.928863525390625,47,98,97,2356498,2355184,1314,152906,6.096511688177059,1091130,1264054,1264054,8,True,True
226,GEN,DG028,model.4.cv2.conv,74,14.942070007324219,47,97,96,2355184,2353870,1314,154220,6.148902152634076,1091130,1262740,1262740,8,True,True
227,GEN,DG028,model.4.cv2.conv,65,14.949337005615234,47,96,95,2353870,2352556,1314,155534,6.201292617091093,1091130,1261426,1261426,8,True,True
228,GEN,DG028,model.4.cv2.conv,47,14.969297409057617,48,95,94,2352556,2351242,1314,156848,6.25368308154811,1091130,1260112,1260112,8,True,True
229,GEN,DG028,model.4.cv2.conv,7,15.0264892578125,49,94,93,2351242,2349928,1314,158162,6.306073546005128,1091130,1258798,1258798,8,True,True
230,GEN,DG028,model.4.cv2.conv,46,15.044567108154297,51,93,92,2349928,2348614,1314,159476,6.358464010462145,1091130,1257484,1257484,8,True,True
231,GEN,DG028,model.4.cv2.conv,32,15.04527473449707,51,92,91,2348614,2347300,1314,160790,6.410854474919161,1091130,1256170,1256170,8,True,True
232,GEN,DG028,model.4.cv2.conv,67,15.04983139038086,51,91,90,2347300,2345986,1314,162104,6.463244939376179,1091130,1254856,1254856,8,True,True
233,GEN,DG028,model.4.cv2.conv,38,15.056924819946289,51,90,89,2345986,2344672,1314,163418,6.515635403833196,1091130,1253542,1253542,8,True,True
234,GEN,DG028,model.4.cv2.conv,31,15.058998107910156,51,89,88,2344672,2343358,1314,164732,6.568025868290213,1091130,1252228,1252228,8,True,True
235,GEN,DG028,model.4.cv2.conv,59,15.060733795166016,51,88,87,2343358,2342044,1314,166046,6.62041633274723,1091130,1250914,1250914,8,True,True
236,GEN,DG028,model.4.cv2.conv,85,15.06195068359375,51,87,86,2342044,2340730,1314,167360,6.672806797204247,1091130,1249600,1249600,8,True,True
237,GEN,DG028,model.4.cv2.conv,75,15.075767517089844,51,86,85,2340730,2339416,1314,168674,6.725197261661264,1091130,1248286,1248286,8,True,True
238,GEN,DG028,model.4.cv2.conv,19,15.095728874206543,51,85,84,2339416,2338102,1314,169988,6.7775877261182815,1091130,1246972,1246972,8,True,True
239,GEN,DG028,model.4.cv2.conv,44,15.097393035888672,51,84,83,2338102,2336788,1314,171302,6.829978190575298,1091130,1245658,1245658,8,True,True
240,GEN,DG028,model.4.cv2.conv,81,15.130148887634277,52,83,82,2336788,2335474,1314,172616,6.882368655032315,1091130,1244344,1244344,8,True,True
241,GEN,DG028,model.4.cv2.conv,42,15.134222984313965,52,82,81,2335474,2334160,1314,173930,6.934759119489333,1091130,1243030,1243030,8,True,True
242,GEN,DG028,model.4.cv2.conv,61,15.140798568725586,52,81,80,2334160,2332846,1314,175244,6.9871495839463496,1091130,1241716,1241716,8,True,True
243,GEN,DG028,model.4.cv2.conv,61,15.159046173095703,52,80,79,2332846,2331532,1314,176558,7.039540048403366,1091130,1240402,1240402,8,True,True
244,GEN,DG028,model.4.cv2.conv,56,15.165933609008789,52,79,78,2331532,2330218,1314,177872,7.091930512860384,1091130,1239088,1239088,8,True,True
245,GEN,DG028,model.4.cv2.conv,58,15.177620887756348,52,78,77,2330218,2328904,1314,179186,7.144320977317401,1091130,1237774,1237774,8,True,True
246,GEN,DG028,model.4.cv2.conv,7,15.18202018737793,52,77,76,2328904,2327590,1314,180500,7.196711441774418,1091130,1236460,1236460,8,True,True
247,GEN,DG026,model.22.m.0.1.ffn.0.conv,83,15.200584411621094,52,253,252,2327590,2327332,258,180758,7.206998153973741,1091130,1236202,1236202,8,True,True
248,GEN,DG028,model.4.cv2.conv,29,15.219311714172363,53,76,75,2327332,2326018,1314,182072,7.259388618430758,1091130,1234888,1234888,8,True,True
249,GEN,DG028,model.4.cv2.conv,46,15.223237991333008,53,75,74,2326018,2324704,1314,183386,7.311779082887775,1091130,1233574,1233574,8,True,True
250,GEN,DG028,model.4.cv2.conv,23,15.228813171386719,53,74,73,2324704,2323390,1314,184700,7.364169547344792,1091130,1232260,1232260,8,True,True
251,GEN,DG028,model.4.cv2.conv,41,15.232189178466797,53,73,72,2323390,2322076,1314,186014,7.416560011801809,1091130,1230946,1230946,8,True,True
252,GEN,DG028,model.4.cv2.conv,40,15.245210647583008,53,72,71,2322076,2320762,1314,187328,7.468950476258827,1091130,1229632,1229632,8,True,True
253,GEN,DG028,model.4.cv2.conv,5,15.266042709350586,53,71,70,2320762,2319448,1314,188642,7.521340940715843,1091130,1228318,1228318,8,True,True
254,GEN,DG028,model.4.cv2.conv,20,15.28330135345459,53,70,69,2319448,2318134,1314,189956,7.573731405172861,1091130,1227004,1227004,8,True,True
255,GEN,DG028,model.4.cv2.conv,22,15.289504051208496,53,69,68,2318134,2316820,1314,191270,7.626121869629878,1091130,1225690,1225690,8,True,True
256,GEN,DG028,model.4.cv2.conv,63,15.293937683105469,53,68,67,2316820,2315506,1314,192584,7.678512334086895,1091130,1224376,1224376,8,True,True
257,GEN,DG019,model.19.m.0.m.0.cv1.conv,29,15.298161506652832,53,31,30,2315506,2315216,290,192874,7.690074917566754,1091130,1224086,1224086,8,True,True
258,GEN,DG019,model.19.m.0.m.0.cv1.conv,29,15.333475112915039,53,30,29,2315216,2314926,290,193164,7.701637501046613,1091130,1223796,1223796,8,True,True
259,GEN,DG028,model.4.cv2.conv,46,15.368324279785156,53,67,66,2314926,2313612,1314,194478,7.754027965503631,1091130,1222482,1222482,8,True,True
260,GEN,DG004,model.10.m.0.ffn.0.conv,1,15.386571884155273,53,256,255,2313612,2313354,258,194736,7.764314677702953,1091130,1222224,1222224,8,True,True
261,GEN,DG028,model.4.cv2.conv,39,15.400650024414062,53,66,65,2313354,2312040,1314,196050,7.816705142159971,1091130,1220910,1220910,8,True,True
262,GEN,DG028,model.4.cv2.conv,8,15.410205841064453,53,65,64,2312040,2310726,1314,197364,7.8690956066169875,1091130,1219596,1219596,8,True,True
263,GEN,DG038,model.8.m.0.cv1.conv,24,15.472543716430664,54,60,59,2310726,2308160,2566,199930,7.971404534924983,1091130,1217030,1217030,8,True,True
264,GEN,DG026,model.22.m.0.1.ffn.0.conv,242,15.510063171386719,54,252,251,2308160,2307902,258,200188,7.9816912471243056,1091130,1216772,1216772,8,True,True
265,GEN,DG026,model.22.m.0.1.ffn.0.conv,172,15.576898574829102,56,251,250,2307902,2307644,258,200446,7.991977959323629,1091130,1216514,1216514,8,True,True
266,GEN,DG026,model.22.m.0.1.ffn.0.conv,93,15.598718643188477,56,250,249,2307644,2307386,258,200704,8.002264671522951,1091130,1216256,1216256,8,True,True
267,GEN,DG019,model.19.m.0.m.0.cv1.conv,24,15.678296089172363,57,29,28,2307386,2307096,290,200994,8.013827255002811,1091130,1215966,1215966,8,True,True
268,GEN,DG026,model.22.m.0.1.ffn.0.conv,197,15.70057487487793,59,249,248,2307096,2306838,258,201252,8.024113967202133,1091130,1215708,1215708,8,True,True
269,GEN,DG020,model.19.m.0.m.1.cv1.conv,29,15.727584838867188,59,30,29,2306838,2306548,290,201542,8.035676550681993,1091130,1215418,1215418,8,True,True
270,GEN,DG026,model.22.m.0.1.ffn.0.conv,211,15.747467041015625,59,248,247,2306548,2306290,258,201800,8.045963262881315,1091130,1215160,1215160,8,True,True
271,GEN,DG026,model.22.m.0.1.ffn.0.conv,118,15.812724113464355,60,247,246,2306290,2306032,258,202058,8.05624997508064,1091130,1214902,1214902,8,True,True
272,GEN,DG026,model.22.m.0.1.ffn.0.conv,242,15.910500526428223,62,246,245,2306032,2305774,258,202316,8.066536687279962,1091130,1214644,1214644,8,True,True
273,GEN,DG019,model.19.m.0.m.0.cv1.conv,1,15.96130084991455,63,28,27,2305774,2305484,290,202606,8.078099270759822,1091130,1214354,1214354,8,True,True
274,GEN,DG020,model.19.m.0.m.1.cv1.conv,8,16.06804084777832,64,29,28,2305484,2305194,290,202896,8.089661854239681,1091130,1214064,1214064,8,True,True
275,GEN,DG020,model.19.m.0.m.1.cv1.conv,9,16.101009368896484,64,28,27,2305194,2304904,290,203186,8.101224437719539,1091130,1213774,1213774,8,True,True
276,GEN,DG034,model.6.m.0.m.0.cv1.conv,31,16.102109909057617,64,32,31,2304904,2304614,290,203476,8.112787021199399,1091130,1213484,1213484,8,True,True
277,GEN,DG020,model.19.m.0.m.1.cv1.conv,3,16.108951568603516,64,27,26,2304614,2304324,290,203766,8.124349604679258,1091130,1213194,1213194,8,True,True
278,GEN,DG039,model.8.m.0.cv2.conv,37,16.11456871032715,64,64,63,2304324,2304066,258,204024,8.13463631687858,1091130,1212936,1212936,8,True,True
279,GEN,DG026,model.22.m.0.1.ffn.0.conv,48,16.139850616455078,64,245,244,2304066,2303808,258,204282,8.144923029077903,1091130,1212678,1212678,8,True,True
280,GEN,DG026,model.22.m.0.1.ffn.0.conv,56,16.19803810119629,64,244,243,2303808,2303550,258,204540,8.155209741277227,1091130,1212420,1212420,8,True,True
281,GEN,DG026,model.22.m.0.1.ffn.0.conv,173,16.284027099609375,66,243,242,2303550,2303292,258,204798,8.16549645347655,1091130,1212162,1212162,8,True,True
282,GEN,DG038,model.8.m.0.cv1.conv,44,16.324527740478516,68,59,58,2303292,2300726,2566,207364,8.267805381784544,1091130,1209596,1209596,8,True,True
283,GEN,DG026,model.22.m.0.1.ffn.0.conv,230,16.32927894592285,68,242,241,2300726,2300468,258,207622,8.278092093983869,1091130,1209338,1209338,8,True,True
284,GEN,DG026,model.22.m.0.1.ffn.0.conv,56,16.344863891601562,68,241,240,2300468,2300210,258,207880,8.288378806183191,1091130,1209080,1209080,8,True,True
285,GEN,DG026,model.22.m.0.1.ffn.0.conv,89,16.363746643066406,69,240,239,2300210,2299952,258,208138,8.298665518382514,1091130,1208822,1208822,8,True,True
286,GEN,DG034,model.6.m.0.m.0.cv1.conv,2,16.388782501220703,69,31,30,2299952,2299662,290,208428,8.310228101862373,1091130,1208532,1208532,8,True,True
287,GEN,DG026,model.22.m.0.1.ffn.0.conv,73,16.419452667236328,70,239,238,2299662,2299404,258,208686,8.320514814061696,1091130,1208274,1208274,8,True,True
288,GEN,DG020,model.19.m.0.m.1.cv1.conv,9,16.424129486083984,70,26,25,2299404,2299114,290,208976,8.332077397541555,1091130,1207984,1207984,8,True,True
289,GEN,DG026,model.22.m.0.1.ffn.0.conv,209,16.480045318603516,70,238,237,2299114,2298856,258,209234,8.34236410974088,1091130,1207726,1207726,8,True,True
290,GEN,DG020,model.19.m.0.m.1.cv1.conv,9,16.490718841552734,70,25,24,2298856,2298566,290,209524,8.353926693220737,1091130,1207436,1207436,8,True,True
291,GEN,DG026,model.22.m.0.1.ffn.0.conv,191,16.496479034423828,70,237,236,2298566,2298308,258,209782,8.364213405420061,1091130,1207178,1207178,8,True,True
292,GEN,DG020,model.19.m.0.m.1.cv1.conv,18,16.52902603149414,71,24,23,2298308,2298018,290,210072,8.37577598889992,1091130,1206888,1206888,8,True,True
293,GEN,DG026,model.22.m.0.1.ffn.0.conv,40,16.552160263061523,71,236,235,2298018,2297760,258,210330,8.386062701099243,1091130,1206630,1206630,8,True,True
294,GEN,DG026,model.22.m.0.1.ffn.0.conv,104,16.55218505859375,71,235,234,2297760,2297502,258,210588,8.396349413298566,1091130,1206372,1206372,8,True,True
295,GEN,DG038,model.8.m.0.cv1.conv,10,16.57312774658203,71,58,57,2297502,2294936,2566,213154,8.49865834160656,1091130,1203806,1203806,8,True,True
296,GEN,DG035,model.6.m.0.m.1.cv1.conv,18,16.607236862182617,71,32,31,2294936,2294646,290,213444,8.51022092508642,1091130,1203516,1203516,8,True,True
297,GEN,DG026,model.22.m.0.1.ffn.0.conv,121,16.657333374023438,71,234,233,2294646,2294388,258,213702,8.520507637285743,1091130,1203258,1203258,8,True,True
298,GEN,DG026,model.22.m.0.1.ffn.0.conv,106,16.665184020996094,72,233,232,2294388,2294130,258,213960,8.530794349485067,1091130,1203000,1203000,8,True,True
299,GEN,DG026,model.22.m.0.1.ffn.0.conv,106,16.665672302246094,72,232,231,2294130,2293872,258,214218,8.54108106168439,1091130,1202742,1202742,8,True,True
300,GEN,DG019,model.19.m.0.m.0.cv1.conv,2,16.696767807006836,72,27,26,2293872,2293582,290,214508,8.552643645164249,1091130,1202452,1202452,8,True,True
301,GEN,DG020,model.19.m.0.m.1.cv1.conv,1,16.708642959594727,72,23,22,2293582,2293292,290,214798,8.564206228644109,1091130,1202162,1202162,8,True,True
302,GEN,DG026,model.22.m.0.1.ffn.0.conv,230,16.718692779541016,72,231,230,2293292,2293034,258,215056,8.574492940843431,1091130,1201904,1201904,8,True,True
303,GEN,DG026,model.22.m.0.1.ffn.0.conv,122,16.759456634521484,72,230,229,2293034,2292776,258,215314,8.584779653042753,1091130,1201646,1201646,8,True,True
304,GEN,DG026,model.22.m.0.1.ffn.0.conv,99,16.766878128051758,72,229,228,2292776,2292518,258,215572,8.595066365242076,1091130,1201388,1201388,8,True,True
305,GEN,DG026,model.22.m.0.1.ffn.0.conv,153,16.829177856445312,72,228,227,2292518,2292260,258,215830,8.6053530774414,1091130,1201130,1201130,8,True,True
306,GEN,DG026,model.22.m.0.1.ffn.0.conv,2,16.83509635925293,72,227,226,2292260,2292002,258,216088,8.615639789640722,1091130,1200872,1200872,8,True,True
307,GEN,DG026,model.22.m.0.1.ffn.0.conv,168,16.850690841674805,72,226,225,2292002,2291744,258,216346,8.625926501840045,1091130,1200614,1200614,8,True,True
308,GEN,DG026,model.22.m.0.1.ffn.0.conv,194,16.8665771484375,72,225,224,2291744,2291486,258,216604,8.636213214039369,1091130,1200356,1200356,8,True,True
309,GEN,DG026,model.22.m.0.1.ffn.0.conv,22,16.880081176757812,73,224,223,2291486,2291228,258,216862,8.646499926238691,1091130,1200098,1200098,8,True,True
310,GEN,DG019,model.19.m.0.m.0.cv1.conv,1,16.967973709106445,74,26,25,2291228,2290938,290,217152,8.658062509718551,1091130,1199808,1199808,8,True,True
311,GEN,DG026,model.22.m.0.1.ffn.0.conv,207,17.005596160888672,74,223,222,2290938,2290680,258,217410,8.668349221917873,1091130,1199550,1199550,8,True,True
312,GEN,DG020,model.19.m.0.m.1.cv1.conv,9,17.018390655517578,74,22,21,2290680,2290390,290,217700,8.679911805397733,1091130,1199260,1199260,8,True,True
313,GEN,DG026,model.22.m.0.1.ffn.0.conv,9,17.076786041259766,74,222,221,2290390,2290132,258,217958,8.690198517597056,1091130,1199002,1199002,8,True,True
314,GEN,DG026,model.22.m.0.1.ffn.0.conv,40,17.126251220703125,76,221,220,2290132,2289874,258,218216,8.70048522979638,1091130,1198744,1198744,8,True,True
315,GEN,DG020,model.19.m.0.m.1.cv1.conv,3,17.137187957763672,76,21,20,2289874,2289584,290,218506,8.712047813276238,1091130,1198454,1198454,8,True,True
316,GEN,DG026,model.22.m.0.1.ffn.0.conv,170,17.14348793029785,76,220,219,2289584,2289326,258,218764,8.722334525475562,1091130,1198196,1198196,8,True,True
317,GEN,DG020,model.19.m.0.m.1.cv1.conv,14,17.175201416015625,76,20,19,2289326,2289036,290,219054,8.73389710895542,1091130,1197906,1197906,8,True,True
318,GEN,DG026,model.22.m.0.1.ffn.0.conv,9,17.203214645385742,76,219,218,2289036,2288778,258,219312,8.744183821154744,1091130,1197648,1197648,8,True,True
319,GEN,DG026,model.22.m.0.1.ffn.0.conv,142,17.213584899902344,76,218,217,2288778,2288520,258,219570,8.754470533354066,1091130,1197390,1197390,8,True,True
320,GEN,DG022,model.2.m.0.cv1.conv,7,17.242328643798828,77,8,7,2288520,2288230,290,219860,8.766033116833926,1091130,1197100,1197100,7,True,True
321,GEN,DG038,model.8.m.0.cv1.conv,5,17.273117065429688,77,57,56,2288230,2285664,2566,222426,8.86834204514192,1091130,1194534,1194534,7,True,True
322,GEN,DG026,model.22.m.0.1.ffn.0.conv,134,17.350658416748047,77,217,216,2285664,2285406,258,222684,8.878628757341243,1091130,1194276,1194276,7,True,True
323,GEN,DG026,model.22.m.0.1.ffn.0.conv,144,17.352691650390625,77,216,215,2285406,2285148,258,222942,8.888915469540567,1091130,1194018,1194018,7,True,True
324,GEN,DG020,model.19.m.0.m.1.cv1.conv,9,17.353107452392578,77,19,18,2285148,2284858,290,223232,8.900478053020425,1091130,1193728,1193728,7,True,True
325,GEN,DG034,model.6.m.0.m.0.cv1.conv,11,17.35613250732422,77,30,29,2284858,2284568,290,223522,8.912040636500285,1091130,1193438,1193438,7,True,True
326,GEN,DG022,model.2.m.0.cv1.conv,5,17.357023239135742,77,7,6,2284568,2284278,290,223812,8.923603219980144,1091130,1193148,1193148,6,True,True
327,GEN,DG026,model.22.m.0.1.ffn.0.conv,90,17.375701904296875,77,215,214,2284278,2284020,258,224070,8.933889932179467,1091130,1192890,1192890,6,True,True
328,GEN,DG026,model.22.m.0.1.ffn.0.conv,206,17.379989624023438,77,214,213,2284020,2283762,258,224328,8.944176644378791,1091130,1192632,1192632,6,True,True
329,GEN,DG026,model.22.m.0.1.ffn.0.conv,210,17.38616943359375,77,213,212,2283762,2283504,258,224586,8.954463356578113,1091130,1192374,1192374,6,True,True
330,GEN,DG026,model.22.m.0.1.ffn.0.conv,102,17.408361434936523,77,212,211,2283504,2283246,258,224844,8.964750068777436,1091130,1192116,1192116,6,True,True
331,GEN,DG026,model.22.m.0.1.ffn.0.conv,20,17.427431106567383,77,211,210,2283246,2282988,258,225102,8.97503678097676,1091130,1191858,1191858,6,True,True
332,GEN,DG020,model.19.m.0.m.1.cv1.conv,4,17.461891174316406,77,18,17,2282988,2282698,290,225392,8.986599364456618,1091130,1191568,1191568,6,True,True
333,GEN,DG020,model.19.m.0.m.1.cv1.conv,7,17.52047348022461,78,17,16,2282698,2282408,290,225682,8.998161947936477,1091130,1191278,1191278,6,True,True
334,GEN,DG026,model.22.m.0.1.ffn.0.conv,45,17.55276870727539,78,210,209,2282408,2282150,258,225940,9.0084486601358,1091130,1191020,1191020,6,True,True
335,GEN,DG026,model.22.m.0.1.ffn.0.conv,61,17.59403419494629,78,209,208,2282150,2281892,258,226198,9.018735372335124,1091130,1190762,1190762,6,True,True
336,GEN,DG022,model.2.m.0.cv1.conv,4,17.59486961364746,78,6,5,2281892,2281602,290,226488,9.030297955814982,1091130,1190472,1190472,5,True,True
337,GEN,DG026,model.22.m.0.1.ffn.0.conv,3,17.611719131469727,78,208,207,2281602,2281344,258,226746,9.040584668014306,1091130,1190214,1190214,5,True,True
338,GEN,DG026,model.22.m.0.1.ffn.0.conv,18,17.6143741607666,78,207,206,2281344,2281086,258,227004,9.050871380213628,1091130,1189956,1189956,5,True,True
339,GEN,DG038,model.8.m.0.cv1.conv,3,17.61948585510254,78,56,55,2281086,2278520,2566,229570,9.153180308521623,1091130,1187390,1187390,5,True,True
340,GEN,DG026,model.22.m.0.1.ffn.0.conv,128,17.630327224731445,78,206,205,2278520,2278262,258,229828,9.163467020720947,1091130,1187132,1187132,5,True,True
341,GEN,DG026,model.22.m.0.1.ffn.0.conv,116,17.657684326171875,78,205,204,2278262,2278004,258,230086,9.17375373292027,1091130,1186874,1186874,5,True,True
342,GEN,DG035,model.6.m.0.m.1.cv1.conv,21,17.66352081298828,78,31,30,2278004,2277714,290,230376,9.18531631640013,1091130,1186584,1186584,5,True,True
343,GEN,DG026,model.22.m.0.1.ffn.0.conv,143,17.690345764160156,78,204,203,2277714,2277456,258,230634,9.195603028599452,1091130,1186326,1186326,5,True,True
344,GEN,DG026,model.22.m.0.1.ffn.0.conv,113,17.705730438232422,78,203,202,2277456,2277198,258,230892,9.205889740798774,1091130,1186068,1186068,5,True,True
345,GEN,DG019,model.19.m.0.m.0.cv1.conv,20,17.71518325805664,78,25,24,2277198,2276908,290,231182,9.217452324278634,1091130,1185778,1185778,5,True,True
346,GEN,DG026,model.22.m.0.1.ffn.0.conv,83,17.722000122070312,78,202,201,2276908,2276650,258,231440,9.227739036477958,1091130,1185520,1185520,5,True,True
347,GEN,DG026,model.22.m.0.1.ffn.0.conv,41,17.722410202026367,78,201,200,2276650,2276392,258,231698,9.23802574867728,1091130,1185262,1185262,5,True,True
348,GEN,DG026,model.22.m.0.1.ffn.0.conv,3,17.765689849853516,78,200,199,2276392,2276134,258,231956,9.248312460876603,1091130,1185004,1185004,5,True,True
349,GEN,DG026,model.22.m.0.1.ffn.0.conv,87,17.78117561340332,78,199,198,2276134,2275876,258,232214,9.258599173075927,1091130,1184746,1184746,5,True,True
350,GEN,DG026,model.22.m.0.1.ffn.0.conv,43,17.800830841064453,78,198,197,2275876,2275618,258,232472,9.26888588527525,1091130,1184488,1184488,5,True,True
351,GEN,DG026,model.22.m.0.1.ffn.0.conv,133,17.818893432617188,78,197,196,2275618,2275360,258,232730,9.279172597474572,1091130,1184230,1184230,5,True,True
352,GEN,DG026,model.22.m.0.1.ffn.0.conv,189,17.83386993408203,78,196,195,2275360,2275102,258,232988,9.289459309673894,1091130,1183972,1183972,5,True,True
353,GEN,DG026,model.22.m.0.1.ffn.0.conv,109,17.864229202270508,78,195,194,2275102,2274844,258,233246,9.299746021873219,1091130,1183714,1183714,5,True,True
354,GEN,DG026,model.22.m.0.1.ffn.0.conv,145,17.878564834594727,79,194,193,2274844,2274586,258,233504,9.310032734072541,1091130,1183456,1183456,5,True,True
355,GEN,DG026,model.22.m.0.1.ffn.0.conv,159,17.891204833984375,79,193,192,2274586,2274328,258,233762,9.320319446271863,1091130,1183198,1183198,5,True,True
356,GEN,DG019,model.19.m.0.m.0.cv1.conv,21,17.89533042907715,79,24,23,2274328,2274038,290,234052,9.331882029751723,1091130,1182908,1182908,5,True,True
357,GEN,DG026,model.22.m.0.1.ffn.0.conv,74,17.897769927978516,79,192,191,2274038,2273780,258,234310,9.342168741951047,1091130,1182650,1182650,5,True,True
358,GEN,DG026,model.22.m.0.1.ffn.0.conv,38,17.908889770507812,79,191,190,2273780,2273522,258,234568,9.35245545415037,1091130,1182392,1182392,5,True,True
359,GEN,DG035,model.6.m.0.m.1.cv1.conv,0,17.933345794677734,79,30,29,2273522,2273232,290,234858,9.36401803763023,1091130,1182102,1182102,5,True,True
360,GEN,DG026,model.22.m.0.1.ffn.0.conv,156,17.941890716552734,79,190,189,2273232,2272974,258,235116,9.374304749829552,1091130,1181844,1181844,5,True,True
361,GEN,DG026,model.22.m.0.1.ffn.0.conv,125,17.95580291748047,79,189,188,2272974,2272716,258,235374,9.384591462028874,1091130,1181586,1181586,5,True,True
362,GEN,DG022,model.2.m.0.cv1.conv,1,17.98080825805664,79,5,4,2272716,2272426,290,235664,9.396154045508734,1091130,1181296,1181296,4,True,True
363,GEN,DG026,model.22.m.0.1.ffn.0.conv,167,17.984886169433594,79,188,187,2272426,2272168,258,235922,9.406440757708056,1091130,1181038,1181038,4,True,True
364,GEN,DG026,model.22.m.0.1.ffn.0.conv,82,17.989028930664062,79,187,186,2272168,2271910,258,236180,9.41672746990738,1091130,1180780,1180780,4,True,True
365,GEN,DG026,model.22.m.0.1.ffn.0.conv,117,18.001052856445312,79,186,185,2271910,2271652,258,236438,9.427014182106703,1091130,1180522,1180522,4,True,True
366,GEN,DG026,model.22.m.0.1.ffn.0.conv,184,18.049165725708008,80,185,184,2271652,2271394,258,236696,9.437300894306025,1091130,1180264,1180264,4,True,True
367,GEN,DG026,model.22.m.0.1.ffn.0.conv,145,18.113367080688477,80,184,183,2271394,2271136,258,236954,9.44758760650535,1091130,1180006,1180006,4,True,True
368,GEN,DG026,model.22.m.0.1.ffn.0.conv,1,18.125869750976562,80,183,182,2271136,2270878,258,237212,9.457874318704672,1091130,1179748,1179748,4,True,True
369,GEN,DG004,model.10.m.0.ffn.0.conv,113,18.12795066833496,80,255,254,2270878,2270620,258,237470,9.468161030903994,1091130,1179490,1179490,4,True,True
370,GEN,DG026,model.22.m.0.1.ffn.0.conv,153,18.135028839111328,80,182,181,2270620,2270362,258,237728,9.478447743103319,1091130,1179232,1179232,4,True,True
371,GEN,DG026,model.22.m.0.1.ffn.0.conv,3,18.144651412963867,80,181,180,2270362,2270104,258,237986,9.488734455302641,1091130,1178974,1178974,4,True,True
372,GEN,DG008,model.13.m.0.m.0.cv1.conv,31,18.18354034423828,80,32,31,2270104,2269814,290,238276,9.5002970387825,1091130,1178684,1178684,4,True,True
373,GEN,DG026,model.22.m.0.1.ffn.0.conv,10,18.194255828857422,80,180,179,2269814,2269556,258,238534,9.510583750981823,1091130,1178426,1178426,4,True,True
374,GEN,DG026,model.22.m.0.1.ffn.0.conv,24,18.205991744995117,80,179,178,2269556,2269298,258,238792,9.520870463181145,1091130,1178168,1178168,4,True,True
375,GEN,DG026,model.22.m.0.1.ffn.0.conv,44,18.218812942504883,81,178,177,2269298,2269040,258,239050,9.53115717538047,1091130,1177910,1177910,4,True,True
376,GEN,DG026,model.22.m.0.1.ffn.0.conv,162,18.234224319458008,82,177,176,2269040,2268782,258,239308,9.541443887579792,1091130,1177652,1177652,4,True,True
377,GEN,DG026,model.22.m.0.1.ffn.0.conv,98,18.247501373291016,82,176,175,2268782,2268524,258,239566,9.551730599779114,1091130,1177394,1177394,4,True,True
378,GEN,DG026,model.22.m.0.1.ffn.0.conv,14,18.249509811401367,82,175,174,2268524,2268266,258,239824,9.562017311978439,1091130,1177136,1177136,4,True,True
379,GEN,DG026,model.22.m.0.1.ffn.0.conv,60,18.266725540161133,82,174,173,2268266,2268008,258,240082,9.572304024177761,1091130,1176878,1176878,4,True,True
380,GEN,DG026,model.22.m.0.1.ffn.0.conv,71,18.271713256835938,82,173,172,2268008,2267750,258,240340,9.582590736377083,1091130,1176620,1176620,4,True,True
381,GEN,DG038,model.8.m.0.cv1.conv,39,18.27342987060547,82,55,54,2267750,2265184,2566,242906,9.684899664685078,1091130,1174054,1174054,4,True,True
382,GEN,DG026,model.22.m.0.1.ffn.0.conv,133,18.29096221923828,82,172,171,2265184,2264926,258,243164,9.695186376884402,1091130,1173796,1173796,4,True,True
383,GEN,DG004,model.10.m.0.ffn.0.conv,228,18.295183181762695,82,254,253,2264926,2264668,258,243422,9.705473089083725,1091130,1173538,1173538,4,True,True
384,GEN,DG026,model.22.m.0.1.ffn.0.conv,20,18.333202362060547,83,171,170,2264668,2264410,258,243680,9.715759801283047,1091130,1173280,1173280,4,True,True
385,GEN,DG026,model.22.m.0.1.ffn.0.conv,40,18.343965530395508,83,170,169,2264410,2264152,258,243938,9.726046513482371,1091130,1173022,1173022,4,True,True
386,GEN,DG035,model.6.m.0.m.1.cv1.conv,24,18.380475997924805,83,29,28,2264152,2263862,290,244228,9.737609096962231,1091130,1172732,1172732,4,True,True
387,GEN,DG026,model.22.m.0.1.ffn.0.conv,93,18.38082504272461,83,169,168,2263862,2263604,258,244486,9.747895809161554,1091130,1172474,1172474,4,True,True
388,GEN,DG026,model.22.m.0.1.ffn.0.conv,160,18.38723373413086,83,168,167,2263604,2263346,258,244744,9.758182521360876,1091130,1172216,1172216,4,True,True
389,GEN,DG026,model.22.m.0.1.ffn.0.conv,157,18.389917373657227,83,167,166,2263346,2263088,258,245002,9.768469233560198,1091130,1171958,1171958,4,True,True
390,GEN,DG026,model.22.m.0.1.ffn.0.conv,145,18.395370483398438,83,166,165,2263088,2262830,258,245260,9.778755945759523,1091130,1171700,1171700,4,True,True
391,GEN,DG026,model.22.m.0.1.ffn.0.conv,56,18.444398880004883,83,165,164,2262830,2262572,258,245518,9.789042657958845,1091130,1171442,1171442,4,True,True
392,GEN,DG004,model.10.m.0.ffn.0.conv,234,18.444461822509766,83,253,252,2262572,2262314,258,245776,9.799329370158167,1091130,1171184,1171184,4,True,True
393,GEN,DG026,model.22.m.0.1.ffn.0.conv,97,18.45156478881836,83,164,163,2262314,2262056,258,246034,9.809616082357492,1091130,1170926,1170926,4,True,True
394,GEN,DG026,model.22.m.0.1.ffn.0.conv,63,18.46445083618164,83,163,162,2262056,2261798,258,246292,9.819902794556814,1091130,1170668,1170668,4,True,True
395,GEN,DG026,model.22.m.0.1.ffn.0.conv,31,18.465883255004883,83,162,161,2261798,2261540,258,246550,9.830189506756136,1091130,1170410,1170410,4,True,True
396,GEN,DG039,model.8.m.0.cv2.conv,36,18.499774932861328,83,63,62,2261540,2261282,258,246808,9.84047621895546,1091130,1170152,1170152,4,True,True
397,GEN,DG004,model.10.m.0.ffn.0.conv,34,18.54666519165039,83,252,251,2261282,2261024,258,247066,9.850762931154783,1091130,1169894,1169894,4,True,True
398,GEN,DG026,model.22.m.0.1.ffn.0.conv,30,18.56781005859375,83,161,160,2261024,2260766,258,247324,9.861049643354105,1091130,1169636,1169636,4,True,True
399,GEN,DG026,model.22.m.0.1.ffn.0.conv,89,18.575654983520508,83,160,159,2260766,2260508,258,247582,9.87133635555343,1091130,1169378,1169378,4,True,True
400,GEN,DG026,model.22.m.0.1.ffn.0.conv,0,18.60873031616211,83,159,158,2260508,2260250,258,247840,9.881623067752752,1091130,1169120,1169120,4,True,True
401,GEN,DG026,model.22.m.0.1.ffn.0.conv,133,18.619121551513672,83,158,157,2260250,2259992,258,248098,9.891909779952075,1091130,1168862,1168862,4,True,True
402,GEN,DG026,model.22.m.0.1.ffn.0.conv,82,18.619918823242188,83,157,156,2259992,2259734,258,248356,9.902196492151399,1091130,1168604,1168604,4,True,True
403,GEN,DG004,model.10.m.0.ffn.0.conv,97,18.6204776763916,83,251,250,2259734,2259476,258,248614,9.912483204350721,1091130,1168346,1168346,4,True,True
404,GEN,DG026,model.22.m.0.1.ffn.0.conv,70,18.65624237060547,83,156,155,2259476,2259218,258,248872,9.922769916550044,1091130,1168088,1168088,4,True,True
405,GEN,DG026,model.22.m.0.1.ffn.0.conv,73,18.659574508666992,83,155,154,2259218,2258960,258,249130,9.933056628749368,1091130,1167830,1167830,4,True,True
406,GEN,DG026,model.22.m.0.1.ffn.0.conv,70,18.693387985229492,84,154,153,2258960,2258702,258,249388,9.94334334094869,1091130,1167572,1167572,4,True,True
407,GEN,DG026,model.22.m.0.1.ffn.0.conv,50,18.698448181152344,84,153,152,2258702,2258444,258,249646,9.953630053148013,1091130,1167314,1167314,4,True,True
408,GEN,DG026,model.22.m.0.1.ffn.0.conv,73,18.715656280517578,85,152,151,2258444,2258186,258,249904,9.963916765347337,1091130,1167056,1167056,4,True,True
409,GEN,DG026,model.22.m.0.1.ffn.0.conv,47,18.722394943237305,85,151,150,2258186,2257928,258,250162,9.97420347754666,1091130,1166798,1166798,4,True,True
410,GEN,DG004,model.10.m.0.ffn.0.conv,148,18.725879669189453,85,250,249,2257928,2257670,258,250420,9.984490189745982,1091130,1166540,1166540,4,True,True
411,GEN,DG004,model.10.m.0.ffn.0.conv,0,18.732683181762695,85,249,248,2257670,2257412,258,250678,9.994776901945306,1091130,1166282,1166282,4,True,True
412,GEN,DG026,model.22.m.0.1.ffn.0.conv,61,18.73935317993164,85,150,149,2257412,2257154,258,250936,10.005063614144628,1091130,1166024,1166024,4,True,True
413,GEN,DG008,model.13.m.0.m.0.cv1.conv,13,18.743907928466797,85,31,30,2257154,2256864,290,251226,10.016626197624488,1091130,1165734,1165734,4,True,True
414,GEN,DG026,model.22.m.0.1.ffn.0.conv,102,18.748382568359375,85,149,148,2256864,2256606,258,251484,10.02691290982381,1091130,1165476,1165476,4,True,True
415,GEN,DG026,model.22.m.0.1.ffn.0.conv,57,18.756866455078125,85,148,147,2256606,2256348,258,251742,10.037199622023133,1091130,1165218,1165218,4,True,True
416,GEN,DG038,model.8.m.0.cv1.conv,17,18.76301383972168,85,54,53,2256348,2253782,2566,254308,10.13950855033113,1091130,1162652,1162652,4,True,True
417,GEN,DG026,model.22.m.0.1.ffn.0.conv,96,18.76656723022461,85,147,146,2253782,2253524,258,254566,10.149795262530452,1091130,1162394,1162394,4,True,True
418,GEN,DG004,model.10.m.0.ffn.0.conv,204,18.770618438720703,85,248,247,2253524,2253266,258,254824,10.160081974729774,1091130,1162136,1162136,4,True,True
419,GEN,DG026,model.22.m.0.1.ffn.0.conv,110,18.792924880981445,85,146,145,2253266,2253008,258,255082,10.170368686929097,1091130,1161878,1161878,4,True,True
420,GEN,DG026,model.22.m.0.1.ffn.0.conv,67,18.793075561523438,85,145,144,2253008,2252750,258,255340,10.18065539912842,1091130,1161620,1161620,4,True,True
421,GEN,DG004,model.10.m.0.ffn.0.conv,196,18.795799255371094,85,247,246,2252750,2252492,258,255598,10.190942111327743,1091130,1161362,1161362,4,True,True
422,GEN,DG026,model.22.m.0.1.ffn.0.conv,27,18.805030822753906,85,144,143,2252492,2252234,258,255856,10.201228823527066,1091130,1161104,1161104,4,True,True
423,GEN,DG004,model.10.m.0.ffn.0.conv,88,18.828107833862305,85,246,245,2252234,2251976,258,256114,10.21151553572639,1091130,1160846,1160846,4,True,True
424,GEN,DG026,model.22.m.0.1.ffn.0.conv,119,18.845623016357422,85,143,142,2251976,2251718,258,256372,10.221802247925712,1091130,1160588,1160588,4,True,True
425,GEN,DG034,model.6.m.0.m.0.cv1.conv,18,18.862316131591797,85,29,28,2251718,2251428,290,256662,10.233364831405572,1091130,1160298,1160298,4,True,True
426,GEN,DG035,model.6.m.0.m.1.cv1.conv,23,18.862472534179688,85,28,27,2251428,2251138,290,256952,10.244927414885431,1091130,1160008,1160008,4,True,True
427,GEN,DG004,model.10.m.0.ffn.0.conv,76,18.86422348022461,85,245,244,2251138,2250880,258,257210,10.255214127084754,1091130,1159750,1159750,4,True,True
428,GEN,DG026,model.22.m.0.1.ffn.0.conv,139,18.865198135375977,85,142,141,2250880,2250622,258,257468,10.265500839284076,1091130,1159492,1159492,4,True,True
429,GEN,DG026,model.22.m.0.1.ffn.0.conv,92,18.86771011352539,85,141,140,2250622,2250364,258,257726,10.2757875514834,1091130,1159234,1159234,4,True,True
430,GEN,DG026,model.22.m.0.1.ffn.0.conv,96,18.876142501831055,85,140,139,2250364,2250106,258,257984,10.286074263682723,1091130,1158976,1158976,4,True,True
431,GEN,DG035,model.6.m.0.m.1.cv1.conv,18,18.887798309326172,85,27,26,2250106,2249816,290,258274,10.297636847162583,1091130,1158686,1158686,4,True,True
432,GEN,DG026,model.22.m.0.1.ffn.0.conv,58,18.904010772705078,85,139,138,2249816,2249558,258,258532,10.307923559361905,1091130,1158428,1158428,4,True,True
433,GEN,DG026,model.22.m.0.1.ffn.0.conv,102,18.905319213867188,85,138,137,2249558,2249300,258,258790,10.318210271561227,1091130,1158170,1158170,4,True,True
434,GEN,DG026,model.22.m.0.1.ffn.0.conv,119,18.91752052307129,85,137,136,2249300,2249042,258,259048,10.328496983760552,1091130,1157912,1157912,4,True,True
435,GEN,DG034,model.6.m.0.m.0.cv1.conv,13,18.920013427734375,85,28,27,2249042,2248752,290,259338,10.34005956724041,1091130,1157622,1157622,4,True,True
436,GEN,DG026,model.22.m.0.1.ffn.0.conv,87,18.94281768798828,85,136,135,2248752,2248494,258,259596,10.350346279439734,1091130,1157364,1157364,4,True,True
437,GEN,DG038,model.8.m.0.cv1.conv,33,18.946557998657227,85,53,52,2248494,2245928,2566,262162,10.452655207747728,1091130,1154798,1154798,4,True,True
438,GEN,DG026,model.22.m.0.1.ffn.0.conv,87,18.94814109802246,85,135,134,2245928,2245670,258,262420,10.46294191994705,1091130,1154540,1154540,4,True,True
439,GEN,DG026,model.22.m.0.1.ffn.0.conv,10,18.950044631958008,85,134,133,2245670,2245412,258,262678,10.473228632146375,1091130,1154282,1154282,4,True,True
440,GEN,DG004,model.10.m.0.ffn.0.conv,220,18.950218200683594,85,244,243,2245412,2245154,258,262936,10.483515344345697,1091130,1154024,1154024,4,True,True
441,GEN,DG026,model.22.m.0.1.ffn.0.conv,102,18.951324462890625,85,133,132,2245154,2244896,258,263194,10.49380205654502,1091130,1153766,1153766,4,True,True
442,GEN,DG004,model.10.m.0.ffn.0.conv,131,18.954683303833008,85,243,242,2244896,2244638,258,263452,10.504088768744344,1091130,1153508,1153508,4,True,True
443,GEN,DG026,model.22.m.0.1.ffn.0.conv,27,18.958118438720703,85,132,131,2244638,2244380,258,263710,10.514375480943666,1091130,1153250,1153250,4,True,True
444,GEN,DG019,model.19.m.0.m.0.cv1.conv,14,18.960453033447266,85,23,22,2244380,2244090,290,264000,10.525938064423526,1091130,1152960,1152960,4,True,True
445,GEN,DG019,model.19.m.0.m.0.cv1.conv,5,18.964996337890625,85,22,21,2244090,2243800,290,264290,10.537500647903384,1091130,1152670,1152670,4,True,True
446,GEN,DG035,model.6.m.0.m.1.cv1.conv,9,18.965660095214844,85,26,25,2243800,2243510,290,264580,10.549063231383244,1091130,1152380,1152380,4,True,True
447,GEN,DG004,model.10.m.0.ffn.0.conv,20,18.970447540283203,85,242,241,2243510,2243252,258,264838,10.559349943582566,1091130,1152122,1152122,4,True,True
448,GEN,DG026,model.22.m.0.1.ffn.0.conv,67,18.996362686157227,85,131,130,2243252,2242994,258,265096,10.56963665578189,1091130,1151864,1151864,4,True,True
449,GEN,DG009,model.13.m.0.m.1.cv1.conv,31,19.004619598388672,85,32,31,2242994,2242704,290,265386,10.58119923926175,1091130,1151574,1151574,4,True,True
450,GEN,DG004,model.10.m.0.ffn.0.conv,53,19.007740020751953,85,241,240,2242704,2242446,258,265644,10.591485951461072,1091130,1151316,1151316,4,True,True
451,GEN,DG026,model.22.m.0.1.ffn.0.conv,74,19.008285522460938,85,130,129,2242446,2242188,258,265902,10.601772663660395,1091130,1151058,1151058,4,True,True
452,GEN,DG026,model.22.m.0.1.ffn.0.conv,89,19.008319854736328,85,129,128,2242188,2241930,258,266160,10.612059375859719,1091130,1150800,1150800,4,True,True
453,GEN,DG038,model.8.m.0.cv1.conv,37,19.009050369262695,85,52,51,2241930,2239364,2566,268726,10.714368304167714,1091130,1148234,1148234,4,True,True
454,GEN,DG004,model.10.m.0.ffn.0.conv,27,19.043333053588867,85,240,239,2239364,2239106,258,268984,10.724655016367036,1091130,1147976,1147976,4,True,True
455,GEN,DG039,model.8.m.0.cv2.conv,25,19.05757713317871,85,62,61,2239106,2238848,258,269242,10.734941728566358,1091130,1147718,1147718,4,True,True
456,GEN,DG004,model.10.m.0.ffn.0.conv,172,19.078060150146484,86,239,238,2238848,2238590,258,269500,10.745228440765683,1091130,1147460,1147460,4,True,True
457,GEN,DG039,model.8.m.0.cv2.conv,46,19.084442138671875,86,61,60,2238590,2238332,258,269758,10.755515152965005,1091130,1147202,1147202,4,True,True
458,GEN,DG004,model.10.m.0.ffn.0.conv,66,19.145109176635742,86,238,237,2238332,2238074,258,270016,10.765801865164327,1091130,1146944,1146944,4,True,True
459,GEN,DG009,model.13.m.0.m.1.cv1.conv,3,19.151742935180664,86,31,30,2238074,2237784,290,270306,10.777364448644187,1091130,1146654,1146654,4,True,True
460,GEN,DG004,model.10.m.0.ffn.0.conv,153,19.161754608154297,86,237,236,2237784,2237526,258,270564,10.787651160843511,1091130,1146396,1146396,4,True,True
461,GEN,DG039,model.8.m.0.cv2.conv,39,19.17682647705078,86,60,59,2237526,2237268,258,270822,10.797937873042834,1091130,1146138,1146138,4,True,True
462,GEN,DG004,model.10.m.0.ffn.0.conv,148,19.19379425048828,86,236,235,2237268,2237010,258,271080,10.808224585242156,1091130,1145880,1145880,4,True,True
463,GEN,DG038,model.8.m.0.cv1.conv,47,19.246286392211914,87,51,50,2237010,2234444,2566,273646,10.91053351355015,1091130,1143314,1143314,4,True,True
464,GEN,DG004,model.10.m.0.ffn.0.conv,177,19.249900817871094,87,235,234,2234444,2234186,258,273904,10.920820225749475,1091130,1143056,1143056,4,True,True
465,GEN,DG004,model.10.m.0.ffn.0.conv,215,19.250202178955078,87,234,233,2234186,2233928,258,274162,10.931106937948798,1091130,1142798,1142798,4,True,True
466,GEN,DG004,model.10.m.0.ffn.0.conv,132,19.25116539001465,87,233,232,2233928,2233670,258,274420,10.94139365014812,1091130,1142540,1142540,4,True,True
467,GEN,DG004,model.10.m.0.ffn.0.conv,224,19.253639221191406,87,232,231,2233670,2233412,258,274678,10.951680362347444,1091130,1142282,1142282,4,True,True
468,GEN,DG039,model.8.m.0.cv2.conv,41,19.254119873046875,87,59,58,2233412,2233154,258,274936,10.961967074546767,1091130,1142024,1142024,4,True,True
469,GEN,DG008,model.13.m.0.m.0.cv1.conv,16,19.28548240661621,88,30,29,2233154,2232864,290,275226,10.973529658026626,1091130,1141734,1141734,4,True,True
470,GEN,DG004,model.10.m.0.ffn.0.conv,106,19.293441772460938,88,231,230,2232864,2232606,258,275484,10.983816370225949,1091130,1141476,1141476,4,True,True
471,GEN,DG039,model.8.m.0.cv2.conv,45,19.331541061401367,88,58,57,2232606,2232348,258,275742,10.994103082425271,1091130,1141218,1141218,4,True,True
472,GEN,DG004,model.10.m.0.ffn.0.conv,194,19.33518409729004,88,230,229,2232348,2232090,258,276000,11.004389794624595,1091130,1140960,1140960,4,True,True
473,GEN,DG004,model.10.m.0.ffn.0.conv,7,19.33617401123047,88,229,228,2232090,2231832,258,276258,11.014676506823918,1091130,1140702,1140702,4,True,True
474,GEN,DG004,model.10.m.0.ffn.0.conv,147,19.360809326171875,89,228,227,2231832,2231574,258,276516,11.02496321902324,1091130,1140444,1140444,4,True,True
475,GEN,DG004,model.10.m.0.ffn.0.conv,85,19.378366470336914,89,227,226,2231574,2231316,258,276774,11.035249931222564,1091130,1140186,1140186,4,True,True
476,GEN,DG004,model.10.m.0.ffn.0.conv,112,19.393341064453125,89,226,225,2231316,2231058,258,277032,11.045536643421887,1091130,1139928,1139928,4,True,True
477,GEN,DG004,model.10.m.0.ffn.0.conv,107,19.40326690673828,89,225,224,2231058,2230800,258,277290,11.055823355621209,1091130,1139670,1139670,4,True,True
478,GEN,DG039,model.8.m.0.cv2.conv,37,19.40625762939453,89,57,56,2230800,2230542,258,277548,11.066110067820533,1091130,1139412,1139412,4,True,True
479,GEN,DG004,model.10.m.0.ffn.0.conv,3,19.40841293334961,89,224,223,2230542,2230284,258,277806,11.076396780019856,1091130,1139154,1139154,4,True,True
480,GEN,DG004,model.10.m.0.ffn.0.conv,49,19.411251068115234,89,223,222,2230284,2230026,258,278064,11.086683492219178,1091130,1138896,1138896,4,True,True
481,GEN,DG004,model.10.m.0.ffn.0.conv,14,19.417495727539062,89,222,221,2230026,2229768,258,278322,11.096970204418502,1091130,1138638,1138638,4,True,True
482,GEN,DG039,model.8.m.0.cv2.conv,17,19.417926788330078,89,56,55,2229768,2229510,258,278580,11.107256916617825,1091130,1138380,1138380,4,True,True
483,GEN,DG004,model.10.m.0.ffn.0.conv,122,19.418140411376953,89,221,220,2229510,2229252,258,278838,11.117543628817147,1091130,1138122,1138122,4,True,True
484,GEN,DG038,model.8.m.0.cv1.conv,20,19.426639556884766,89,50,49,2229252,2226686,2566,281404,11.219852557125144,1091130,1135556,1135556,4,True,True
485,GEN,DG004,model.10.m.0.ffn.0.conv,184,19.428266525268555,89,220,219,2226686,2226428,258,281662,11.230139269324466,1091130,1135298,1135298,4,True,True
486,GEN,DG004,model.10.m.0.ffn.0.conv,156,19.43077850341797,89,219,218,2226428,2226170,258,281920,11.240425981523789,1091130,1135040,1135040,4,True,True
487,GEN,DG004,model.10.m.0.ffn.0.conv,100,19.43248748779297,89,218,217,2226170,2225912,258,282178,11.250712693723113,1091130,1134782,1134782,4,True,True
488,GEN,DG039,model.8.m.0.cv2.conv,46,19.435251235961914,89,55,54,2225912,2225654,258,282436,11.260999405922435,1091130,1134524,1134524,4,True,True
489,GEN,DG039,model.8.m.0.cv2.conv,42,19.440637588500977,89,54,53,2225654,2225396,258,282694,11.271286118121758,1091130,1134266,1134266,4,True,True
490,GEN,DG004,model.10.m.0.ffn.0.conv,214,19.4455623626709,89,217,216,2225396,2225138,258,282952,11.281572830321082,1091130,1134008,1134008,4,True,True
491,GEN,DG039,model.8.m.0.cv2.conv,51,19.446651458740234,89,53,52,2225138,2224880,258,283210,11.291859542520404,1091130,1133750,1133750,4,True,True
492,GEN,DG038,model.8.m.0.cv1.conv,38,19.448894500732422,89,49,48,2224880,2222314,2566,285776,11.394168470828399,1091130,1131184,1131184,4,True,True
493,GEN,DG039,model.8.m.0.cv2.conv,46,19.44901466369629,89,52,51,2222314,2222056,258,286034,11.404455183027721,1091130,1130926,1130926,4,True,True
494,GEN,DG034,model.6.m.0.m.0.cv1.conv,4,19.452835083007812,89,27,26,2222056,2221766,290,286324,11.416017766507581,1091130,1130636,1130636,4,True,True
495,GEN,DG009,model.13.m.0.m.1.cv1.conv,3,19.45291519165039,89,30,29,2221766,2221476,290,286614,11.42758034998744,1091130,1130346,1130346,4,True,True
496,GEN,DG004,model.10.m.0.ffn.0.conv,185,19.454483032226562,89,216,215,2221476,2221218,258,286872,11.437867062186763,1091130,1130088,1130088,4,True,True
497,GEN,DG004,model.10.m.0.ffn.0.conv,139,19.454626083374023,89,215,214,2221218,2220960,258,287130,11.448153774386087,1091130,1129830,1129830,4,True,True
498,GEN,DG038,model.8.m.0.cv1.conv,16,19.458364486694336,89,48,47,2220960,2218394,2566,289696,11.550462702694082,1091130,1127264,1127264,4,True,True
499,GEN,DG004,model.10.m.0.ffn.0.conv,169,19.459428787231445,89,214,213,2218394,2218136,258,289954,11.560749414893404,1091130,1127006,1127006,4,True,True
500,GEN,DG004,model.10.m.0.ffn.0.conv,0,19.46091651916504,89,213,212,2218136,2217878,258,290212,11.571036127092729,1091130,1126748,1126748,4,True,True
501,GEN,DG004,model.10.m.0.ffn.0.conv,134,19.485309600830078,89,212,211,2217878,2217620,258,290470,11.581322839292051,1091130,1126490,1126490,4,True,True
502,GEN,DG004,model.10.m.0.ffn.0.conv,15,19.490909576416016,89,211,210,2217620,2217362,258,290728,11.591609551491374,1091130,1126232,1126232,4,True,True
503,GEN,DG004,model.10.m.0.ffn.0.conv,157,19.501020431518555,89,210,209,2217362,2217104,258,290986,11.601896263690698,1091130,1125974,1125974,4,True,True
504,GEN,DG039,model.8.m.0.cv2.conv,32,19.50371551513672,89,51,50,2217104,2216846,258,291244,11.61218297589002,1091130,1125716,1125716,4,True,True
505,GEN,DG004,model.10.m.0.ffn.0.conv,4,19.50469970703125,89,209,208,2216846,2216588,258,291502,11.622469688089343,1091130,1125458,1125458,4,True,True
506,GEN,DG004,model.10.m.0.ffn.0.conv,40,19.510465621948242,89,208,207,2216588,2216330,258,291760,11.632756400288667,1091130,1125200,1125200,4,True,True
507,GEN,DG019,model.19.m.0.m.0.cv1.conv,4,19.520795822143555,89,21,20,2216330,2216040,290,292050,11.644318983768525,1091130,1124910,1124910,4,True,True
508,GEN,DG008,model.13.m.0.m.0.cv1.conv,12,19.53145980834961,89,29,28,2216040,2215750,290,292340,11.655881567248384,1091130,1124620,1124620,4,True,True
509,GEN,DG038,model.8.m.0.cv1.conv,24,19.536720275878906,89,47,46,2215750,2213184,2566,294906,11.758190495556379,1091130,1122054,1122054,4,True,True
510,GEN,DG038,model.8.m.0.cv1.conv,16,19.53765869140625,89,46,45,2213184,2210618,2566,297472,11.860499423864376,1091130,1119488,1119488,4,True,True
511,GEN,DG039,model.8.m.0.cv2.conv,0,19.54147720336914,89,50,49,2210618,2210360,258,297730,11.870786136063698,1091130,1119230,1119230,4,True,True
512,GEN,DG004,model.10.m.0.ffn.0.conv,104,19.54521942138672,89,207,206,2210360,2210102,258,297988,11.88107284826302,1091130,1118972,1118972,4,True,True
513,GEN,DG004,model.10.m.0.ffn.0.conv,203,19.548553466796875,89,206,205,2210102,2209844,258,298246,11.891359560462345,1091130,1118714,1118714,4,True,True
514,GEN,DG004,model.10.m.0.ffn.0.conv,127,19.55130386352539,89,205,204,2209844,2209586,258,298504,11.901646272661667,1091130,1118456,1118456,4,True,True
515,GEN,DG004,model.10.m.0.ffn.0.conv,173,19.554079055786133,89,204,203,2209586,2209328,258,298762,11.91193298486099,1091130,1118198,1118198,4,True,True
516,GEN,DG009,model.13.m.0.m.1.cv1.conv,18,19.556392669677734,89,29,28,2209328,2209038,290,299052,11.923495568340849,1091130,1117908,1117908,4,True,True
517,GEN,DG004,model.10.m.0.ffn.0.conv,53,19.560726165771484,89,203,202,2209038,2208780,258,299310,11.933782280540171,1091130,1117650,1117650,4,True,True
518,GEN,DG004,model.10.m.0.ffn.0.conv,183,19.572853088378906,89,202,201,2208780,2208522,258,299568,11.944068992739496,1091130,1117392,1117392,4,True,True
519,GEN,DG039,model.8.m.0.cv2.conv,29,19.576778411865234,89,49,48,2208522,2208264,258,299826,11.954355704938818,1091130,1117134,1117134,4,True,True
520,GEN,DG038,model.8.m.0.cv1.conv,25,19.577720642089844,89,45,44,2208264,2205698,2566,302392,12.056664633246813,1091130,1114568,1114568,4,True,True
521,GEN,DG004,model.10.m.0.ffn.0.conv,189,19.58601188659668,90,201,200,2205698,2205440,258,302650,12.066951345446137,1091130,1114310,1114310,4,True,True
522,GEN,DG039,model.8.m.0.cv2.conv,18,19.60028839111328,90,48,47,2205440,2205182,258,302908,12.07723805764546,1091130,1114052,1114052,4,True,True
523,GEN,DG004,model.10.m.0.ffn.0.conv,181,19.602313995361328,90,200,199,2205182,2204924,258,303166,12.087524769844782,1091130,1113794,1113794,4,True,True
524,GEN,DG004,model.10.m.0.ffn.0.conv,104,19.608905792236328,90,199,198,2204924,2204666,258,303424,12.097811482044106,1091130,1113536,1113536,4,True,True
525,GEN,DG004,model.10.m.0.ffn.0.conv,152,19.61273193359375,90,198,197,2204666,2204408,258,303682,12.108098194243428,1091130,1113278,1113278,4,True,True
526,GEN,DG039,model.8.m.0.cv2.conv,44,19.61275863647461,90,47,46,2204408,2204150,258,303940,12.118384906442751,1091130,1113020,1113020,4,True,True
527,GEN,DG004,model.10.m.0.ffn.0.conv,151,19.62363052368164,90,197,196,2204150,2203892,258,304198,12.128671618642075,1091130,1112762,1112762,4,True,True
528,GEN,DG004,model.10.m.0.ffn.0.conv,145,19.62523651123047,90,196,195,2203892,2203634,258,304456,12.138958330841398,1091130,1112504,1112504,4,True,True
529,GEN,DG004,model.10.m.0.ffn.0.conv,1,19.626121520996094,90,195,194,2203634,2203376,258,304714,12.14924504304072,1091130,1112246,1112246,4,True,True
530,GEN,DG039,model.8.m.0.cv2.conv,6,19.628799438476562,90,46,45,2203376,2203118,258,304972,12.159531755240042,1091130,1111988,1111988,4,True,True
531,GEN,DG008,model.13.m.0.m.0.cv1.conv,19,19.629257202148438,90,28,27,2203118,2202828,290,305262,12.171094338719902,1091130,1111698,1111698,4,True,True
532,GEN,DG004,model.10.m.0.ffn.0.conv,94,19.63567352294922,90,194,193,2202828,2202570,258,305520,12.181381050919226,1091130,1111440,1111440,4,True,True
533,GEN,DG039,model.8.m.0.cv2.conv,40,19.64134407043457,90,45,44,2202570,2202312,258,305778,12.191667763118549,1091130,1111182,1111182,4,True,True
534,GEN,DG039,model.8.m.0.cv2.conv,10,19.64869499206543,90,44,43,2202312,2202054,258,306036,12.201954475317871,1091130,1110924,1110924,4,True,True
535,GEN,DG004,model.10.m.0.ffn.0.conv,87,19.65301513671875,90,193,192,2202054,2201796,258,306294,12.212241187517195,1091130,1110666,1110666,4,True,True
536,GEN,DG004,model.10.m.0.ffn.0.conv,60,19.653635025024414,90,192,191,2201796,2201538,258,306552,12.222527899716518,1091130,1110408,1110408,4,True,True
537,GEN,DG039,model.8.m.0.cv2.conv,35,19.653703689575195,90,43,42,2201538,2201280,258,306810,12.23281461191584,1091130,1110150,1110150,4,True,True
538,GEN,DG004,model.10.m.0.ffn.0.conv,120,19.661396026611328,90,191,190,2201280,2201022,258,307068,12.243101324115162,1091130,1109892,1109892,4,True,True
539,GEN,DG004,model.10.m.0.ffn.0.conv,8,19.669612884521484,90,190,189,2201022,2200764,258,307326,12.253388036314487,1091130,1109634,1109634,4,True,True
540,GEN,DG008,model.13.m.0.m.0.cv1.conv,9,19.69900131225586,90,27,26,2200764,2200474,290,307616,12.264950619794346,1091130,1109344,1109344,4,True,True
541,GEN,DG004,model.10.m.0.ffn.0.conv,99,19.69900894165039,90,189,188,2200474,2200216,258,307874,12.275237331993669,1091130,1109086,1109086,4,True,True
542,GEN,DG004,model.10.m.0.ffn.0.conv,143,19.70621109008789,90,188,187,2200216,2199958,258,308132,12.285524044192991,1091130,1108828,1108828,4,True,True
543,GEN,DG004,model.10.m.0.ffn.0.conv,50,19.707971572875977,90,187,186,2199958,2199700,258,308390,12.295810756392315,1091130,1108570,1108570,4,True,True
544,GEN,DG004,model.10.m.0.ffn.0.conv,2,19.712505340576172,90,186,185,2199700,2199442,258,308648,12.306097468591638,1091130,1108312,1108312,4,True,True
545,GEN,DG004,model.10.m.0.ffn.0.conv,57,19.71763801574707,90,185,184,2199442,2199184,258,308906,12.31638418079096,1091130,1108054,1108054,4,True,True
546,GEN,DG004,model.10.m.0.ffn.0.conv,109,19.72179412841797,90,184,183,2199184,2198926,258,309164,12.326670892990283,1091130,1107796,1107796,4,True,True
547,GEN,DG004,model.10.m.0.ffn.0.conv,133,19.723928451538086,90,183,182,2198926,2198668,258,309422,12.336957605189607,1091130,1107538,1107538,4,True,True
548,GEN,DG004,model.10.m.0.ffn.0.conv,122,19.731239318847656,90,182,181,2198668,2198410,258,309680,12.34724431738893,1091130,1107280,1107280,4,True,True
549,GEN,DG004,model.10.m.0.ffn.0.conv,123,19.734725952148438,90,181,180,2198410,2198152,258,309938,12.357531029588252,1091130,1107022,1107022,4,True,True
550,GEN,DG004,model.10.m.0.ffn.0.conv,93,19.753154754638672,90,180,179,2198152,2197894,258,310196,12.367817741787576,1091130,1106764,1106764,4,True,True
551,GEN,DG004,model.10.m.0.ffn.0.conv,68,19.75780487060547,90,179,178,2197894,2197636,258,310454,12.378104453986898,1091130,1106506,1106506,4,True,True
552,GEN,DG004,model.10.m.0.ffn.0.conv,163,19.76544761657715,90,178,177,2197636,2197378,258,310712,12.38839116618622,1091130,1106248,1106248,4,True,True
553,GEN,DG004,model.10.m.0.ffn.0.conv,29,19.76676368713379,90,177,176,2197378,2197120,258,310970,12.398677878385545,1091130,1105990,1105990,4,True,True
554,GEN,DG004,model.10.m.0.ffn.0.conv,59,19.771427154541016,90,176,175,2197120,2196862,258,311228,12.408964590584867,1091130,1105732,1105732,4,True,True
555,GEN,DG039,model.8.m.0.cv2.conv,2,19.777612686157227,90,42,41,2196862,2196604,258,311486,12.41925130278419,1091130,1105474,1105474,4,True,True
556,GEN,DG004,model.10.m.0.ffn.0.conv,73,19.785541534423828,90,175,174,2196604,2196346,258,311744,12.429538014983514,1091130,1105216,1105216,4,True,True
557,GEN,DG004,model.10.m.0.ffn.0.conv,71,19.789600372314453,90,174,173,2196346,2196088,258,312002,12.439824727182836,1091130,1104958,1104958,4,True,True
558,GEN,DG038,model.8.m.0.cv1.conv,7,19.789737701416016,90,44,43,2196088,2193522,2566,314568,12.542133655490831,1091130,1102392,1102392,4,True,True
559,GEN,DG035,model.6.m.0.m.1.cv1.conv,0,19.791933059692383,90,25,24,2193522,2193232,290,314858,12.55369623897069,1091130,1102102,1102102,4,True,True
560,GEN,DG004,model.10.m.0.ffn.0.conv,99,19.792762756347656,90,173,172,2193232,2192974,258,315116,12.563982951170013,1091130,1101844,1101844,4,True,True
561,GEN,DG004,model.10.m.0.ffn.0.conv,163,19.795150756835938,90,172,171,2192974,2192716,258,315374,12.574269663369337,1091130,1101586,1101586,4,True,True
562,GEN,DG004,model.10.m.0.ffn.0.conv,110,19.796390533447266,90,171,170,2192716,2192458,258,315632,12.58455637556866,1091130,1101328,1101328,4,True,True
563,GEN,DG004,model.10.m.0.ffn.0.conv,146,19.797266006469727,90,170,169,2192458,2192200,258,315890,12.594843087767982,1091130,1101070,1101070,4,True,True
564,GEN,DG004,model.10.m.0.ffn.0.conv,141,19.799949645996094,90,169,168,2192200,2191942,258,316148,12.605129799967306,1091130,1100812,1100812,4,True,True
565,GEN,DG004,model.10.m.0.ffn.0.conv,142,19.80238914489746,90,168,167,2191942,2191684,258,316406,12.615416512166629,1091130,1100554,1100554,4,True,True
566,GEN,DG019,model.19.m.0.m.0.cv1.conv,2,19.802589416503906,90,20,19,2191684,2191394,290,316696,12.626979095646488,1091130,1100264,1100264,4,True,True
567,GEN,DG039,model.8.m.0.cv2.conv,1,19.807903289794922,90,41,40,2191394,2191136,258,316954,12.63726580784581,1091130,1100006,1100006,4,True,True
568,GEN,DG039,model.8.m.0.cv2.conv,34,19.809165954589844,90,40,39,2191136,2190878,258,317212,12.647552520045133,1091130,1099748,1099748,4,True,True
569,GEN,DG004,model.10.m.0.ffn.0.conv,141,19.812639236450195,90,167,166,2190878,2190620,258,317470,12.657839232244458,1091130,1099490,1099490,4,True,True
570,GEN,DG004,model.10.m.0.ffn.0.conv,24,19.817867279052734,90,166,165,2190620,2190362,258,317728,12.66812594444378,1091130,1099232,1099232,4,True,True
571,GEN,DG004,model.10.m.0.ffn.0.conv,106,19.81793785095215,90,165,164,2190362,2190104,258,317986,12.678412656643102,1091130,1098974,1098974,4,True,True
572,GEN,DG035,model.6.m.0.m.1.cv1.conv,18,19.822769165039062,90,24,23,2190104,2189814,290,318276,12.689975240122962,1091130,1098684,1098684,4,True,True
573,GEN,DG004,model.10.m.0.ffn.0.conv,53,19.829809188842773,90,164,163,2189814,2189556,258,318534,12.700261952322284,1091130,1098426,1098426,4,True,True
574,GEN,DG004,model.10.m.0.ffn.0.conv,133,19.832868576049805,90,163,162,2189556,2189298,258,318792,12.710548664521609,1091130,1098168,1098168,4,True,True
575,GEN,DG004,model.10.m.0.ffn.0.conv,101,19.847789764404297,90,162,161,2189298,2189040,258,319050,12.720835376720931,1091130,1097910,1097910,4,True,True
576,GEN,DG004,model.10.m.0.ffn.0.conv,123,19.849170684814453,90,161,160,2189040,2188782,258,319308,12.731122088920253,1091130,1097652,1097652,4,True,True
577,GEN,DG004,model.10.m.0.ffn.0.conv,120,19.880451202392578,90,160,159,2188782,2188524,258,319566,12.741408801119578,1091130,1097394,1097394,4,True,True
578,GEN,DG004,model.10.m.0.ffn.0.conv,95,19.886911392211914,90,159,158,2188524,2188266,258,319824,12.7516955133189,1091130,1097136,1097136,4,True,True
579,GEN,DG039,model.8.m.0.cv2.conv,13,19.889942169189453,90,39,38,2188266,2188008,258,320082,12.761982225518222,1091130,1096878,1096878,4,True,True
580,GEN,DG004,model.10.m.0.ffn.0.conv,48,19.898967742919922,90,158,157,2188008,2187750,258,320340,12.772268937717547,1091130,1096620,1096620,4,True,True
581,GEN,DG004,model.10.m.0.ffn.0.conv,31,19.906204223632812,90,157,156,2187750,2187492,258,320598,12.782555649916869,1091130,1096362,1096362,4,True,True
582,GEN,DG004,model.10.m.0.ffn.0.conv,30,19.906696319580078,90,156,155,2187492,2187234,258,320856,12.792842362116192,1091130,1096104,1096104,4,True,True
583,GEN,DG009,model.13.m.0.m.1.cv1.conv,18,19.9089412689209,90,28,27,2187234,2186944,290,321146,12.804404945596051,1091130,1095814,1095814,4,True,True
584,GEN,DG039,model.8.m.0.cv2.conv,25,19.912986755371094,90,38,37,2186944,2186686,258,321404,12.814691657795374,1091130,1095556,1095556,4,True,True
585,GEN,DG004,model.10.m.0.ffn.0.conv,94,19.928478240966797,90,155,154,2186686,2186428,258,321662,12.824978369994698,1091130,1095298,1095298,4,True,True
586,GEN,DG004,model.10.m.0.ffn.0.conv,147,19.931673049926758,90,154,153,2186428,2186170,258,321920,12.83526508219402,1091130,1095040,1095040,4,True,True
587,GEN,DG035,model.6.m.0.m.1.cv1.conv,7,19.939353942871094,90,23,22,2186170,2185880,290,322210,12.84682766567388,1091130,1094750,1094750,4,True,True
588,GEN,DG034,model.6.m.0.m.0.cv1.conv,17,19.947837829589844,90,26,25,2185880,2185590,290,322500,12.858390249153738,1091130,1094460,1094460,4,True,True
589,GEN,DG004,model.10.m.0.ffn.0.conv,87,19.950841903686523,90,153,152,2185590,2185332,258,322758,12.868676961353062,1091130,1094202,1094202,4,True,True
590,GEN,DG004,model.10.m.0.ffn.0.conv,114,19.953508377075195,90,152,151,2185332,2185074,258,323016,12.878963673552384,1091130,1093944,1093944,4,True,True
591,GEN,DG004,model.10.m.0.ffn.0.conv,62,19.954805374145508,90,151,150,2185074,2184816,258,323274,12.889250385751707,1091130,1093686,1093686,4,True,True
592,GEN,DG004,model.10.m.0.ffn.0.conv,33,19.957998275756836,90,150,149,2184816,2184558,258,323532,12.89953709795103,1091130,1093428,1093428,4,True,True
593,GEN,DG004,model.10.m.0.ffn.0.conv,34,19.965362548828125,90,149,148,2184558,2184300,258,323790,12.909823810150353,1091130,1093170,1093170,4,True,True
594,GEN,DG004,model.10.m.0.ffn.0.conv,33,19.96700668334961,90,148,147,2184300,2184042,258,324048,12.920110522349676,1091130,1092912,1092912,4,True,True
595,GEN,DG004,model.10.m.0.ffn.0.conv,109,19.967269897460938,90,147,146,2184042,2183784,258,324306,12.930397234549,1091130,1092654,1092654,4,True,True
596,GEN,DG004,model.10.m.0.ffn.0.conv,132,19.968793869018555,90,146,145,2183784,2183526,258,324564,12.940683946748322,1091130,1092396,1092396,4,True,True
597,GEN,DG008,model.13.m.0.m.0.cv1.conv,13,19.974945068359375,90,26,25,2183526,2183236,290,324854,12.952246530228182,1091130,1092106,1092106,4,True,True
598,GEN,DG004,model.10.m.0.ffn.0.conv,75,19.989971160888672,90,145,144,2183236,2182978,258,325112,12.962533242427504,1091130,1091848,1091848,4,True,True
599,GEN,DG008,model.13.m.0.m.0.cv1.conv,6,20.00092315673828,90,25,24,2182978,2182688,290,325402,12.974095825907364,1091130,1091558,1091558,4,True,True
600,GEN,DG039,model.8.m.0.cv2.conv,23,20.001258850097656,90,37,36,2182688,2182430,258,325660,12.984382538106686,1091130,1091300,1091300,4,True,True
601,GEN,DG004,model.10.m.0.ffn.0.conv,14,20.00635528564453,90,144,143,2182430,2182172,258,325918,12.99466925030601,1091130,1091042,1091042,4,True,True
602,GEN,DG004,model.10.m.0.ffn.0.conv,77,20.007320404052734,90,143,142,2182172,2181914,258,326176,13.004955962505333,1091130,1090784,1090784,4,True,True
603,GEN,DG004,model.10.m.0.ffn.0.conv,17,20.01068878173828,90,142,141,2181914,2181656,258,326434,13.015242674704655,1091130,1090526,1090526,4,True,True
604,GEN,DG004,model.10.m.0.ffn.0.conv,22,20.01171875,90,141,140,2181656,2181398,258,326692,13.025529386903978,1091130,1090268,1090268,4,True,True
605,GEN,DG004,model.10.m.0.ffn.0.conv,78,20.018259048461914,90,140,139,2181398,2181140,258,326950,13.035816099103302,1091130,1090010,1090010,4,True,True
606,GEN,DG004,model.10.m.0.ffn.0.conv,119,20.01834487915039,90,139,138,2181140,2180882,258,327208,13.046102811302625,1091130,1089752,1089752,4,True,True
607,GEN,DG004,model.10.m.0.ffn.0.conv,129,20.02340316772461,90,138,137,2180882,2180624,258,327466,13.056389523501947,1091130,1089494,1089494,4,True,True
608,GEN,DG004,model.10.m.0.ffn.0.conv,101,20.026119232177734,90,137,136,2180624,2180366,258,327724,13.066676235701271,1091130,1089236,1089236,4,True,True
609,GEN,DG004,model.10.m.0.ffn.0.conv,68,20.033035278320312,90,136,135,2180366,2180108,258,327982,13.076962947900594,1091130,1088978,1088978,4,True,True
610,GEN,DG004,model.10.m.0.ffn.0.conv,14,20.037307739257812,90,135,134,2180108,2179850,258,328240,13.087249660099916,1091130,1088720,1088720,4,True,True
611,GEN,DG004,model.10.m.0.ffn.0.conv,101,20.038904190063477,90,134,133,2179850,2179592,258,328498,13.09753637229924,1091130,1088462,1088462,4,True,True
612,GEN,DG019,model.19.m.0.m.0.cv1.conv,14,20.040813446044922,90,19,18,2179592,2179302,290,328788,13.109098955779098,1091130,1088172,1088172,4,True,True
613,GEN,DG009,model.13.m.0.m.1.cv1.conv,11,20.040828704833984,90,27,26,2179302,2179012,290,329078,13.120661539258958,1091130,1087882,1087882,4,True,True
614,GEN,DG004,model.10.m.0.ffn.0.conv,76,20.04783058166504,90,133,132,2179012,2178754,258,329336,13.130948251458282,1091130,1087624,1087624,4,True,True
615,GEN,DG004,model.10.m.0.ffn.0.conv,30,20.0545654296875,90,132,131,2178754,2178496,258,329594,13.141234963657604,1091130,1087366,1087366,4,True,True
616,GEN,DG039,model.8.m.0.cv2.conv,14,20.056407928466797,90,36,35,2178496,2178238,258,329852,13.151521675856927,1091130,1087108,1087108,4,True,True
617,GEN,DG004,model.10.m.0.ffn.0.conv,129,20.059497833251953,90,131,130,2178238,2177980,258,330110,13.16180838805625,1091130,1086850,1086850,4,True,True
618,GEN,DG004,model.10.m.0.ffn.0.conv,111,20.060131072998047,90,130,129,2177980,2177722,258,330368,13.172095100255573,1091130,1086592,1086592,4,True,True
619,GEN,DG004,model.10.m.0.ffn.0.conv,14,20.062789916992188,90,129,128,2177722,2177464,258,330626,13.182381812454896,1091130,1086334,1086334,4,True,True
620,GEN,DG009,model.13.m.0.m.1.cv1.conv,18,20.072834014892578,90,26,25,2177464,2177174,290,330916,13.193944395934755,1091130,1086044,1086044,4,True,True
621,GEN,DG034,model.6.m.0.m.0.cv1.conv,23,20.073780059814453,90,25,24,2177174,2176884,290,331206,13.205506979414615,1091130,1085754,1085754,4,True,True
622,GEN,DG039,model.8.m.0.cv2.conv,12,20.078479766845703,90,35,34,2176884,2176626,258,331464,13.215793691613937,1091130,1085496,1085496,4,True,True
623,GEN,DG039,model.8.m.0.cv2.conv,30,20.08283042907715,90,34,33,2176626,2176368,258,331722,13.22608040381326,1091130,1085238,1085238,4,True,True
624,GEN,DG039,model.8.m.0.cv2.conv,12,20.1102294921875,90,33,32,2176368,2176110,258,331980,13.236367116012584,1091130,1084980,1084980,4,True,True
625,GEN,DG019,model.19.m.0.m.0.cv1.conv,14,20.154279708862305,90,18,17,2176110,2175820,290,332270,13.247929699492442,1091130,1084690,1084690,4,True,True
626,GEN,DG038,model.8.m.0.cv1.conv,22,20.162134170532227,90,43,42,2175820,2173254,2566,334836,13.350238627800438,1091130,1082124,1082124,4,True,True
627,GEN,DG038,model.8.m.0.cv1.conv,10,20.17959213256836,90,42,41,2173254,2170688,2566,337402,13.452547556108433,1091130,1079558,1079558,4,True,True
628,GEN,DG031,model.6.cv2.conv,122,20.186866760253906,90,128,127,2170688,2168062,2626,340028,13.557248743067435,1091130,1076932,1076932,4,True,True
629,GEN,DG038,model.8.m.0.cv1.conv,24,20.188644409179688,90,41,40,2168062,2165496,2566,342594,13.65955767137543,1091130,1074366,1074366,4,True,True
630,GEN,DG038,model.8.m.0.cv1.conv,23,20.190988540649414,90,40,39,2165496,2162930,2566,345160,13.761866599683424,1091130,1071800,1071800,4,True,True
631,GEN,DG019,model.19.m.0.m.0.cv1.conv,1,20.217185974121094,90,17,16,2162930,2162640,290,345450,13.773429183163284,1091130,1071510,1071510,4,True,True
632,GEN,DG038,model.8.m.0.cv1.conv,22,20.240537643432617,90,39,38,2162640,2160074,2566,348016,13.875738111471279,1091130,1068944,1068944,4,True,True
633,GEN,DG038,model.8.m.0.cv1.conv,22,20.241411209106445,90,38,37,2160074,2157508,2566,350582,13.978047039779275,1091130,1066378,1066378,4,True,True
634,GEN,DG035,model.6.m.0.m.1.cv1.conv,19,20.246234893798828,90,22,21,2157508,2157218,290,350872,13.989609623259133,1091130,1066088,1066088,4,True,True
635,GEN,DG009,model.13.m.0.m.1.cv1.conv,14,20.264606475830078,90,25,24,2157218,2156928,290,351162,14.001172206738993,1091130,1065798,1065798,4,True,True
636,GEN,DG009,model.13.m.0.m.1.cv1.conv,8,20.29726791381836,90,24,23,2156928,2156638,290,351452,14.012734790218852,1091130,1065508,1065508,4,True,True
637,GEN,DG009,model.13.m.0.m.1.cv1.conv,8,20.331205368041992,90,23,22,2156638,2156348,290,351742,14.024297373698712,1091130,1065218,1065218,4,True,True
638,GEN,DG008,model.13.m.0.m.0.cv1.conv,11,20.34156036376953,90,24,23,2156348,2156058,290,352032,14.03585995717857,1091130,1064928,1064928,4,True,True
639,GEN,DG031,model.6.cv2.conv,58,20.365766525268555,90,127,126,2156058,2153432,2626,354658,14.140561144137571,1091130,1062302,1062302,4,True,True
640,GEN,DG038,model.8.m.0.cv1.conv,27,20.371278762817383,90,37,36,2153432,2150866,2566,357224,14.242870072445566,1091130,1059736,1059736,4,True,True
641,GEN,DG009,model.13.m.0.m.1.cv1.conv,20,20.419429779052734,91,22,21,2150866,2150576,290,357514,14.254432655925426,1091130,1059446,1059446,4,True,True
642,GEN,DG038,model.8.m.0.cv1.conv,5,20.44740867614746,92,36,35,2150576,2148010,2566,360080,14.35674158423342,1091130,1056880,1056880,4,True,True
643,GEN,DG038,model.8.m.0.cv1.conv,16,20.46336555480957,92,35,34,2148010,2145444,2566,362646,14.459050512541417,1091130,1054314,1054314,4,True,True
644,GEN,DG038,model.8.m.0.cv1.conv,10,20.464435577392578,92,34,33,2145444,2142878,2566,365212,14.561359440849412,1091130,1051748,1051748,4,True,True
645,GEN,DG038,model.8.m.0.cv1.conv,16,20.475196838378906,92,33,32,2142878,2140312,2566,367778,14.663668369157406,1091130,1049182,1049182,4,True,True
646,GEN,DG035,model.6.m.0.m.1.cv1.conv,9,20.578771591186523,93,21,20,2140312,2140022,290,368068,14.675230952637266,1091130,1048892,1048892,4,True,True
647,GEN,DG008,model.13.m.0.m.0.cv1.conv,1,20.600582122802734,93,23,22,2140022,2139732,290,368358,14.686793536117126,1091130,1048602,1048602,4,True,True
648,GEN,DG035,model.6.m.0.m.1.cv1.conv,19,20.684255599975586,94,20,19,2139732,2139442,290,368648,14.698356119596983,1091130,1048312,1048312,4,True,True
649,GEN,DG035,model.6.m.0.m.1.cv1.conv,17,20.741647720336914,95,19,18,2139442,2139152,290,368938,14.709918703076843,1091130,1048022,1048022,4,True,True
650,GEN,DG042,model.9.cv1.conv,69,20.859676361083984,97,128,127,2139152,2137870,1282,370220,14.761033296253323,1091130,1046740,1046740,4,True,True
651,GEN,DG008,model.13.m.0.m.0.cv1.conv,20,20.878536224365234,97,22,21,2137870,2137580,290,370510,14.772595879733183,1091130,1046450,1046450,4,True,True
652,GEN,DG034,model.6.m.0.m.0.cv1.conv,1,20.883502960205078,97,24,23,2137580,2137290,290,370800,14.784158463213043,1091130,1046160,1046160,4,True,True
653,GEN,DG009,model.13.m.0.m.1.cv1.conv,6,20.912094116210938,97,21,20,2137290,2137000,290,371090,14.795721046692902,1091130,1045870,1045870,4,True,True
654,GEN,DG034,model.6.m.0.m.0.cv1.conv,16,20.925472259521484,97,23,22,2137000,2136710,290,371380,14.80728363017276,1091130,1045580,1045580,4,True,True
655,GEN,DG008,model.13.m.0.m.0.cv1.conv,1,20.931062698364258,97,21,20,2136710,2136420,290,371670,14.81884621365262,1091130,1045290,1045290,4,True,True
656,GEN,DG009,model.13.m.0.m.1.cv1.conv,15,20.980079650878906,97,20,19,2136420,2136130,290,371960,14.83040879713248,1091130,1045000,1045000,4,True,True
657,GEN,DG009,model.13.m.0.m.1.cv1.conv,14,21.022226333618164,98,19,18,2136130,2135840,290,372250,14.841971380612339,1091130,1044710,1044710,4,True,True
658,GEN,DG009,model.13.m.0.m.1.cv1.conv,13,21.0661678314209,98,18,17,2135840,2135550,290,372540,14.853533964092197,1091130,1044420,1044420,4,True,True
659,GEN,DG008,model.13.m.0.m.0.cv1.conv,16,21.106281280517578,99,20,19,2135550,2135260,290,372830,14.865096547572056,1091130,1044130,1044130,4,True,True
660,GEN,DG034,model.6.m.0.m.0.cv1.conv,15,21.137191772460938,99,22,21,2135260,2134970,290,373120,14.876659131051916,1091130,1043840,1043840,4,True,True
661,GEN,DG035,model.6.m.0.m.1.cv1.conv,16,21.138484954833984,99,18,17,2134970,2134680,290,373410,14.888221714531776,1091130,1043550,1043550,4,True,True
662,GEN,DG008,model.13.m.0.m.0.cv1.conv,6,21.15642547607422,99,19,18,2134680,2134390,290,373700,14.899784298011634,1091130,1043260,1043260,4,True,True
663,GEN,DG034,model.6.m.0.m.0.cv1.conv,5,21.18777847290039,99,21,20,2134390,2134100,290,373990,14.911346881491493,1091130,1042970,1042970,4,True,True
664,GEN,DG009,model.13.m.0.m.1.cv1.conv,7,21.244218826293945,99,17,16,2134100,2133810,290,374280,14.922909464971353,1091130,1042680,1042680,4,True,True
665,GEN,DG035,model.6.m.0.m.1.cv1.conv,0,21.320602416992188,99,17,16,2133810,2133520,290,374570,14.934472048451212,1091130,1042390,1042390,4,True,True
666,GEN,DG008,model.13.m.0.m.0.cv1.conv,9,21.488101959228516,100,18,17,2133520,2133230,290,374860,14.94603463193107,1091130,1042100,1042100,4,True,True
667,GEN,DG008,model.13.m.0.m.0.cv1.conv,3,21.491804122924805,100,17,16,2133230,2132940,290,375150,14.95759721541093,1091130,1041810,1041810,4,True,True
668,GEN,DG034,model.6.m.0.m.0.cv1.conv,9,21.633487701416016,100,20,19,2132940,2132650,290,375440,14.96915979889079,1091130,1041520,1041520,4,True,True
669,GEN,DG034,model.6.m.0.m.0.cv1.conv,4,22.014911651611328,104,19,18,2132650,2132360,290,375730,14.980722382370649,1091130,1041230,1041230,4,True,True
670,GEN,DG034,model.6.m.0.m.0.cv1.conv,10,22.034332275390625,104,18,17,2132360,2132070,290,376020,14.992284965850509,1091130,1040940,1040940,4,True,True
671,GEN,DG034,model.6.m.0.m.0.cv1.conv,14,22.12504005432129,104,17,16,2132070,2131780,290,376310,15.003847549330366,1091130,1040650,1040650,4,True,True
672,GEN,DG031,model.6.cv2.conv,72,22.27719497680664,104,126,125,2131780,2129154,2626,378936,15.108548736289368,1091130,1038024,1038024,4,True,True
673,GEN,DG005,model.13.cv2.conv,104,22.63990020751953,104,128,127,2129154,2128768,386,379322,15.123938933610836,1091130,1037638,1037638,4,True,True
674,GEN,DG005,model.13.cv2.conv,115,23.747045516967773,117,127,126,2128768,2128382,386,379708,15.139329130932303,1091130,1037252,1037252,4,True,True
675,GEN,DG041,model.8.m.0.m.1.cv1.conv,1,23.798419952392578,117,64,63,2128382,2127804,578,380286,15.162374555936989,1091130,1036674,1036674,4,True,True
676,GEN,DG040,model.8.m.0.m.0.cv1.conv,42,23.948711395263672,117,64,63,2127804,2127226,578,380864,15.185419980941672,1091130,1036096,1036096,4,True,True
677,GEN,DG042,model.9.cv1.conv,84,24.25905418395996,118,127,126,2127226,2125944,1282,382146,15.236534574118153,1091130,1034814,1034814,4,True,True
678,GEN,DG005,model.13.cv2.conv,61,24.438411712646484,119,126,125,2125944,2125558,386,382532,15.251924771439622,1091130,1034428,1034428,4,True,True
679,GEN,DG042,model.9.cv1.conv,91,24.71453857421875,120,126,125,2125558,2124276,1282,383814,15.303039364616103,1091130,1033146,1033146,4,True,True
680,GEN,DG031,model.6.cv2.conv,19,24.719039916992188,120,125,124,2124276,2121650,2626,386440,15.407740551575102,1091130,1030520,1030520,4,True,True
681,GEN,DG005,model.13.cv2.conv,3,24.741670608520508,120,125,124,2121650,2121264,386,386826,15.42313074889657,1091130,1030134,1030134,4,True,True
682,GEN,DG031,model.6.cv2.conv,25,24.92934226989746,121,124,123,2121264,2118638,2626,389452,15.527831935855572,1091130,1027508,1027508,4,True,True
683,GEN,DG031,model.6.cv2.conv,13,25.31376075744629,122,123,122,2118638,2116012,2626,392078,15.632533122814571,1091130,1024882,1024882,4,True,True
684,GEN,DG031,model.6.cv2.conv,40,25.400907516479492,123,122,121,2116012,2113386,2626,394704,15.737234309773573,1091130,1022256,1022256,4,True,True
685,GEN,DG005,model.13.cv2.conv,118,25.794469833374023,128,124,123,2113386,2113000,386,395090,15.75262450709504,1091130,1021870,1021870,4,True,True
686,GEN,DG031,model.6.cv2.conv,73,25.919536590576172,128,121,120,2113000,2110374,2626,397716,15.85732569405404,1091130,1019244,1019244,4,True,True
687,GEN,DG031,model.6.cv2.conv,52,25.994829177856445,128,120,119,2110374,2107748,2626,400342,15.962026881013042,1091130,1016618,1016618,4,True,True
688,GEN,DG031,model.6.cv2.conv,78,26.126605987548828,129,119,118,2107748,2105122,2626,402968,16.066728067972043,1091130,1013992,1013992,4,True,True
689,GEN,DG042,model.9.cv1.conv,70,26.636173248291016,129,125,124,2105122,2103840,1282,404250,16.117842661148522,1091130,1012710,1012710,4,True,True
690,GEN,DG042,model.9.cv1.conv,30,26.6665096282959,130,124,123,2103840,2102558,1282,405532,16.168957254325004,1091130,1011428,1011428,4,True,True
691,GEN,DG031,model.6.cv2.conv,26,26.679765701293945,130,118,117,2102558,2099932,2626,408158,16.273658441284006,1091130,1008802,1008802,4,True,True
692,GEN,DG005,model.13.cv2.conv,119,26.776519775390625,130,123,122,2099932,2099546,386,408544,16.289048638605472,1091130,1008416,1008416,4,True,True
693,GEN,DG031,model.6.cv2.conv,95,26.779617309570312,130,117,116,2099546,2096920,2626,411170,16.393749825564473,1091130,1005790,1005790,4,True,True
694,GEN,DG031,model.6.cv2.conv,29,26.815114974975586,131,116,115,2096920,2094294,2626,413796,16.498451012523475,1091130,1003164,1003164,4,True,True
695,GEN,DG031,model.6.cv2.conv,17,26.890899658203125,131,115,114,2094294,2091668,2626,416422,16.603152199482476,1091130,1000538,1000538,4,True,True
696,GEN,DG031,model.6.cv2.conv,4,26.937217712402344,132,114,113,2091668,2089042,2626,419048,16.707853386441474,1091130,997912,997912,4,True,True
697,GEN,DG005,model.13.cv2.conv,67,27.1091251373291,133,122,121,2089042,2088656,386,419434,16.723243583762944,1091130,997526,997526,4,True,True
698,GEN,DG031,model.6.cv2.conv,98,27.171329498291016,134,113,112,2088656,2086030,2626,422060,16.827944770721945,1091130,994900,994900,4,True,True
699,GEN,DG031,model.6.cv2.conv,0,27.20021629333496,134,112,111,2086030,2083404,2626,424686,16.932645957680943,1091130,992274,992274,4,True,True
700,GEN,DG005,model.13.cv2.conv,105,27.48644256591797,136,121,120,2083404,2083018,386,425072,16.948036155002413,1091130,991888,991888,4,True,True
701,GEN,DG005,model.13.cv2.conv,2,27.4923038482666,136,120,119,2083018,2082632,386,425458,16.96342635232388,1091130,991502,991502,4,True,True
702,GEN,DG031,model.6.cv2.conv,46,27.628074645996094,138,111,110,2082632,2080006,2626,428084,17.06812753928288,1091130,988876,988876,4,True,True
703,GEN,DG005,model.13.cv2.conv,59,27.69099235534668,138,119,118,2080006,2079620,386,428470,17.08351773660435,1091130,988490,988490,4,True,True
704,GEN,DG031,model.6.cv2.conv,45,27.7580509185791,139,110,109,2079620,2076994,2626,431096,17.188218923563348,1091130,985864,985864,4,True,True
705,GEN,DG031,model.6.cv2.conv,58,27.81601333618164,140,109,108,2076994,2074368,2626,433722,17.29292011052235,1091130,983238,983238,4,True,True
706,GEN,DG005,model.13.cv2.conv,16,27.9254093170166,140,118,117,2074368,2073982,386,434108,17.30831030784382,1091130,982852,982852,4,True,True
707,GEN,DG005,model.13.cv2.conv,58,27.9700984954834,140,117,116,2073982,2073596,386,434494,17.323700505165284,1091130,982466,982466,4,True,True
708,GEN,DG031,model.6.cv2.conv,44,27.999298095703125,140,108,107,2073596,2070970,2626,437120,17.428401692124286,1091130,979840,979840,4,True,True
709,GEN,DG031,model.6.cv2.conv,6,28.233335494995117,140,107,106,2070970,2068344,2626,439746,17.533102879083287,1091130,977214,977214,4,True,True
710,GEN,DG031,model.6.cv2.conv,103,28.38561248779297,141,106,105,2068344,2065718,2626,442372,17.637804066042285,1091130,974588,974588,4,True,True
711,GEN,DG005,model.13.cv2.conv,75,28.400421142578125,141,116,115,2065718,2065332,386,442758,17.653194263363755,1091130,974202,974202,4,True,True
712,GEN,DG005,model.13.cv2.conv,7,28.431039810180664,141,115,114,2065332,2064946,386,443144,17.668584460685224,1091130,973816,973816,4,True,True
713,GEN,DG031,model.6.cv2.conv,43,28.447002410888672,141,105,104,2064946,2062320,2626,445770,17.773285647644222,1091130,971190,971190,4,True,True
714,GEN,DG005,model.13.cv2.conv,95,28.46084976196289,141,114,113,2062320,2061934,386,446156,17.78867584496569,1091130,970804,970804,4,True,True
715,GEN,DG031,model.6.cv2.conv,77,28.537986755371094,141,104,103,2061934,2059308,2626,448782,17.893377031924693,1091130,968178,968178,4,True,True
716,GEN,DG031,model.6.cv2.conv,63,28.63956642150879,142,103,102,2059308,2056682,2626,451408,17.99807821888369,1091130,965552,965552,4,True,True
717,GEN,DG031,model.6.cv2.conv,35,28.695653915405273,142,102,101,2056682,2054056,2626,454034,18.102779405842693,1091130,962926,962926,4,True,True
718,GEN,DG031,model.6.cv2.conv,31,28.721271514892578,142,101,100,2054056,2051430,2626,456660,18.207480592801694,1091130,960300,960300,4,True,True
719,GEN,DG031,model.6.cv2.conv,58,28.745868682861328,142,100,99,2051430,2048804,2626,459286,18.312181779760696,1091130,957674,957674,4,True,True
720,GEN,DG005,model.13.cv2.conv,44,28.809329986572266,146,113,112,2048804,2048418,386,459672,18.32757197708216,1091130,957288,957288,4,True,True
721,GEN,DG005,model.13.cv2.conv,14,28.81266975402832,146,112,111,2048418,2048032,386,460058,18.34296217440363,1091130,956902,956902,4,True,True
722,GEN,DG005,model.13.cv2.conv,37,28.87738037109375,147,111,110,2048032,2047646,386,460444,18.358352371725097,1091130,956516,956516,4,True,True
723,GEN,DG031,model.6.cv2.conv,6,28.913501739501953,148,99,98,2047646,2045020,2626,463070,18.4630535586841,1091130,953890,953890,4,True,True
724,GEN,DG031,model.6.cv2.conv,22,28.94495964050293,148,98,97,2045020,2042394,2626,465696,18.5677547456431,1091130,951264,951264,4,True,True
725,GEN,DG005,model.13.cv2.conv,40,28.95750617980957,148,110,109,2042394,2042008,386,466082,18.583144942964566,1091130,950878,950878,4,True,True
726,GEN,DG005,model.13.cv2.conv,21,28.962644577026367,148,109,108,2042008,2041622,386,466468,18.598535140286035,1091130,950492,950492,4,True,True
727,GEN,DG031,model.6.cv2.conv,94,28.989788055419922,148,97,96,2041622,2038996,2626,469094,18.703236327245037,1091130,947866,947866,4,True,True
728,GEN,DG031,model.6.cv2.conv,59,29.046958923339844,148,96,95,2038996,2036370,2626,471720,18.807937514204035,1091130,945240,945240,4,True,True
729,GEN,DG031,model.6.cv2.conv,61,29.08930015563965,148,95,94,2036370,2033744,2626,474346,18.912638701163036,1091130,942614,942614,4,True,True
730,GEN,DG005,model.13.cv2.conv,51,29.130260467529297,148,108,107,2033744,2033358,386,474732,18.928028898484506,1091130,942228,942228,4,True,True
731,GEN,DG005,model.13.cv2.conv,85,29.13559913635254,148,107,106,2033358,2032972,386,475118,18.94341909580597,1091130,941842,941842,4,True,True
732,GEN,DG005,model.13.cv2.conv,81,29.15056800842285,148,106,105,2032972,2032586,386,475504,18.95880929312744,1091130,941456,941456,4,True,True
733,GEN,DG005,model.13.cv2.conv,19,29.158109664916992,148,105,104,2032586,2032200,386,475890,18.974199490448907,1091130,941070,941070,4,True,True
734,GEN,DG005,model.13.cv2.conv,85,29.26326560974121,149,104,103,2032200,2031814,386,476276,18.989589687770376,1091130,940684,940684,4,True,True
735,GEN,DG031,model.6.cv2.conv,80,29.34552001953125,149,94,93,2031814,2029188,2626,478902,19.094290874729374,1091130,938058,938058,4,True,True
736,GEN,DG005,model.13.cv2.conv,85,29.351041793823242,149,103,102,2029188,2028802,386,479288,19.109681072050844,1091130,937672,937672,4,True,True
737,GEN,DG031,model.6.cv2.conv,75,29.399089813232422,150,93,92,2028802,2026176,2626,481914,19.214382259009845,1091130,935046,935046,4,True,True
738,GEN,DG031,model.6.cv2.conv,90,29.401737213134766,150,92,91,2026176,2023550,2626,484540,19.319083445968843,1091130,932420,932420,4,True,True
739,GEN,DG005,model.13.cv2.conv,69,29.408363342285156,150,102,101,2023550,2023164,386,484926,19.334473643290313,1091130,932034,932034,4,True,True
740,GEN,DG031,model.6.cv2.conv,84,29.420381546020508,151,91,90,2023164,2020538,2626,487552,19.439174830249314,1091130,929408,929408,4,True,True
741,GEN,DG005,model.13.cv2.conv,94,29.46448516845703,151,101,100,2020538,2020152,386,487938,19.45456502757078,1091130,929022,929022,4,True,True
742,GEN,DG031,model.6.cv2.conv,45,29.4702091217041,151,90,89,2020152,2017526,2626,490564,19.55926621452978,1091130,926396,926396,4,True,True
743,GEN,DG031,model.6.cv2.conv,54,29.476533889770508,151,89,88,2017526,2014900,2626,493190,19.663967401488783,1091130,923770,923770,4,True,True
744,GEN,DG005,model.13.cv2.conv,16,29.532848358154297,151,100,99,2014900,2014514,386,493576,19.67935759881025,1091130,923384,923384,4,True,True
745,GEN,DG031,model.6.cv2.conv,9,29.548267364501953,151,88,87,2014514,2011888,2626,496202,19.78405878576925,1091130,920758,920758,4,True,True
746,GEN,DG031,model.6.cv2.conv,31,29.55952262878418,151,87,86,2011888,2009262,2626,498828,19.888759972728252,1091130,918132,918132,4,True,True
747,GEN,DG031,model.6.cv2.conv,53,29.577316284179688,151,86,85,2009262,2006636,2626,501454,19.993461159687254,1091130,915506,915506,4,True,True
748,GEN,DG005,model.13.cv2.conv,90,29.58087730407715,151,99,98,2006636,2006250,386,501840,20.00885135700872,1091130,915120,915120,4,True,True
749,GEN,DG031,model.6.cv2.conv,79,29.596420288085938,151,85,84,2006250,2003624,2626,504466,20.11355254396772,1091130,912494,912494,4,True,True
750,GEN,DG031,model.6.cv2.conv,15,29.5986385345459,151,84,83,2003624,2000998,2626,507092,20.218253730926723,1091130,909868,909868,4,True,True
751,GEN,DG031,model.6.cv2.conv,75,29.606077194213867,151,83,82,2000998,1998372,2626,509718,20.32295491788572,1091130,907242,907242,4,True,True
752,GEN,DG005,model.13.cv2.conv,23,29.613027572631836,151,98,97,1998372,1997986,386,510104,20.33834511520719,1091130,906856,906856,4,True,True
753,GEN,DG005,model.13.cv2.conv,52,29.629182815551758,151,97,96,1997986,1997600,386,510490,20.353735312528656,1091130,906470,906470,4,True,True
754,GEN,DG031,model.6.cv2.conv,54,29.630760192871094,151,82,81,1997600,1994974,2626,513116,20.458436499487657,1091130,903844,903844,4,True,True
755,GEN,DG031,model.6.cv2.conv,51,29.635398864746094,151,81,80,1994974,1992348,2626,515742,20.56313768644666,1091130,901218,901218,4,True,True
756,GEN,DG031,model.6.cv2.conv,50,29.668291091918945,151,80,79,1992348,1989722,2626,518368,20.66783887340566,1091130,898592,898592,4,True,True
757,GEN,DG005,model.13.cv2.conv,91,29.683141708374023,151,96,95,1989722,1989336,386,518754,20.683229070727126,1091130,898206,898206,4,True,True
758,GEN,DG005,model.13.cv2.conv,8,29.68630027770996,151,95,94,1989336,1988950,386,519140,20.698619268048596,1091130,897820,897820,4,True,True
759,GEN,DG005,model.13.cv2.conv,24,29.71651268005371,151,94,93,1988950,1988564,386,519526,20.71400946537006,1091130,897434,897434,4,True,True
760,GEN,DG031,model.6.cv2.conv,56,29.73577308654785,151,79,78,1988564,1985938,2626,522152,20.818710652329063,1091130,894808,894808,4,True,True
761,GEN,DG031,model.6.cv2.conv,37,29.7387638092041,151,78,77,1985938,1983312,2626,524778,20.923411839288065,1091130,892182,892182,4,True,True
762,GEN,DG031,model.6.cv2.conv,55,29.757944107055664,151,77,76,1983312,1980686,2626,527404,21.028113026247066,1091130,889556,889556,4,True,True
763,GEN,DG005,model.13.cv2.conv,40,29.76435089111328,151,93,92,1980686,1980300,386,527790,21.043503223568532,1091130,889170,889170,4,True,True
764,GEN,DG031,model.6.cv2.conv,48,29.772014617919922,152,76,75,1980300,1977674,2626,530416,21.148204410527534,1091130,886544,886544,4,True,True
765,GEN,DG031,model.6.cv2.conv,7,29.783100128173828,154,75,74,1977674,1975048,2626,533042,21.252905597486535,1091130,883918,883918,4,True,True
766,GEN,DG031,model.6.cv2.conv,26,29.78502655029297,154,74,73,1975048,1972422,2626,535668,21.357606784445533,1091130,881292,881292,4,True,True
767,GEN,DG031,model.6.cv2.conv,60,29.800813674926758,154,73,72,1972422,1969796,2626,538294,21.462307971404535,1091130,878666,878666,4,True,True
768,GEN,DG005,model.13.cv2.conv,61,29.812726974487305,154,92,91,1969796,1969410,386,538680,21.477698168726004,1091130,878280,878280,4,True,True
769,GEN,DG031,model.6.cv2.conv,22,29.843425750732422,154,72,71,1969410,1966784,2626,541306,21.582399355685002,1091130,875654,875654,4,True,True
770,GEN,DG005,model.13.cv2.conv,16,29.852853775024414,154,91,90,1966784,1966398,386,541692,21.59778955300647,1091130,875268,875268,4,True,True
771,GEN,DG031,model.6.cv2.conv,48,29.875547409057617,154,71,70,1966398,1963772,2626,544318,21.702490739965473,1091130,872642,872642,4,True,True
772,GEN,DG031,model.6.cv2.conv,1,29.92412567138672,155,70,69,1963772,1961146,2626,546944,21.80719192692447,1091130,870016,870016,4,True,True
773,GEN,DG005,model.13.cv2.conv,69,29.935041427612305,156,90,89,1961146,1960760,386,547330,21.82258212424594,1091130,869630,869630,4,True,True
774,GEN,DG031,model.6.cv2.conv,47,29.94217872619629,156,69,68,1960760,1958134,2626,549956,21.927283311204942,1091130,867004,867004,4,True,True
775,GEN,DG005,model.13.cv2.conv,50,29.946008682250977,156,89,88,1958134,1957748,386,550342,21.942673508526408,1091130,866618,866618,4,True,True
776,GEN,DG031,model.6.cv2.conv,30,29.947044372558594,156,68,67,1957748,1955122,2626,552968,22.04737469548541,1091130,863992,863992,4,True,True
777,GEN,DG005,model.13.cv2.conv,47,29.96263885498047,157,88,87,1955122,1954736,386,553354,22.06276489280688,1091130,863606,863606,4,True,True
778,GEN,DG031,model.6.cv2.conv,2,30.01397132873535,158,67,66,1954736,1952110,2626,555980,22.167466079765877,1091130,860980,860980,4,True,True
779,GEN,DG005,model.13.cv2.conv,12,30.020225524902344,158,87,86,1952110,1951724,386,556366,22.182856277087346,1091130,860594,860594,4,True,True
780,GEN,DG031,model.6.cv2.conv,28,30.044275283813477,158,66,65,1951724,1949098,2626,558992,22.287557464046348,1091130,857968,857968,4,True,True
781,GEN,DG005,model.13.cv2.conv,46,30.061473846435547,158,86,85,1949098,1948712,386,559378,22.302947661367813,1091130,857582,857582,4,True,True
782,GEN,DG005,model.13.cv2.conv,14,30.09145736694336,158,85,84,1948712,1948326,386,559764,22.318337858689283,1091130,857196,857196,4,True,True
783,GEN,DG031,model.6.cv2.conv,14,30.09555435180664,158,65,64,1948326,1945700,2626,562390,22.42303904564828,1091130,854570,854570,4,True,True
784,GEN,DG005,model.13.cv2.conv,17,30.194618225097656,158,84,83,1945700,1945314,386,562776,22.43842924296975,1091130,854184,854184,4,True,True
785,GEN,DG005,model.13.cv2.conv,8,30.20452308654785,158,83,82,1945314,1944928,386,563162,22.453819440291216,1091130,853798,853798,4,True,True
786,GEN,DG005,model.13.cv2.conv,41,30.21133804321289,158,82,81,1944928,1944542,386,563548,22.469209637612686,1091130,853412,853412,4,True,True
787,GEN,DG005,model.13.cv2.conv,2,30.234315872192383,158,81,80,1944542,1944156,386,563934,22.48459983493415,1091130,853026,853026,4,True,True
788,GEN,DG005,model.13.cv2.conv,54,30.251052856445312,158,80,79,1944156,1943770,386,564320,22.49999003225562,1091130,852640,852640,4,True,True
789,GEN,DG005,model.13.cv2.conv,48,30.34781265258789,158,79,78,1943770,1943384,386,564706,22.51538022957709,1091130,852254,852254,4,True,True
790,GEN,DG005,model.13.cv2.conv,69,30.37722396850586,158,78,77,1943384,1942998,386,565092,22.530770426898556,1091130,851868,851868,4,True,True
791,GEN,DG005,model.13.cv2.conv,64,30.38018035888672,158,77,76,1942998,1942612,386,565478,22.546160624220025,1091130,851482,851482,4,True,True
792,GEN,DG005,model.13.cv2.conv,67,30.406044006347656,158,76,75,1942612,1942226,386,565864,22.56155082154149,1091130,851096,851096,4,True,True
793,GEN,DG005,model.13.cv2.conv,42,30.419862747192383,158,75,74,1942226,1941840,386,566250,22.57694101886296,1091130,850710,850710,4,True,True
794,GEN,DG005,model.13.cv2.conv,5,30.44540786743164,158,74,73,1941840,1941454,386,566636,22.592331216184427,1091130,850324,850324,4,True,True
795,GEN,DG005,model.13.cv2.conv,55,30.462297439575195,159,73,72,1941454,1941068,386,567022,22.607721413505896,1091130,849938,849938,4,True,True
796,GEN,DG005,model.13.cv2.conv,41,30.473011016845703,159,72,71,1941068,1940682,386,567408,22.62311161082736,1091130,849552,849552,4,True,True
797,GEN,DG005,model.13.cv2.conv,63,30.525753021240234,159,71,70,1940682,1940296,386,567794,22.63850180814883,1091130,849166,849166,4,True,True
798,GEN,DG005,model.13.cv2.conv,40,30.53437614440918,159,70,69,1940296,1939910,386,568180,22.653892005470297,1091130,848780,848780,4,True,True
799,GEN,DG040,model.8.m.0.m.0.cv1.conv,50,30.537094116210938,159,63,62,1939910,1939332,578,568758,22.676937430474982,1091130,848202,848202,4,True,True
800,GEN,DG005,model.13.cv2.conv,49,30.543025970458984,159,69,68,1939332,1938946,386,569144,22.692327627796452,1091130,847816,847816,4,True,True
801,GEN,DG005,model.13.cv2.conv,31,30.557945251464844,159,68,67,1938946,1938560,386,569530,22.707717825117918,1091130,847430,847430,4,True,True
802,GEN,DG005,model.13.cv2.conv,65,30.574378967285156,160,67,66,1938560,1938174,386,569916,22.723108022439387,1091130,847044,847044,4,True,True
803,GEN,DG005,model.13.cv2.conv,38,30.59008026123047,160,66,65,1938174,1937788,386,570302,22.738498219760853,1091130,846658,846658,4,True,True
804,GEN,DG005,model.13.cv2.conv,19,30.595474243164062,160,65,64,1937788,1937402,386,570688,22.753888417082322,1091130,846272,846272,4,True,True
805,GEN,DG027,model.3.conv,17,30.871824264526367,163,64,63,1937402,1937048,354,571042,22.768002743123255,1091130,845918,845918,4,True,True
806,GEN,DG037,model.8.cv2.conv,75,31.121177673339844,163,256,255,1937048,1935789,1259,572301,22.818200303816848,1091130,844659,844659,4,True,True
807,GEN,DG003,model.10.cv2.conv,55,31.3978271484375,167,256,255,1935789,1935147,642,572943,22.843797471382604,1091130,844017,844017,4,True,True
808,GEN,DG040,model.8.m.0.m.0.cv1.conv,44,31.555288314819336,170,62,61,1935147,1934569,578,573521,22.86684289638729,1091130,843439,843439,4,True,True
809,GEN,DG041,model.8.m.0.m.1.cv1.conv,59,31.603099822998047,171,63,62,1934569,1933991,578,574099,22.889888321391975,1091130,842861,842861,4,True,True
810,GEN,DG041,model.8.m.0.m.1.cv1.conv,5,32.30717468261719,178,62,61,1933991,1933413,578,574677,22.91293374639666,1091130,842283,842283,4,True,True
811,GEN,DG027,model.3.conv,37,32.570343017578125,182,63,62,1933413,1933059,354,575031,22.927048072437593,1091130,841929,841929,4,True,True
812,GEN,DG042,model.9.cv1.conv,64,32.837440490722656,183,123,122,1933059,1931782,1277,576308,22.97796331072649,1091130,840652,840652,4,True,True
813,GEN,DG040,model.8.m.0.m.0.cv1.conv,23,33.618736267089844,190,61,60,1931782,1931204,578,576886,23.001008735731173,1091130,840074,840074,4,True,True
814,GEN,DG040,model.8.m.0.m.0.cv1.conv,22,34.21782684326172,197,60,59,1931204,1930626,578,577464,23.024054160735858,1091130,839496,839496,4,True,True
815,GEN,DG003,model.10.cv2.conv,219,35.44266128540039,202,255,254,1930626,1929984,642,578106,23.049651328301614,1091130,838854,838854,4,True,True
816,GEN,DG027,model.3.conv,17,35.535213470458984,202,62,61,1929984,1929630,354,578460,23.063765654342546,1091130,838500,838500,4,True,True
817,GEN,DG037,model.8.cv2.conv,137,35.53693389892578,202,255,254,1929630,1928376,1254,579714,23.11376386014856,1091130,837246,837246,4,True,True
818,GEN,DG037,model.8.cv2.conv,55,36.067264556884766,203,254,253,1928376,1927122,1254,580968,23.16376206595457,1091130,835992,835992,4,True,True
819,GEN,DG042,model.9.cv1.conv,121,36.057762145996094,203,122,121,1927122,1925855,1267,582235,23.2142785944683,1091130,834725,834725,4,True,True
820,GEN,DG003,model.10.cv2.conv,212,36.26161575317383,203,254,253,1925855,1925213,642,582877,23.239875762034057,1091130,834083,834083,4,True,True
821,GEN,DG003,model.10.cv2.conv,49,36.270687103271484,203,253,252,1925213,1924571,642,583519,23.265472929599817,1091130,833441,833441,4,True,True
822,GEN,DG041,model.8.m.0.m.1.cv1.conv,30,36.3128662109375,203,61,60,1924571,1923993,578,584097,23.2885183546045,1091130,832863,832863,4,True,True
823,GEN,DG027,model.3.conv,20,36.360111236572266,203,61,60,1923993,1923639,354,584451,23.30263268064543,1091130,832509,832509,4,True,True
824,GEN,DG027,model.3.conv,57,36.42028045654297,203,60,59,1923639,1923285,354,584805,23.316747006686363,1091130,832155,832155,4,True,True
825,GEN,DG041,model.8.m.0.m.1.cv1.conv,27,36.455345153808594,203,60,59,1923285,1922707,578,585383,23.33979243169105,1091130,831577,831577,4,True,True
826,GEN,DG041,model.8.m.0.m.1.cv1.conv,46,36.537269592285156,203,59,58,1922707,1922129,578,585961,23.362837856695734,1091130,830999,830999,4,True,True
827,GEN,DG042,model.9.cv1.conv,27,36.71852111816406,203,121,120,1922129,1920862,1267,587228,23.413354385209463,1091130,829732,829732,4,True,True
828,GEN,DG003,model.10.cv2.conv,3,36.7402229309082,203,252,251,1920862,1920220,642,587870,23.43895155277522,1091130,829090,829090,4,True,True
829,GEN,DG027,model.3.conv,56,36.825958251953125,203,59,58,1920220,1919866,354,588224,23.45306587881615,1091130,828736,828736,4,True,True
830,GEN,DG027,model.3.conv,41,36.84682083129883,203,58,57,1919866,1919512,354,588578,23.467180204857083,1091130,828382,828382,4,True,True
831,GEN,DG040,model.8.m.0.m.0.cv1.conv,14,36.98399353027344,203,59,58,1919512,1918934,578,589156,23.49022562986177,1091130,827804,827804,4,True,True
832,GEN,DG041,model.8.m.0.m.1.cv1.conv,26,37.09000778198242,203,58,57,1918934,1918356,578,589734,23.51327105486645,1091130,827226,827226,4,True,True
833,GEN,DG027,model.3.conv,46,37.2332763671875,203,57,56,1918356,1918002,354,590088,23.527385380907383,1091130,826872,826872,4,True,True
834,GEN,DG042,model.9.cv1.conv,107,37.24505615234375,203,120,119,1918002,1916735,1267,591355,23.57790190942111,1091130,825605,825605,4,True,True
835,GEN,DG042,model.9.cv1.conv,103,37.24608612060547,203,119,118,1916735,1915468,1267,592622,23.628418437934844,1091130,824338,824338,4,True,True
836,GEN,DG027,model.3.conv,38,37.305381774902344,203,56,55,1915468,1915114,354,592976,23.642532763975776,1091130,823984,823984,4,True,True
837,GEN,DG042,model.9.cv1.conv,76,37.34430694580078,203,118,117,1915114,1913847,1267,594243,23.693049292489505,1091130,822717,822717,4,True,True
838,GEN,DG042,model.9.cv1.conv,28,37.415443420410156,203,117,116,1913847,1912580,1267,595510,23.743565821003234,1091130,821450,821450,4,True,True
839,GEN,DG003,model.10.cv2.conv,63,37.493011474609375,203,251,250,1912580,1911938,642,596152,23.76916298856899,1091130,820808,820808,4,True,True
840,GEN,DG041,model.8.m.0.m.1.cv1.conv,24,37.52803039550781,203,57,56,1911938,1911360,578,596730,23.792208413573675,1091130,820230,820230,4,True,True
841,GEN,DG029,model.4.m.0.cv1.conv,12,37.530704498291016,203,16,15,1911360,1910782,578,597308,23.81525383857836,1091130,819652,819652,4,True,True
842,GEN,DG042,model.9.cv1.conv,76,37.55810546875,203,116,115,1910782,1909515,1267,598575,23.86577036709209,1091130,818385,818385,4,True,True
843,GEN,DG027,model.3.conv,19,37.6456298828125,203,55,54,1909515,1909161,354,598929,23.87988469313302,1091130,818031,818031,4,True,True
844,GEN,DG027,model.3.conv,21,37.64891815185547,203,54,53,1909161,1908807,354,599283,23.893999019173954,1091130,817677,817677,4,True,True
845,GEN,DG040,model.8.m.0.m.0.cv1.conv,56,37.72654342651367,203,58,57,1908807,1908229,578,599861,23.91704444417864,1091130,817099,817099,4,True,True
846,GEN,DG041,model.8.m.0.m.1.cv1.conv,53,37.81154251098633,203,56,55,1908229,1907651,578,600439,23.94008986918332,1091130,816521,816521,4,True,True
847,GEN,DG042,model.9.cv1.conv,4,37.85110092163086,203,115,114,1907651,1906384,1267,601706,23.990606397697054,1091130,815254,815254,4,True,True
848,GEN,DG040,model.8.m.0.m.0.cv1.conv,15,37.91916275024414,203,57,56,1906384,1905806,578,602284,24.013651822701735,1091130,814676,814676,4,True,True
849,GEN,DG027,model.3.conv,45,37.9342041015625,203,53,52,1905806,1905452,354,602638,24.027766148742668,1091130,814322,814322,4,True,True
850,GEN,DG042,model.9.cv1.conv,6,38.03470230102539,203,114,113,1905452,1904185,1267,603905,24.0782826772564,1091130,813055,813055,4,True,True
851,GEN,DG042,model.9.cv1.conv,109,38.062950134277344,203,113,112,1904185,1902918,1267,605172,24.12879920577013,1091130,811788,811788,4,True,True
852,GEN,DG040,model.8.m.0.m.0.cv1.conv,34,38.08110809326172,203,56,55,1902918,1902340,578,605750,24.151844630774814,1091130,811210,811210,4,True,True
853,GEN,DG003,model.10.cv2.conv,218,38.13838195800781,204,250,249,1902340,1901698,642,606392,24.17744179834057,1091130,810568,810568,4,True,True
854,GEN,DG041,model.8.m.0.m.1.cv1.conv,32,38.2009391784668,204,55,54,1901698,1901120,578,606970,24.200487223345256,1091130,809990,809990,4,True,True
855,GEN,DG003,model.10.cv2.conv,247,38.20823669433594,204,249,248,1901120,1900478,642,607612,24.226084390911012,1091130,809348,809348,4,True,True
856,GEN,DG042,model.9.cv1.conv,88,38.26519775390625,204,112,111,1900478,1899211,1267,608879,24.27660091942474,1091130,808081,808081,4,True,True
857,GEN,DG003,model.10.cv2.conv,135,38.26731491088867,204,248,247,1899211,1898569,642,609521,24.302198086990497,1091130,807439,807439,4,True,True
858,GEN,DG042,model.9.cv1.conv,21,38.28620147705078,204,111,110,1898569,1897302,1267,610788,24.35271461550423,1091130,806172,806172,4,True,True
859,GEN,DG042,model.9.cv1.conv,12,38.28670883178711,204,110,109,1897302,1896035,1267,612055,24.40323114401796,1091130,804905,804905,4,True,True
860,GEN,DG003,model.10.cv2.conv,57,38.30973815917969,204,247,246,1896035,1895393,642,612697,24.428828311583715,1091130,804263,804263,4,True,True
861,GEN,DG042,model.9.cv1.conv,42,38.33684539794922,204,109,108,1895393,1894126,1267,613964,24.479344840097443,1091130,802996,802996,4,True,True
862,GEN,DG037,model.8.cv2.conv,138,38.38238525390625,204,253,252,1894126,1892942,1184,615148,24.526552077477284,1091130,801812,801812,4,True,True
863,GEN,DG042,model.9.cv1.conv,26,38.028865814208984,203,108,107,1892942,1891680,1262,616410,24.576869251103428,1091130,800550,800550,4,True,True
864,GEN,DG042,model.9.cv1.conv,50,38.15727996826172,204,107,106,1891680,1890418,1262,617672,24.627186424729576,1091130,799288,799288,4,True,True
865,GEN,DG042,model.9.cv1.conv,94,38.20751953125,204,106,105,1890418,1889156,1262,618934,24.67750359835572,1091130,798026,798026,4,True,True
866,GEN,DG042,model.9.cv1.conv,82,38.31083679199219,204,105,104,1889156,1887894,1262,620196,24.727820771981868,1091130,796764,796764,4,True,True
867,GEN,DG041,model.8.m.0.m.1.cv1.conv,12,38.384483337402344,204,54,53,1887894,1887316,578,620774,24.75086619698655,1091130,796186,796186,4,True,True
868,GEN,DG042,model.9.cv1.conv,31,38.41297912597656,204,104,103,1887316,1886054,1262,622036,24.801183370612698,1091130,794924,794924,4,True,True
869,GEN,DG042,model.9.cv1.conv,100,38.41371154785156,204,103,102,1886054,1884792,1262,623298,24.851500544238842,1091130,793662,793662,4,True,True
870,GEN,DG003,model.10.cv2.conv,170,38.45425033569336,204,246,245,1884792,1884150,642,623940,24.877097711804602,1091130,793020,793020,4,True,True
871,GEN,DG003,model.10.cv2.conv,66,38.46748352050781,204,245,244,1884150,1883508,642,624582,24.902694879370358,1091130,792378,792378,4,True,True
872,GEN,DG040,model.8.m.0.m.0.cv1.conv,52,38.471710205078125,204,55,54,1883508,1882930,578,625160,24.925740304375044,1091130,791800,791800,4,True,True
873,GEN,DG042,model.9.cv1.conv,84,38.49922180175781,204,102,101,1882930,1881668,1262,626422,24.976057478001188,1091130,790538,790538,4,True,True
874,GEN,DG042,model.9.cv1.conv,38,38.506492614746094,204,101,100,1881668,1880406,1262,627684,25.026374651627332,1091130,789276,789276,4,True,True
875,GEN,DG042,model.9.cv1.conv,37,38.51382064819336,204,100,99,1880406,1879144,1262,628946,25.07669182525348,1091130,788014,788014,4,True,True
876,GEN,DG041,model.8.m.0.m.1.cv1.conv,28,38.54002380371094,204,53,52,1879144,1878566,578,629524,25.099737250258165,1091130,787436,787436,4,True,True
877,GEN,DG003,model.10.cv2.conv,159,38.56291961669922,204,244,243,1878566,1877924,642,630166,25.12533441782392,1091130,786794,786794,4,True,True
878,GEN,DG027,model.3.conv,32,38.59889221191406,204,52,51,1877924,1877570,354,630520,25.139448743864854,1091130,786440,786440,4,True,True
879,GEN,DG003,model.10.cv2.conv,200,38.63993835449219,204,243,242,1877570,1876928,642,631162,25.16504591143061,1091130,785798,785798,4,True,True
880,GEN,DG042,model.9.cv1.conv,5,38.65131378173828,204,99,98,1876928,1875666,1262,632424,25.215363085056758,1091130,784536,784536,4,True,True
881,GEN,DG040,model.8.m.0.m.0.cv1.conv,45,38.6590461730957,204,54,53,1875666,1875088,578,633002,25.23840851006144,1091130,783958,783958,4,True,True
882,GEN,DG003,model.10.cv2.conv,125,38.669944763183594,204,242,241,1875088,1874446,642,633644,25.2640056776272,1091130,783316,783316,4,True,True
883,GEN,DG003,model.10.cv2.conv,175,38.6761360168457,204,241,240,1874446,1873804,642,634286,25.289602845192956,1091130,782674,782674,4,True,True
884,GEN,DG029,model.4.m.0.cv1.conv,9,38.689979553222656,204,15,14,1873804,1873226,578,634864,25.31264827019764,1091130,782096,782096,4,True,True
885,GEN,DG003,model.10.cv2.conv,4,38.72583770751953,204,240,239,1873226,1872584,642,635506,25.338245437763398,1091130,781454,781454,4,True,True
886,GEN,DG042,model.9.cv1.conv,94,38.727657318115234,204,98,97,1872584,1871322,1262,636768,25.388562611389542,1091130,780192,780192,4,True,True
887,GEN,DG042,model.9.cv1.conv,62,38.75421905517578,204,97,96,1871322,1870060,1262,638030,25.43887978501569,1091130,778930,778930,4,True,True
888,GEN,DG003,model.10.cv2.conv,49,38.76725769042969,204,239,238,1870060,1869418,642,638672,25.464476952581446,1091130,778288,778288,4,True,True
889,GEN,DG042,model.9.cv1.conv,65,38.76911544799805,204,96,95,1869418,1868156,1262,639934,25.514794126207594,1091130,777026,777026,4,True,True
890,GEN,DG003,model.10.cv2.conv,134,38.79262924194336,204,238,237,1868156,1867514,642,640576,25.54039129377335,1091130,776384,776384,4,True,True
891,GEN,DG040,model.8.m.0.m.0.cv1.conv,31,38.818382263183594,204,53,52,1867514,1866936,578,641154,25.563436718778036,1091130,775806,775806,4,True,True
892,GEN,DG042,model.9.cv1.conv,45,38.830970764160156,204,95,94,1866936,1865674,1262,642416,25.61375389240418,1091130,774544,774544,4,True,True
893,GEN,DG042,model.9.cv1.conv,85,38.85009002685547,204,94,93,1865674,1864412,1262,643678,25.664071066030324,1091130,773282,773282,4,True,True
894,GEN,DG040,model.8.m.0.m.0.cv1.conv,37,38.860130310058594,204,52,51,1864412,1863834,578,644256,25.68711649103501,1091130,772704,772704,4,True,True
895,GEN,DG042,model.9.cv1.conv,41,38.88330078125,204,93,92,1863834,1862572,1262,645518,25.737433664661157,1091130,771442,771442,4,True,True
896,GEN,DG042,model.9.cv1.conv,46,38.90978240966797,204,92,91,1862572,1861310,1262,646780,25.7877508382873,1091130,770180,770180,4,True,True
897,GEN,DG042,model.9.cv1.conv,46,38.91156005859375,204,91,90,1861310,1860048,1262,648042,25.83806801191345,1091130,768918,768918,4,True,True
898,GEN,DG027,model.3.conv,28,38.91349792480469,204,51,50,1860048,1859694,354,648396,25.85218233795438,1091130,768564,768564,4,True,True
899,GEN,DG042,model.9.cv1.conv,11,38.926116943359375,204,90,89,1859694,1858432,1262,649658,25.902499511580526,1091130,767302,767302,4,True,True
900,GEN,DG042,model.9.cv1.conv,58,38.945335388183594,204,89,88,1858432,1857170,1262,650920,25.95281668520667,1091130,766040,766040,4,True,True
901,GEN,DG003,model.10.cv2.conv,167,38.990665435791016,204,237,236,1857170,1856528,642,651562,25.978413852772427,1091130,765398,765398,4,True,True
902,GEN,DG042,model.9.cv1.conv,43,39.00533676147461,204,88,87,1856528,1855266,1262,652824,26.028731026398574,1091130,764136,764136,4,True,True
903,GEN,DG042,model.9.cv1.conv,85,39.03278732299805,204,87,86,1855266,1854004,1262,654086,26.07904820002472,1091130,762874,762874,4,True,True
904,GEN,DG003,model.10.cv2.conv,6,39.03327178955078,204,236,235,1854004,1853362,642,654728,26.10464536759048,1091130,762232,762232,4,True,True
905,GEN,DG027,model.3.conv,8,39.03715515136719,204,50,49,1853362,1853008,354,655082,26.118759693631407,1091130,761878,761878,4,True,True
906,GEN,DG040,model.8.m.0.m.0.cv1.conv,35,39.04258346557617,204,51,50,1853008,1852430,578,655660,26.141805118636093,1091130,761300,761300,4,True,True
907,GEN,DG042,model.9.cv1.conv,20,39.04322052001953,204,86,85,1852430,1851168,1262,656922,26.19212229226224,1091130,760038,760038,4,True,True
908,GEN,DG003,model.10.cv2.conv,49,39.05560302734375,204,235,234,1851168,1850526,642,657564,26.217719459827997,1091130,759396,759396,4,True,True
909,GEN,DG042,model.9.cv1.conv,82,39.107357025146484,204,85,84,1850526,1849264,1262,658826,26.26803663345414,1091130,758134,758134,4,True,True
910,GEN,DG042,model.9.cv1.conv,17,39.10906219482422,204,84,83,1849264,1848002,1262,660088,26.31835380708029,1091130,756872,756872,4,True,True
911,GEN,DG003,model.10.cv2.conv,209,39.128726959228516,204,234,233,1848002,1847360,642,660730,26.343950974646045,1091130,756230,756230,4,True,True
912,GEN,DG041,model.8.m.0.m.1.cv1.conv,10,39.143985748291016,204,52,51,1847360,1846782,578,661308,26.36699639965073,1091130,755652,755652,4,True,True
913,GEN,DG003,model.10.cv2.conv,132,39.15549850463867,204,233,232,1846782,1846140,642,661950,26.392593567216487,1091130,755010,755010,4,True,True
914,GEN,DG041,model.8.m.0.m.1.cv1.conv,20,39.16849136352539,204,51,50,1846140,1845562,578,662528,26.415638992221172,1091130,754432,754432,4,True,True
915,GEN,DG040,model.8.m.0.m.0.cv1.conv,20,39.192779541015625,204,50,49,1845562,1844984,578,663106,26.438684417225858,1091130,753854,753854,4,True,True
916,GEN,DG003,model.10.cv2.conv,23,39.21123123168945,204,232,231,1844984,1844342,642,663748,26.464281584791614,1091130,753212,753212,4,True,True
917,GEN,DG042,model.9.cv1.conv,79,39.21540832519531,204,83,82,1844342,1843080,1262,665010,26.514598758417762,1091130,751950,751950,4,True,True
918,GEN,DG003,model.10.cv2.conv,59,39.218746185302734,204,231,230,1843080,1842438,642,665652,26.540195925983518,1091130,751308,751308,4,True,True
919,GEN,DG003,model.10.cv2.conv,182,39.231197357177734,204,230,229,1842438,1841796,642,666294,26.565793093549274,1091130,750666,750666,4,True,True
920,GEN,DG042,model.9.cv1.conv,46,39.251365661621094,204,82,81,1841796,1840534,1262,667556,26.61611026717542,1091130,749404,749404,4,True,True
921,GEN,DG003,model.10.cv2.conv,39,39.27236557006836,205,229,228,1840534,1839892,642,668198,26.64170743474118,1091130,748762,748762,4,True,True
922,GEN,DG042,model.9.cv1.conv,65,39.28108215332031,205,81,80,1839892,1838630,1262,669460,26.692024608367323,1091130,747500,747500,4,True,True
923,GEN,DG003,model.10.cv2.conv,131,39.29500198364258,205,228,227,1838630,1837988,642,670102,26.71762177593308,1091130,746858,746858,4,True,True
924,GEN,DG003,model.10.cv2.conv,216,39.301795959472656,205,227,226,1837988,1837346,642,670744,26.74321894349884,1091130,746216,746216,4,True,True
925,GEN,DG003,model.10.cv2.conv,64,39.30340576171875,205,226,225,1837346,1836704,642,671386,26.768816111064595,1091130,745574,745574,4,True,True
926,GEN,DG003,model.10.cv2.conv,78,39.303550720214844,205,225,224,1836704,1836062,642,672028,26.79441327863035,1091130,744932,744932,4,True,True
927,GEN,DG003,model.10.cv2.conv,6,39.326210021972656,205,224,223,1836062,1835420,642,672670,26.82001044619611,1091130,744290,744290,4,True,True
928,GEN,DG041,model.8.m.0.m.1.cv1.conv,0,39.33342742919922,205,50,49,1835420,1834842,578,673248,26.843055871200793,1091130,743712,743712,4,True,True
929,GEN,DG003,model.10.cv2.conv,171,39.35039138793945,205,223,222,1834842,1834200,642,673890,26.868653038766553,1091130,743070,743070,4,True,True
930,GEN,DG003,model.10.cv2.conv,173,39.35865020751953,205,222,221,1834200,1833558,642,674532,26.89425020633231,1091130,742428,742428,4,True,True
931,GEN,DG042,model.9.cv1.conv,29,39.3631477355957,205,80,79,1833558,1832296,1262,675794,26.944567379958453,1091130,741166,741166,4,True,True
932,GEN,DG042,model.9.cv1.conv,5,39.37091827392578,205,79,78,1832296,1831034,1262,677056,26.9948845535846,1091130,739904,739904,4,True,True
933,GEN,DG003,model.10.cv2.conv,31,39.420013427734375,205,221,220,1831034,1830392,642,677698,27.020481721150357,1091130,739262,739262,4,True,True
934,GEN,DG003,model.10.cv2.conv,187,39.43107604980469,205,220,219,1830392,1829750,642,678340,27.046078888716114,1091130,738620,738620,4,True,True
935,GEN,DG003,model.10.cv2.conv,81,39.43208312988281,205,219,218,1829750,1829108,642,678982,27.071676056281873,1091130,737978,737978,4,True,True
936,GEN,DG042,model.9.cv1.conv,20,39.435699462890625,205,78,77,1829108,1827846,1262,680244,27.121993229908018,1091130,736716,736716,4,True,True
937,GEN,DG042,model.9.cv1.conv,49,39.45979309082031,206,77,76,1827846,1826584,1262,681506,27.172310403534162,1091130,735454,735454,4,True,True
938,GEN,DG003,model.10.cv2.conv,25,39.483211517333984,206,218,217,1826584,1825942,642,682148,27.197907571099922,1091130,734812,734812,4,True,True
939,GEN,DG003,model.10.cv2.conv,151,39.49121856689453,206,217,216,1825942,1825300,642,682790,27.223504738665678,1091130,734170,734170,4,True,True
940,GEN,DG042,model.9.cv1.conv,2,39.49633026123047,206,76,75,1825300,1824038,1262,684052,27.273821912291822,1091130,732908,732908,4,True,True
941,GEN,DG003,model.10.cv2.conv,192,39.51164245605469,206,216,215,1824038,1823396,642,684694,27.299419079857582,1091130,732266,732266,4,True,True
942,GEN,DG042,model.9.cv1.conv,41,39.51693344116211,206,75,74,1823396,1822134,1262,685956,27.349736253483727,1091130,731004,731004,4,True,True
943,GEN,DG029,model.4.m.0.cv1.conv,8,39.525543212890625,206,14,13,1822134,1821556,578,686534,27.372781678488412,1091130,730426,730426,4,True,True
944,GEN,DG042,model.9.cv1.conv,13,39.52570343017578,206,74,73,1821556,1820294,1262,687796,27.423098852114556,1091130,729164,729164,4,True,True
945,GEN,DG003,model.10.cv2.conv,143,39.53572082519531,206,215,214,1820294,1819652,642,688438,27.448696019680316,1091130,728522,728522,4,True,True
946,GEN,DG003,model.10.cv2.conv,144,39.5426025390625,206,214,213,1819652,1819010,642,689080,27.474293187246072,1091130,727880,727880,4,True,True
947,GEN,DG042,model.9.cv1.conv,53,39.55016326904297,206,73,72,1819010,1817748,1262,690342,27.524610360872217,1091130,726618,726618,4,True,True
948,GEN,DG042,model.9.cv1.conv,30,39.56131362915039,206,72,71,1817748,1816486,1262,691604,27.574927534498364,1091130,725356,725356,4,True,True
949,GEN,DG042,model.9.cv1.conv,44,39.563724517822266,206,71,70,1816486,1815224,1262,692866,27.62524470812451,1091130,724094,724094,4,True,True
950,GEN,DG003,model.10.cv2.conv,187,39.56513214111328,206,213,212,1815224,1814582,642,693508,27.650841875690265,1091130,723452,723452,4,True,True
951,GEN,DG041,model.8.m.0.m.1.cv1.conv,3,39.58852767944336,206,49,48,1814582,1814004,578,694086,27.67388730069495,1091130,722874,722874,4,True,True
952,GEN,DG042,model.9.cv1.conv,64,39.58866500854492,206,70,69,1814004,1812742,1262,695348,27.7242044743211,1091130,721612,721612,4,True,True
953,GEN,DG027,model.3.conv,1,39.61116027832031,206,49,48,1812742,1812388,354,695702,27.738318800362027,1091130,721258,721258,4,True,True
954,GEN,DG003,model.10.cv2.conv,123,39.61602783203125,206,212,211,1812388,1811746,642,696344,27.763915967927787,1091130,720616,720616,4,True,True
955,GEN,DG037,model.8.cv2.conv,45,39.62098693847656,206,252,251,1811746,1810757,989,697333,27.803348364691857,1091130,719627,719627,4,True,True
956,GEN,DG042,model.9.cv1.conv,51,39.54058837890625,206,69,68,1810757,1809500,1257,698590,27.85346618343042,1091130,718370,718370,4,True,True
957,GEN,DG042,model.9.cv1.conv,52,39.5777473449707,206,68,67,1809500,1808243,1257,699847,27.90358400216898,1091130,717113,717113,4,True,True
958,GEN,DG042,model.9.cv1.conv,36,39.58489990234375,206,67,66,1808243,1806986,1257,701104,27.953701820907543,1091130,715856,715856,4,True,True
959,GEN,DG042,model.9.cv1.conv,4,39.6212158203125,206,66,65,1806986,1805729,1257,702361,28.003819639646107,1091130,714599,714599,4,True,True
960,GEN,DG042,model.9.cv1.conv,42,39.656890869140625,206,65,64,1805729,1804472,1257,703618,28.053937458384667,1091130,713342,713342,4,True,True
961,GEN,DG003,model.10.cv2.conv,34,39.68572998046875,206,211,210,1804472,1803830,642,704260,28.079534625950423,1091130,712700,712700,4,True,True
962,GEN,DG003,model.10.cv2.conv,159,39.68915557861328,206,210,209,1803830,1803188,642,704902,28.105131793516183,1091130,712058,712058,4,True,True
963,GEN,DG027,model.3.conv,40,39.691471099853516,206,48,47,1803188,1802834,354,705256,28.119246119557115,1091130,711704,711704,4,True,True
964,GEN,DG027,model.3.conv,25,39.72087097167969,206,47,46,1802834,1802480,354,705610,28.133360445598043,1091130,711350,711350,4,True,True
965,GEN,DG003,model.10.cv2.conv,139,39.73149871826172,206,209,208,1802480,1801838,642,706252,28.158957613163803,1091130,710708,710708,4,True,True
966,GEN,DG003,model.10.cv2.conv,42,39.74046325683594,206,208,207,1801838,1801196,642,706894,28.18455478072956,1091130,710066,710066,4,True,True
967,GEN,DG003,model.10.cv2.conv,195,39.74237060546875,206,207,206,1801196,1800554,642,707536,28.210151948295316,1091130,709424,709424,4,True,True
968,GEN,DG003,model.10.cv2.conv,200,39.74402618408203,206,206,205,1800554,1799912,642,708178,28.235749115861072,1091130,708782,708782,4,True,True
969,GEN,DG003,model.10.cv2.conv,118,39.80781173706055,208,205,204,1799912,1799270,642,708820,28.261346283426832,1091130,708140,708140,4,True,True
970,GEN,DG003,model.10.cv2.conv,67,39.809669494628906,208,204,203,1799270,1798628,642,709462,28.286943450992588,1091130,707498,707498,4,True,True
971,GEN,DG003,model.10.cv2.conv,117,39.81336975097656,209,203,202,1798628,1797986,642,710104,28.312540618558344,1091130,706856,706856,4,True,True
972,GEN,DG003,model.10.cv2.conv,178,39.829429626464844,209,202,201,1797986,1797344,642,710746,28.338137786124104,1091130,706214,706214,4,True,True
973,GEN,DG040,model.8.m.0.m.0.cv1.conv,29,39.830650329589844,209,49,48,1797344,1796766,578,711324,28.361183211128786,1091130,705636,705636,4,True,True
974,GEN,DG003,model.10.cv2.conv,40,39.88657760620117,211,201,200,1796766,1796124,642,711966,28.386780378694546,1091130,704994,704994,4,True,True
975,GEN,DG003,model.10.cv2.conv,39,39.88669967651367,211,200,199,1796124,1795482,642,712608,28.412377546260302,1091130,704352,704352,4,True,True
976,GEN,DG003,model.10.cv2.conv,162,39.904991149902344,211,199,198,1795482,1794840,642,713250,28.43797471382606,1091130,703710,703710,4,True,True
977,GEN,DG003,model.10.cv2.conv,170,39.908573150634766,211,198,197,1794840,1794198,642,713892,28.463571881391815,1091130,703068,703068,4,True,True
978,GEN,DG041,model.8.m.0.m.1.cv1.conv,41,39.912376403808594,211,48,47,1794198,1793620,578,714470,28.4866173063965,1091130,702490,702490,4,True,True
979,GEN,DG003,model.10.cv2.conv,21,39.91825866699219,211,197,196,1793620,1792978,642,715112,28.51221447396226,1091130,701848,701848,4,True,True
980,GEN,DG003,model.10.cv2.conv,162,39.92689514160156,211,196,195,1792978,1792336,642,715754,28.537811641528016,1091130,701206,701206,4,True,True
981,GEN,DG027,model.3.conv,19,39.92743682861328,211,46,45,1792336,1791982,354,716108,28.55192596756895,1091130,700852,700852,4,True,True
982,GEN,DG003,model.10.cv2.conv,33,39.942710876464844,211,195,194,1791982,1791340,642,716750,28.577523135134705,1091130,700210,700210,4,True,True
983,GEN,DG003,model.10.cv2.conv,65,39.9454345703125,211,194,193,1791340,1790698,642,717392,28.60312030270046,1091130,699568,699568,4,True,True
984,GEN,DG029,model.4.m.0.cv1.conv,8,39.961849212646484,211,13,12,1790698,1790120,578,717970,28.626165727705146,1091130,698990,698990,4,True,True
985,GEN,DG003,model.10.cv2.conv,139,39.96772003173828,211,193,192,1790120,1789478,642,718612,28.651762895270902,1091130,698348,698348,4,True,True
986,GEN,DG040,model.8.m.0.m.0.cv1.conv,21,39.969970703125,211,48,47,1789478,1788900,578,719190,28.674808320275588,1091130,697770,697770,4,True,True
987,GEN,DG003,model.10.cv2.conv,20,39.970829010009766,211,192,191,1788900,1788258,642,719832,28.700405487841344,1091130,697128,697128,4,True,True
988,GEN,DG003,model.10.cv2.conv,175,39.97695541381836,211,191,190,1788258,1787616,642,720474,28.726002655407104,1091130,696486,696486,4,True,True
989,GEN,DG003,model.10.cv2.conv,45,39.98158264160156,211,190,189,1787616,1786974,642,721116,28.75159982297286,1091130,695844,695844,4,True,True
990,GEN,DG003,model.10.cv2.conv,9,39.98830795288086,211,189,188,1786974,1786332,642,721758,28.777196990538616,1091130,695202,695202,4,True,True
991,GEN,DG003,model.10.cv2.conv,83,39.99176025390625,211,188,187,1786332,1785690,642,722400,28.802794158104373,1091130,694560,694560,4,True,True
992,GEN,DG003,model.10.cv2.conv,157,40.00782012939453,211,187,186,1785690,1785048,642,723042,28.828391325670133,1091130,693918,693918,4,True,True
993,GEN,DG003,model.10.cv2.conv,18,40.02842712402344,211,186,185,1785048,1784406,642,723684,28.85398849323589,1091130,693276,693276,4,True,True
994,GEN,DG027,model.3.conv,20,40.030181884765625,211,45,44,1784406,1784052,354,724038,28.86810281927682,1091130,692922,692922,4,True,True
995,GEN,DG003,model.10.cv2.conv,170,40.04199981689453,211,185,184,1784052,1783410,642,724680,28.893699986842577,1091130,692280,692280,4,True,True
996,GEN,DG040,model.8.m.0.m.0.cv1.conv,27,40.044715881347656,211,47,46,1783410,1782832,578,725258,28.916745411847263,1091130,691702,691702,4,True,True
997,GEN,DG003,model.10.cv2.conv,119,40.05378723144531,211,184,183,1782832,1782190,642,725900,28.94234257941302,1091130,691060,691060,4,True,True
998,GEN,DG027,model.3.conv,39,40.054664611816406,211,44,43,1782190,1781836,354,726254,28.95645690545395,1091130,690706,690706,4,True,True
999,GEN,DG003,model.10.cv2.conv,150,40.05836486816406,211,183,182,1781836,1781194,642,726896,28.982054073019707,1091130,690064,690064,4,True,True
1000,GEN,DG003,model.10.cv2.conv,166,40.07893371582031,211,182,181,1781194,1780552,642,727538,29.007651240585467,1091130,689422,689422,4,True,True
1001,GEN,DG003,model.10.cv2.conv,74,40.11197280883789,211,181,180,1780552,1779910,642,728180,29.033248408151223,1091130,688780,688780,4,True,True
1002,GEN,DG003,model.10.cv2.conv,122,40.124732971191406,211,180,179,1779910,1779268,642,728822,29.05884557571698,1091130,688138,688138,4,True,True
1003,GEN,DG041,model.8.m.0.m.1.cv1.conv,39,40.13673782348633,211,47,46,1779268,1778690,578,729400,29.081891000721665,1091130,687560,687560,4,True,True
1004,GEN,DG003,model.10.cv2.conv,175,40.14826583862305,211,179,178,1778690,1778048,642,730042,29.10748816828742,1091130,686918,686918,4,True,True
1005,GEN,DG027,model.3.conv,25,40.154998779296875,211,43,42,1778048,1777694,354,730396,29.121602494328354,1091130,686564,686564,4,True,True
1006,GEN,DG003,model.10.cv2.conv,132,40.165771484375,211,178,177,1777694,1777052,642,731038,29.14719966189411,1091130,685922,685922,4,True,True
1007,GEN,DG003,model.10.cv2.conv,45,40.16961669921875,211,177,176,1777052,1776410,642,731680,29.17279682945987,1091130,685280,685280,4,True,True
1008,GEN,DG040,model.8.m.0.m.0.cv1.conv,42,40.18008041381836,211,46,45,1776410,1775832,578,732258,29.19584225446455,1091130,684702,684702,4,True,True
1009,GEN,DG027,model.3.conv,23,40.19569396972656,211,42,41,1775832,1775478,354,732612,29.209956580505484,1091130,684348,684348,4,True,True
1010,GEN,DG003,model.10.cv2.conv,44,40.20323181152344,211,176,175,1775478,1774836,642,733254,29.23555374807124,1091130,683706,683706,4,True,True
1011,GEN,DG003,model.10.cv2.conv,97,40.20656204223633,211,175,174,1774836,1774194,642,733896,29.261150915637,1091130,683064,683064,4,True,True
1012,GEN,DG003,model.10.cv2.conv,45,40.22010040283203,211,174,173,1774194,1773552,642,734538,29.286748083202756,1091130,682422,682422,4,True,True
1013,GEN,DG003,model.10.cv2.conv,172,40.2201042175293,211,173,172,1773552,1772910,642,735180,29.312345250768512,1091130,681780,681780,4,True,True
1014,GEN,DG027,model.3.conv,29,40.23727798461914,211,41,40,1772910,1772556,354,735534,29.326459576809444,1091130,681426,681426,4,True,True
1015,GEN,DG003,model.10.cv2.conv,57,40.25384521484375,211,172,171,1772556,1771914,642,736176,29.3520567443752,1091130,680784,680784,4,True,True
1016,GEN,DG003,model.10.cv2.conv,12,40.2586555480957,211,171,170,1771914,1771272,642,736818,29.37765391194096,1091130,680142,680142,4,True,True
1017,GEN,DG003,model.10.cv2.conv,128,40.26588821411133,211,170,169,1771272,1770630,642,737460,29.403251079506717,1091130,679500,679500,4,True,True
1018,GEN,DG003,model.10.cv2.conv,27,40.272857666015625,211,169,168,1770630,1769988,642,738102,29.428848247072473,1091130,678858,678858,4,True,True
1019,GEN,DG003,model.10.cv2.conv,129,40.276405334472656,211,168,167,1769988,1769346,642,738744,29.45444541463823,1091130,678216,678216,4,True,True
1020,GEN,DG003,model.10.cv2.conv,90,40.27867126464844,211,167,166,1769346,1768704,642,739386,29.48004258220399,1091130,677574,677574,4,True,True
1021,GEN,DG003,model.10.cv2.conv,25,40.308406829833984,211,166,165,1768704,1768062,642,740028,29.505639749769745,1091130,676932,676932,4,True,True
1022,GEN,DG003,model.10.cv2.conv,74,40.32279586791992,211,165,164,1768062,1767420,642,740670,29.5312369173355,1091130,676290,676290,4,True,True
1023,GEN,DG003,model.10.cv2.conv,124,40.33022689819336,211,164,163,1767420,1766778,642,741312,29.556834084901258,1091130,675648,675648,4,True,True
1024,GEN,DG003,model.10.cv2.conv,101,40.330284118652344,211,163,162,1766778,1766136,642,741954,29.582431252467018,1091130,675006,675006,4,True,True
1025,GEN,DG003,model.10.cv2.conv,63,40.33196258544922,211,162,161,1766136,1765494,642,742596,29.608028420032774,1091130,674364,674364,4,True,True
1026,GEN,DG003,model.10.cv2.conv,118,40.33262252807617,211,161,160,1765494,1764852,642,743238,29.63362558759853,1091130,673722,673722,4,True,True
1027,GEN,DG041,model.8.m.0.m.1.cv1.conv,3,40.33367919921875,211,46,45,1764852,1764274,578,743816,29.656671012603216,1091130,673144,673144,4,True,True
1028,GEN,DG003,model.10.cv2.conv,46,40.33943557739258,211,160,159,1764274,1763632,642,744458,29.682268180168972,1091130,672502,672502,4,True,True
1029,GEN,DG029,model.4.m.0.cv1.conv,5,40.348167419433594,211,12,11,1763632,1763054,578,745036,29.705313605173657,1091130,671924,671924,4,True,True
1030,GEN,DG003,model.10.cv2.conv,74,40.35588073730469,211,159,158,1763054,1762412,642,745678,29.730910772739414,1091130,671282,671282,4,True,True
1031,GEN,DG003,model.10.cv2.conv,150,40.3668212890625,211,158,157,1762412,1761770,642,746320,29.756507940305173,1091130,670640,670640,4,True,True
1032,GEN,DG040,model.8.m.0.m.0.cv1.conv,35,40.3670654296875,211,45,44,1761770,1761192,578,746898,29.77955336530986,1091130,670062,670062,4,True,True
1033,GEN,DG003,model.10.cv2.conv,58,40.37311553955078,211,157,156,1761192,1760550,642,747540,29.805150532875615,1091130,669420,669420,4,True,True
1034,GEN,DG029,model.4.m.0.cv1.conv,8,40.3823127746582,211,11,10,1760550,1759972,578,748118,29.8281959578803,1091130,668842,668842,4,True,True
1035,GEN,DG003,model.10.cv2.conv,36,40.38719940185547,211,156,155,1759972,1759330,642,748760,29.853793125446057,1091130,668200,668200,4,True,True
1036,GEN,DG041,model.8.m.0.m.1.cv1.conv,41,40.39027404785156,211,45,44,1759330,1758752,578,749338,29.876838550450742,1091130,667622,667622,4,True,True
1037,GEN,DG003,model.10.cv2.conv,120,40.39726257324219,211,155,154,1758752,1758110,642,749980,29.9024357180165,1091130,666980,666980,4,True,True
1038,GEN,DG040,model.8.m.0.m.0.cv1.conv,17,40.398284912109375,211,44,43,1758110,1757532,578,750558,29.925481143021184,1091130,666402,666402,4,True,True
1039,GEN,DG027,model.3.conv,7,40.41822052001953,211,40,39,1757532,1757178,354,750912,29.939595469062116,1091130,666048,666048,4,True,True
1040,GEN,DG041,model.8.m.0.m.1.cv1.conv,30,40.42091751098633,211,44,43,1757178,1756600,578,751490,29.9626408940668,1091130,665470,665470,4,True,True
1041,GEN,DG003,model.10.cv2.conv,95,40.42375183105469,211,154,153,1756600,1755958,642,752132,29.988238061632558,1091130,664828,664828,4,True,True
1042,GEN,DG003,model.10.cv2.conv,62,40.430049896240234,211,153,152,1755958,1755316,642,752774,30.013835229198314,1091130,664186,664186,4,True,True
1043,GEN,DG003,model.10.cv2.conv,62,40.43303298950195,211,152,151,1755316,1754674,642,753416,30.03943239676407,1091130,663544,663544,4,True,True
1044,GEN,DG003,model.10.cv2.conv,104,40.462684631347656,211,151,150,1754674,1754032,642,754058,30.06502956432983,1091130,662902,662902,4,True,True
1045,GEN,DG003,model.10.cv2.conv,105,40.472900390625,211,150,149,1754032,1753390,642,754700,30.090626731895586,1091130,662260,662260,4,True,True
1046,GEN,DG003,model.10.cv2.conv,55,40.474525451660156,211,149,148,1753390,1752748,642,755342,30.116223899461342,1091130,661618,661618,4,True,True
1047,GEN,DG003,model.10.cv2.conv,101,40.47849655151367,211,148,147,1752748,1752106,642,755984,30.1418210670271,1091130,660976,660976,4,True,True
1048,GEN,DG040,model.8.m.0.m.0.cv1.conv,12,40.49021530151367,211,43,42,1752106,1751528,578,756562,30.164866492031784,1091130,660398,660398,4,True,True
1049,GEN,DG003,model.10.cv2.conv,109,40.49028778076172,211,147,146,1751528,1750886,642,757204,30.190463659597544,1091130,659756,659756,4,True,True
1050,GEN,DG003,model.10.cv2.conv,141,40.49250793457031,211,146,145,1750886,1750244,642,757846,30.2160608271633,1091130,659114,659114,4,True,True
1051,GEN,DG003,model.10.cv2.conv,103,40.50872802734375,211,145,144,1750244,1749602,642,758488,30.241657994729056,1091130,658472,658472,4,True,True
1052,GEN,DG041,model.8.m.0.m.1.cv1.conv,42,40.509864807128906,211,43,42,1749602,1749024,578,759066,30.264703419733742,1091130,657894,657894,4,True,True
1053,GEN,DG003,model.10.cv2.conv,19,40.51201629638672,211,144,143,1749024,1748382,642,759708,30.290300587299498,1091130,657252,657252,4,True,True
1054,GEN,DG003,model.10.cv2.conv,56,40.536537170410156,211,143,142,1748382,1747740,642,760350,30.315897754865254,1091130,656610,656610,4,True,True
1055,GEN,DG003,model.10.cv2.conv,14,40.54150390625,211,142,141,1747740,1747098,642,760992,30.341494922431014,1091130,655968,655968,4,True,True
1056,GEN,DG003,model.10.cv2.conv,6,40.555870056152344,211,141,140,1747098,1746456,642,761634,30.36709208999677,1091130,655326,655326,4,True,True
1057,GEN,DG003,model.10.cv2.conv,38,40.56598663330078,212,140,139,1746456,1745814,642,762276,30.392689257562527,1091130,654684,654684,4,True,True
1058,GEN,DG027,model.3.conv,0,40.56982421875,212,39,38,1745814,1745460,354,762630,30.40680358360346,1091130,654330,654330,4,True,True
1059,GEN,DG027,model.3.conv,23,40.57520294189453,212,38,37,1745460,1745106,354,762984,30.42091790964439,1091130,653976,653976,4,True,True
1060,GEN,DG003,model.10.cv2.conv,35,40.58375549316406,212,139,138,1745106,1744464,642,763626,30.446515077210147,1091130,653334,653334,4,True,True
1061,GEN,DG040,model.8.m.0.m.0.cv1.conv,30,40.586151123046875,212,42,41,1744464,1743886,578,764204,30.469560502214833,1091130,652756,652756,4,True,True
1062,GEN,DG003,model.10.cv2.conv,36,40.59870910644531,212,138,137,1743886,1743244,642,764846,30.49515766978059,1091130,652114,652114,4,True,True
1063,GEN,DG003,model.10.cv2.conv,84,40.605987548828125,212,137,136,1743244,1742602,642,765488,30.52075483734635,1091130,651472,651472,4,True,True
1064,GEN,DG003,model.10.cv2.conv,105,40.60784149169922,212,136,135,1742602,1741960,642,766130,30.546352004912105,1091130,650830,650830,4,True,True
1065,GEN,DG029,model.4.m.0.cv1.conv,9,40.65316390991211,212,10,9,1741960,1741382,578,766708,30.56939742991679,1091130,650252,650252,4,True,True
1066,GEN,DG003,model.10.cv2.conv,99,40.65727996826172,212,135,134,1741382,1740740,642,767350,30.594994597482547,1091130,649610,649610,4,True,True
1067,GEN,DG003,model.10.cv2.conv,22,40.65930938720703,212,134,133,1740740,1740098,642,767992,30.620591765048303,1091130,648968,648968,4,True,True
1068,GEN,DG003,model.10.cv2.conv,9,40.67169952392578,212,133,132,1740098,1739456,642,768634,30.64618893261406,1091130,648326,648326,4,True,True
1069,GEN,DG003,model.10.cv2.conv,54,40.687679290771484,212,132,131,1739456,1738814,642,769276,30.67178610017982,1091130,647684,647684,4,True,True
1070,GEN,DG003,model.10.cv2.conv,12,40.695560455322266,212,131,130,1738814,1738172,642,769918,30.697383267745575,1091130,647042,647042,4,True,True
1071,GEN,DG003,model.10.cv2.conv,87,40.714595794677734,212,130,129,1738172,1737530,642,770560,30.72298043531133,1091130,646400,646400,4,True,True
1072,GEN,DG003,model.10.cv2.conv,95,40.72087097167969,212,129,128,1737530,1736888,642,771202,30.74857760287709,1091130,645758,645758,4,True,True
1073,GEN,DG027,model.3.conv,14,40.737709045410156,212,37,36,1736888,1736534,354,771556,30.76269192891802,1091130,645404,645404,4,True,True
1074,GEN,DG041,model.8.m.0.m.1.cv1.conv,25,40.75405502319336,212,42,41,1736534,1735956,578,772134,30.785737353922705,1091130,644826,644826,4,True,True
1075,GEN,DG041,model.8.m.0.m.1.cv1.conv,17,40.756370544433594,212,41,40,1735956,1735378,578,772712,30.80878277892739,1091130,644248,644248,4,True,True
1076,GEN,DG041,model.8.m.0.m.1.cv1.conv,20,40.804420471191406,212,40,39,1735378,1734800,578,773290,30.831828203932076,1091130,643670,643670,4,True,True
1077,GEN,DG041,model.8.m.0.m.1.cv1.conv,19,40.80793380737305,212,39,38,1734800,1734222,578,773868,30.85487362893676,1091130,643092,643092,4,True,True
1078,GEN,DG040,model.8.m.0.m.0.cv1.conv,7,40.816490173339844,212,41,40,1734222,1733644,578,774446,30.877919053941447,1091130,642514,642514,4,True,True
1079,GEN,DG027,model.3.conv,25,40.844295501708984,212,36,35,1733644,1733290,354,774800,30.892033379982376,1091130,642160,642160,4,True,True
1080,GEN,DG040,model.8.m.0.m.0.cv1.conv,19,40.96006774902344,214,40,39,1733290,1732712,578,775378,30.91507880498706,1091130,641582,641582,4,True,True
1081,GEN,DG027,model.3.conv,22,41.03736114501953,214,35,34,1732712,1732358,354,775732,30.929193131027994,1091130,641228,641228,4,True,True
1082,GEN,DG029,model.4.m.0.cv1.conv,8,41.14574432373047,214,9,8,1732358,1731780,578,776310,30.95223855603268,1091130,640650,640650,4,True,True
1083,GEN,DG027,model.3.conv,23,41.1546630859375,214,34,33,1731780,1731426,354,776664,30.96635288207361,1091130,640296,640296,4,True,True
1084,GEN,DG040,model.8.m.0.m.0.cv1.conv,12,41.242469787597656,215,39,38,1731426,1730848,578,777242,30.989398307078293,1091130,639718,639718,4,True,True
1085,GEN,DG041,model.8.m.0.m.1.cv1.conv,29,41.24715805053711,216,38,37,1730848,1730270,578,777820,31.01244373208298,1091130,639140,639140,4,True,True
1086,GEN,DG041,model.8.m.0.m.1.cv1.conv,35,41.48452377319336,216,37,36,1730270,1729692,578,778398,31.035489157087664,1091130,638562,638562,4,True,True
1087,GEN,DG041,model.8.m.0.m.1.cv1.conv,30,41.694725036621094,219,36,35,1729692,1729114,578,778976,31.05853458209235,1091130,637984,637984,4,True,True
1088,GEN,DG041,model.8.m.0.m.1.cv1.conv,10,41.70537185668945,219,35,34,1729114,1728536,578,779554,31.081580007097035,1091130,637406,637406,4,True,True
1089,GEN,DG040,model.8.m.0.m.0.cv1.conv,23,41.71038055419922,219,38,37,1728536,1727958,578,780132,31.10462543210172,1091130,636828,636828,4,True,True
1090,GEN,DG027,model.3.conv,4,41.75482940673828,219,33,32,1727958,1727604,354,780486,31.11873975814265,1091130,636474,636474,4,True,True
1091,GEN,DG041,model.8.m.0.m.1.cv1.conv,31,41.78715133666992,219,34,33,1727604,1727026,578,781064,31.141785183147334,1091130,635896,635896,4,True,True
1092,GEN,DG040,model.8.m.0.m.0.cv1.conv,13,41.79278564453125,219,37,36,1727026,1726448,578,781642,31.16483060815202,1091130,635318,635318,4,True,True
1093,GEN,DG041,model.8.m.0.m.1.cv1.conv,26,41.902069091796875,219,33,32,1726448,1725870,578,782220,31.187876033156705,1091130,634740,634740,4,True,True
1094,GEN,DG040,model.8.m.0.m.0.cv1.conv,20,42.25664520263672,221,36,35,1725870,1725292,578,782798,31.21092145816139,1091130,634162,634162,4,True,True
1095,GEN,DG040,model.8.m.0.m.0.cv1.conv,15,42.271175384521484,221,35,34,1725292,1724714,578,783376,31.233966883166076,1091130,633584,633584,4,True,True
1096,GEN,DG040,model.8.m.0.m.0.cv1.conv,2,42.366363525390625,222,34,33,1724714,1724136,578,783954,31.257012308170758,1091130,633006,633006,4,True,True
1097,GEN,DG040,model.8.m.0.m.0.cv1.conv,10,42.38201141357422,222,33,32,1724136,1723558,578,784532,31.280057733175443,1091130,632428,632428,4,True,True
1098,GEN,DG037,model.8.cv2.conv,222,43.75410079956055,227,251,250,1723558,1722594,964,785496,31.318493355501598,1091130,631464,631464,4,True,True
1099,GEN,DG037,model.8.cv2.conv,102,44.89288330078125,231,250,249,1722594,1721630,964,786460,31.35692897782775,1091130,630500,630500,4,True,True
1100,GEN,DG030,model.5.conv,107,46.081260681152344,237,128,127,1721630,1720924,706,787166,31.38507788795458,1091130,629794,629794,4,True,True
1101,GEN,DG037,model.8.cv2.conv,44,46.22539520263672,237,249,248,1720924,1719960,964,788130,31.42351351028073,1091130,628830,628830,4,True,True
1102,GEN,DG037,model.8.cv2.conv,60,48.16236877441406,248,248,247,1719960,1718996,964,789094,31.461949132606883,1091130,627866,627866,4,True,True
1103,GEN,DG037,model.8.cv2.conv,102,48.3831787109375,249,247,246,1718996,1718032,964,790058,31.500384754933037,1091130,626902,626902,4,True,True
1104,GEN,DG037,model.8.cv2.conv,1,48.724609375,250,246,245,1718032,1717068,964,791022,31.53882037725919,1091130,625938,625938,4,True,True
1105,GEN,DG037,model.8.cv2.conv,208,49.41965866088867,251,245,244,1717068,1716104,964,791986,31.577255999585343,1091130,624974,624974,4,True,True
1106,GEN,DG037,model.8.cv2.conv,3,50.53126525878906,256,244,243,1716104,1715140,964,792950,31.615691621911495,1091130,624010,624010,4,True,True
1107,GEN,DG037,model.8.cv2.conv,2,52.1265754699707,262,243,242,1715140,1714176,964,793914,31.654127244237646,1091130,623046,623046,4,True,True
1108,GEN,DG037,model.8.cv2.conv,168,52.50078582763672,265,242,241,1714176,1713212,964,794878,31.6925628665638,1091130,622082,622082,4,True,True
1109,GEN,DG037,model.8.cv2.conv,110,52.641510009765625,266,241,240,1713212,1712248,964,795842,31.730998488889952,1091130,621118,621118,4,True,True
1110,GEN,DG037,model.8.cv2.conv,159,53.73371887207031,273,240,239,1712248,1711284,964,796806,31.769434111216103,1091130,620154,620154,4,True,True
1111,GEN,DG037,model.8.cv2.conv,36,54.298919677734375,273,239,238,1711284,1710320,964,797770,31.807869733542258,1091130,619190,619190,4,True,True
1112,GEN,DG037,model.8.cv2.conv,162,54.648155212402344,277,238,237,1710320,1709356,964,798734,31.84630535586841,1091130,618226,618226,4,True,True
1113,GEN,DG036,model.7.conv,83,55.189353942871094,280,256,255,1709356,1708522,834,799568,31.879557751117385,1091130,617392,617392,4,True,True
1114,GEN,DG037,model.8.cv2.conv,126,55.317962646484375,282,237,236,1708522,1707558,964,800532,31.917993373443537,1091130,616428,616428,4,True,True
1115,GEN,DG037,model.8.cv2.conv,208,55.58531951904297,284,236,235,1707558,1706594,964,801496,31.956428995769688,1091130,615464,615464,4,True,True
1116,GEN,DG036,model.7.conv,117,55.654720306396484,284,255,254,1706594,1705760,834,802330,31.989681391018664,1091130,614630,614630,4,True,True
1117,GEN,DG037,model.8.cv2.conv,202,55.75933837890625,287,235,234,1705760,1704796,964,803294,32.02811701334482,1091130,613666,613666,4,True,True
1118,GEN,DG037,model.8.cv2.conv,154,55.83948516845703,287,234,233,1704796,1703832,964,804258,32.066552635670966,1091130,612702,612702,4,True,True
1119,GEN,DG037,model.8.cv2.conv,227,55.900550842285156,287,233,232,1703832,1702868,964,805222,32.10498825799712,1091130,611738,611738,4,True,True
1120,GEN,DG037,model.8.cv2.conv,60,56.234039306640625,291,232,231,1702868,1701904,964,806186,32.143423880323276,1091130,610774,610774,4,True,True
1121,GEN,DG037,model.8.cv2.conv,133,56.28830337524414,291,231,230,1701904,1700940,964,807150,32.181859502649424,1091130,609810,609810,4,True,True
1122,GEN,DG037,model.8.cv2.conv,23,56.72142791748047,297,230,229,1700940,1699976,964,808114,32.22029512497558,1091130,608846,608846,4,True,True
1123,GEN,DG037,model.8.cv2.conv,205,56.76752853393555,297,229,228,1699976,1699012,964,809078,32.25873074730173,1091130,607882,607882,4,True,True
1124,GEN,DG037,model.8.cv2.conv,60,56.958641052246094,299,228,227,1699012,1698048,964,810042,32.29716636962788,1091130,606918,606918,4,True,True
1125,GEN,DG037,model.8.cv2.conv,78,56.96757507324219,299,227,226,1698048,1697084,964,811006,32.335601991954036,1091130,605954,605954,4,True,True
1126,GEN,DG037,model.8.cv2.conv,77,57.1414680480957,299,226,225,1697084,1696120,964,811970,32.37403761428019,1091130,604990,604990,4,True,True
1127,GEN,DG037,model.8.cv2.conv,35,57.142642974853516,299,225,224,1696120,1695156,964,812934,32.41247323660634,1091130,604026,604026,4,True,True
1128,GEN,DG037,model.8.cv2.conv,181,57.22260665893555,301,224,223,1695156,1694192,964,813898,32.45090885893249,1091130,603062,603062,4,True,True
1129,GEN,DG037,model.8.cv2.conv,204,57.573734283447266,305,223,222,1694192,1693228,964,814862,32.48934448125865,1091130,602098,602098,4,True,True
1130,GEN,DG037,model.8.cv2.conv,139,57.80915832519531,305,222,221,1693228,1692264,964,815826,32.5277801035848,1091130,601134,601134,4,True,True
1131,GEN,DG037,model.8.cv2.conv,188,57.812400817871094,305,221,220,1692264,1691300,964,816790,32.56621572591095,1091130,600170,600170,4,True,True
1132,GEN,DG036,model.7.conv,60,57.81442642211914,305,254,253,1691300,1690466,834,817624,32.59946812115993,1091130,599336,599336,4,True,True
1133,GEN,DG037,model.8.cv2.conv,106,58.043968200683594,306,220,219,1690466,1689502,964,818588,32.63790374348608,1091130,598372,598372,4,True,True
1134,GEN,DG037,model.8.cv2.conv,205,58.156272888183594,306,219,218,1689502,1688538,964,819552,32.67633936581223,1091130,597408,597408,4,True,True
1135,GEN,DG037,model.8.cv2.conv,24,58.19913101196289,307,218,217,1688538,1687574,964,820516,32.71477498813839,1091130,596444,596444,4,True,True
1136,GEN,DG036,model.7.conv,70,58.2770881652832,308,253,252,1687574,1686740,834,821350,32.74802738338736,1091130,595610,595610,4,True,True
1137,GEN,DG037,model.8.cv2.conv,32,58.28112030029297,308,217,216,1686740,1685776,964,822314,32.786463005713514,1091130,594646,594646,4,True,True
1138,GEN,DG037,model.8.cv2.conv,107,58.41172790527344,310,216,215,1685776,1684812,964,823278,32.82489862803966,1091130,593682,593682,4,True,True
1139,GEN,DG037,model.8.cv2.conv,4,58.513267517089844,312,215,214,1684812,1683848,964,824242,32.86333425036582,1091130,592718,592718,4,True,True
1140,GEN,DG037,model.8.cv2.conv,3,58.526065826416016,312,214,213,1683848,1682884,964,825206,32.90176987269197,1091130,591754,591754,4,True,True
1141,GEN,DG037,model.8.cv2.conv,89,58.549964904785156,312,213,212,1682884,1681920,964,826170,32.94020549501812,1091130,590790,590790,4,True,True
1142,GEN,DG037,model.8.cv2.conv,4,58.5533332824707,312,212,211,1681920,1680956,964,827134,32.978641117344274,1091130,589826,589826,4,True,True
1143,GEN,DG037,model.8.cv2.conv,138,58.59849548339844,314,211,210,1680956,1679992,964,828098,33.01707673967043,1091130,588862,588862,4,True,True
1144,GEN,DG037,model.8.cv2.conv,125,58.63169860839844,314,210,209,1679992,1679028,964,829062,33.05551236199658,1091130,587898,587898,4,True,True
1145,GEN,DG037,model.8.cv2.conv,15,58.63645935058594,314,209,208,1679028,1678064,964,830026,33.09394798432273,1091130,586934,586934,4,True,True
1146,GEN,DG037,model.8.cv2.conv,142,58.70713806152344,314,208,207,1678064,1677100,964,830990,33.13238360664889,1091130,585970,585970,4,True,True
1147,GEN,DG037,model.8.cv2.conv,94,58.79026794433594,315,207,206,1677100,1676136,964,831954,33.170819228975034,1091130,585006,585006,4,True,True
1148,GEN,DG037,model.8.cv2.conv,99,58.81077575683594,315,206,205,1676136,1675172,964,832918,33.20925485130119,1091130,584042,584042,4,True,True
1149,GEN,DG037,model.8.cv2.conv,189,58.816200256347656,315,205,204,1675172,1674208,964,833882,33.247690473627344,1091130,583078,583078,4,True,True
1150,GEN,DG037,model.8.cv2.conv,86,58.82487869262695,315,204,203,1674208,1673244,964,834846,33.28612609595349,1091130,582114,582114,4,True,True
1151,GEN,DG037,model.8.cv2.conv,112,58.836456298828125,316,203,202,1673244,1672280,964,835810,33.32456171827965,1091130,581150,581150,4,True,True
1152,GEN,DG037,model.8.cv2.conv,136,58.839630126953125,316,202,201,1672280,1671316,964,836774,33.3629973406058,1091130,580186,580186,4,True,True
1153,GEN,DG037,model.8.cv2.conv,35,58.922950744628906,318,201,200,1671316,1670352,964,837738,33.40143296293195,1091130,579222,579222,4,True,True
1154,GEN,DG037,model.8.cv2.conv,9,58.95844650268555,318,200,199,1670352,1669388,964,838702,33.439868585258104,1091130,578258,578258,4,True,True
1155,GEN,DG037,model.8.cv2.conv,65,59.005096435546875,319,199,198,1669388,1668424,964,839666,33.47830420758426,1091130,577294,577294,4,True,True
1156,GEN,DG037,model.8.cv2.conv,45,59.023990631103516,319,198,197,1668424,1667460,964,840630,33.51673982991041,1091130,576330,576330,4,True,True
1157,GEN,DG037,model.8.cv2.conv,143,59.164798736572266,319,197,196,1667460,1666496,964,841594,33.55517545223656,1091130,575366,575366,4,True,True
1158,GEN,DG037,model.8.cv2.conv,157,59.18010330200195,319,196,195,1666496,1665532,964,842558,33.593611074562716,1091130,574402,574402,4,True,True
1159,GEN,DG037,model.8.cv2.conv,8,59.18488311767578,319,195,194,1665532,1664568,964,843522,33.63204669688887,1091130,573438,573438,4,True,True
1160,GEN,DG037,model.8.cv2.conv,3,59.24968719482422,320,194,193,1664568,1663604,964,844486,33.67048231921502,1091130,572474,572474,4,True,True
1161,GEN,DG037,model.8.cv2.conv,148,59.319602966308594,320,193,192,1663604,1662640,964,845450,33.70891794154117,1091130,571510,571510,4,True,True
1162,GEN,DG037,model.8.cv2.conv,117,59.33156204223633,320,192,191,1662640,1661676,964,846414,33.74735356386733,1091130,570546,570546,4,True,True
1163,GEN,DG037,model.8.cv2.conv,182,59.376277923583984,321,191,190,1661676,1660712,964,847378,33.785789186193476,1091130,569582,569582,4,True,True
1164,GEN,DG037,model.8.cv2.conv,51,59.39247131347656,322,190,189,1660712,1659748,964,848342,33.82422480851963,1091130,568618,568618,4,True,True
1165,GEN,DG037,model.8.cv2.conv,101,59.48036193847656,322,189,188,1659748,1658784,964,849306,33.862660430845786,1091130,567654,567654,4,True,True
1166,GEN,DG037,model.8.cv2.conv,27,59.50347137451172,322,188,187,1658784,1657820,964,850270,33.90109605317193,1091130,566690,566690,4,True,True
1167,GEN,DG037,model.8.cv2.conv,8,59.520477294921875,322,187,186,1657820,1656856,964,851234,33.93953167549809,1091130,565726,565726,4,True,True
1168,GEN,DG037,model.8.cv2.conv,115,59.56391906738281,322,186,185,1656856,1655892,964,852198,33.97796729782424,1091130,564762,564762,4,True,True
1169,GEN,DG037,model.8.cv2.conv,152,59.5899543762207,323,185,184,1655892,1654928,964,853162,34.01640292015039,1091130,563798,563798,4,True,True
1170,GEN,DG037,model.8.cv2.conv,116,59.619972229003906,323,184,183,1654928,1653964,964,854126,34.054838542476546,1091130,562834,562834,4,True,True
1171,GEN,DG037,model.8.cv2.conv,147,59.62495803833008,323,183,182,1653964,1653000,964,855090,34.0932741648027,1091130,561870,561870,4,True,True
1172,GEN,DG037,model.8.cv2.conv,153,59.627349853515625,323,182,181,1653000,1652036,964,856054,34.13170978712885,1091130,560906,560906,4,True,True
1173,GEN,DG037,model.8.cv2.conv,46,59.644805908203125,323,181,180,1652036,1651072,964,857018,34.170145409455,1091130,559942,559942,4,True,True
1174,GEN,DG037,model.8.cv2.conv,112,59.6903076171875,323,180,179,1651072,1650108,964,857982,34.20858103178116,1091130,558978,558978,4,True,True
1175,GEN,DG037,model.8.cv2.conv,125,59.69136428833008,323,179,178,1650108,1649144,964,858946,34.247016654107306,1091130,558014,558014,4,True,True
1176,GEN,DG037,model.8.cv2.conv,137,59.741172790527344,324,178,177,1649144,1648180,964,859910,34.28545227643346,1091130,557050,557050,4,True,True
1177,GEN,DG037,model.8.cv2.conv,56,59.74596405029297,324,177,176,1648180,1647216,964,860874,34.323887898759615,1091130,556086,556086,4,True,True
1178,GEN,DG037,model.8.cv2.conv,53,59.79739761352539,324,176,175,1647216,1646252,964,861838,34.36232352108576,1091130,555122,555122,4,True,True
1179,GEN,DG037,model.8.cv2.conv,43,59.84245300292969,324,175,174,1646252,1645288,964,862802,34.40075914341192,1091130,554158,554158,4,True,True
1180,GEN,DG037,model.8.cv2.conv,101,59.84656524658203,324,174,173,1645288,1644324,964,863766,34.43919476573807,1091130,553194,553194,4,True,True
1181,GEN,DG037,model.8.cv2.conv,63,59.850746154785156,324,173,172,1644324,1643360,964,864730,34.47763038806423,1091130,552230,552230,4,True,True
1182,GEN,DG037,model.8.cv2.conv,148,59.892093658447266,324,172,171,1643360,1642396,964,865694,34.516066010390375,1091130,551266,551266,4,True,True
1183,GEN,DG037,model.8.cv2.conv,127,59.925079345703125,324,171,170,1642396,1641432,964,866658,34.55450163271653,1091130,550302,550302,4,True,True
1184,GEN,DG037,model.8.cv2.conv,63,59.94834899902344,324,170,169,1641432,1640468,964,867622,34.592937255042685,1091130,549338,549338,4,True,True
1185,GEN,DG037,model.8.cv2.conv,161,59.95061492919922,324,169,168,1640468,1639504,964,868586,34.63137287736883,1091130,548374,548374,4,True,True
1186,GEN,DG037,model.8.cv2.conv,45,59.96556091308594,324,168,167,1639504,1638540,964,869550,34.66980849969499,1091130,547410,547410,4,True,True
1187,GEN,DG037,model.8.cv2.conv,92,60.001564025878906,324,167,166,1638540,1637576,964,870514,34.70824412202114,1091130,546446,546446,4,True,True
1188,GEN,DG037,model.8.cv2.conv,157,60.01149368286133,324,166,165,1637576,1636612,964,871478,34.74667974434729,1091130,545482,545482,4,True,True
1189,GEN,DG037,model.8.cv2.conv,56,60.0241813659668,324,165,164,1636612,1635648,964,872442,34.785115366673445,1091130,544518,544518,4,True,True
1190,GEN,DG037,model.8.cv2.conv,15,60.037841796875,324,164,163,1635648,1634684,964,873406,34.8235509889996,1091130,543554,543554,4,True,True
1191,GEN,DG037,model.8.cv2.conv,15,60.067039489746094,324,163,162,1634684,1633720,964,874370,34.86198661132575,1091130,542590,542590,4,True,True
1192,GEN,DG037,model.8.cv2.conv,123,60.076541900634766,324,162,161,1633720,1632756,964,875334,34.9004222336519,1091130,541626,541626,4,True,True
1193,GEN,DG037,model.8.cv2.conv,5,60.078651428222656,324,161,160,1632756,1631792,964,876298,34.93885785597806,1091130,540662,540662,4,True,True
1194,GEN,DG037,model.8.cv2.conv,30,60.08230972290039,324,160,159,1631792,1630828,964,877262,34.977293478304205,1091130,539698,539698,4,True,True
1195,GEN,DG037,model.8.cv2.conv,4,60.09965896606445,324,159,158,1630828,1629864,964,878226,35.01572910063036,1091130,538734,538734,4,True,True
1196,GEN,DG037,model.8.cv2.conv,25,60.112308502197266,324,158,157,1629864,1628900,964,879190,35.054164722956514,1091130,537770,537770,4,True,True
1197,GEN,DG037,model.8.cv2.conv,6,60.12009811401367,324,157,156,1628900,1627936,964,880154,35.09260034528266,1091130,536806,536806,4,True,True
1198,GEN,DG037,model.8.cv2.conv,15,60.19176483154297,324,156,155,1627936,1626972,964,881118,35.13103596760882,1091130,535842,535842,4,True,True
1199,GEN,DG037,model.8.cv2.conv,78,60.226593017578125,324,155,154,1626972,1626008,964,882082,35.16947158993497,1091130,534878,534878,4,True,True
1200,GEN,DG037,model.8.cv2.conv,96,60.23884582519531,324,154,153,1626008,1625044,964,883046,35.20790721226113,1091130,533914,533914,4,True,True
1201,GEN,DG037,model.8.cv2.conv,94,60.26352310180664,324,153,152,1625044,1624080,964,884010,35.246342834587274,1091130,532950,532950,4,True,True
1202,GEN,DG037,model.8.cv2.conv,49,60.26701354980469,324,152,151,1624080,1623116,964,884974,35.28477845691343,1091130,531986,531986,4,True,True
1203,GEN,DG037,model.8.cv2.conv,15,60.27735900878906,324,151,150,1623116,1622152,964,885938,35.323214079239584,1091130,531022,531022,4,True,True
1204,GEN,DG037,model.8.cv2.conv,148,60.294761657714844,324,150,149,1622152,1621188,964,886902,35.36164970156573,1091130,530058,530058,4,True,True
1205,GEN,DG037,model.8.cv2.conv,136,60.302146911621094,324,149,148,1621188,1620224,964,887866,35.400085323891886,1091130,529094,529094,4,True,True
1206,GEN,DG037,model.8.cv2.conv,111,60.32538604736328,324,148,147,1620224,1619260,964,888830,35.43852094621804,1091130,528130,528130,4,True,True
1207,GEN,DG037,model.8.cv2.conv,99,60.340457916259766,324,147,146,1619260,1618296,964,889794,35.47695656854419,1091130,527166,527166,4,True,True
1208,GEN,DG037,model.8.cv2.conv,120,60.346370697021484,324,146,145,1618296,1617332,964,890758,35.515392190870344,1091130,526202,526202,4,True,True
1209,GEN,DG037,model.8.cv2.conv,11,60.367958068847656,324,145,144,1617332,1616368,964,891722,35.5538278131965,1091130,525238,525238,4,True,True
1210,GEN,DG037,model.8.cv2.conv,14,60.371376037597656,324,144,143,1616368,1615404,964,892686,35.592263435522646,1091130,524274,524274,4,True,True
1211,GEN,DG037,model.8.cv2.conv,39,60.38077163696289,324,143,142,1615404,1614440,964,893650,35.6306990578488,1091130,523310,523310,4,True,True
1212,GEN,DG037,model.8.cv2.conv,74,60.3942985534668,325,142,141,1614440,1613476,964,894614,35.669134680174956,1091130,522346,522346,4,True,True
1213,GEN,DG037,model.8.cv2.conv,107,60.41379928588867,325,141,140,1613476,1612512,964,895578,35.707570302501104,1091130,521382,521382,4,True,True
1214,GEN,DG037,model.8.cv2.conv,51,60.42411422729492,325,140,139,1612512,1611548,964,896542,35.74600592482726,1091130,520418,520418,4,True,True
1215,GEN,DG037,model.8.cv2.conv,47,60.44628143310547,326,139,138,1611548,1610584,964,897506,35.78444154715341,1091130,519454,519454,4,True,True
1216,GEN,DG037,model.8.cv2.conv,36,60.448707580566406,326,138,137,1610584,1609620,964,898470,35.82287716947956,1091130,518490,518490,4,True,True
1217,GEN,DG037,model.8.cv2.conv,28,60.46090316772461,326,137,136,1609620,1608656,964,899434,35.861312791805716,1091130,517526,517526,4,True,True
1218,GEN,DG037,model.8.cv2.conv,81,60.465179443359375,326,136,135,1608656,1607692,964,900398,35.89974841413187,1091130,516562,516562,4,True,True
1219,GEN,DG037,model.8.cv2.conv,119,60.49274826049805,326,135,134,1607692,1606728,964,901362,35.93818403645802,1091130,515598,515598,4,True,True
1220,GEN,DG037,model.8.cv2.conv,39,60.50630187988281,327,134,133,1606728,1605764,964,902326,35.97661965878417,1091130,514634,514634,4,True,True
1221,GEN,DG037,model.8.cv2.conv,126,60.50950241088867,327,133,132,1605764,1604800,964,903290,36.01505528111033,1091130,513670,513670,4,True,True
1222,GEN,DG037,model.8.cv2.conv,30,60.510162353515625,327,132,131,1604800,1603836,964,904254,36.05349090343648,1091130,512706,512706,4,True,True
1223,GEN,DG037,model.8.cv2.conv,115,60.510223388671875,327,131,130,1603836,1602872,964,905218,36.09192652576263,1091130,511742,511742,4,True,True
1224,GEN,DG037,model.8.cv2.conv,31,60.51116943359375,327,130,129,1602872,1601908,964,906182,36.130362148088786,1091130,510778,510778,4,True,True
1225,GEN,DG037,model.8.cv2.conv,122,60.521060943603516,327,129,128,1601908,1600944,964,907146,36.16879777041494,1091130,509814,509814,4,True,True
1226,GEN,DG036,model.7.conv,77,61.292015075683594,334,252,251,1600944,1600110,834,907980,36.20205016566391,1091130,508980,508980,4,True,True
1227,GEN,DG036,model.7.conv,67,62.31368637084961,343,251,250,1600110,1599276,834,908814,36.235302560912885,1091130,508146,508146,4,True,True
1228,GEN,DG015,model.17.conv,43,62.479759216308594,343,64,63,1599276,1598570,706,909520,36.263451471039716,1091130,507440,507440,4,True,True
1229,GEN,DG015,model.17.conv,1,62.9968376159668,350,63,62,1598570,1597864,706,910226,36.291600381166546,1091130,506734,506734,4,True,True
1230,GEN,DG015,model.17.conv,31,63.33163070678711,353,62,61,1597864,1597158,706,910932,36.31974929129338,1091130,506028,506028,4,True,True
1231,GEN,DG036,model.7.conv,103,64.21707153320312,365,250,249,1597158,1596324,834,911766,36.35300168654235,1091130,505194,505194,4,True,True
1232,GEN,DG030,model.5.conv,122,64.71255493164062,369,127,126,1596324,1595618,706,912472,36.38115059666918,1091130,504488,504488,4,True,True
1233,GEN,DG030,model.5.conv,70,64.87603759765625,371,126,125,1595618,1594912,706,913178,36.40929950679601,1091130,503782,503782,4,True,True
1234,GEN,DG036,model.7.conv,27,65.2552261352539,376,249,248,1594912,1594078,834,914012,36.44255190204498,1091130,502948,502948,4,True,True
1235,GEN,DG036,model.7.conv,154,65.47404479980469,382,248,247,1594078,1593244,834,914846,36.475804297293955,1091130,502114,502114,4,True,True
1236,GEN,DG036,model.7.conv,88,65.53246307373047,383,247,246,1593244,1592410,834,915680,36.509056692542934,1091130,501280,501280,4,True,True
1237,GEN,DG015,model.17.conv,54,65.63382720947266,385,61,60,1592410,1591704,706,916386,36.53720560266976,1091130,500574,500574,4,True,True
1238,GEN,DG015,model.17.conv,0,66.41702270507812,395,60,59,1591704,1590998,706,917092,36.56535451279659,1091130,499868,499868,4,True,True
1239,GEN,DG015,model.17.conv,12,66.69931030273438,401,59,58,1590998,1590292,706,917798,36.59350342292342,1091130,499162,499162,4,True,True
1240,GEN,DG015,model.17.conv,55,67.45623779296875,408,58,57,1590292,1589586,706,918504,36.62165233305025,1091130,498456,498456,4,True,True
1241,GEN,DG030,model.5.conv,23,67.47955322265625,408,125,124,1589586,1588880,706,919210,36.64980124317708,1091130,497750,497750,4,True,True
1242,GEN,DG030,model.5.conv,114,67.49986267089844,408,124,123,1588880,1588174,706,919916,36.67795015330391,1091130,497044,497044,4,True,True
1243,GEN,DG015,model.17.conv,55,69.0491943359375,419,57,56,1588174,1587468,706,920622,36.70609906343074,1091130,496338,496338,4,True,True
1244,GEN,DG030,model.5.conv,48,69.29154205322266,420,123,122,1587468,1586762,706,921328,36.734247973557565,1091130,495632,495632,4,True,True
1245,GEN,DG030,model.5.conv,89,69.35585021972656,420,122,121,1586762,1586056,706,922034,36.762396883684396,1091130,494926,494926,4,True,True
1246,GEN,DG030,model.5.conv,120,69.62152862548828,422,121,120,1586056,1585350,706,922740,36.790545793811226,1091130,494220,494220,4,True,True
1247,GEN,DG030,model.5.conv,92,69.71517181396484,422,120,119,1585350,1584644,706,923446,36.81869470393806,1091130,493514,493514,4,True,True
1248,GEN,DG030,model.5.conv,105,69.95545196533203,423,119,118,1584644,1583938,706,924152,36.84684361406489,1091130,492808,492808,4,True,True
1249,GEN,DG036,model.7.conv,79,70.08058166503906,424,246,245,1583938,1583104,834,924986,36.88009600931386,1091130,491974,491974,4,True,True
1250,GEN,DG036,model.7.conv,90,70.28225708007812,424,245,244,1583104,1582270,834,925820,36.91334840456283,1091130,491140,491140,4,True,True
1251,GEN,DG015,model.17.conv,46,70.35610961914062,424,56,55,1582270,1581564,706,926526,36.94149731468966,1091130,490434,490434,4,True,True
1252,GEN,DG036,model.7.conv,40,70.42521667480469,425,244,243,1581564,1580730,834,927360,36.974749709938635,1091130,489600,489600,4,True,True
1253,GEN,DG036,model.7.conv,130,70.43296813964844,425,243,242,1580730,1579896,834,928194,37.008002105187614,1091130,488766,488766,4,True,True
1254,GEN,DG036,model.7.conv,79,70.57795715332031,426,242,241,1579896,1579062,834,929028,37.04125450043659,1091130,487932,487932,4,True,True
1255,GEN,DG015,model.17.conv,47,71.01982116699219,429,55,54,1579062,1578356,706,929734,37.06940341056342,1091130,487226,487226,4,True,True
1256,GEN,DG015,model.17.conv,45,71.21597290039062,430,54,53,1578356,1577650,706,930440,37.09755232069025,1091130,486520,486520,4,True,True
1257,GEN,DG015,model.17.conv,48,71.70635986328125,435,53,52,1577650,1576944,706,931146,37.12570123081708,1091130,485814,485814,4,True,True
1258,GEN,DG036,model.7.conv,71,72.31008911132812,439,241,240,1576944,1576110,834,931980,37.15895362606605,1091130,484980,484980,4,True,True
1259,GEN,DG036,model.7.conv,2,72.76385498046875,441,240,239,1576110,1575276,834,932814,37.19220602131502,1091130,484146,484146,4,True,True
1260,GEN,DG036,model.7.conv,118,73.02854919433594,443,239,238,1575276,1574442,834,933648,37.225458416563995,1091130,483312,483312,4,True,True
1261,GEN,DG015,model.17.conv,46,73.09308624267578,444,52,51,1574442,1573736,706,934354,37.253607326690826,1091130,482606,482606,4,True,True
1262,GEN,DG036,model.7.conv,33,73.10504913330078,444,238,237,1573736,1572902,834,935188,37.286859721939805,1091130,481772,481772,4,True,True
1263,GEN,DG036,model.7.conv,31,73.34315490722656,444,237,236,1572902,1572068,834,936022,37.32011211718878,1091130,480938,480938,4,True,True
1264,GEN,DG030,model.5.conv,34,73.49777221679688,444,118,117,1572068,1571362,706,936728,37.34826102731561,1091130,480232,480232,4,True,True
1265,GEN,DG030,model.5.conv,65,73.50346374511719,444,117,116,1571362,1570656,706,937434,37.37640993744244,1091130,479526,479526,4,True,True
1266,GEN,DG036,model.7.conv,156,73.54373931884766,444,236,235,1570656,1569822,834,938268,37.40966233269141,1091130,478692,478692,4,True,True
1267,GEN,DG015,model.17.conv,22,73.83943176269531,444,51,50,1569822,1569116,706,938974,37.43781124281824,1091130,477986,477986,4,True,True
1268,GEN,DG030,model.5.conv,97,73.85934448242188,444,116,115,1569116,1568410,706,939680,37.46596015294507,1091130,477280,477280,4,True,True
1269,GEN,DG015,model.17.conv,10,74.17605590820312,444,50,49,1568410,1567704,706,940386,37.494109063071896,1091130,476574,476574,4,True,True
1270,GEN,DG036,model.7.conv,172,74.33296203613281,444,235,234,1567704,1566870,834,941220,37.527361458320875,1091130,475740,475740,4,True,True
1271,GEN,DG036,model.7.conv,42,74.56736755371094,445,234,233,1566870,1566036,834,942054,37.56061385356985,1091130,474906,474906,4,True,True
1272,GEN,DG015,model.17.conv,20,74.58116912841797,445,49,48,1566036,1565330,706,942760,37.58876276369668,1091130,474200,474200,4,True,True
1273,GEN,DG036,model.7.conv,229,74.62616729736328,445,233,232,1565330,1564496,834,943594,37.62201515894565,1091130,473366,473366,4,True,True
1274,GEN,DG036,model.7.conv,201,74.65699768066406,445,232,231,1564496,1563662,834,944428,37.65526755419462,1091130,472532,472532,4,True,True
1275,GEN,DG015,model.17.conv,28,74.70097351074219,445,48,47,1563662,1562956,706,945134,37.68341646432145,1091130,471826,471826,4,True,True
1276,GEN,DG030,model.5.conv,38,74.7935791015625,446,115,114,1562956,1562250,706,945840,37.711565374448284,1091130,471120,471120,4,True,True
1277,GEN,DG030,model.5.conv,14,75.2638168334961,446,114,113,1562250,1561544,706,946546,37.739714284575115,1091130,470414,470414,4,True,True
1278,GEN,DG036,model.7.conv,49,75.31703186035156,446,231,230,1561544,1560710,834,947380,37.77296667982409,1091130,469580,469580,4,True,True
1279,GEN,DG036,model.7.conv,138,75.41102600097656,446,230,229,1560710,1559876,834,948214,37.80621907507307,1091130,468746,468746,4,True,True
1280,GEN,DG036,model.7.conv,113,75.5811767578125,446,229,228,1559876,1559042,834,949048,37.83947147032204,1091130,467912,467912,4,True,True
1281,GEN,DG030,model.5.conv,97,75.60464477539062,446,113,112,1559042,1558336,706,949754,37.86762038044887,1091130,467206,467206,4,True,True
1282,GEN,DG036,model.7.conv,192,75.6079330444336,446,228,227,1558336,1557502,834,950588,37.90087277569784,1091130,466372,466372,4,True,True
1283,GEN,DG036,model.7.conv,154,75.63058471679688,446,227,226,1557502,1556668,834,951422,37.934125170946814,1091130,465538,465538,4,True,True
1284,GEN,DG036,model.7.conv,134,75.70780944824219,446,226,225,1556668,1555834,834,952256,37.96737756619579,1091130,464704,464704,4,True,True
1285,GEN,DG015,model.17.conv,8,75.87405395507812,447,47,46,1555834,1555128,706,952962,37.99552647632262,1091130,463998,463998,4,True,True
1286,GEN,DG036,model.7.conv,82,75.88626861572266,447,225,224,1555128,1554294,834,953796,38.028778871571596,1091130,463164,463164,4,True,True
1287,GEN,DG036,model.7.conv,189,75.90785217285156,447,224,223,1554294,1553460,834,954630,38.06203126682057,1091130,462330,462330,4,True,True
1288,GEN,DG015,model.17.conv,2,76.01048278808594,447,46,45,1553460,1552754,706,955336,38.0901801769474,1091130,461624,461624,4,True,True
1289,GEN,DG036,model.7.conv,168,76.03303527832031,447,223,222,1552754,1551920,834,956170,38.12343257219637,1091130,460790,460790,4,True,True
1290,GEN,DG030,model.5.conv,110,76.10911560058594,447,112,111,1551920,1551214,706,956876,38.1515814823232,1091130,460084,460084,4,True,True
1291,GEN,DG030,model.5.conv,21,76.16397094726562,447,111,110,1551214,1550508,706,957582,38.17973039245003,1091130,459378,459378,4,True,True
1292,GEN,DG015,model.17.conv,5,76.59293365478516,447,45,44,1550508,1549802,706,958288,38.20787930257686,1091130,458672,458672,4,True,True
1293,GEN,DG015,model.17.conv,5,76.72553253173828,447,44,43,1549802,1549096,706,958994,38.236028212703694,1091130,457966,457966,4,True,True
1294,GEN,DG036,model.7.conv,142,76.78529357910156,447,222,221,1549096,1548262,834,959828,38.269280607952666,1091130,457132,457132,4,True,True
1295,GEN,DG030,model.5.conv,97,76.85070037841797,447,110,109,1548262,1547556,706,960534,38.2974295180795,1091130,456426,456426,4,True,True
1296,GEN,DG030,model.5.conv,69,77.03782653808594,447,109,108,1547556,1546850,706,961240,38.32557842820633,1091130,455720,455720,4,True,True
1297,GEN,DG015,model.17.conv,18,77.08258056640625,447,43,42,1546850,1546144,706,961946,38.35372733833315,1091130,455014,455014,4,True,True
1298,GEN,DG036,model.7.conv,147,77.2455062866211,447,221,220,1546144,1545310,834,962780,38.38697973358213,1091130,454180,454180,4,True,True
1299,GEN,DG030,model.5.conv,65,77.28643798828125,447,108,107,1545310,1544604,706,963486,38.41512864370896,1091130,453474,453474,4,True,True
1300,GEN,DG015,model.17.conv,17,77.37232208251953,447,42,41,1544604,1543898,706,964192,38.443277553835784,1091130,452768,452768,4,True,True
1301,GEN,DG036,model.7.conv,140,77.40786743164062,447,220,219,1543898,1543064,834,965026,38.476529949084764,1091130,451934,451934,4,True,True
1302,GEN,DG015,model.17.conv,39,77.49214172363281,447,41,40,1543064,1542358,706,965732,38.504678859211594,1091130,451228,451228,4,True,True
1303,GEN,DG015,model.17.conv,22,77.49791717529297,447,40,39,1542358,1541652,706,966438,38.53282776933842,1091130,450522,450522,4,True,True
1304,GEN,DG015,model.17.conv,25,77.57754516601562,447,39,38,1541652,1540946,706,967144,38.56097667946525,1091130,449816,449816,4,True,True
1305,GEN,DG036,model.7.conv,161,77.60205078125,447,219,218,1540946,1540112,834,967978,38.59422907471423,1091130,448982,448982,4,True,True
1306,GEN,DG030,model.5.conv,82,77.88121032714844,447,107,106,1540112,1539406,706,968684,38.62237798484105,1091130,448276,448276,4,True,True
1307,GEN,DG036,model.7.conv,156,77.9697265625,447,218,217,1539406,1538572,834,969518,38.65563038009003,1091130,447442,447442,4,True,True
1308,GEN,DG015,model.17.conv,21,77.9931640625,447,38,37,1538572,1537866,706,970224,38.68377929021686,1091130,446736,446736,4,True,True
1309,GEN,DG030,model.5.conv,94,78.18656158447266,447,106,105,1537866,1537160,706,970930,38.711928200343685,1091130,446030,446030,4,True,True
1310,GEN,DG036,model.7.conv,8,78.19004821777344,447,217,216,1537160,1536326,834,971764,38.745180595592664,1091130,445196,445196,4,True,True
1311,GEN,DG036,model.7.conv,111,78.54811096191406,447,216,215,1536326,1535492,834,972598,38.77843299084164,1091130,444362,444362,4,True,True
1312,GEN,DG030,model.5.conv,100,78.57090759277344,447,105,104,1535492,1534786,706,973304,38.80658190096847,1091130,443656,443656,4,True,True
1313,GEN,DG036,model.7.conv,21,78.61735534667969,447,215,214,1534786,1533952,834,974138,38.83983429621744,1091130,442822,442822,4,True,True
1314,GEN,DG036,model.7.conv,143,78.725341796875,447,214,213,1533952,1533118,834,974972,38.87308669146641,1091130,441988,441988,4,True,True
1315,GEN,DG015,model.17.conv,2,78.7275390625,447,37,36,1533118,1532412,706,975678,38.90123560159324,1091130,441282,441282,4,True,True
1316,GEN,DG036,model.7.conv,179,78.82127380371094,447,213,212,1532412,1531578,834,976512,38.93448799684222,1091130,440448,440448,4,True,True
1317,GEN,DG030,model.5.conv,20,78.84298706054688,447,104,103,1531578,1530872,706,977218,38.962636906969045,1091130,439742,439742,4,True,True
1318,GEN,DG036,model.7.conv,114,78.93338012695312,447,212,211,1530872,1530038,834,978052,38.995889302218025,1091130,438908,438908,4,True,True
1319,GEN,DG036,model.7.conv,52,78.9434585571289,447,211,210,1530038,1529204,834,978886,39.029141697467,1091130,438074,438074,4,True,True
1320,GEN,DG015,model.17.conv,13,78.96519470214844,447,36,35,1529204,1528498,706,979592,39.05729060759383,1091130,437368,437368,4,True,True
1321,GEN,DG015,model.17.conv,4,78.99008178710938,447,35,34,1528498,1527792,706,980298,39.08543951772066,1091130,436662,436662,4,True,True
1322,GEN,DG015,model.17.conv,21,79.00382995605469,447,34,33,1527792,1527086,706,981004,39.11358842784749,1091130,435956,435956,4,True,True
1323,GEN,DG030,model.5.conv,17,79.00643920898438,447,103,102,1527086,1526380,706,981710,39.14173733797431,1091130,435250,435250,4,True,True
1324,GEN,DG036,model.7.conv,152,79.01780700683594,447,210,209,1526380,1525546,834,982544,39.17498973322329,1091130,434416,434416,4,True,True
1325,GEN,DG036,model.7.conv,123,79.04407501220703,447,209,208,1525546,1524712,834,983378,39.208242128472264,1091130,433582,433582,4,True,True
1326,GEN,DG036,model.7.conv,40,79.08881378173828,447,208,207,1524712,1523878,834,984212,39.24149452372124,1091130,432748,432748,4,True,True
1327,GEN,DG036,model.7.conv,86,79.1776123046875,447,207,206,1523878,1523044,834,985046,39.274746918970216,1091130,431914,431914,4,True,True
1328,GEN,DG030,model.5.conv,98,79.18193817138672,447,102,101,1523044,1522338,706,985752,39.30289582909704,1091130,431208,431208,4,True,True
1329,GEN,DG036,model.7.conv,115,79.28559875488281,447,206,205,1522338,1521504,834,986586,39.33614822434602,1091130,430374,430374,4,True,True
1330,GEN,DG030,model.5.conv,73,79.31309509277344,447,101,100,1521504,1520798,706,987292,39.36429713447285,1091130,429668,429668,4,True,True
1331,GEN,DG015,model.17.conv,24,79.37332153320312,447,33,32,1520798,1520092,706,987998,39.39244604459967,1091130,428962,428962,4,True,True
1332,GEN,DG036,model.7.conv,152,79.45130920410156,447,205,204,1520092,1519258,834,988832,39.42569843984865,1091130,428128,428128,4,True,True
1333,GEN,DG036,model.7.conv,155,79.45892333984375,447,204,203,1519258,1518424,834,989666,39.458950835097625,1091130,427294,427294,4,True,True
1334,GEN,DG036,model.7.conv,2,79.64702606201172,447,203,202,1518424,1517590,834,990500,39.4922032303466,1091130,426460,426460,4,True,True
1335,GEN,DG036,model.7.conv,200,79.71702575683594,447,202,201,1517590,1516756,834,991334,39.525455625595576,1091130,425626,425626,4,True,True
1336,GEN,DG030,model.5.conv,82,79.73217010498047,447,100,99,1516756,1516050,706,992040,39.5536045357224,1091130,424920,424920,4,True,True
1337,GEN,DG030,model.5.conv,11,79.78746032714844,447,99,98,1516050,1515344,706,992746,39.58175344584923,1091130,424214,424214,4,True,True
1338,GEN,DG036,model.7.conv,62,79.82215881347656,447,201,200,1515344,1514510,834,993580,39.6150058410982,1091130,423380,423380,4,True,True
1339,GEN,DG036,model.7.conv,95,79.85528564453125,447,200,199,1514510,1513676,834,994414,39.64825823634718,1091130,422546,422546,4,True,True
1340,GEN,DG036,model.7.conv,121,79.90069580078125,447,199,198,1513676,1512842,834,995248,39.681510631596154,1091130,421712,421712,4,True,True
1341,GEN,DG030,model.5.conv,88,79.91879272460938,447,98,97,1512842,1512136,706,995954,39.709659541722985,1091130,421006,421006,4,True,True
1342,GEN,DG030,model.5.conv,85,80.02733612060547,447,97,96,1512136,1511430,706,996660,39.737808451849816,1091130,420300,420300,4,True,True
1343,GEN,DG030,model.5.conv,22,80.14930725097656,447,96,95,1511430,1510724,706,997366,39.765957361976646,1091130,419594,419594,4,True,True
1344,GEN,DG030,model.5.conv,77,80.18534851074219,447,95,94,1510724,1510018,706,998072,39.79410627210347,1091130,418888,418888,4,True,True
1345,GEN,DG030,model.5.conv,19,80.19815063476562,447,94,93,1510018,1509312,706,998778,39.8222551822303,1091130,418182,418182,4,True,True
1346,GEN,DG036,model.7.conv,9,80.21113586425781,447,198,197,1509312,1508478,834,999612,39.85550757747928,1091130,417348,417348,4,True,True
1347,GEN,DG036,model.7.conv,79,80.27688598632812,447,197,196,1508478,1507644,834,1000446,39.88875997272825,1091130,416514,416514,4,True,True
1348,GEN,DG030,model.5.conv,18,80.2959976196289,447,93,92,1507644,1506938,706,1001152,39.91690888285508,1091130,415808,415808,4,True,True
1349,GEN,DG036,model.7.conv,172,80.33331298828125,447,196,195,1506938,1506104,834,1001986,39.950161278104055,1091130,414974,414974,4,True,True
1350,GEN,DG036,model.7.conv,63,80.41839599609375,447,195,194,1506104,1505270,834,1002820,39.98341367335303,1091130,414140,414140,4,True,True
1351,GEN,DG036,model.7.conv,125,80.44296264648438,447,194,193,1505270,1504436,834,1003654,40.01666606860201,1091130,413306,413306,4,True,True
1352,GEN,DG036,model.7.conv,43,80.48844146728516,447,193,192,1504436,1503602,834,1004488,40.04991846385098,1091130,412472,412472,4,True,True
1353,GEN,DG036,model.7.conv,183,80.48854064941406,447,192,191,1503602,1502768,834,1005322,40.08317085909995,1091130,411638,411638,4,True,True
1354,GEN,DG036,model.7.conv,151,80.55020141601562,447,191,190,1502768,1501934,834,1006156,40.11642325434892,1091130,410804,410804,4,True,True
1355,GEN,DG030,model.5.conv,40,80.5904541015625,447,92,91,1501934,1501228,706,1006862,40.144572164475754,1091130,410098,410098,4,True,True
1356,GEN,DG036,model.7.conv,145,80.59571838378906,447,190,189,1501228,1500394,834,1007696,40.17782455972473,1091130,409264,409264,4,True,True
1357,GEN,DG036,model.7.conv,119,80.60186767578125,447,189,188,1500394,1499560,834,1008530,40.211076954973706,1091130,408430,408430,4,True,True
1358,GEN,DG030,model.5.conv,52,80.60625457763672,447,91,90,1499560,1498854,706,1009236,40.239225865100536,1091130,407724,407724,4,True,True
1359,GEN,DG036,model.7.conv,105,80.61129760742188,447,188,187,1498854,1498020,834,1010070,40.27247826034951,1091130,406890,406890,4,True,True
1360,GEN,DG036,model.7.conv,135,80.63497161865234,447,187,186,1498020,1497186,834,1010904,40.30573065559848,1091130,406056,406056,4,True,True
1361,GEN,DG030,model.5.conv,6,80.64094543457031,447,90,89,1497186,1496480,706,1011610,40.33387956572531,1091130,405350,405350,4,True,True
1362,GEN,DG030,model.5.conv,36,80.64582824707031,447,89,88,1496480,1495774,706,1012316,40.36202847585214,1091130,404644,404644,4,True,True
1363,GEN,DG036,model.7.conv,9,80.68566131591797,447,186,185,1495774,1494940,834,1013150,40.395280871101114,1091130,403810,403810,4,True,True
1364,GEN,DG036,model.7.conv,149,80.68815612792969,447,185,184,1494940,1494106,834,1013984,40.428533266350094,1091130,402976,402976,4,True,True
1365,GEN,DG030,model.5.conv,23,80.75186920166016,447,88,87,1494106,1493400,706,1014690,40.45668217647692,1091130,402270,402270,4,True,True
1366,GEN,DG030,model.5.conv,1,80.76779174804688,447,87,86,1493400,1492694,706,1015396,40.48483108660375,1091130,401564,401564,4,True,True
1367,GEN,DG036,model.7.conv,23,80.80536651611328,447,184,183,1492694,1491860,834,1016230,40.51808348185273,1091130,400730,400730,4,True,True
1368,GEN,DG030,model.5.conv,62,80.81535339355469,447,86,85,1491860,1491154,706,1016936,40.54623239197955,1091130,400024,400024,4,True,True
1369,GEN,DG030,model.5.conv,59,80.81729888916016,447,85,84,1491154,1490448,706,1017642,40.57438130210638,1091130,399318,399318,4,True,True
1370,GEN,DG030,model.5.conv,15,80.8502197265625,447,84,83,1490448,1489742,706,1018348,40.60253021223321,1091130,398612,398612,4,True,True
1371,GEN,DG030,model.5.conv,67,80.86443328857422,447,83,82,1489742,1489036,706,1019054,40.63067912236004,1091130,397906,397906,4,True,True
1372,GEN,DG036,model.7.conv,181,80.94070434570312,447,183,182,1489036,1488202,834,1019888,40.663931517609015,1091130,397072,397072,4,True,True
1373,GEN,DG030,model.5.conv,13,80.95746612548828,447,82,81,1488202,1487496,706,1020594,40.692080427735846,1091130,396366,396366,4,True,True
1374,GEN,DG030,model.5.conv,18,80.97399139404297,447,81,80,1487496,1486790,706,1021300,40.720229337862676,1091130,395660,395660,4,True,True
1375,GEN,DG036,model.7.conv,114,81.04487609863281,447,182,181,1486790,1485956,834,1022134,40.75348173311165,1091130,394826,394826,4,True,True
1376,GEN,DG036,model.7.conv,158,81.06794738769531,447,181,180,1485956,1485122,834,1022968,40.78673412836063,1091130,393992,393992,4,True,True
1377,GEN,DG036,model.7.conv,102,81.06829833984375,447,180,179,1485122,1484288,834,1023802,40.8199865236096,1091130,393158,393158,4,True,True
1378,GEN,DG036,model.7.conv,133,81.09332275390625,447,179,178,1484288,1483454,834,1024636,40.85323891885857,1091130,392324,392324,4,True,True
1379,GEN,DG036,model.7.conv,78,81.1064453125,447,178,177,1483454,1482620,834,1025470,40.886491314107545,1091130,391490,391490,4,True,True
1380,GEN,DG036,model.7.conv,64,81.10669708251953,447,177,176,1482620,1481786,834,1026304,40.919743709356524,1091130,390656,390656,4,True,True
1381,GEN,DG036,model.7.conv,52,81.15190124511719,447,176,175,1481786,1480952,834,1027138,40.952996104605496,1091130,389822,389822,4,True,True
1382,GEN,DG030,model.5.conv,37,81.18354797363281,447,80,79,1480952,1480246,706,1027844,40.98114501473233,1091130,389116,389116,4,True,True
1383,GEN,DG030,model.5.conv,78,81.24615478515625,447,79,78,1480246,1479540,706,1028550,41.00929392485916,1091130,388410,388410,4,True,True
1384,GEN,DG036,model.7.conv,127,81.28239440917969,447,175,174,1479540,1478706,834,1029384,41.04254632010813,1091130,387576,387576,4,True,True
1385,GEN,DG036,model.7.conv,140,81.29731750488281,447,174,173,1478706,1477872,834,1030218,41.0757987153571,1091130,386742,386742,4,True,True
1386,GEN,DG036,model.7.conv,36,81.31548309326172,447,173,172,1477872,1477038,834,1031052,41.10905111060608,1091130,385908,385908,4,True,True
1387,GEN,DG036,model.7.conv,142,81.3492431640625,447,172,171,1477038,1476204,834,1031886,41.142303505855054,1091130,385074,385074,4,True,True
1388,GEN,DG036,model.7.conv,87,81.38597869873047,447,171,170,1476204,1475370,834,1032720,41.175555901104026,1091130,384240,384240,4,True,True
1389,GEN,DG036,model.7.conv,122,81.39698791503906,447,170,169,1475370,1474536,834,1033554,41.208808296353,1091130,383406,383406,4,True,True
1390,GEN,DG036,model.7.conv,86,81.42855072021484,447,169,168,1474536,1473702,834,1034388,41.24206069160198,1091130,382572,382572,4,True,True
1391,GEN,DG030,model.5.conv,26,81.51201629638672,447,78,77,1473702,1472996,706,1035094,41.27020960172881,1091130,381866,381866,4,True,True
1392,GEN,DG036,model.7.conv,71,81.62554931640625,447,168,167,1472996,1472162,834,1035928,41.30346199697778,1091130,381032,381032,4,True,True
1393,GEN,DG036,model.7.conv,132,81.76069641113281,447,167,166,1472162,1471328,834,1036762,41.33671439222675,1091130,380198,380198,4,True,True
1394,GEN,DG030,model.5.conv,29,81.76663970947266,447,77,76,1471328,1470622,706,1037468,41.364863302353584,1091130,379492,379492,4,True,True
1395,GEN,DG030,model.5.conv,6,81.83218383789062,447,76,75,1470622,1469916,706,1038174,41.393012212480414,1091130,378786,378786,4,True,True
1396,GEN,DG030,model.5.conv,55,81.90449523925781,448,75,74,1469916,1469210,706,1038880,41.421161122607245,1091130,378080,378080,4,True,True
1397,GEN,DG036,model.7.conv,110,81.93832397460938,448,166,165,1469210,1468376,834,1039714,41.45441351785622,1091130,377246,377246,4,True,True
1398,GEN,DG030,model.5.conv,45,82.02411651611328,448,74,73,1468376,1467670,706,1040420,41.48256242798305,1091130,376540,376540,4,True,True
1399,GEN,DG036,model.7.conv,107,82.02912902832031,448,165,164,1467670,1466836,834,1041254,41.51581482323202,1091130,375706,375706,4,True,True
1400,GEN,DG030,model.5.conv,32,82.03534698486328,448,73,72,1466836,1466130,706,1041960,41.54396373335885,1091130,375000,375000,4,True,True
1401,GEN,DG036,model.7.conv,108,82.04420471191406,448,164,163,1466130,1465296,834,1042794,41.57721612860782,1091130,374166,374166,4,True,True
1402,GEN,DG030,model.5.conv,45,82.1465072631836,448,72,71,1465296,1464590,706,1043500,41.605365038734654,1091130,373460,373460,4,True,True
1403,GEN,DG036,model.7.conv,102,82.15843200683594,448,163,162,1464590,1463756,834,1044334,41.638617433983626,1091130,372626,372626,4,True,True
1404,GEN,DG030,model.5.conv,30,82.22027587890625,448,71,70,1463756,1463050,706,1045040,41.66676634411046,1091130,371920,371920,4,True,True
1405,GEN,DG036,model.7.conv,61,82.22657775878906,448,162,161,1463050,1462216,834,1045874,41.700018739359436,1091130,371086,371086,4,True,True
1406,GEN,DG036,model.7.conv,78,82.24609375,448,161,160,1462216,1461382,834,1046708,41.73327113460841,1091130,370252,370252,4,True,True
1407,GEN,DG036,model.7.conv,85,82.24761962890625,448,160,159,1461382,1460548,834,1047542,41.76652352985738,1091130,369418,369418,4,True,True
1408,GEN,DG036,model.7.conv,14,82.28968811035156,448,159,158,1460548,1459714,834,1048376,41.79977592510635,1091130,368584,368584,4,True,True
1409,GEN,DG036,model.7.conv,38,82.31755065917969,448,158,157,1459714,1458880,834,1049210,41.83302832035533,1091130,367750,367750,4,True,True
1410,GEN,DG030,model.5.conv,58,82.33782958984375,448,70,69,1458880,1458174,706,1049916,41.86117723048216,1091130,367044,367044,4,True,True
1411,GEN,DG036,model.7.conv,70,82.43260192871094,448,157,156,1458174,1457340,834,1050750,41.894429625731135,1091130,366210,366210,4,True,True
1412,GEN,DG030,model.5.conv,41,82.45767211914062,448,69,68,1457340,1456634,706,1051456,41.922578535857966,1091130,365504,365504,4,True,True
1413,GEN,DG030,model.5.conv,7,82.46255493164062,448,68,67,1456634,1455928,706,1052162,41.950727445984796,1091130,364798,364798,4,True,True
1414,GEN,DG030,model.5.conv,22,82.46919250488281,448,67,66,1455928,1455222,706,1052868,41.97887635611162,1091130,364092,364092,4,True,True
1415,GEN,DG030,model.5.conv,45,82.507568359375,448,66,65,1455222,1454516,706,1053574,42.00702526623845,1091130,363386,363386,4,True,True
1416,GEN,DG036,model.7.conv,126,82.55146789550781,448,156,155,1454516,1453682,834,1054408,42.04027766148743,1091130,362552,362552,4,True,True
1417,GEN,DG030,model.5.conv,25,82.55955505371094,448,65,64,1453682,1452976,706,1055114,42.06842657161425,1091130,361846,361846,4,True,True
1418,GEN,DG036,model.7.conv,85,82.71037292480469,448,155,154,1452976,1452142,834,1055948,42.10167896686323,1091130,361012,361012,4,True,True
1419,GEN,DG036,model.7.conv,31,82.72506713867188,448,154,153,1452142,1451308,834,1056782,42.134931362112205,1091130,360178,360178,4,True,True
1420,GEN,DG036,model.7.conv,125,82.92776489257812,448,153,152,1451308,1450474,834,1057616,42.16818375736118,1091130,359344,359344,4,True,True
1421,GEN,DG036,model.7.conv,60,82.95420837402344,448,152,151,1450474,1449640,834,1058450,42.20143615261016,1091130,358510,358510,4,True,True
1422,GEN,DG036,model.7.conv,122,82.96015930175781,448,151,150,1449640,1448806,834,1059284,42.23468854785913,1091130,357676,357676,4,True,True
1423,GEN,DG036,model.7.conv,111,83.04962158203125,448,150,149,1448806,1447972,834,1060118,42.2679409431081,1091130,356842,356842,4,True,True
1424,GEN,DG036,model.7.conv,13,83.18658447265625,448,149,148,1447972,1447138,834,1060952,42.30119333835707,1091130,356008,356008,4,True,True
1425,GEN,DG036,model.7.conv,120,83.21018981933594,448,148,147,1447138,1446304,834,1061786,42.33444573360605,1091130,355174,355174,4,True,True
1426,GEN,DG036,model.7.conv,48,83.24435424804688,448,147,146,1446304,1445470,834,1062620,42.367698128855025,1091130,354340,354340,4,True,True
1427,GEN,DG036,model.7.conv,37,83.25201416015625,448,146,145,1445470,1444636,834,1063454,42.400950524104,1091130,353506,353506,4,True,True
1428,GEN,DG036,model.7.conv,103,83.31602478027344,448,145,144,1444636,1443802,834,1064288,42.43420291935298,1091130,352672,352672,4,True,True
1429,GEN,DG036,model.7.conv,124,83.33719635009766,448,144,143,1443802,1442968,834,1065122,42.46745531460195,1091130,351838,351838,4,True,True
1430,GEN,DG036,model.7.conv,60,83.3773193359375,448,143,142,1442968,1442134,834,1065956,42.50070770985092,1091130,351004,351004,4,True,True
1431,GEN,DG036,model.7.conv,118,83.41519165039062,448,142,141,1442134,1441300,834,1066790,42.533960105099894,1091130,350170,350170,4,True,True
1432,GEN,DG036,model.7.conv,69,83.42497253417969,448,141,140,1441300,1440466,834,1067624,42.56721250034887,1091130,349336,349336,4,True,True
1433,GEN,DG036,model.7.conv,114,83.43289184570312,448,140,139,1440466,1439632,834,1068458,42.600464895597845,1091130,348502,348502,4,True,True
1434,GEN,DG036,model.7.conv,55,83.50393676757812,448,139,138,1439632,1438798,834,1069292,42.63371729084682,1091130,347668,347668,4,True,True
1435,GEN,DG036,model.7.conv,123,83.76213836669922,448,138,137,1438798,1437964,834,1070126,42.6669696860958,1091130,346834,346834,4,True,True
1436,GEN,DG036,model.7.conv,49,83.87507629394531,448,137,136,1437964,1437130,834,1070960,42.70022208134477,1091130,346000,346000,4,True,True
1437,GEN,DG036,model.7.conv,61,83.98040008544922,448,136,135,1437130,1436296,834,1071794,42.73347447659374,1091130,345166,345166,4,True,True
1438,GEN,DG036,model.7.conv,50,83.98979187011719,448,135,134,1436296,1435462,834,1072628,42.766726871842714,1091130,344332,344332,4,True,True
1439,GEN,DG036,model.7.conv,28,84.02684020996094,448,134,133,1435462,1434628,834,1073462,42.79997926709169,1091130,343498,343498,4,True,True
1440,GEN,DG036,model.7.conv,43,84.03071594238281,448,133,132,1434628,1433794,834,1074296,42.833231662340665,1091130,342664,342664,4,True,True
1441,GEN,DG036,model.7.conv,17,84.08511352539062,448,132,131,1433794,1432960,834,1075130,42.86648405758964,1091130,341830,341830,4,True,True
1442,GEN,DG036,model.7.conv,64,84.15229797363281,448,131,130,1432960,1432126,834,1075964,42.89973645283862,1091130,340996,340996,4,True,True
1443,GEN,DG036,model.7.conv,57,84.18057250976562,448,130,129,1432126,1431292,834,1076798,42.93298884808759,1091130,340162,340162,4,True,True
1444,GEN,DG036,model.7.conv,87,84.22203826904297,448,129,128,1431292,1430458,834,1077632,42.96624124333656,1091130,339328,339328,4,True,True
1445,GEN,DG023,model.20.conv,78,118.29354858398438,449,128,127,1430458,1429048,1410,1079042,43.02245932163519,1091130,337918,337918,4,True,True
1446,GEN,DG025,model.22.m.0.0.cv1.conv,30,122.7922134399414,449,64,63,1429048,1426742,2306,1081348,43.11440179578883,1091130,335612,335612,4,True,True
1447,GEN,DG023,model.20.conv,80,125.10015869140625,449,127,126,1426742,1425332,1410,1082758,43.17061987408745,1091130,334202,334202,4,True,True
1448,GEN,DG023,model.20.conv,103,132.37234497070312,449,126,125,1425332,1423922,1410,1084168,43.22683795238608,1091130,332792,332792,4,True,True
1449,GEN,DG025,model.22.m.0.0.cv1.conv,44,136.05044555664062,449,63,62,1423922,1421616,2306,1086474,43.31878042653972,1091130,330486,330486,4,True,True
1450,GEN,DG025,model.22.m.0.0.cv1.conv,26,137.2864990234375,449,62,61,1421616,1419310,2306,1088780,43.41072290069336,1091130,328180,328180,4,True,True
1451,GEN,DG023,model.20.conv,36,137.4418487548828,449,125,124,1419310,1417900,1410,1090190,43.466940978991985,1091130,326770,326770,4,True,True
1452,GEN,DG025,model.22.m.0.0.cv1.conv,55,138.4090576171875,449,61,60,1417900,1415594,2306,1092496,43.55888345314562,1091130,324464,324464,4,True,True
1453,GEN,DG023,model.20.conv,70,138.42791748046875,449,124,123,1415594,1414184,1410,1093906,43.615101531444246,1091130,323054,323054,4,True,True
1454,GEN,DG025,model.22.m.0.0.cv1.conv,35,138.66473388671875,449,60,59,1414184,1411878,2306,1096212,43.707044005597886,1091130,320748,320748,4,True,True
1455,GEN,DG025,model.22.m.0.0.cv1.conv,45,141.0565185546875,449,59,58,1411878,1409572,2306,1098518,43.79898647975153,1091130,318442,318442,4,True,True
1456,GEN,DG023,model.20.conv,61,141.2246856689453,449,123,122,1409572,1408162,1410,1099928,43.85520455805015,1091130,317032,317032,4,True,True
1457,GEN,DG025,model.22.m.0.0.cv1.conv,24,141.2672576904297,449,58,57,1408162,1405856,2306,1102234,43.94714703220379,1091130,314726,314726,4,True,True
1458,GEN,DG023,model.20.conv,62,141.43447875976562,449,122,121,1405856,1404446,1410,1103644,44.003365110502415,1091130,313316,313316,4,True,True
1459,GEN,DG025,model.22.m.0.0.cv1.conv,14,142.46087646484375,449,57,56,1404446,1402140,2306,1105950,44.095307584656055,1091130,311010,311010,4,True,True
1460,GEN,DG025,model.22.m.0.0.cv1.conv,8,142.63198852539062,449,56,55,1402140,1399834,2306,1108256,44.18725005880969,1091130,308704,308704,4,True,True
1461,GEN,DG025,model.22.m.0.0.cv1.conv,39,143.00209045410156,449,55,54,1399834,1397528,2306,1110562,44.27919253296333,1091130,306398,306398,4,True,True
1462,GEN,DG023,model.20.conv,14,144.2656707763672,449,121,120,1397528,1396118,1410,1111972,44.335410611261956,1091130,304988,304988,4,True,True
1463,GEN,DG023,model.20.conv,32,144.58287048339844,449,120,119,1396118,1394708,1410,1113382,44.391628689560584,1091130,303578,303578,4,True,True
1464,GEN,DG023,model.20.conv,15,146.68551635742188,449,119,118,1394708,1393298,1410,1114792,44.44784676785921,1091130,302168,302168,4,True,True
1465,GEN,DG023,model.20.conv,57,147.3743896484375,449,118,117,1393298,1391888,1410,1116202,44.50406484615783,1091130,300758,300758,4,True,True
1466,GEN,DG023,model.20.conv,52,151.43533325195312,449,117,116,1391888,1390478,1410,1117612,44.56028292445646,1091130,299348,299348,4,True,True
1467,GEN,DG023,model.20.conv,3,152.01043701171875,449,116,115,1390478,1389068,1410,1119022,44.616501002755086,1091130,297938,297938,4,True,True
1468,GEN,DG025,model.22.m.0.0.cv1.conv,40,152.08364868164062,449,54,53,1389068,1386762,2306,1121328,44.70844347690873,1091130,295632,295632,4,True,True
1469,GEN,DG023,model.20.conv,103,152.22637939453125,449,115,114,1386762,1385352,1410,1122738,44.76466155520735,1091130,294222,294222,4,True,True
1470,GEN,DG023,model.20.conv,107,152.32464599609375,449,114,113,1385352,1383942,1410,1124148,44.820879633505974,1091130,292812,292812,4,True,True
1471,GEN,DG023,model.20.conv,25,153.61251831054688,449,113,112,1383942,1382532,1410,1125558,44.8770977118046,1091130,291402,291402,4,True,True
1472,GEN,DG025,model.22.m.0.0.cv1.conv,52,155.21005249023438,449,53,52,1382532,1380226,2306,1127864,44.96904018595824,1091130,289096,289096,4,True,True
1473,GEN,DG023,model.20.conv,38,156.43148803710938,449,112,111,1380226,1378816,1410,1129274,45.02525826425686,1091130,287686,287686,4,True,True
1474,GEN,DG023,model.20.conv,28,157.72348022460938,449,111,110,1378816,1377406,1410,1130684,45.08147634255549,1091130,286276,286276,4,True,True
1475,GEN,DG023,model.20.conv,16,157.89544677734375,449,110,109,1377406,1375996,1410,1132094,45.13769442085412,1091130,284866,284866,4,True,True
1476,GEN,DG023,model.20.conv,60,158.01516723632812,449,109,108,1375996,1374586,1410,1133504,45.193912499152745,1091130,283456,283456,4,True,True
1477,GEN,DG023,model.20.conv,4,158.2261962890625,449,108,107,1374586,1373176,1410,1134914,45.250130577451365,1091130,282046,282046,4,True,True
1478,GEN,DG023,model.20.conv,66,158.7009735107422,449,107,106,1373176,1371766,1410,1136324,45.30634865574999,1091130,280636,280636,4,True,True
1479,GEN,DG023,model.20.conv,64,159.72509765625,449,106,105,1371766,1370356,1410,1137734,45.36256673404862,1091130,279226,279226,4,True,True
1480,GEN,DG025,model.22.m.0.0.cv1.conv,29,160.39601135253906,449,52,51,1370356,1368050,2306,1140040,45.45450920820226,1091130,276920,276920,4,True,True
1481,GEN,DG025,model.22.m.0.0.cv1.conv,43,160.99143981933594,449,51,50,1368050,1365744,2306,1142346,45.546451682355894,1091130,274614,274614,4,True,True
1482,GEN,DG023,model.20.conv,90,161.12042236328125,449,105,104,1365744,1364334,1410,1143756,45.60266976065452,1091130,273204,273204,4,True,True
1483,GEN,DG025,model.22.m.0.0.cv1.conv,3,161.3640899658203,449,50,49,1364334,1362028,2306,1146062,45.69461223480816,1091130,270898,270898,4,True,True
1484,GEN,DG023,model.20.conv,67,161.47769165039062,449,104,103,1362028,1360618,1410,1147472,45.75083031310679,1091130,269488,269488,4,True,True
1485,GEN,DG025,model.22.m.0.0.cv1.conv,45,162.11492919921875,449,49,48,1360618,1358312,2306,1149778,45.84277278726042,1091130,267182,267182,4,True,True
1486,GEN,DG023,model.20.conv,26,162.3556671142578,449,103,102,1358312,1356902,1410,1151188,45.89899086555905,1091130,265772,265772,4,True,True
1487,GEN,DG025,model.22.m.0.0.cv1.conv,42,162.8084716796875,449,48,47,1356902,1354596,2306,1153494,45.99093333971269,1091130,263466,263466,4,True,True
1488,GEN,DG025,model.22.m.0.0.cv1.conv,39,163.04730224609375,449,47,46,1354596,1352290,2306,1155800,46.08287581386633,1091130,261160,261160,4,True,True
1489,GEN,DG025,model.22.m.0.0.cv1.conv,27,163.10919189453125,449,46,45,1352290,1349984,2306,1158106,46.17481828801997,1091130,258854,258854,4,True,True
1490,GEN,DG025,model.22.m.0.0.cv1.conv,34,163.8588104248047,449,45,44,1349984,1347678,2306,1160412,46.266760762173604,1091130,256548,256548,4,True,True
1491,GEN,DG025,model.22.m.0.0.cv1.conv,25,163.88861083984375,449,44,43,1347678,1345372,2306,1162718,46.358703236327244,1091130,254242,254242,4,True,True
1492,GEN,DG025,model.22.m.0.0.cv1.conv,20,164.13851928710938,449,43,42,1345372,1343066,2306,1165024,46.450645710480885,1091130,251936,251936,4,True,True
1493,GEN,DG025,model.22.m.0.0.cv1.conv,22,164.2057342529297,449,42,41,1343066,1340760,2306,1167330,46.542588184634525,1091130,249630,249630,4,True,True
1494,GEN,DG025,model.22.m.0.0.cv1.conv,28,164.33944702148438,449,41,40,1340760,1338454,2306,1169636,46.63453065878816,1091130,247324,247324,4,True,True
1495,GEN,DG023,model.20.conv,95,165.13458251953125,449,102,101,1338454,1337044,1410,1171046,46.690748737086786,1091130,245914,245914,4,True,True
1496,GEN,DG025,model.22.m.0.0.cv1.conv,5,165.7276153564453,449,40,39,1337044,1334738,2306,1173352,46.782691211240426,1091130,243608,243608,4,True,True
1497,GEN,DG025,model.22.m.0.0.cv1.conv,25,165.8409881591797,449,39,38,1334738,1332432,2306,1175658,46.874633685394066,1091130,241302,241302,4,True,True
1498,GEN,DG023,model.20.conv,74,165.93560791015625,449,101,100,1332432,1331022,1410,1177068,46.930851763692694,1091130,239892,239892,4,True,True
1499,GEN,DG025,model.22.m.0.0.cv1.conv,23,166.05206298828125,449,38,37,1331022,1328716,2306,1179374,47.02279423784633,1091130,237586,237586,4,True,True
1500,GEN,DG023,model.20.conv,51,166.19187927246094,449,100,99,1328716,1327306,1410,1180784,47.079012316144954,1091130,236176,236176,4,True,True
1501,GEN,DG023,model.20.conv,82,166.51145935058594,449,99,98,1327306,1325896,1410,1182194,47.13523039444358,1091130,234766,234766,4,True,True
1502,GEN,DG023,model.20.conv,0,166.72747802734375,449,98,97,1325896,1324486,1410,1183604,47.19144847274221,1091130,233356,233356,4,True,True
1503,GEN,DG025,model.22.m.0.0.cv1.conv,12,166.86459350585938,449,37,36,1324486,1322180,2306,1185910,47.28339094689584,1091130,231050,231050,4,True,True
1504,GEN,DG025,model.22.m.0.0.cv1.conv,3,166.92440795898438,449,36,35,1322180,1319874,2306,1188216,47.37533342104948,1091130,228744,228744,4,True,True
1505,GEN,DG025,model.22.m.0.0.cv1.conv,14,166.98294067382812,449,35,34,1319874,1317568,2306,1190522,47.46727589520312,1091130,226438,226438,4,True,True
1506,GEN,DG025,model.22.m.0.0.cv1.conv,4,167.211669921875,449,34,33,1317568,1315262,2306,1192828,47.55921836935676,1091130,224132,224132,4,True,True
1507,GEN,DG023,model.20.conv,85,167.945556640625,449,97,96,1315262,1313852,1410,1194238,47.615436447655384,1091130,222722,222722,4,True,True
1508,GEN,DG025,model.22.m.0.0.cv1.conv,6,168.0187225341797,449,33,32,1313852,1311546,2306,1196544,47.707378921809024,1091130,220416,220416,4,True,True
1509,GEN,DG023,model.20.conv,63,168.0726776123047,449,96,95,1311546,1310136,1410,1197954,47.76359700010765,1091130,219006,219006,4,True,True
1510,GEN,DG023,model.20.conv,76,168.61465454101562,449,95,94,1310136,1308726,1410,1199364,47.81981507840628,1091130,217596,217596,4,True,True
1511,GEN,DG023,model.20.conv,60,168.94580078125,449,94,93,1308726,1307316,1410,1200774,47.876033156704906,1091130,216186,216186,4,True,True
1512,GEN,DG023,model.20.conv,22,169.30899047851562,449,93,92,1307316,1305906,1410,1202184,47.93225123500353,1091130,214776,214776,4,True,True
1513,GEN,DG023,model.20.conv,16,170.23648071289062,449,92,91,1305906,1304496,1410,1203594,47.988469313302154,1091130,213366,213366,4,True,True
1514,GEN,DG023,model.20.conv,89,170.7415771484375,449,91,90,1304496,1303086,1410,1205004,48.04468739160078,1091130,211956,211956,4,True,True
1515,GEN,DG023,model.20.conv,17,170.8077392578125,449,90,89,1303086,1301676,1410,1206414,48.1009054698994,1091130,210546,210546,4,True,True
1516,GEN,DG023,model.20.conv,19,171.13345336914062,449,89,88,1301676,1300266,1410,1207824,48.15712354819803,1091130,209136,209136,4,True,True
1517,GEN,DG023,model.20.conv,24,171.56060791015625,449,88,87,1300266,1298856,1410,1209234,48.21334162649666,1091130,207726,207726,4,True,True
1518,GEN,DG023,model.20.conv,84,171.6304931640625,449,87,86,1298856,1297446,1410,1210644,48.269559704795284,1091130,206316,206316,4,True,True
1519,GEN,DG023,model.20.conv,12,172.01332092285156,449,86,85,1297446,1296036,1410,1212054,48.325777783093905,1091130,204906,204906,4,True,True
1520,GEN,DG023,model.20.conv,41,172.2936553955078,449,85,84,1296036,1294626,1410,1213464,48.38199586139253,1091130,203496,203496,4,True,True
1521,GEN,DG023,model.20.conv,66,173.25662231445312,449,84,83,1294626,1293216,1410,1214874,48.43821393969116,1091130,202086,202086,4,True,True
1522,GEN,DG023,model.20.conv,24,173.4803466796875,449,83,82,1293216,1291806,1410,1216284,48.49443201798979,1091130,200676,200676,4,True,True
1523,GEN,DG023,model.20.conv,48,174.07965087890625,449,82,81,1291806,1290396,1410,1217694,48.55065009628841,1091130,199266,199266,4,True,True
1524,GEN,DG023,model.20.conv,71,174.14382934570312,449,81,80,1290396,1288986,1410,1219104,48.606868174587035,1091130,197856,197856,4,True,True
1525,GEN,DG023,model.20.conv,49,174.32342529296875,449,80,79,1288986,1287576,1410,1220514,48.66308625288566,1091130,196446,196446,4,True,True
1526,GEN,DG023,model.20.conv,27,174.83480834960938,449,79,78,1287576,1286166,1410,1221924,48.71930433118429,1091130,195036,195036,4,True,True
1527,GEN,DG023,model.20.conv,65,174.89962768554688,449,78,77,1286166,1284756,1410,1223334,48.77552240948291,1091130,193626,193626,4,True,True
1528,GEN,DG023,model.20.conv,12,174.99765014648438,449,77,76,1284756,1283346,1410,1224744,48.83174048778154,1091130,192216,192216,4,True,True
1529,GEN,DG023,model.20.conv,42,175.30441284179688,449,76,75,1283346,1281936,1410,1226154,48.887958566080165,1091130,190806,190806,4,True,True
1530,GEN,DG023,model.20.conv,19,176.1859588623047,449,75,74,1281936,1280526,1410,1227564,48.94417664437879,1091130,189396,189396,4,True,True
1531,GEN,DG023,model.20.conv,17,176.5819091796875,449,74,73,1280526,1279116,1410,1228974,49.00039472267741,1091130,187986,187986,4,True,True
1532,GEN,DG023,model.20.conv,20,176.6688232421875,449,73,72,1279116,1277706,1410,1230384,49.05661280097604,1091130,186576,186576,4,True,True
1533,GEN,DG023,model.20.conv,47,176.82818603515625,449,72,71,1277706,1276296,1410,1231794,49.11283087927467,1091130,185166,185166,4,True,True
1534,GEN,DG023,model.20.conv,10,177.226318359375,449,71,70,1276296,1274886,1410,1233204,49.169048957573295,1091130,183756,183756,4,True,True
1535,GEN,DG023,model.20.conv,60,178.5167999267578,449,70,69,1274886,1273476,1410,1234614,49.225267035871916,1091130,182346,182346,4,True,True
1536,GEN,DG023,model.20.conv,15,179.132568359375,449,69,68,1273476,1272066,1410,1236024,49.28148511417054,1091130,180936,180936,4,True,True
1537,GEN,DG023,model.20.conv,6,179.17117309570312,449,68,67,1272066,1270656,1410,1237434,49.33770319246917,1091130,179526,179526,4,True,True
1538,GEN,DG023,model.20.conv,24,179.22845458984375,449,67,66,1270656,1269246,1410,1238844,49.3939212707678,1091130,178116,178116,4,True,True
1539,GEN,DG023,model.20.conv,9,179.43475341796875,449,66,65,1269246,1267836,1410,1240254,49.45013934906642,1091130,176706,176706,4,True,True
1540,GEN,DG023,model.20.conv,14,179.63815307617188,449,65,64,1267836,1266426,1410,1241664,49.506357427365046,1091130,175296,175296,4,True,True
