step,domain,group_id,root_module,current_channel_index_pruned,l1_score_at_selection,global_candidate_rank_this_step,root_out_channels_before,root_out_channels_after,parameters_before,parameters_after,parameters_removed_this_step,cumulative_parameters_removed,cumulative_parameter_reduction_percent,target_parameters,target_error_after,absolute_target_error_after,minimum_current_generic_root_out_channels,protected_outputs_unchanged,forward_pass_ok
1,GEN,DG001,model.0.conv,12,3.4787521362304688,1,16,15,2508090,2507773,317,317,0.012639099872811583,1091130,1416643,1416643,8,True,True
2,GEN,DG011,model.16.m.0.cv1.conv,8,4.005400657653809,1,16,15,2507773,2507127,646,963,0.03839575134863581,1091130,1415997,1415997,8,True,True
3,GEN,DG001,model.0.conv,6,4.185722351074219,1,15,14,2507127,2506810,317,1280,0.051034851221447394,1091130,1415680,1415680,8,True,True
4,GEN,DG001,model.0.conv,4,4.705278396606445,1,14,13,2506810,2506493,317,1597,0.06367395109425898,1091130,1415363,1415363,8,True,True
5,GEN,DG012,model.16.m.0.cv2.conv,1,4.746002197265625,1,16,15,2506493,2506427,66,1663,0.06630543561036487,1091130,1415297,1415297,8,True,True
6,GEN,DG012,model.16.m.0.cv2.conv,1,4.887983798980713,1,15,14,2506427,2506361,66,1729,0.06893692012647074,1091130,1415231,1415231,8,True,True
7,GEN,DG012,model.16.m.0.cv2.conv,1,5.0894927978515625,1,14,13,2506361,2506295,66,1795,0.07156840464257662,1091130,1415165,1415165,8,True,True
8,GEN,DG011,model.16.m.0.cv1.conv,14,5.095611572265625,1,15,14,2506295,2505649,646,2441,0.09732505611840085,1091130,1414519,1414519,8,True,True
9,GEN,DG012,model.16.m.0.cv2.conv,7,5.096527099609375,1,13,12,2505649,2505583,66,2507,0.09995654063450674,1091130,1414453,1414453,8,True,True
10,GEN,DG011,model.16.m.0.cv1.conv,4,5.1279144287109375,1,14,13,2505583,2504937,646,3153,0.12571319211033097,1091130,1413807,1413807,8,True,True
11,GEN,DG012,model.16.m.0.cv2.conv,6,5.285560607910156,1,12,11,2504937,2504871,66,3219,0.12834467662643684,1091130,1413741,1413741,8,True,True
12,GEN,DG012,model.16.m.0.cv2.conv,0,5.3072052001953125,1,11,10,2504871,2504805,66,3285,0.13097616114254274,1091130,1413675,1413675,8,True,True
13,GEN,DG012,model.16.m.0.cv2.conv,3,5.395896911621094,1,10,9,2504805,2504739,66,3351,0.1336076456586486,1091130,1413609,1413609,8,True,True
14,GEN,DG012,model.16.m.0.cv2.conv,0,5.3977203369140625,1,9,8,2504739,2504673,66,3417,0.1362391301747545,1091130,1413543,1413543,8,True,True
15,GEN,DG012,model.16.m.0.cv2.conv,7,5.4393696784973145,1,8,7,2504673,2504607,66,3483,0.13887061469086037,1091130,1413477,1413477,7,True,True
16,GEN,DG021,model.2.cv2.conv,31,5.450377464294434,1,64,63,2504607,2503981,626,4109,0.1638298466163495,1091130,1412851,1412851,7,True,True
17,GEN,DG011,model.16.m.0.cv1.conv,6,5.498329162597656,1,13,12,2503981,2503335,646,4755,0.18958649809217373,1091130,1412205,1412205,7,True,True
18,GEN,DG012,model.16.m.0.cv2.conv,1,5.5077056884765625,1,7,6,2503335,2503269,66,4821,0.1922179826082796,1091130,1412139,1412139,6,True,True
19,GEN,DG011,model.16.m.0.cv1.conv,0,5.525514602661133,1,12,11,2503269,2502623,646,5467,0.21797463408410384,1091130,1411493,1411493,6,True,True
20,GEN,DG011,model.16.m.0.cv1.conv,2,5.539501190185547,1,11,10,2502623,2501977,646,6113,0.24373128555992807,1091130,1410847,1410847,6,True,True
21,GEN,DG011,model.16.m.0.cv1.conv,4,5.556327819824219,1,10,9,2501977,2501331,646,6759,0.2694879370357523,1091130,1410201,1410201,6,True,True
22,GEN,DG021,model.2.cv2.conv,42,5.563755035400391,1,63,62,2501331,2500705,626,7385,0.2944471689612414,1091130,1409575,1409575,6,True,True
23,GEN,DG012,model.16.m.0.cv2.conv,2,5.587226867675781,1,6,5,2500705,2500639,66,7451,0.2970786534773473,1091130,1409509,1409509,5,True,True
24,GEN,DG011,model.16.m.0.cv1.conv,3,5.617881774902344,1,9,8,2500639,2499993,646,8097,0.32283530495317153,1091130,1408863,1408863,5,True,True
25,GEN,DG012,model.16.m.0.cv2.conv,3,5.669952392578125,1,5,4,2499993,2499927,66,8163,0.32546678946927743,1091130,1408797,1408797,4,True,True
26,GEN,DG011,model.16.m.0.cv1.conv,6,5.687196731567383,1,8,7,2499927,2499281,646,8809,0.35122344094510166,1091130,1408151,1408151,4,True,True
27,GEN,DG013,model.16.m.0.m.0.cv1.conv,15,5.6913933753967285,1,16,15,2499281,2499153,128,8937,0.35632692606724636,1091130,1408023,1408023,4,True,True
28,GEN,DG014,model.16.m.0.m.1.cv1.conv,3,5.794814586639404,1,16,15,2499153,2499025,128,9065,0.3614304111893911,1091130,1407895,1407895,4,True,True
29,GEN,DG011,model.16.m.0.cv1.conv,6,5.8040924072265625,1,7,6,2499025,2498415,610,9675,0.3857517074746122,1091130,1407285,1407285,4,True,True
30,GEN,DG014,model.16.m.0.m.1.cv1.conv,0,4.8452911376953125,1,15,14,2498415,2498305,110,9785,0.39013751500145527,1091130,1407175,1407175,4,True,True
31,GEN,DG014,model.16.m.0.m.1.cv1.conv,5,5.285245895385742,1,14,13,2498305,2498195,110,9895,0.3945233225282984,1091130,1407065,1407065,4,True,True
32,GEN,DG013,model.16.m.0.m.0.cv1.conv,14,5.808000564575195,1,15,14,2498195,2498085,110,10005,0.39890913005514156,1091130,1406955,1406955,4,True,True
33,GEN,DG001,model.0.conv,12,5.8217926025390625,1,13,12,2498085,2497768,317,10322,0.41154822992795315,1091130,1406638,1406638,4,True,True
34,GEN,DG011,model.16.m.0.cv1.conv,3,5.835506916046143,1,6,5,2497768,2497212,556,10878,0.43371649342726937,1091130,1406082,1406082,4,True,True
35,GEN,DG013,model.16.m.0.m.0.cv1.conv,7,4.860128402709961,1,14,13,2497212,2497120,92,10970,0.4373846233588109,1091130,1405990,1405990,4,True,True
36,GEN,DG013,model.16.m.0.m.0.cv1.conv,12,5.1507110595703125,1,13,12,2497120,2497028,92,11062,0.44105275329035243,1091130,1405898,1405898,4,True,True
37,GEN,DG013,model.16.m.0.m.0.cv1.conv,3,5.332241058349609,1,12,11,2497028,2496936,92,11154,0.44472088322189396,1091130,1405806,1405806,4,True,True
38,GEN,DG013,model.16.m.0.m.0.cv1.conv,2,5.50743293762207,1,11,10,2496936,2496844,92,11246,0.4483890131534355,1091130,1405714,1405714,4,True,True
39,GEN,DG014,model.16.m.0.m.1.cv1.conv,3,5.523340225219727,1,13,12,2496844,2496752,92,11338,0.452057143084977,1091130,1405622,1405622,4,True,True
40,GEN,DG014,model.16.m.0.m.1.cv1.conv,2,5.547489166259766,1,12,11,2496752,2496660,92,11430,0.45572527301651855,1091130,1405530,1405530,4,True,True
41,GEN,DG014,model.16.m.0.m.1.cv1.conv,7,5.693273544311523,1,11,10,2496660,2496568,92,11522,0.4593934029480601,1091130,1405438,1405438,4,True,True
42,GEN,DG011,model.16.m.0.cv1.conv,4,5.868675231933594,1,5,4,2496568,2496138,430,11952,0.47653792328026506,1091130,1405008,1405008,4,True,True
43,GEN,DG014,model.16.m.0.m.1.cv1.conv,7,4.281375885009766,1,10,9,2496138,2496064,74,12026,0.479488375616505,1091130,1404934,1404934,4,True,True
44,GEN,DG014,model.16.m.0.m.1.cv1.conv,0,4.8135986328125,1,9,8,2496064,2495990,74,12100,0.4824388279527449,1091130,1404860,1404860,4,True,True
45,GEN,DG013,model.16.m.0.m.0.cv1.conv,6,4.9233245849609375,1,10,9,2495990,2495916,74,12174,0.48538928028898487,1091130,1404786,1404786,4,True,True
46,GEN,DG013,model.16.m.0.m.0.cv1.conv,3,4.9460296630859375,1,9,8,2495916,2495842,74,12248,0.4883397326252248,1091130,1404712,1404712,4,True,True
47,GEN,DG013,model.16.m.0.m.0.cv1.conv,4,5.090015411376953,1,8,7,2495842,2495768,74,12322,0.4912901849614647,1091130,1404638,1404638,4,True,True
48,GEN,DG013,model.16.m.0.m.0.cv1.conv,2,5.145759582519531,1,7,6,2495768,2495694,74,12396,0.4942406372977046,1091130,1404564,1404564,4,True,True
49,GEN,DG014,model.16.m.0.m.1.cv1.conv,0,5.196197509765625,1,8,7,2495694,2495620,74,12470,0.49719108963394454,1091130,1404490,1404490,4,True,True
50,GEN,DG013,model.16.m.0.m.0.cv1.conv,2,5.423980712890625,1,6,5,2495620,2495546,74,12544,0.5001415419701845,1091130,1404416,1404416,4,True,True
51,GEN,DG013,model.16.m.0.m.0.cv1.conv,1,5.4394989013671875,1,5,4,2495546,2495472,74,12618,0.5030919943064244,1091130,1404342,1404342,4,True,True
52,GEN,DG014,model.16.m.0.m.1.cv1.conv,6,5.5174407958984375,1,7,6,2495472,2495398,74,12692,0.5060424466426643,1091130,1404268,1404268,4,True,True
53,GEN,DG014,model.16.m.0.m.1.cv1.conv,0,5.666250228881836,1,6,5,2495398,2495324,74,12766,0.5089928989789043,1091130,1404194,1404194,4,True,True
54,GEN,DG001,model.0.conv,1,5.9023895263671875,1,12,11,2495324,2495007,317,13083,0.5216319988517159,1091130,1403877,1403877,4,True,True
55,GEN,DG021,model.2.cv2.conv,24,5.938558578491211,1,62,61,2495007,2494381,626,13709,0.546591230777205,1091130,1403251,1403251,4,True,True
56,GEN,DG014,model.16.m.0.m.1.cv1.conv,1,5.992454528808594,1,5,4,2494381,2494307,74,13783,0.5495416831134449,1091130,1403177,1403177,4,True,True
57,GEN,DG001,model.0.conv,3,6.0823516845703125,1,11,10,2494307,2493990,317,14100,0.5621807829862565,1091130,1402860,1402860,4,True,True
58,GEN,DG002,model.1.conv,16,6.065138816833496,1,32,31,2493990,2493866,124,14224,0.5671247841983342,1091130,1402736,1402736,4,True,True
59,GEN,DG001,model.0.conv,8,6.108642578125,1,10,9,2493866,2493558,308,14532,0.579405045273495,1091130,1402428,1402428,4,True,True
60,GEN,DG021,model.2.cv2.conv,1,6.249785423278809,1,61,60,2493558,2492932,626,15158,0.6043642771989841,1091130,1401802,1401802,4,True,True
61,GEN,DG001,model.0.conv,5,6.3413848876953125,1,9,8,2492932,2492624,308,15466,0.6166445382741449,1091130,1401494,1401494,4,True,True
62,GEN,DG002,model.1.conv,12,4.090726852416992,1,31,30,2492624,2492518,106,15572,0.620870861890921,1091130,1401388,1401388,4,True,True
63,GEN,DG002,model.1.conv,29,4.8469085693359375,1,30,29,2492518,2492412,106,15678,0.6250971855076971,1091130,1401282,1401282,4,True,True
64,GEN,DG021,model.2.cv2.conv,1,6.42242431640625,1,60,59,2492412,2491786,626,16304,0.6500564174331862,1091130,1400656,1400656,4,True,True
65,GEN,DG021,model.2.cv2.conv,25,6.4678955078125,1,59,58,2491786,2491160,626,16930,0.6750156493586753,1091130,1400030,1400030,4,True,True
66,GEN,DG021,model.2.cv2.conv,22,6.500091552734375,1,58,57,2491160,2490534,626,17556,0.6999748812841644,1091130,1399404,1399404,4,True,True
67,GEN,DG021,model.2.cv2.conv,44,6.546886444091797,1,57,56,2490534,2489908,626,18182,0.7249341132096535,1091130,1398778,1398778,4,True,True
68,GEN,DG021,model.2.cv2.conv,55,6.567512512207031,1,56,55,2489908,2489282,626,18808,0.7498933451351427,1091130,1398152,1398152,4,True,True
69,GEN,DG002,model.1.conv,21,6.644930839538574,1,29,28,2489282,2489176,106,18914,0.7541196687519188,1091130,1398046,1398046,4,True,True
70,GEN,DG021,model.2.cv2.conv,40,6.828156471252441,1,55,54,2489176,2488550,626,19540,0.7790789006774079,1091130,1397420,1397420,4,True,True
71,GEN,DG021,model.2.cv2.conv,11,6.876733779907227,1,54,53,2488550,2487924,626,20166,0.804038132602897,1091130,1396794,1396794,4,True,True
72,GEN,DG021,model.2.cv2.conv,7,6.88140869140625,1,53,52,2487924,2487298,626,20792,0.8289973645283861,1091130,1396168,1396168,4,True,True
73,GEN,DG002,model.1.conv,21,6.898569107055664,1,28,27,2487298,2487192,106,20898,0.8332236881451622,1091130,1396062,1396062,4,True,True
74,GEN,DG021,model.2.cv2.conv,12,6.901006698608398,1,52,51,2487192,2486566,626,21524,0.8581829200706513,1091130,1395436,1395436,4,True,True
75,GEN,DG002,model.1.conv,8,7.000486373901367,1,27,26,2486566,2486460,106,21630,0.8624092436874274,1091130,1395330,1395330,4,True,True
76,GEN,DG021,model.2.cv2.conv,20,7.030605316162109,1,51,50,2486460,2485834,626,22256,0.8873684756129167,1091130,1394704,1394704,4,True,True
77,GEN,DG021,model.2.cv2.conv,5,7.218560218811035,1,50,49,2485834,2485208,626,22882,0.9123277075384058,1091130,1394078,1394078,4,True,True
78,GEN,DG021,model.2.cv2.conv,24,7.253498077392578,1,49,48,2485208,2484582,626,23508,0.9372869394638949,1091130,1393452,1393452,4,True,True
79,GEN,DG021,model.2.cv2.conv,14,7.3186187744140625,1,48,47,2484582,2483956,626,24134,0.962246171389384,1091130,1392826,1392826,4,True,True
80,GEN,DG021,model.2.cv2.conv,25,7.354351043701172,1,47,46,2483956,2483330,626,24760,0.987205403314873,1091130,1392200,1392200,4,True,True
81,GEN,DG021,model.2.cv2.conv,45,7.356631755828857,1,46,45,2483330,2482704,626,25386,1.0121646352403622,1091130,1391574,1391574,4,True,True
82,GEN,DG021,model.2.cv2.conv,27,7.362780570983887,1,45,44,2482704,2482078,626,26012,1.0371238671658514,1091130,1390948,1390948,4,True,True
83,GEN,DG021,model.2.cv2.conv,29,7.4369354248046875,1,44,43,2482078,2481452,626,26638,1.0620830990913404,1091130,1390322,1390322,4,True,True
84,GEN,DG021,model.2.cv2.conv,29,7.447196960449219,1,43,42,2481452,2480826,626,27264,1.0870423310168296,1091130,1389696,1389696,4,True,True
85,GEN,DG021,model.2.cv2.conv,21,7.447868347167969,1,42,41,2480826,2480200,626,27890,1.1120015629423186,1091130,1389070,1389070,4,True,True
86,GEN,DG021,model.2.cv2.conv,7,7.468109130859375,1,41,40,2480200,2479574,626,28516,1.1369607948678078,1091130,1388444,1388444,4,True,True
87,GEN,DG021,model.2.cv2.conv,39,7.496652603149414,1,40,39,2479574,2478948,626,29142,1.161920026793297,1091130,1387818,1387818,4,True,True
88,GEN,DG021,model.2.cv2.conv,11,7.498782157897949,1,39,38,2478948,2478322,626,29768,1.186879258718786,1091130,1387192,1387192,4,True,True
89,GEN,DG021,model.2.cv2.conv,20,7.534368515014648,1,38,37,2478322,2477696,626,30394,1.2118384906442752,1091130,1386566,1386566,4,True,True
90,GEN,DG021,model.2.cv2.conv,13,7.5627970695495605,1,37,36,2477696,2477070,626,31020,1.2367977225697642,1091130,1385940,1385940,4,True,True
91,GEN,DG021,model.2.cv2.conv,22,7.60809326171875,1,36,35,2477070,2476444,626,31646,1.2617569544952534,1091130,1385314,1385314,4,True,True
92,GEN,DG021,model.2.cv2.conv,27,7.617616653442383,1,35,34,2476444,2475818,626,32272,1.2867161864207424,1091130,1384688,1384688,4,True,True
93,GEN,DG021,model.2.cv2.conv,20,7.62327766418457,1,34,33,2475818,2475192,626,32898,1.3116754183462316,1091130,1384062,1384062,4,True,True
94,GEN,DG018,model.19.m.0.cv2.conv,28,7.62628173828125,1,32,31,2475192,2475062,130,33028,1.31685864542341,1091130,1383932,1383932,4,True,True
95,GEN,DG001,model.0.conv,0,7.66119384765625,1,8,7,2475062,2474799,263,33291,1.3273447125103166,1091130,1383669,1383669,4,True,True
96,GEN,DG002,model.1.conv,18,6.288938522338867,1,26,25,2474799,2474702,97,33388,1.331212197329442,1091130,1383572,1383572,4,True,True
97,GEN,DG002,model.1.conv,16,6.4610748291015625,1,25,24,2474702,2474605,97,33485,1.3350796821485673,1091130,1383475,1383475,4,True,True
98,GEN,DG002,model.1.conv,9,7.37602424621582,1,24,23,2474605,2474508,97,33582,1.3389471669676924,1091130,1383378,1383378,4,True,True
99,GEN,DG002,model.1.conv,2,7.469987869262695,1,23,22,2474508,2474411,97,33679,1.3428146517868178,1091130,1383281,1383281,4,True,True
100,GEN,DG021,model.2.cv2.conv,2,7.705314636230469,1,33,32,2474411,2473785,626,34305,1.367773883712307,1091130,1382655,1382655,4,True,True
101,GEN,DG018,model.19.m.0.cv2.conv,5,7.7209320068359375,1,31,30,2473785,2473655,130,34435,1.3729571107894851,1091130,1382525,1382525,4,True,True
102,GEN,DG021,model.2.cv2.conv,14,7.7325592041015625,1,32,31,2473655,2473029,626,35061,1.3979163427149743,1091130,1381899,1381899,4,True,True
103,GEN,DG017,model.19.m.0.cv1.conv,19,7.735427379608154,1,32,31,2473029,2471743,1286,36347,1.4491904198015222,1091130,1380613,1380613,4,True,True
104,GEN,DG021,model.2.cv2.conv,30,7.805253982543945,1,31,30,2471743,2471117,626,36973,1.4741496517270114,1091130,1379987,1379987,4,True,True
105,GEN,DG018,model.19.m.0.cv2.conv,3,7.820426940917969,1,30,29,2471117,2470987,130,37103,1.4793328788041897,1091130,1379857,1379857,4,True,True
106,GEN,DG021,model.2.cv2.conv,14,7.861919403076172,1,30,29,2470987,2470361,626,37729,1.5042921107296787,1091130,1379231,1379231,4,True,True
107,GEN,DG021,model.2.cv2.conv,28,7.882110595703125,1,29,28,2470361,2469735,626,38355,1.529251342655168,1091130,1378605,1378605,4,True,True
108,GEN,DG018,model.19.m.0.cv2.conv,8,7.8822784423828125,1,29,28,2469735,2469605,130,38485,1.534434569732346,1091130,1378475,1378475,4,True,True
109,GEN,DG021,model.2.cv2.conv,2,7.890317916870117,1,28,27,2469605,2468979,626,39111,1.5593938016578353,1091130,1377849,1377849,4,True,True
110,GEN,DG018,model.19.m.0.cv2.conv,18,7.933740615844727,1,28,27,2468979,2468849,130,39241,1.5645770287350136,1091130,1377719,1377719,4,True,True
111,GEN,DG001,model.0.conv,2,7.934295654296875,1,7,6,2468849,2468622,227,39468,1.573627740631317,1091130,1377492,1377492,4,True,True
112,GEN,DG002,model.1.conv,15,6.983064651489258,1,22,21,2468622,2468534,88,39556,1.5771363866527917,1091130,1377404,1377404,4,True,True
113,GEN,DG002,model.1.conv,17,7.361301422119141,1,21,20,2468534,2468446,88,39644,1.580645032674266,1091130,1377316,1377316,4,True,True
114,GEN,DG002,model.1.conv,19,7.6447954177856445,1,20,19,2468446,2468358,88,39732,1.5841536786957406,1091130,1377228,1377228,4,True,True
115,GEN,DG002,model.1.conv,7,7.705772399902344,1,19,18,2468358,2468270,88,39820,1.587662324717215,1091130,1377140,1377140,4,True,True
116,GEN,DG002,model.1.conv,6,7.794761657714844,1,18,17,2468270,2468182,88,39908,1.5911709707386896,1091130,1377052,1377052,4,True,True
117,GEN,DG021,model.2.cv2.conv,15,7.938167572021484,1,27,26,2468182,2467556,626,40534,1.6161302026641786,1091130,1376426,1376426,4,True,True
118,GEN,DG001,model.0.conv,0,7.944976806640625,1,6,5,2467556,2467374,182,40716,1.6233867205722283,1091130,1376244,1376244,4,True,True
119,GEN,DG002,model.1.conv,8,5.028053283691406,1,17,16,2467374,2467295,79,40795,1.626536527796052,1091130,1376165,1376165,4,True,True
120,GEN,DG002,model.1.conv,14,6.053825378417969,1,16,15,2467295,2467216,79,40874,1.6296863350198756,1091130,1376086,1376086,4,True,True
121,GEN,DG002,model.1.conv,11,6.817844390869141,1,15,14,2467216,2467137,79,40953,1.6328361422436994,1091130,1376007,1376007,4,True,True
122,GEN,DG002,model.1.conv,13,6.9990997314453125,1,14,13,2467137,2467058,79,41032,1.635985949467523,1091130,1375928,1375928,4,True,True
123,GEN,DG002,model.1.conv,8,7.048747539520264,1,13,12,2467058,2466979,79,41111,1.6391357566913467,1091130,1375849,1375849,4,True,True
124,GEN,DG002,model.1.conv,6,7.0812835693359375,1,12,11,2466979,2466900,79,41190,1.6422855639151706,1091130,1375770,1375770,4,True,True
125,GEN,DG002,model.1.conv,5,7.187999725341797,1,11,10,2466900,2466821,79,41269,1.6454353711389942,1091130,1375691,1375691,4,True,True
126,GEN,DG002,model.1.conv,6,7.323002815246582,1,10,9,2466821,2466742,79,41348,1.6485851783628178,1091130,1375612,1375612,4,True,True
127,GEN,DG002,model.1.conv,0,7.330146789550781,1,9,8,2466742,2466663,79,41427,1.6517349855866417,1091130,1375533,1375533,4,True,True
128,GEN,DG002,model.1.conv,0,7.369590759277344,1,8,7,2466663,2466584,79,41506,1.6548847928104653,1091130,1375454,1375454,4,True,True
129,GEN,DG002,model.1.conv,1,7.397974014282227,1,7,6,2466584,2466505,79,41585,1.658034600034289,1091130,1375375,1375375,4,True,True
130,GEN,DG002,model.1.conv,2,7.495359897613525,1,6,5,2466505,2466426,79,41664,1.6611844072581128,1091130,1375296,1375296,4,True,True
131,GEN,DG002,model.1.conv,3,7.529796600341797,1,5,4,2466426,2466347,79,41743,1.6643342144819364,1091130,1375217,1375217,4,True,True
132,GEN,DG001,model.0.conv,2,7.948221206665039,1,5,4,2466347,2466282,65,41808,1.6669258280205255,1091130,1375152,1375152,4,True,True
133,GEN,DG033,model.6.m.0.cv2.conv,2,7.95457649230957,1,32,31,2466282,2466152,130,41938,1.6721090550977038,1091130,1375022,1375022,4,True,True
134,GEN,DG021,model.2.cv2.conv,1,7.983848571777344,1,26,25,2466152,2465526,626,42564,1.697068287023193,1091130,1374396,1374396,4,True,True
135,GEN,DG021,model.2.cv2.conv,23,8.02712631225586,1,25,24,2465526,2464900,626,43190,1.722027518948682,1091130,1373770,1373770,4,True,True
136,GEN,DG021,model.2.cv2.conv,2,8.03598403930664,1,24,23,2464900,2464274,626,43816,1.7469867508741712,1091130,1373144,1373144,4,True,True
137,GEN,DG006,model.13.m.0.cv1.conv,19,8.04595947265625,1,32,31,2464274,2462988,1286,45102,1.798260827960719,1091130,1371858,1371858,4,True,True
138,GEN,DG021,model.2.cv2.conv,15,8.051353454589844,1,23,22,2462988,2462362,626,45728,1.8232200598862083,1091130,1371232,1371232,4,True,True
139,GEN,DG033,model.6.m.0.cv2.conv,9,8.119510650634766,1,31,30,2462362,2462232,130,45858,1.8284032869633864,1091130,1371102,1371102,4,True,True
140,GEN,DG021,model.2.cv2.conv,17,8.13226318359375,1,22,21,2462232,2461606,626,46484,1.8533625188888756,1091130,1370476,1370476,4,True,True
141,GEN,DG021,model.2.cv2.conv,10,8.143524169921875,1,21,20,2461606,2460980,626,47110,1.8783217508143648,1091130,1369850,1369850,4,True,True
142,GEN,DG021,model.2.cv2.conv,4,8.14810562133789,1,20,19,2460980,2460354,626,47736,1.9032809827398538,1091130,1369224,1369224,4,True,True
143,GEN,DG021,model.2.cv2.conv,11,8.15103530883789,1,19,18,2460354,2459728,626,48362,1.928240214665343,1091130,1368598,1368598,4,True,True
144,GEN,DG021,model.2.cv2.conv,2,8.153770446777344,1,18,17,2459728,2459102,626,48988,1.953199446590832,1091130,1367972,1367972,4,True,True
145,GEN,DG017,model.19.m.0.cv1.conv,28,8.156489372253418,1,31,30,2459102,2457816,1286,50274,2.00447352367738,1091130,1366686,1366686,4,True,True
146,GEN,DG021,model.2.cv2.conv,10,8.161262512207031,1,17,16,2457816,2457190,626,50900,2.029432755602869,1091130,1366060,1366060,4,True,True
147,GEN,DG018,model.19.m.0.cv2.conv,10,8.162723541259766,1,27,26,2457190,2457060,130,51030,2.034615982680047,1091130,1365930,1365930,4,True,True
148,GEN,DG018,model.19.m.0.cv2.conv,5,8.186752319335938,1,26,25,2457060,2456930,130,51160,2.0397992097572257,1091130,1365800,1365800,4,True,True
149,GEN,DG032,model.6.m.0.cv1.conv,11,8.195480346679688,1,32,31,2456930,2455644,1286,52446,2.0910732868437734,1091130,1364514,1364514,4,True,True
150,GEN,DG021,model.2.cv2.conv,6,8.229772567749023,1,16,15,2455644,2455018,626,53072,2.116032518769263,1091130,1363888,1363888,4,True,True
151,GEN,DG033,model.6.m.0.cv2.conv,29,8.23944091796875,1,30,29,2455018,2454888,130,53202,2.121215745846441,1091130,1363758,1363758,4,True,True
152,GEN,DG018,model.19.m.0.cv2.conv,2,8.256817817687988,1,25,24,2454888,2454758,130,53332,2.126398972923619,1091130,1363628,1363628,4,True,True
153,GEN,DG021,model.2.cv2.conv,3,8.266754150390625,1,15,14,2454758,2454132,626,53958,2.1513582048491084,1091130,1363002,1363002,4,True,True
154,GEN,DG017,model.19.m.0.cv1.conv,9,8.298095703125,1,30,29,2454132,2452846,1286,55244,2.202632281935656,1091130,1361716,1361716,4,True,True
155,GEN,DG017,model.19.m.0.cv1.conv,21,8.421791076660156,2,29,28,2452846,2451560,1286,56530,2.253906359022204,1091130,1360430,1360430,4,True,True
156,GEN,DG021,model.2.cv2.conv,5,8.426118850708008,2,14,13,2451560,2450934,626,57156,2.278865590947693,1091130,1359804,1359804,4,True,True
157,GEN,DG021,model.2.cv2.conv,10,8.444976806640625,2,13,12,2450934,2450308,626,57782,2.3038248228731826,1091130,1359178,1359178,4,True,True
158,GEN,DG021,model.2.cv2.conv,11,8.444989204406738,2,12,11,2450308,2449682,626,58408,2.3287840547986716,1091130,1358552,1358552,4,True,True
159,GEN,DG027,model.3.conv,38,8.41848087310791,2,64,63,2449682,2449517,165,58573,2.3353627660889362,1091130,1358387,1358387,4,True,True
160,GEN,DG021,model.2.cv2.conv,2,8.487174987792969,2,11,10,2449517,2448900,617,59190,2.3599631592167745,1091130,1357770,1357770,4,True,True
161,GEN,DG027,model.3.conv,50,8.065940856933594,1,63,62,2448900,2448744,156,59346,2.3661830317093884,1091130,1357614,1357614,4,True,True
162,GEN,DG018,model.19.m.0.cv2.conv,6,8.48787784576416,2,24,23,2448744,2448614,130,59476,2.3713662587865665,1091130,1357484,1357484,4,True,True
163,GEN,DG021,model.2.cv2.conv,8,8.507728576660156,2,10,9,2448614,2448006,608,60084,2.395607813116754,1091130,1356876,1356876,4,True,True
164,GEN,DG027,model.3.conv,18,7.7272162437438965,1,62,61,2448006,2447859,147,60231,2.401468846811717,1091130,1356729,1356729,4,True,True
165,GEN,DG027,model.3.conv,58,8.313928604125977,1,61,60,2447859,2447712,147,60378,2.4073298805066803,1091130,1356582,1356582,4,True,True
166,GEN,DG027,model.3.conv,20,8.402547836303711,2,60,59,2447712,2447565,147,60525,2.4131909142016434,1091130,1356435,1356435,4,True,True
167,GEN,DG021,model.2.cv2.conv,0,8.529800415039062,2,9,8,2447565,2446984,581,61106,2.4363559521388787,1091130,1355854,1355854,4,True,True
168,GEN,DG027,model.3.conv,17,7.022464752197266,1,59,58,2446984,2446846,138,61244,2.441858147036191,1091130,1355716,1355716,4,True,True
169,GEN,DG027,model.3.conv,25,7.630668640136719,1,58,57,2446846,2446708,138,61382,2.447360341933503,1091130,1355578,1355578,4,True,True
170,GEN,DG027,model.3.conv,40,7.711356163024902,1,57,56,2446708,2446570,138,61520,2.4528625368308155,1091130,1355440,1355440,4,True,True
171,GEN,DG027,model.3.conv,41,7.92458438873291,1,56,55,2446570,2446432,138,61658,2.458364731728128,1091130,1355302,1355302,4,True,True
172,GEN,DG027,model.3.conv,39,7.925763130187988,1,55,54,2446432,2446294,138,61796,2.4638669266254403,1091130,1355164,1355164,4,True,True
173,GEN,DG027,model.3.conv,19,7.979771614074707,1,54,53,2446294,2446156,138,61934,2.4693691215227522,1091130,1355026,1355026,4,True,True
174,GEN,DG027,model.3.conv,27,7.985393524169922,1,53,52,2446156,2446018,138,62072,2.4748713164200646,1091130,1354888,1354888,4,True,True
175,GEN,DG027,model.3.conv,0,8.261608123779297,1,52,51,2446018,2445880,138,62210,2.480373511317377,1091130,1354750,1354750,4,True,True
176,GEN,DG027,model.3.conv,45,8.54627799987793,2,51,50,2445880,2445742,138,62348,2.4858757062146895,1091130,1354612,1354612,4,True,True
177,GEN,DG027,model.3.conv,20,8.564838409423828,2,50,49,2445742,2445604,138,62486,2.4913779011120014,1091130,1354474,1354474,4,True,True
178,GEN,DG018,model.19.m.0.cv2.conv,17,8.579944610595703,2,23,22,2445604,2445474,130,62616,2.49656112818918,1091130,1354344,1354344,4,True,True
179,GEN,DG021,model.2.cv2.conv,1,8.585262298583984,2,8,7,2445474,2444983,491,63107,2.516137778149907,1091130,1353853,1353853,4,True,True
180,GEN,DG027,model.3.conv,7,7.236502647399902,1,49,48,2444983,2444854,129,63236,2.5212811342495685,1091130,1353724,1353724,4,True,True
181,GEN,DG027,model.3.conv,32,7.316782474517822,1,48,47,2444854,2444725,129,63365,2.52642449034923,1091130,1353595,1353595,4,True,True
182,GEN,DG027,model.3.conv,27,7.419046401977539,1,47,46,2444725,2444596,129,63494,2.5315678464488913,1091130,1353466,1353466,4,True,True
183,GEN,DG027,model.3.conv,19,7.50784969329834,1,46,45,2444596,2444467,129,63623,2.536711202548553,1091130,1353337,1353337,4,True,True
184,GEN,DG027,model.3.conv,28,7.669984817504883,1,45,44,2444467,2444338,129,63752,2.541854558648214,1091130,1353208,1353208,4,True,True
185,GEN,DG027,model.3.conv,23,8.205142974853516,1,44,43,2444338,2444209,129,63881,2.546997914747876,1091130,1353079,1353079,4,True,True
186,GEN,DG027,model.3.conv,4,8.242576599121094,1,43,42,2444209,2444080,129,64010,2.5521412708475375,1091130,1352950,1352950,4,True,True
187,GEN,DG027,model.3.conv,39,8.308660507202148,1,42,41,2444080,2443951,129,64139,2.5572846269471987,1091130,1352821,1352821,4,True,True
188,GEN,DG027,model.3.conv,33,8.345756530761719,1,41,40,2443951,2443822,129,64268,2.5624279830468604,1091130,1352692,1352692,4,True,True
189,GEN,DG027,model.3.conv,35,8.387496948242188,2,40,39,2443822,2443693,129,64397,2.567571339146522,1091130,1352563,1352563,4,True,True
190,GEN,DG027,model.3.conv,37,8.488033294677734,2,39,38,2443693,2443564,129,64526,2.5727146952461832,1091130,1352434,1352434,4,True,True
191,GEN,DG027,model.3.conv,33,8.61821174621582,2,38,37,2443564,2443435,129,64655,2.577858051345845,1091130,1352305,1352305,4,True,True
192,GEN,DG033,model.6.m.0.cv2.conv,5,8.65854263305664,2,29,28,2443435,2443305,130,64785,2.583041278423023,1091130,1352175,1352175,4,True,True
193,GEN,DG027,model.3.conv,17,8.67431640625,2,37,36,2443305,2443176,129,64914,2.5881846345226847,1091130,1352046,1352046,4,True,True
194,GEN,DG018,model.19.m.0.cv2.conv,7,8.674789428710938,2,22,21,2443176,2443046,130,65044,2.5933678615998628,1091130,1351916,1351916,4,True,True
195,GEN,DG018,model.19.m.0.cv2.conv,14,8.678888320922852,2,21,20,2443046,2442916,130,65174,2.598551088677041,1091130,1351786,1351786,4,True,True
196,GEN,DG017,model.19.m.0.cv1.conv,6,8.682913780212402,2,28,27,2442916,2441630,1286,66460,2.649825165763589,1091130,1350500,1350500,4,True,True
197,GEN,DG018,model.19.m.0.cv2.conv,13,8.684459686279297,2,20,19,2441630,2441500,130,66590,2.655008392840767,1091130,1350370,1350370,4,True,True
198,GEN,DG018,model.19.m.0.cv2.conv,9,8.70606517791748,2,19,18,2441500,2441370,130,66720,2.6601916199179456,1091130,1350240,1350240,4,True,True
199,GEN,DG006,model.13.m.0.cv1.conv,21,8.741642951965332,2,31,30,2441370,2440084,1286,68006,2.7114656970044932,1091130,1348954,1348954,4,True,True
200,GEN,DG018,model.19.m.0.cv2.conv,7,8.75069808959961,2,18,17,2440084,2439954,130,68136,2.716648924081672,1091130,1348824,1348824,4,True,True
201,GEN,DG018,model.19.m.0.cv2.conv,12,8.77978801727295,2,17,16,2439954,2439824,130,68266,2.72183215115885,1091130,1348694,1348694,4,True,True
202,GEN,DG017,model.19.m.0.cv1.conv,18,8.845104217529297,2,27,26,2439824,2438538,1286,69552,2.773106228245398,1091130,1347408,1347408,4,True,True
203,GEN,DG017,model.19.m.0.cv1.conv,14,8.86353874206543,2,26,25,2438538,2437252,1286,70838,2.8243803053319456,1091130,1346122,1346122,4,True,True
204,GEN,DG033,model.6.m.0.cv2.conv,6,8.872917175292969,2,28,27,2437252,2437122,130,70968,2.829563532409124,1091130,1345992,1345992,4,True,True
205,GEN,DG027,model.3.conv,26,8.913581848144531,2,36,35,2437122,2436993,129,71097,2.8347068885087854,1091130,1345863,1345863,4,True,True
206,GEN,DG033,model.6.m.0.cv2.conv,24,9.00839614868164,2,27,26,2436993,2436863,130,71227,2.839890115585964,1091130,1345733,1345733,4,True,True
207,GEN,DG027,model.3.conv,33,9.029975891113281,2,35,34,2436863,2436734,129,71356,2.845033471685625,1091130,1345604,1345604,4,True,True
208,GEN,DG032,model.6.m.0.cv1.conv,27,9.03402328491211,2,31,30,2436734,2435448,1286,72642,2.8963075487721732,1091130,1344318,1344318,4,True,True
209,GEN,DG027,model.3.conv,6,9.110844612121582,2,34,33,2435448,2435319,129,72771,2.901450904871835,1091130,1344189,1344189,4,True,True
210,GEN,DG027,model.3.conv,22,9.121528625488281,2,33,32,2435319,2435190,129,72900,2.906594260971496,1091130,1344060,1344060,4,True,True
211,GEN,DG006,model.13.m.0.cv1.conv,13,9.154571533203125,2,30,29,2435190,2433904,1286,74186,2.957868338058044,1091130,1342774,1342774,4,True,True
212,GEN,DG027,model.3.conv,10,9.178577423095703,2,32,31,2433904,2433775,129,74315,2.963011694157706,1091130,1342645,1342645,4,True,True
213,GEN,DG018,model.19.m.0.cv2.conv,3,9.281831741333008,3,16,15,2433775,2433645,130,74445,2.968194921234884,1091130,1342515,1342515,4,True,True
214,GEN,DG027,model.3.conv,15,9.324041366577148,3,31,30,2433645,2433516,129,74574,2.9733382773345456,1091130,1342386,1342386,4,True,True
215,GEN,DG007,model.13.m.0.cv2.conv,9,9.33584976196289,3,32,31,2433516,2433386,130,74704,2.9785215044117237,1091130,1342256,1342256,4,True,True
216,GEN,DG017,model.19.m.0.cv1.conv,5,9.403236389160156,4,25,24,2433386,2432100,1286,75990,3.0297955814982718,1091130,1340970,1340970,4,True,True
217,GEN,DG032,model.6.m.0.cv1.conv,8,9.418121337890625,4,30,29,2432100,2430814,1286,77276,3.0810696585848194,1091130,1339684,1339684,4,True,True
218,GEN,DG007,model.13.m.0.cv2.conv,19,9.432586669921875,5,31,30,2430814,2430684,130,77406,3.086252885661998,1091130,1339554,1339554,4,True,True
219,GEN,DG006,model.13.m.0.cv1.conv,24,9.434598922729492,5,29,28,2430684,2429398,1286,78692,3.1375269627485456,1091130,1338268,1338268,4,True,True
220,GEN,DG018,model.19.m.0.cv2.conv,7,9.45749282836914,5,15,14,2429398,2429268,130,78822,3.142710189825724,1091130,1338138,1338138,4,True,True
221,GEN,DG017,model.19.m.0.cv1.conv,3,9.457735061645508,5,24,23,2429268,2427982,1286,80108,3.1939842669122718,1091130,1336852,1336852,4,True,True
222,GEN,DG018,model.19.m.0.cv2.conv,3,9.476893424987793,5,14,13,2427982,2427852,130,80238,3.1991674939894503,1091130,1336722,1336722,4,True,True
223,GEN,DG017,model.19.m.0.cv1.conv,0,9.484012603759766,5,23,22,2427852,2426566,1286,81524,3.250441571075998,1091130,1335436,1335436,4,True,True
224,GEN,DG017,model.19.m.0.cv1.conv,6,9.508469581604004,5,22,21,2426566,2425280,1286,82810,3.301715648162546,1091130,1334150,1334150,4,True,True
225,GEN,DG032,model.6.m.0.cv1.conv,22,9.514974594116211,5,29,28,2425280,2423994,1286,84096,3.352989725249094,1091130,1332864,1332864,4,True,True
226,GEN,DG006,model.13.m.0.cv1.conv,25,9.51544189453125,5,28,27,2423994,2422708,1286,85382,3.4042638023356417,1091130,1331578,1331578,4,True,True
227,GEN,DG032,model.6.m.0.cv1.conv,23,9.51974105834961,5,28,27,2422708,2421422,1286,86668,3.45553787942219,1091130,1330292,1330292,4,True,True
228,GEN,DG007,model.13.m.0.cv2.conv,7,9.521234512329102,5,30,29,2421422,2421292,130,86798,3.460721106499368,1091130,1330162,1330162,4,True,True
229,GEN,DG018,model.19.m.0.cv2.conv,4,9.543643951416016,5,13,12,2421292,2421162,130,86928,3.4659043335765465,1091130,1330032,1330032,4,True,True
230,GEN,DG017,model.19.m.0.cv1.conv,9,9.554180145263672,5,21,20,2421162,2419876,1286,88214,3.517178410663094,1091130,1328746,1328746,4,True,True
231,GEN,DG032,model.6.m.0.cv1.conv,2,9.562597274780273,5,27,26,2419876,2418590,1286,89500,3.568452487749642,1091130,1327460,1327460,4,True,True
232,GEN,DG027,model.3.conv,21,9.571571350097656,5,30,29,2418590,2418461,129,89629,3.573595843849304,1091130,1327331,1327331,4,True,True
233,GEN,DG027,model.3.conv,10,9.585548400878906,5,29,28,2418461,2418332,129,89758,3.578739199948965,1091130,1327202,1327202,4,True,True
234,GEN,DG033,model.6.m.0.cv2.conv,18,9.589359283447266,5,26,25,2418332,2418202,130,89888,3.5839224270261436,1091130,1327072,1327072,4,True,True
235,GEN,DG033,model.6.m.0.cv2.conv,9,9.615407943725586,5,25,24,2418202,2418072,130,90018,3.5891056541033217,1091130,1326942,1326942,4,True,True
236,GEN,DG018,model.19.m.0.cv2.conv,9,9.650105476379395,5,12,11,2418072,2417942,130,90148,3.5942888811805,1091130,1326812,1326812,4,True,True
237,GEN,DG018,model.19.m.0.cv2.conv,2,9.653453826904297,5,11,10,2417942,2417812,130,90278,3.599472108257678,1091130,1326682,1326682,4,True,True
238,GEN,DG027,model.3.conv,19,9.6953125,5,28,27,2417812,2417683,129,90407,3.6046154643573396,1091130,1326553,1326553,4,True,True
239,GEN,DG032,model.6.m.0.cv1.conv,7,9.729290008544922,5,26,25,2417683,2416397,1286,91693,3.6558895414438877,1091130,1325267,1325267,4,True,True
240,GEN,DG017,model.19.m.0.cv1.conv,16,9.730395317077637,5,20,19,2416397,2415111,1286,92979,3.7071636185304353,1091130,1323981,1323981,4,True,True
241,GEN,DG017,model.19.m.0.cv1.conv,13,9.74057674407959,5,19,18,2415111,2413825,1286,94265,3.7584376956169834,1091130,1322695,1322695,4,True,True
242,GEN,DG018,model.19.m.0.cv2.conv,5,9.753457069396973,5,10,9,2413825,2413695,130,94395,3.7636209226941615,1091130,1322565,1322565,4,True,True
243,GEN,DG018,model.19.m.0.cv2.conv,7,9.782976150512695,6,9,8,2413695,2413565,130,94525,3.76880414977134,1091130,1322435,1322435,4,True,True
244,GEN,DG033,model.6.m.0.cv2.conv,21,9.808525085449219,6,24,23,2413565,2413435,130,94655,3.773987376848518,1091130,1322305,1322305,4,True,True
245,GEN,DG017,model.19.m.0.cv1.conv,8,9.810843467712402,6,18,17,2413435,2412149,1286,95941,3.8252614539350662,1091130,1321019,1321019,4,True,True
246,GEN,DG017,model.19.m.0.cv1.conv,7,9.811046600341797,6,17,16,2412149,2410863,1286,97227,3.876535531021614,1091130,1319733,1319733,4,True,True
247,GEN,DG032,model.6.m.0.cv1.conv,6,9.822189331054688,6,25,24,2410863,2409577,1286,98513,3.927809608108162,1091130,1318447,1318447,4,True,True
248,GEN,DG032,model.6.m.0.cv1.conv,0,9.822197914123535,6,24,23,2409577,2408291,1286,99799,3.97908368519471,1091130,1317161,1317161,4,True,True
249,GEN,DG033,model.6.m.0.cv2.conv,10,9.82542610168457,6,23,22,2408291,2408161,130,99929,3.984266912271888,1091130,1317031,1317031,4,True,True
250,GEN,DG027,model.3.conv,15,9.836870193481445,6,27,26,2408161,2408032,129,100058,3.9894102683715498,1091130,1316902,1316902,4,True,True
251,GEN,DG017,model.19.m.0.cv1.conv,0,9.839054107666016,6,16,15,2408032,2406746,1286,101344,4.040684345458097,1091130,1315616,1315616,4,True,True
252,GEN,DG027,model.3.conv,12,9.850762367248535,6,26,25,2406746,2406617,129,101473,4.0458277015577595,1091130,1315487,1315487,4,True,True
253,GEN,DG033,model.6.m.0.cv2.conv,16,9.858932495117188,6,22,21,2406617,2406487,130,101603,4.051010928634938,1091130,1315357,1315357,4,True,True
254,GEN,DG006,model.13.m.0.cv1.conv,21,9.866279602050781,6,27,26,2406487,2405201,1286,102889,4.102285005721486,1091130,1314071,1314071,4,True,True
255,GEN,DG032,model.6.m.0.cv1.conv,4,9.869240760803223,6,23,22,2405201,2403915,1286,104175,4.153559082808033,1091130,1312785,1312785,4,True,True
256,GEN,DG006,model.13.m.0.cv1.conv,19,9.874626159667969,6,26,25,2403915,2402629,1286,105461,4.204833159894581,1091130,1311499,1311499,4,True,True
257,GEN,DG017,model.19.m.0.cv1.conv,6,9.885150909423828,6,15,14,2402629,2401343,1286,106747,4.256107236981129,1091130,1310213,1310213,4,True,True
258,GEN,DG006,model.13.m.0.cv1.conv,19,9.890953063964844,6,25,24,2401343,2400057,1286,108033,4.307381314067677,1091130,1308927,1308927,4,True,True
259,GEN,DG006,model.13.m.0.cv1.conv,19,9.962882995605469,6,24,23,2400057,2398771,1286,109319,4.358655391154225,1091130,1307641,1307641,4,True,True
260,GEN,DG018,model.19.m.0.cv2.conv,1,9.964275360107422,6,8,7,2398771,2398641,130,109449,4.363838618231403,1091130,1307511,1307511,4,True,True
261,GEN,DG007,model.13.m.0.cv2.conv,17,9.969060897827148,6,29,28,2398641,2398511,130,109579,4.369021845308581,1091130,1307381,1307381,4,True,True
262,GEN,DG027,model.3.conv,3,9.98807144165039,6,25,24,2398511,2398382,129,109708,4.374165201408243,1091130,1307252,1307252,4,True,True
263,GEN,DG017,model.19.m.0.cv1.conv,0,10.00816535949707,6,14,13,2398382,2397096,1286,110994,4.425439278494791,1091130,1305966,1305966,4,True,True
264,GEN,DG032,model.6.m.0.cv1.conv,9,10.014833450317383,6,22,21,2397096,2395810,1286,112280,4.476713355581339,1091130,1304680,1304680,4,True,True
265,GEN,DG033,model.6.m.0.cv2.conv,17,10.02299976348877,6,21,20,2395810,2395680,130,112410,4.481896582658517,1091130,1304550,1304550,4,True,True
266,GEN,DG006,model.13.m.0.cv1.conv,11,10.043296813964844,6,23,22,2395680,2394394,1286,113696,4.533170659745065,1091130,1303264,1303264,4,True,True
267,GEN,DG006,model.13.m.0.cv1.conv,2,10.043523788452148,6,22,21,2394394,2393108,1286,114982,4.584444736831613,1091130,1301978,1301978,4,True,True
268,GEN,DG007,model.13.m.0.cv2.conv,24,10.045892715454102,6,28,27,2393108,2392978,130,115112,4.589627963908791,1091130,1301848,1301848,4,True,True
269,GEN,DG032,model.6.m.0.cv1.conv,5,10.059906005859375,6,21,20,2392978,2391692,1286,116398,4.640902040995339,1091130,1300562,1300562,4,True,True
270,GEN,DG006,model.13.m.0.cv1.conv,0,10.07888412475586,6,21,20,2391692,2390406,1286,117684,4.692176118081887,1091130,1299276,1299276,4,True,True
271,GEN,DG007,model.13.m.0.cv2.conv,13,10.080278396606445,6,27,26,2390406,2390276,130,117814,4.697359345159065,1091130,1299146,1299146,4,True,True
272,GEN,DG032,model.6.m.0.cv1.conv,4,10.082708358764648,6,20,19,2390276,2388990,1286,119100,4.7486334222456135,1091130,1297860,1297860,4,True,True
273,GEN,DG006,model.13.m.0.cv1.conv,9,10.089073181152344,6,20,19,2388990,2387704,1286,120386,4.7999074993321615,1091130,1296574,1296574,4,True,True
274,GEN,DG032,model.6.m.0.cv1.conv,9,10.102935791015625,6,19,18,2387704,2386418,1286,121672,4.851181576418709,1091130,1295288,1295288,4,True,True
275,GEN,DG018,model.19.m.0.cv2.conv,4,10.111198425292969,6,7,6,2386418,2386288,130,121802,4.856364803495888,1091130,1295158,1295158,4,True,True
276,GEN,DG017,model.19.m.0.cv1.conv,9,10.135538101196289,6,13,12,2386288,2385002,1286,123088,4.907638880582435,1091130,1293872,1293872,4,True,True
277,GEN,DG019,model.19.m.0.m.0.cv1.conv,26,9.975717544555664,6,32,31,2385002,2384784,218,123306,4.916330753681088,1091130,1293654,1293654,4,True,True
278,GEN,DG020,model.19.m.0.m.1.cv1.conv,8,9.997678756713867,6,32,31,2384784,2384566,218,123524,4.92502262677974,1091130,1293436,1293436,4,True,True
279,GEN,DG018,model.19.m.0.cv2.conv,1,10.146074295043945,6,6,5,2384566,2384436,130,123654,4.930205853856919,1091130,1293306,1293306,4,True,True
280,GEN,DG027,model.3.conv,16,10.153493881225586,6,24,23,2384436,2384307,129,123783,4.9353492099565806,1091130,1293177,1293177,4,True,True
281,GEN,DG007,model.13.m.0.cv2.conv,2,10.159421920776367,6,26,25,2384307,2384177,130,123913,4.940532437033759,1091130,1293047,1293047,4,True,True
282,GEN,DG017,model.19.m.0.cv1.conv,7,10.160287857055664,6,12,11,2384177,2382927,1250,125163,4.990371158929704,1091130,1291797,1291797,4,True,True
283,GEN,DG020,model.19.m.0.m.1.cv1.conv,20,9.301433563232422,3,31,30,2382927,2382727,200,125363,4.998345354433055,1091130,1291597,1291597,4,True,True
284,GEN,DG020,model.19.m.0.m.1.cv1.conv,16,9.635035514831543,5,30,29,2382727,2382527,200,125563,5.006319549936406,1091130,1291397,1291397,4,True,True
285,GEN,DG033,model.6.m.0.cv2.conv,3,10.162117004394531,6,20,19,2382527,2382397,130,125693,5.011502777013584,1091130,1291267,1291267,4,True,True
286,GEN,DG033,model.6.m.0.cv2.conv,5,10.176467895507812,6,19,18,2382397,2382267,130,125823,5.016686004090762,1091130,1291137,1291137,4,True,True
287,GEN,DG006,model.13.m.0.cv1.conv,8,10.178792953491211,6,19,18,2382267,2380981,1286,127109,5.0679600811773104,1091130,1289851,1289851,4,True,True
288,GEN,DG007,model.13.m.0.cv2.conv,5,10.18475341796875,6,25,24,2380981,2380851,130,127239,5.073143308254489,1091130,1289721,1289721,4,True,True
289,GEN,DG027,model.3.conv,13,10.192476272583008,6,23,22,2380851,2380722,129,127368,5.07828666435415,1091130,1289592,1289592,4,True,True
290,GEN,DG017,model.19.m.0.cv1.conv,3,10.203962326049805,6,11,10,2380722,2379508,1214,128582,5.126690031059492,1091130,1288378,1288378,4,True,True
291,GEN,DG020,model.19.m.0.m.1.cv1.conv,21,8.368932723999023,2,29,28,2379508,2379326,182,128764,5.133946548967541,1091130,1288196,1288196,4,True,True
292,GEN,DG020,model.19.m.0.m.1.cv1.conv,11,8.80492115020752,2,28,27,2379326,2379144,182,128946,5.14120306687559,1091130,1288014,1288014,4,True,True
293,GEN,DG020,model.19.m.0.m.1.cv1.conv,9,8.824823379516602,2,27,26,2379144,2378962,182,129128,5.14845958478364,1091130,1287832,1287832,4,True,True
294,GEN,DG019,model.19.m.0.m.0.cv1.conv,29,9.461560249328613,5,31,30,2378962,2378780,182,129310,5.15571610269169,1091130,1287650,1287650,4,True,True
295,GEN,DG019,model.19.m.0.m.0.cv1.conv,24,9.716056823730469,5,30,29,2378780,2378598,182,129492,5.1629726205997395,1091130,1287468,1287468,4,True,True
296,GEN,DG020,model.19.m.0.m.1.cv1.conv,25,9.759166717529297,5,26,25,2378598,2378416,182,129674,5.170229138507789,1091130,1287286,1287286,4,True,True
297,GEN,DG020,model.19.m.0.m.1.cv1.conv,13,9.850615501403809,6,25,24,2378416,2378234,182,129856,5.177485656415838,1091130,1287104,1287104,4,True,True
298,GEN,DG020,model.19.m.0.m.1.cv1.conv,1,9.940990447998047,6,24,23,2378234,2378052,182,130038,5.184742174323888,1091130,1286922,1286922,4,True,True
299,GEN,DG019,model.19.m.0.m.0.cv1.conv,28,9.965360641479492,6,29,28,2378052,2377870,182,130220,5.191998692231937,1091130,1286740,1286740,4,True,True
300,GEN,DG020,model.19.m.0.m.1.cv1.conv,20,10.139434814453125,6,23,22,2377870,2377688,182,130402,5.199255210139987,1091130,1286558,1286558,4,True,True
301,GEN,DG033,model.6.m.0.cv2.conv,0,10.204056739807129,6,18,17,2377688,2377558,130,130532,5.204438437217165,1091130,1286428,1286428,4,True,True
302,GEN,DG006,model.13.m.0.cv1.conv,6,10.204635620117188,6,18,17,2377558,2376272,1286,131818,5.255712514303713,1091130,1285142,1285142,4,True,True
303,GEN,DG033,model.6.m.0.cv2.conv,0,10.212076187133789,6,17,16,2376272,2376142,130,131948,5.260895741380891,1091130,1285012,1285012,4,True,True
304,GEN,DG033,model.6.m.0.cv2.conv,11,10.221160888671875,6,16,15,2376142,2376012,130,132078,5.2660789684580696,1091130,1284882,1284882,4,True,True
305,GEN,DG020,model.19.m.0.m.1.cv1.conv,2,10.229992866516113,6,22,21,2376012,2375830,182,132260,5.273335486366119,1091130,1284700,1284700,4,True,True
306,GEN,DG033,model.6.m.0.cv2.conv,5,10.235572814941406,6,15,14,2375830,2375700,130,132390,5.278518713443297,1091130,1284570,1284570,4,True,True
307,GEN,DG033,model.6.m.0.cv2.conv,6,10.274635314941406,6,14,13,2375700,2375570,130,132520,5.2837019405204755,1091130,1284440,1284440,4,True,True
308,GEN,DG033,model.6.m.0.cv2.conv,2,10.27518081665039,6,13,12,2375570,2375440,130,132650,5.288885167597654,1091130,1284310,1284310,4,True,True
309,GEN,DG017,model.19.m.0.cv1.conv,9,10.280563354492188,6,10,9,2375440,2374424,1016,133666,5.329394080754678,1091130,1283294,1283294,4,True,True
310,GEN,DG019,model.19.m.0.m.0.cv1.conv,1,9.241312026977539,3,28,27,2374424,2374260,164,133830,5.335932921067426,1091130,1283130,1283130,4,True,True
311,GEN,DG020,model.19.m.0.m.1.cv1.conv,1,9.350990295410156,3,21,20,2374260,2374096,164,133994,5.342471761380174,1091130,1282966,1282966,4,True,True
312,GEN,DG020,model.19.m.0.m.1.cv1.conv,1,9.363934516906738,3,20,19,2374096,2373932,164,134158,5.349010601692922,1091130,1282802,1282802,4,True,True
313,GEN,DG019,model.19.m.0.m.0.cv1.conv,1,9.635690689086914,5,27,26,2373932,2373768,164,134322,5.355549442005669,1091130,1282638,1282638,4,True,True
314,GEN,DG020,model.19.m.0.m.1.cv1.conv,1,9.652870178222656,5,19,18,2373768,2373604,164,134486,5.3620882823184175,1091130,1282474,1282474,4,True,True
315,GEN,DG020,model.19.m.0.m.1.cv1.conv,5,9.671736717224121,5,18,17,2373604,2373440,164,134650,5.368627122631166,1091130,1282310,1282310,4,True,True
316,GEN,DG020,model.19.m.0.m.1.cv1.conv,16,9.675898551940918,5,17,16,2373440,2373276,164,134814,5.375165962943914,1091130,1282146,1282146,4,True,True
317,GEN,DG020,model.19.m.0.m.1.cv1.conv,2,9.700577735900879,5,16,15,2373276,2373112,164,134978,5.381704803256661,1091130,1281982,1281982,4,True,True
318,GEN,DG020,model.19.m.0.m.1.cv1.conv,14,9.808055877685547,6,15,14,2373112,2372948,164,135142,5.388243643569409,1091130,1281818,1281818,4,True,True
319,GEN,DG020,model.19.m.0.m.1.cv1.conv,13,9.82902717590332,6,14,13,2372948,2372784,164,135306,5.394782483882158,1091130,1281654,1281654,4,True,True
320,GEN,DG019,model.19.m.0.m.0.cv1.conv,1,9.890462875366211,6,26,25,2372784,2372620,164,135470,5.401321324194905,1091130,1281490,1281490,4,True,True
321,GEN,DG020,model.19.m.0.m.1.cv1.conv,5,9.975502014160156,6,13,12,2372620,2372456,164,135634,5.407860164507653,1091130,1281326,1281326,4,True,True
322,GEN,DG019,model.19.m.0.m.0.cv1.conv,14,10.009587287902832,6,25,24,2372456,2372292,164,135798,5.414399004820401,1091130,1281162,1281162,4,True,True
323,GEN,DG020,model.19.m.0.m.1.cv1.conv,11,10.10660171508789,6,12,11,2372292,2372128,164,135962,5.420937845133149,1091130,1280998,1280998,4,True,True
324,GEN,DG019,model.19.m.0.m.0.cv1.conv,4,10.145132064819336,6,24,23,2372128,2371964,164,136126,5.427476685445897,1091130,1280834,1280834,4,True,True
325,GEN,DG019,model.19.m.0.m.0.cv1.conv,15,10.202178001403809,6,23,22,2371964,2371800,164,136290,5.434015525758645,1091130,1280670,1280670,4,True,True
326,GEN,DG032,model.6.m.0.cv1.conv,0,10.294767379760742,6,18,17,2371800,2370514,1286,137576,5.485289602845193,1091130,1279384,1279384,4,True,True
327,GEN,DG020,model.19.m.0.m.1.cv1.conv,3,10.3121337890625,6,11,10,2370514,2370350,164,137740,5.4918284431579405,1091130,1279220,1279220,4,True,True
328,GEN,DG033,model.6.m.0.cv2.conv,8,10.313884735107422,6,12,11,2370350,2370220,130,137870,5.4970116702351195,1091130,1279090,1279090,4,True,True
329,GEN,DG027,model.3.conv,5,10.315053939819336,6,22,21,2370220,2370091,129,137999,5.502155026334781,1091130,1278961,1278961,4,True,True
330,GEN,DG018,model.19.m.0.cv2.conv,2,10.320186614990234,6,5,4,2370091,2369961,130,138129,5.507338253411959,1091130,1278831,1278831,4,True,True
331,GEN,DG033,model.6.m.0.cv2.conv,10,10.332252502441406,6,11,10,2369961,2369831,130,138259,5.512521480489137,1091130,1278701,1278701,4,True,True
332,GEN,DG033,model.6.m.0.cv2.conv,8,10.33773422241211,6,10,9,2369831,2369701,130,138389,5.517704707566315,1091130,1278571,1278571,4,True,True
333,GEN,DG017,model.19.m.0.cv1.conv,8,10.352062225341797,6,9,8,2369701,2368991,710,139099,5.546013101603212,1091130,1277861,1277861,4,True,True
334,GEN,DG020,model.19.m.0.m.1.cv1.conv,8,8.300841331481934,1,10,9,2368991,2368845,146,139245,5.551834264320658,1091130,1277715,1277715,4,True,True
335,GEN,DG019,model.19.m.0.m.0.cv1.conv,21,9.308882713317871,3,22,21,2368845,2368699,146,139391,5.557655427038105,1091130,1277569,1277569,4,True,True
336,GEN,DG019,model.19.m.0.m.0.cv1.conv,17,9.347430229187012,3,21,20,2368699,2368553,146,139537,5.563476589755551,1091130,1277423,1277423,4,True,True
337,GEN,DG019,model.19.m.0.m.0.cv1.conv,7,9.348775863647461,3,20,19,2368553,2368407,146,139683,5.569297752472997,1091130,1277277,1277277,4,True,True
338,GEN,DG019,model.19.m.0.m.0.cv1.conv,17,9.579008102416992,5,19,18,2368407,2368261,146,139829,5.575118915190444,1091130,1277131,1277131,4,True,True
339,GEN,DG020,model.19.m.0.m.1.cv1.conv,1,9.59758186340332,5,9,8,2368261,2368115,146,139975,5.58094007790789,1091130,1276985,1276985,4,True,True
340,GEN,DG019,model.19.m.0.m.0.cv1.conv,4,9.69124698638916,5,18,17,2368115,2367969,146,140121,5.586761240625337,1091130,1276839,1276839,4,True,True
341,GEN,DG019,model.19.m.0.m.0.cv1.conv,11,9.797741889953613,6,17,16,2367969,2367823,146,140267,5.5925824033427824,1091130,1276693,1276693,4,True,True
342,GEN,DG019,model.19.m.0.m.0.cv1.conv,1,9.943405151367188,6,16,15,2367823,2367677,146,140413,5.598403566060229,1091130,1276547,1276547,4,True,True
343,GEN,DG020,model.19.m.0.m.1.cv1.conv,4,10.029899597167969,6,8,7,2367677,2367531,146,140559,5.604224728777676,1091130,1276401,1276401,4,True,True
344,GEN,DG020,model.19.m.0.m.1.cv1.conv,1,10.113422393798828,6,7,6,2367531,2367385,146,140705,5.610045891495122,1091130,1276255,1276255,4,True,True
345,GEN,DG019,model.19.m.0.m.0.cv1.conv,0,10.22142505645752,6,15,14,2367385,2367239,146,140851,5.615867054212568,1091130,1276109,1276109,4,True,True
346,GEN,DG019,model.19.m.0.m.0.cv1.conv,10,10.267522811889648,6,14,13,2367239,2367093,146,140997,5.621688216930014,1091130,1275963,1275963,4,True,True
347,GEN,DG020,model.19.m.0.m.1.cv1.conv,3,10.311837196350098,6,6,5,2367093,2366947,146,141143,5.627509379647461,1091130,1275817,1275817,4,True,True
348,GEN,DG019,model.19.m.0.m.0.cv1.conv,7,10.327693939208984,6,13,12,2366947,2366801,146,141289,5.633330542364908,1091130,1275671,1275671,4,True,True
349,GEN,DG007,model.13.m.0.cv2.conv,19,10.353267669677734,6,24,23,2366801,2366671,130,141419,5.638513769442086,1091130,1275541,1275541,4,True,True
350,GEN,DG017,model.19.m.0.cv1.conv,0,10.35628890991211,6,8,7,2366671,2366231,440,141859,5.656056999549458,1091130,1275101,1275101,4,True,True
351,GEN,DG020,model.19.m.0.m.1.cv1.conv,3,9.157608032226562,2,5,4,2366231,2366103,128,141987,5.661160484671603,1091130,1274973,1274973,4,True,True
352,GEN,DG019,model.19.m.0.m.0.cv1.conv,6,9.42071533203125,4,12,11,2366103,2365975,128,142115,5.666263969793747,1091130,1274845,1274845,4,True,True
353,GEN,DG019,model.19.m.0.m.0.cv1.conv,4,9.580062866210938,5,11,10,2365975,2365847,128,142243,5.671367454915893,1091130,1274717,1274717,4,True,True
354,GEN,DG019,model.19.m.0.m.0.cv1.conv,8,9.582752227783203,5,10,9,2365847,2365719,128,142371,5.676470940038037,1091130,1274589,1274589,4,True,True
355,GEN,DG019,model.19.m.0.m.0.cv1.conv,7,9.676597595214844,5,9,8,2365719,2365591,128,142499,5.681574425160182,1091130,1274461,1274461,4,True,True
356,GEN,DG019,model.19.m.0.m.0.cv1.conv,3,9.688861846923828,5,8,7,2365591,2365463,128,142627,5.686677910282326,1091130,1274333,1274333,4,True,True
357,GEN,DG019,model.19.m.0.m.0.cv1.conv,3,9.717369079589844,5,7,6,2365463,2365335,128,142755,5.691781395404471,1091130,1274205,1274205,4,True,True
358,GEN,DG019,model.19.m.0.m.0.cv1.conv,0,9.9994535446167,6,6,5,2365335,2365207,128,142883,5.696884880526616,1091130,1274077,1274077,4,True,True
359,GEN,DG019,model.19.m.0.m.0.cv1.conv,1,10.01312255859375,6,5,4,2365207,2365079,128,143011,5.70198836564876,1091130,1273949,1273949,4,True,True
360,GEN,DG007,model.13.m.0.cv2.conv,8,10.389694213867188,6,23,22,2365079,2364949,130,143141,5.707171592725939,1091130,1273819,1273819,4,True,True
361,GEN,DG017,model.19.m.0.cv1.conv,5,10.403155326843262,6,7,6,2364949,2364671,278,143419,5.718255724475597,1091130,1273541,1273541,4,True,True
362,GEN,DG017,model.19.m.0.cv1.conv,5,10.404820442199707,6,6,5,2364671,2364393,278,143697,5.729339856225255,1091130,1273263,1273263,4,True,True
363,GEN,DG017,model.19.m.0.cv1.conv,3,10.41014289855957,7,5,4,2364393,2364115,278,143975,5.740423987974913,1091130,1272985,1272985,4,True,True
364,GEN,DG007,model.13.m.0.cv2.conv,11,10.425838470458984,7,22,21,2364115,2363985,130,144105,5.745607215052091,1091130,1272855,1272855,4,True,True
365,GEN,DG027,model.3.conv,20,10.434165954589844,7,21,20,2363985,2363856,129,144234,5.750750571151753,1091130,1272726,1272726,4,True,True
366,GEN,DG032,model.6.m.0.cv1.conv,12,10.434165954589844,7,17,16,2363856,2362570,1286,145520,5.802024648238301,1091130,1271440,1271440,4,True,True
367,GEN,DG032,model.6.m.0.cv1.conv,5,10.437836647033691,7,16,15,2362570,2361284,1286,146806,5.853298725324849,1091130,1270154,1270154,4,True,True
368,GEN,DG033,model.6.m.0.cv2.conv,7,10.441421508789062,7,9,8,2361284,2361154,130,146936,5.858481952402027,1091130,1270024,1270024,4,True,True
369,GEN,DG027,model.3.conv,12,10.441617012023926,7,20,19,2361154,2361025,129,147065,5.863625308501689,1091130,1269895,1269895,4,True,True
370,GEN,DG006,model.13.m.0.cv1.conv,8,10.457454681396484,7,17,16,2361025,2359739,1286,148351,5.914899385588236,1091130,1268609,1268609,4,True,True
371,GEN,DG032,model.6.m.0.cv1.conv,2,10.464797019958496,7,15,14,2359739,2358453,1286,149637,5.966173462674784,1091130,1267323,1267323,4,True,True
372,GEN,DG032,model.6.m.0.cv1.conv,12,10.491134643554688,7,14,13,2358453,2357167,1286,150923,6.017447539761332,1091130,1266037,1266037,4,True,True
373,GEN,DG027,model.3.conv,0,10.491825103759766,7,19,18,2357167,2357038,129,151052,6.0225908958609935,1091130,1265908,1265908,4,True,True
374,GEN,DG032,model.6.m.0.cv1.conv,0,10.496986389160156,7,13,12,2357038,2355752,1286,152338,6.073864972947542,1091130,1264622,1264622,4,True,True
375,GEN,DG007,model.13.m.0.cv2.conv,14,10.499536514282227,7,21,20,2355752,2355622,130,152468,6.07904820002472,1091130,1264492,1264492,4,True,True
376,GEN,DG007,model.13.m.0.cv2.conv,9,10.528511047363281,7,20,19,2355622,2355492,130,152598,6.084231427101899,1091130,1264362,1264362,4,True,True
377,GEN,DG033,model.6.m.0.cv2.conv,4,10.535440444946289,7,8,7,2355492,2355362,130,152728,6.089414654179077,1091130,1264232,1264232,4,True,True
378,GEN,DG007,model.13.m.0.cv2.conv,15,10.53805923461914,7,19,18,2355362,2355232,130,152858,6.094597881256255,1091130,1264102,1264102,4,True,True
379,GEN,DG006,model.13.m.0.cv1.conv,2,10.55855655670166,7,16,15,2355232,2353946,1286,154144,6.145871958342803,1091130,1262816,1262816,4,True,True
380,GEN,DG007,model.13.m.0.cv2.conv,9,10.558990478515625,7,18,17,2353946,2353816,130,154274,6.151055185419981,1091130,1262686,1262686,4,True,True
381,GEN,DG006,model.13.m.0.cv1.conv,13,10.560815811157227,7,15,14,2353816,2352530,1286,155560,6.202329262506529,1091130,1261400,1261400,4,True,True
382,GEN,DG027,model.3.conv,9,10.561155319213867,7,18,17,2352530,2352401,129,155689,6.20747261860619,1091130,1261271,1261271,4,True,True
383,GEN,DG006,model.13.m.0.cv1.conv,12,10.576227188110352,7,14,13,2352401,2351115,1286,156975,6.2587466956927384,1091130,1259985,1259985,4,True,True
384,GEN,DG007,model.13.m.0.cv2.conv,6,10.577385902404785,7,17,16,2351115,2350985,130,157105,6.263929922769917,1091130,1259855,1259855,4,True,True
385,GEN,DG033,model.6.m.0.cv2.conv,2,10.582706451416016,7,7,6,2350985,2350855,130,157235,6.269113149847095,1091130,1259725,1259725,4,True,True
386,GEN,DG033,model.6.m.0.cv2.conv,3,10.58315658569336,7,6,5,2350855,2350725,130,157365,6.274296376924273,1091130,1259595,1259595,4,True,True
387,GEN,DG006,model.13.m.0.cv1.conv,3,10.596260070800781,7,13,12,2350725,2349439,1286,158651,6.325570454010821,1091130,1258309,1258309,4,True,True
388,GEN,DG032,model.6.m.0.cv1.conv,6,10.59658432006836,7,12,11,2349439,2348153,1286,159937,6.376844531097369,1091130,1257023,1257023,4,True,True
389,GEN,DG033,model.6.m.0.cv2.conv,4,10.605695724487305,7,5,4,2348153,2348023,130,160067,6.382027758174547,1091130,1256893,1256893,4,True,True
390,GEN,DG007,model.13.m.0.cv2.conv,2,10.614873886108398,7,16,15,2348023,2347893,130,160197,6.387210985251725,1091130,1256763,1256763,4,True,True
391,GEN,DG032,model.6.m.0.cv1.conv,4,10.645597457885742,8,11,10,2347893,2346607,1286,161483,6.438485062338273,1091130,1255477,1255477,4,True,True
392,GEN,DG034,model.6.m.0.m.0.cv1.conv,2,9.453693389892578,5,32,31,2346607,2346425,182,161665,6.445741580246323,1091130,1255295,1255295,4,True,True
393,GEN,DG035,model.6.m.0.m.1.cv1.conv,18,10.10249137878418,6,32,31,2346425,2346243,182,161847,6.452998098154373,1091130,1255113,1255113,4,True,True
394,GEN,DG035,model.6.m.0.m.1.cv1.conv,0,10.206951141357422,6,31,30,2346243,2346061,182,162029,6.460254616062422,1091130,1254931,1254931,4,True,True
395,GEN,DG034,model.6.m.0.m.0.cv1.conv,30,10.270139694213867,6,31,30,2346061,2345879,182,162211,6.467511133970471,1091130,1254749,1254749,4,True,True
396,GEN,DG032,model.6.m.0.cv1.conv,1,10.651034355163574,8,10,9,2345879,2344665,1214,163425,6.515914500675813,1091130,1253535,1253535,4,True,True
397,GEN,DG035,model.6.m.0.m.1.cv1.conv,25,9.233537673950195,3,30,29,2344665,2344501,164,163589,6.522453340988561,1091130,1253371,1253371,4,True,True
398,GEN,DG034,model.6.m.0.m.0.cv1.conv,7,9.707806587219238,5,30,29,2344501,2344337,164,163753,6.528992181301309,1091130,1253207,1253207,4,True,True
399,GEN,DG034,model.6.m.0.m.0.cv1.conv,4,9.929433822631836,6,29,28,2344337,2344173,164,163917,6.535531021614057,1091130,1253043,1253043,4,True,True
400,GEN,DG034,model.6.m.0.m.0.cv1.conv,12,10.023015975952148,6,28,27,2344173,2344009,164,164081,6.542069861926805,1091130,1252879,1252879,4,True,True
401,GEN,DG035,model.6.m.0.m.1.cv1.conv,18,10.107349395751953,6,29,28,2344009,2343845,164,164245,6.5486087022395525,1091130,1252715,1252715,4,True,True
402,GEN,DG034,model.6.m.0.m.0.cv1.conv,9,10.223152160644531,6,27,26,2343845,2343681,164,164409,6.555147542552301,1091130,1252551,1252551,4,True,True
403,GEN,DG035,model.6.m.0.m.1.cv1.conv,21,10.321734428405762,6,28,27,2343681,2343517,164,164573,6.561686382865049,1091130,1252387,1252387,4,True,True
404,GEN,DG035,model.6.m.0.m.1.cv1.conv,19,10.335861206054688,6,27,26,2343517,2343353,164,164737,6.568225223177796,1091130,1252223,1252223,4,True,True
405,GEN,DG007,model.13.m.0.cv2.conv,7,10.682641983032227,8,15,14,2343353,2343223,130,164867,6.573408450254975,1091130,1252093,1252093,4,True,True
406,GEN,DG007,model.13.m.0.cv2.conv,3,10.688375473022461,8,14,13,2343223,2343093,130,164997,6.578591677332153,1091130,1251963,1251963,4,True,True
407,GEN,DG006,model.13.m.0.cv1.conv,4,10.68978500366211,8,12,11,2343093,2341807,1286,166283,6.629865754418701,1091130,1250677,1250677,4,True,True
408,GEN,DG007,model.13.m.0.cv2.conv,10,10.693061828613281,8,13,12,2341807,2341677,130,166413,6.6350489814958795,1091130,1250547,1250547,4,True,True
409,GEN,DG006,model.13.m.0.cv1.conv,4,10.700611114501953,8,11,10,2341677,2340391,1286,167699,6.686323058582428,1091130,1249261,1249261,4,True,True
410,GEN,DG032,model.6.m.0.cv1.conv,6,10.705009460449219,8,9,8,2340391,2339321,1070,168769,6.728985004525356,1091130,1248191,1248191,4,True,True
411,GEN,DG034,model.6.m.0.m.0.cv1.conv,15,9.372268676757812,3,26,25,2339321,2339175,146,168915,6.734806167242803,1091130,1248045,1248045,4,True,True
412,GEN,DG035,model.6.m.0.m.1.cv1.conv,0,9.515652656555176,5,26,25,2339175,2339029,146,169061,6.740627329960248,1091130,1247899,1247899,4,True,True
413,GEN,DG035,model.6.m.0.m.1.cv1.conv,7,9.53537654876709,5,25,24,2339029,2338883,146,169207,6.746448492677695,1091130,1247753,1247753,4,True,True
414,GEN,DG034,model.6.m.0.m.0.cv1.conv,23,9.642230987548828,5,25,24,2338883,2338737,146,169353,6.752269655395141,1091130,1247607,1247607,4,True,True
415,GEN,DG035,model.6.m.0.m.1.cv1.conv,19,9.66401481628418,5,24,23,2338737,2338591,146,169499,6.758090818112588,1091130,1247461,1247461,4,True,True
416,GEN,DG035,model.6.m.0.m.1.cv1.conv,10,9.757841110229492,5,23,22,2338591,2338445,146,169645,6.763911980830034,1091130,1247315,1247315,4,True,True
417,GEN,DG034,model.6.m.0.m.0.cv1.conv,22,9.799214363098145,6,24,23,2338445,2338299,146,169791,6.76973314354748,1091130,1247169,1247169,4,True,True
418,GEN,DG035,model.6.m.0.m.1.cv1.conv,7,9.809722900390625,6,22,21,2338299,2338153,146,169937,6.775554306264927,1091130,1247023,1247023,4,True,True
419,GEN,DG035,model.6.m.0.m.1.cv1.conv,11,10.009273529052734,6,21,20,2338153,2338007,146,170083,6.781375468982373,1091130,1246877,1246877,4,True,True
420,GEN,DG034,model.6.m.0.m.0.cv1.conv,20,10.036054611206055,6,23,22,2338007,2337861,146,170229,6.787196631699819,1091130,1246731,1246731,4,True,True
421,GEN,DG034,model.6.m.0.m.0.cv1.conv,1,10.11353874206543,6,22,21,2337861,2337715,146,170375,6.793017794417266,1091130,1246585,1246585,4,True,True
422,GEN,DG035,model.6.m.0.m.1.cv1.conv,16,10.172021865844727,6,20,19,2337715,2337569,146,170521,6.798838957134712,1091130,1246439,1246439,4,True,True
423,GEN,DG034,model.6.m.0.m.0.cv1.conv,15,10.245941162109375,6,21,20,2337569,2337423,146,170667,6.804660119852159,1091130,1246293,1246293,4,True,True
424,GEN,DG034,model.6.m.0.m.0.cv1.conv,12,10.33597469329834,6,20,19,2337423,2337277,146,170813,6.810481282569604,1091130,1246147,1246147,4,True,True
425,GEN,DG035,model.6.m.0.m.1.cv1.conv,6,10.450481414794922,7,19,18,2337277,2337131,146,170959,6.816302445287051,1091130,1246001,1246001,4,True,True
426,GEN,DG035,model.6.m.0.m.1.cv1.conv,0,10.453605651855469,7,18,17,2337131,2336985,146,171105,6.822123608004498,1091130,1245855,1245855,4,True,True
427,GEN,DG035,model.6.m.0.m.1.cv1.conv,3,10.575801849365234,7,17,16,2336985,2336839,146,171251,6.827944770721944,1091130,1245709,1245709,4,True,True
428,GEN,DG035,model.6.m.0.m.1.cv1.conv,7,10.578157424926758,7,16,15,2336839,2336693,146,171397,6.83376593343939,1091130,1245563,1245563,4,True,True
429,GEN,DG035,model.6.m.0.m.1.cv1.conv,10,10.589258193969727,7,15,14,2336693,2336547,146,171543,6.839587096156836,1091130,1245417,1245417,4,True,True
430,GEN,DG034,model.6.m.0.m.0.cv1.conv,17,10.615484237670898,7,19,18,2336547,2336401,146,171689,6.845408258874283,1091130,1245271,1245271,4,True,True
431,GEN,DG035,model.6.m.0.m.1.cv1.conv,3,10.653541564941406,8,14,13,2336401,2336255,146,171835,6.8512294215917295,1091130,1245125,1245125,4,True,True
432,GEN,DG034,model.6.m.0.m.0.cv1.conv,14,10.668991088867188,8,18,17,2336255,2336109,146,171981,6.857050584309175,1091130,1244979,1244979,4,True,True
433,GEN,DG006,model.13.m.0.cv1.conv,1,10.740211486816406,8,10,9,2336109,2334823,1286,173267,6.908324661395723,1091130,1243693,1243693,4,True,True
434,GEN,DG008,model.13.m.0.m.0.cv1.conv,13,9.82919692993164,6,32,31,2334823,2334659,164,173431,6.914863501708472,1091130,1243529,1243529,4,True,True
435,GEN,DG008,model.13.m.0.m.0.cv1.conv,20,10.14256477355957,6,31,30,2334659,2334495,164,173595,6.921402342021219,1091130,1243365,1243365,4,True,True
436,GEN,DG008,model.13.m.0.m.0.cv1.conv,16,10.22651481628418,6,30,29,2334495,2334331,164,173759,6.927941182333967,1091130,1243201,1243201,4,True,True
437,GEN,DG008,model.13.m.0.m.0.cv1.conv,0,10.265501022338867,6,29,28,2334331,2334167,164,173923,6.934480022646715,1091130,1243037,1243037,4,True,True
438,GEN,DG009,model.13.m.0.m.1.cv1.conv,31,10.293338775634766,6,32,31,2334167,2334003,164,174087,6.941018862959464,1091130,1242873,1242873,4,True,True
439,GEN,DG009,model.13.m.0.m.1.cv1.conv,3,10.441701889038086,7,31,30,2334003,2333839,164,174251,6.947557703272211,1091130,1242709,1242709,4,True,True
440,GEN,DG009,model.13.m.0.m.1.cv1.conv,10,10.471900939941406,7,30,29,2333839,2333675,164,174415,6.954096543584959,1091130,1242545,1242545,4,True,True
441,GEN,DG008,model.13.m.0.m.0.cv1.conv,13,10.483023643493652,7,28,27,2333675,2333511,164,174579,6.960635383897707,1091130,1242381,1242381,4,True,True
442,GEN,DG008,model.13.m.0.m.0.cv1.conv,11,10.520818710327148,7,27,26,2333511,2333347,164,174743,6.967174224210455,1091130,1242217,1242217,4,True,True
443,GEN,DG008,model.13.m.0.m.0.cv1.conv,8,10.548213958740234,7,26,25,2333347,2333183,164,174907,6.973713064523203,1091130,1242053,1242053,4,True,True
444,GEN,DG008,model.13.m.0.m.0.cv1.conv,24,10.564658164978027,7,25,24,2333183,2333019,164,175071,6.980251904835951,1091130,1241889,1241889,4,True,True
445,GEN,DG035,model.6.m.0.m.1.cv1.conv,2,10.758831024169922,8,13,12,2333019,2332873,146,175217,6.986073067553397,1091130,1241743,1241743,4,True,True
446,GEN,DG032,model.6.m.0.cv1.conv,4,10.774768829345703,8,8,7,2332873,2332217,656,175873,7.012228428804389,1091130,1241087,1241087,4,True,True
447,GEN,DG035,model.6.m.0.m.1.cv1.conv,0,8.764360427856445,2,12,11,2332217,2332089,128,176001,7.017331913926534,1091130,1240959,1240959,4,True,True
448,GEN,DG034,model.6.m.0.m.0.cv1.conv,4,8.822856903076172,2,17,16,2332089,2331961,128,176129,7.022435399048678,1091130,1240831,1240831,4,True,True
449,GEN,DG034,model.6.m.0.m.0.cv1.conv,9,9.423072814941406,4,16,15,2331961,2331833,128,176257,7.0275388841708235,1091130,1240703,1240703,4,True,True
450,GEN,DG035,model.6.m.0.m.1.cv1.conv,2,9.473514556884766,5,11,10,2331833,2331705,128,176385,7.032642369292968,1091130,1240575,1240575,4,True,True
451,GEN,DG034,model.6.m.0.m.0.cv1.conv,5,9.576900482177734,5,15,14,2331705,2331577,128,176513,7.037745854415113,1091130,1240447,1240447,4,True,True
452,GEN,DG035,model.6.m.0.m.1.cv1.conv,1,9.603240966796875,5,10,9,2331577,2331449,128,176641,7.042849339537257,1091130,1240319,1240319,4,True,True
453,GEN,DG035,model.6.m.0.m.1.cv1.conv,2,9.651409149169922,5,9,8,2331449,2331321,128,176769,7.0479528246594025,1091130,1240191,1240191,4,True,True
454,GEN,DG034,model.6.m.0.m.0.cv1.conv,10,9.690590858459473,5,14,13,2331321,2331193,128,176897,7.053056309781547,1091130,1240063,1240063,4,True,True
455,GEN,DG035,model.6.m.0.m.1.cv1.conv,4,9.729164123535156,5,8,7,2331193,2331065,128,177025,7.058159794903692,1091130,1239935,1239935,4,True,True
456,GEN,DG035,model.6.m.0.m.1.cv1.conv,6,9.803449630737305,6,7,6,2331065,2330937,128,177153,7.063263280025836,1091130,1239807,1239807,4,True,True
457,GEN,DG035,model.6.m.0.m.1.cv1.conv,4,9.845626831054688,6,6,5,2330937,2330809,128,177281,7.068366765147982,1091130,1239679,1239679,4,True,True
458,GEN,DG034,model.6.m.0.m.0.cv1.conv,11,9.864410400390625,6,13,12,2330809,2330681,128,177409,7.073470250270126,1091130,1239551,1239551,4,True,True
459,GEN,DG034,model.6.m.0.m.0.cv1.conv,8,9.88747787475586,6,12,11,2330681,2330553,128,177537,7.07857373539227,1091130,1239423,1239423,4,True,True
460,GEN,DG035,model.6.m.0.m.1.cv1.conv,2,9.9266357421875,6,5,4,2330553,2330425,128,177665,7.083677220514415,1091130,1239295,1239295,4,True,True
461,GEN,DG034,model.6.m.0.m.0.cv1.conv,9,9.975540161132812,6,11,10,2330425,2330297,128,177793,7.08878070563656,1091130,1239167,1239167,4,True,True
462,GEN,DG034,model.6.m.0.m.0.cv1.conv,4,10.134658813476562,6,10,9,2330297,2330169,128,177921,7.093884190758705,1091130,1239039,1239039,4,True,True
463,GEN,DG034,model.6.m.0.m.0.cv1.conv,2,10.146003723144531,6,9,8,2330169,2330041,128,178049,7.098987675880849,1091130,1238911,1238911,4,True,True
464,GEN,DG034,model.6.m.0.m.0.cv1.conv,2,10.302780151367188,6,8,7,2330041,2329913,128,178177,7.104091161002994,1091130,1238783,1238783,4,True,True
465,GEN,DG034,model.6.m.0.m.0.cv1.conv,4,10.435345649719238,7,7,6,2329913,2329785,128,178305,7.109194646125139,1091130,1238655,1238655,4,True,True
466,GEN,DG034,model.6.m.0.m.0.cv1.conv,3,10.57364559173584,7,6,5,2329785,2329657,128,178433,7.114298131247284,1091130,1238527,1238527,4,True,True
467,GEN,DG007,model.13.m.0.cv2.conv,2,10.78640365600586,8,12,11,2329657,2329527,130,178563,7.119481358324462,1091130,1238397,1238397,4,True,True
468,GEN,DG032,model.6.m.0.cv1.conv,5,10.790809631347656,8,7,6,2329527,2329231,296,178859,7.131283167669422,1091130,1238101,1238101,4,True,True
469,GEN,DG034,model.6.m.0.m.0.cv1.conv,0,8.97360610961914,2,5,4,2329231,2329121,110,178969,7.135668975196265,1091130,1237991,1237991,4,True,True
470,GEN,DG027,model.3.conv,2,10.796897888183594,8,17,16,2329121,2328992,129,179098,7.140812331295926,1091130,1237862,1237862,4,True,True
471,GEN,DG006,model.13.m.0.cv1.conv,3,10.799564361572266,8,9,8,2328992,2327904,1088,180186,7.184191954834157,1091130,1236774,1236774,4,True,True
472,GEN,DG008,model.13.m.0.m.0.cv1.conv,22,9.142135620117188,2,24,23,2327904,2327758,146,180332,7.190013117551603,1091130,1236628,1236628,4,True,True
473,GEN,DG008,model.13.m.0.m.0.cv1.conv,13,9.46139907836914,5,23,22,2327758,2327612,146,180478,7.195834280269049,1091130,1236482,1236482,4,True,True
474,GEN,DG009,model.13.m.0.m.1.cv1.conv,15,9.481045722961426,5,29,28,2327612,2327466,146,180624,7.201655442986496,1091130,1236336,1236336,4,True,True
475,GEN,DG008,model.13.m.0.m.0.cv1.conv,10,9.648321151733398,5,22,21,2327466,2327320,146,180770,7.207476605703942,1091130,1236190,1236190,4,True,True
476,GEN,DG009,model.13.m.0.m.1.cv1.conv,20,9.711223602294922,5,28,27,2327320,2327174,146,180916,7.213297768421389,1091130,1236044,1236044,4,True,True
477,GEN,DG009,model.13.m.0.m.1.cv1.conv,2,9.724390029907227,5,27,26,2327174,2327028,146,181062,7.219118931138834,1091130,1235898,1235898,4,True,True
478,GEN,DG008,model.13.m.0.m.0.cv1.conv,6,9.900075912475586,6,21,20,2327028,2326882,146,181208,7.224940093856281,1091130,1235752,1235752,4,True,True
479,GEN,DG008,model.13.m.0.m.0.cv1.conv,12,9.903205871582031,6,20,19,2326882,2326736,146,181354,7.230761256573728,1091130,1235606,1235606,4,True,True
480,GEN,DG008,model.13.m.0.m.0.cv1.conv,7,10.038223266601562,6,19,18,2326736,2326590,146,181500,7.236582419291174,1091130,1235460,1235460,4,True,True
481,GEN,DG008,model.13.m.0.m.0.cv1.conv,4,10.105522155761719,6,18,17,2326590,2326444,146,181646,7.24240358200862,1091130,1235314,1235314,4,True,True
482,GEN,DG008,model.13.m.0.m.0.cv1.conv,1,10.166358947753906,6,17,16,2326444,2326298,146,181792,7.248224744726066,1091130,1235168,1235168,4,True,True
483,GEN,DG008,model.13.m.0.m.0.cv1.conv,14,10.316329956054688,6,16,15,2326298,2326152,146,181938,7.254045907443513,1091130,1235022,1235022,4,True,True
484,GEN,DG008,model.13.m.0.m.0.cv1.conv,6,10.34242057800293,6,15,14,2326152,2326006,146,182084,7.25986707016096,1091130,1234876,1234876,4,True,True
485,GEN,DG009,model.13.m.0.m.1.cv1.conv,17,10.352495193481445,6,26,25,2326006,2325860,146,182230,7.265688232878405,1091130,1234730,1234730,4,True,True
486,GEN,DG008,model.13.m.0.m.0.cv1.conv,10,10.366939544677734,6,14,13,2325860,2325714,146,182376,7.271509395595852,1091130,1234584,1234584,4,True,True
487,GEN,DG008,model.13.m.0.m.0.cv1.conv,7,10.369017601013184,6,13,12,2325714,2325568,146,182522,7.277330558313298,1091130,1234438,1234438,4,True,True
488,GEN,DG008,model.13.m.0.m.0.cv1.conv,3,10.373443603515625,6,12,11,2325568,2325422,146,182668,7.283151721030745,1091130,1234292,1234292,4,True,True
489,GEN,DG009,model.13.m.0.m.1.cv1.conv,2,10.4259033203125,7,25,24,2325422,2325276,146,182814,7.28897288374819,1091130,1234146,1234146,4,True,True
490,GEN,DG009,model.13.m.0.m.1.cv1.conv,22,10.430641174316406,7,24,23,2325276,2325130,146,182960,7.294794046465637,1091130,1234000,1234000,4,True,True
491,GEN,DG008,model.13.m.0.m.0.cv1.conv,2,10.444210052490234,7,11,10,2325130,2324984,146,183106,7.300615209183084,1091130,1233854,1233854,4,True,True
492,GEN,DG008,model.13.m.0.m.0.cv1.conv,3,10.460800170898438,7,10,9,2324984,2324838,146,183252,7.30643637190053,1091130,1233708,1233708,4,True,True
493,GEN,DG009,model.13.m.0.m.1.cv1.conv,9,10.668750762939453,8,23,22,2324838,2324692,146,183398,7.312257534617976,1091130,1233562,1233562,4,True,True
494,GEN,DG009,model.13.m.0.m.1.cv1.conv,20,10.713639259338379,8,22,21,2324692,2324546,146,183544,7.318078697335422,1091130,1233416,1233416,4,True,True
495,GEN,DG009,model.13.m.0.m.1.cv1.conv,20,10.779401779174805,8,21,20,2324546,2324400,146,183690,7.323899860052869,1091130,1233270,1233270,4,True,True
496,GEN,DG006,model.13.m.0.cv1.conv,3,10.804366111755371,8,8,7,2324400,2323744,656,184346,7.350055221303861,1091130,1232614,1232614,4,True,True
497,GEN,DG008,model.13.m.0.m.0.cv1.conv,7,9.089118957519531,2,9,8,2323744,2323616,128,184474,7.355158706426005,1091130,1232486,1232486,4,True,True
498,GEN,DG009,model.13.m.0.m.1.cv1.conv,7,9.456302642822266,5,20,19,2323616,2323488,128,184602,7.36026219154815,1091130,1232358,1232358,4,True,True
499,GEN,DG009,model.13.m.0.m.1.cv1.conv,12,9.539131164550781,5,19,18,2323488,2323360,128,184730,7.365365676670295,1091130,1232230,1232230,4,True,True
500,GEN,DG009,model.13.m.0.m.1.cv1.conv,10,9.574580192565918,5,18,17,2323360,2323232,128,184858,7.37046916179244,1091130,1232102,1232102,4,True,True
501,GEN,DG008,model.13.m.0.m.0.cv1.conv,2,9.625322341918945,5,8,7,2323232,2323104,128,184986,7.375572646914584,1091130,1231974,1231974,4,True,True
502,GEN,DG008,model.13.m.0.m.0.cv1.conv,4,9.62844467163086,5,7,6,2323104,2322976,128,185114,7.380676132036729,1091130,1231846,1231846,4,True,True
503,GEN,DG008,model.13.m.0.m.0.cv1.conv,4,9.763282775878906,5,6,5,2322976,2322848,128,185242,7.385779617158874,1091130,1231718,1231718,4,True,True
504,GEN,DG009,model.13.m.0.m.1.cv1.conv,5,9.860963821411133,6,17,16,2322848,2322720,128,185370,7.390883102281019,1091130,1231590,1231590,4,True,True
505,GEN,DG009,model.13.m.0.m.1.cv1.conv,14,9.938194274902344,6,16,15,2322720,2322592,128,185498,7.395986587403163,1091130,1231462,1231462,4,True,True
506,GEN,DG009,model.13.m.0.m.1.cv1.conv,9,9.946271896362305,6,15,14,2322592,2322464,128,185626,7.401090072525308,1091130,1231334,1231334,4,True,True
507,GEN,DG009,model.13.m.0.m.1.cv1.conv,11,10.00467300415039,6,14,13,2322464,2322336,128,185754,7.406193557647453,1091130,1231206,1231206,4,True,True
508,GEN,DG008,model.13.m.0.m.0.cv1.conv,2,10.070602416992188,6,5,4,2322336,2322208,128,185882,7.411297042769598,1091130,1231078,1231078,4,True,True
509,GEN,DG009,model.13.m.0.m.1.cv1.conv,10,10.182182312011719,6,13,12,2322208,2322080,128,186010,7.416400527891742,1091130,1230950,1230950,4,True,True
510,GEN,DG009,model.13.m.0.m.1.cv1.conv,0,10.224133491516113,6,12,11,2322080,2321952,128,186138,7.421504013013887,1091130,1230822,1230822,4,True,True
511,GEN,DG009,model.13.m.0.m.1.cv1.conv,8,10.317955017089844,6,11,10,2321952,2321824,128,186266,7.426607498136032,1091130,1230694,1230694,4,True,True
512,GEN,DG009,model.13.m.0.m.1.cv1.conv,3,10.328811645507812,6,10,9,2321824,2321696,128,186394,7.431710983258177,1091130,1230566,1230566,4,True,True
513,GEN,DG009,model.13.m.0.m.1.cv1.conv,1,10.392570495605469,6,9,8,2321696,2321568,128,186522,7.436814468380321,1091130,1230438,1230438,4,True,True
514,GEN,DG009,model.13.m.0.m.1.cv1.conv,2,10.458866119384766,7,8,7,2321568,2321440,128,186650,7.441917953502466,1091130,1230310,1230310,4,True,True
515,GEN,DG009,model.13.m.0.m.1.cv1.conv,6,10.751245498657227,8,7,6,2321440,2321312,128,186778,7.447021438624611,1091130,1230182,1230182,4,True,True
516,GEN,DG032,model.6.m.0.cv1.conv,3,10.815847396850586,8,6,5,2321312,2321034,278,187056,7.4581055703742685,1091130,1229904,1229904,4,True,True
517,GEN,DG032,model.6.m.0.cv1.conv,0,10.831086158752441,8,5,4,2321034,2320756,278,187334,7.469189702123927,1091130,1229626,1229626,4,True,True
518,GEN,DG006,model.13.m.0.cv1.conv,3,10.841906547546387,8,7,6,2320756,2320442,314,187648,7.481709189064189,1091130,1229312,1229312,4,True,True
519,GEN,DG009,model.13.m.0.m.1.cv1.conv,5,9.775840759277344,5,6,5,2320442,2320332,110,187758,7.4860949965910315,1091130,1229202,1229202,4,True,True
520,GEN,DG009,model.13.m.0.m.1.cv1.conv,4,9.890594482421875,6,5,4,2320332,2320222,110,187868,7.490480804117874,1091130,1229092,1229092,4,True,True
521,GEN,DG007,model.13.m.0.cv2.conv,7,10.851806640625,9,11,10,2320222,2320092,130,187998,7.495664031195052,1091130,1228962,1228962,4,True,True
522,GEN,DG007,model.13.m.0.cv2.conv,8,10.855712890625,9,10,9,2320092,2319962,130,188128,7.500847258272231,1091130,1228832,1228832,4,True,True
523,GEN,DG027,model.3.conv,15,10.859029769897461,9,16,15,2319962,2319833,129,188257,7.505990614371893,1091130,1228703,1228703,4,True,True
524,GEN,DG006,model.13.m.0.cv1.conv,0,10.86861801147461,9,6,5,2319833,2319555,278,188535,7.51707474612155,1091130,1228425,1228425,4,True,True
525,GEN,DG006,model.13.m.0.cv1.conv,4,10.880199432373047,9,5,4,2319555,2319277,278,188813,7.528158877871209,1091130,1228147,1228147,4,True,True
526,GEN,DG007,model.13.m.0.cv2.conv,6,10.88034439086914,9,9,8,2319277,2319147,130,188943,7.533342104948387,1091130,1228017,1228017,4,True,True
527,GEN,DG027,model.3.conv,13,10.916837692260742,9,15,14,2319147,2319018,129,189072,7.538485461048048,1091130,1227888,1227888,4,True,True
528,GEN,DG007,model.13.m.0.cv2.conv,6,10.94622802734375,11,8,7,2319018,2318888,130,189202,7.543668688125226,1091130,1227758,1227758,4,True,True
529,GEN,DG007,model.13.m.0.cv2.conv,2,11.050857543945312,11,7,6,2318888,2318758,130,189332,7.548851915202405,1091130,1227628,1227628,4,True,True
530,GEN,DG007,model.13.m.0.cv2.conv,4,11.075218200683594,11,6,5,2318758,2318628,130,189462,7.5540351422795835,1091130,1227498,1227498,4,True,True
531,GEN,DG007,model.13.m.0.cv2.conv,4,11.169876098632812,11,5,4,2318628,2318498,130,189592,7.559218369356762,1091130,1227368,1227368,4,True,True
532,GEN,DG027,model.3.conv,6,11.174583435058594,11,14,13,2318498,2318369,129,189721,7.564361725456423,1091130,1227239,1227239,4,True,True
533,GEN,DG027,model.3.conv,4,11.205038070678711,11,13,12,2318369,2318240,129,189850,7.569505081556085,1091130,1227110,1227110,4,True,True
534,GEN,DG027,model.3.conv,5,11.403005599975586,12,12,11,2318240,2318111,129,189979,7.574648437655746,1091130,1226981,1226981,4,True,True
535,GEN,DG027,model.3.conv,5,11.505128860473633,14,11,10,2318111,2317982,129,190108,7.579791793755407,1091130,1226852,1226852,4,True,True
536,GEN,DG027,model.3.conv,2,11.541557312011719,14,10,9,2317982,2317853,129,190237,7.584935149855069,1091130,1226723,1226723,4,True,True
537,GEN,DG027,model.3.conv,6,11.593901634216309,14,9,8,2317853,2317724,129,190366,7.590078505954731,1091130,1226594,1226594,4,True,True
538,GEN,DG027,model.3.conv,1,11.825216293334961,17,8,7,2317724,2317595,129,190495,7.595221862054392,1091130,1226465,1226465,4,True,True
539,GEN,DG028,model.4.cv2.conv,84,12.677614212036133,22,128,127,2317595,2316281,1314,191809,7.647612326511409,1091130,1225151,1225151,4,True,True
540,GEN,DG028,model.4.cv2.conv,91,12.936468124389648,24,127,126,2316281,2314967,1314,193123,7.700002790968426,1091130,1223837,1223837,4,True,True
541,GEN,DG038,model.8.m.0.cv1.conv,19,12.97555160522461,24,64,63,2314967,2312401,2566,195689,7.802311719276421,1091130,1221271,1221271,4,True,True
542,GEN,DG028,model.4.cv2.conv,67,13.16921615600586,28,126,125,2312401,2311087,1314,197003,7.854702183733439,1091130,1219957,1219957,4,True,True
543,GEN,DG028,model.4.cv2.conv,99,13.189695358276367,28,125,124,2311087,2309773,1314,198317,7.9070926481904555,1091130,1218643,1218643,4,True,True
544,GEN,DG028,model.4.cv2.conv,98,13.44626235961914,31,124,123,2309773,2308459,1314,199631,7.959483112647473,1091130,1217329,1217329,4,True,True
545,GEN,DG028,model.4.cv2.conv,107,13.452106475830078,31,123,122,2308459,2307145,1314,200945,8.01187357710449,1091130,1216015,1216015,4,True,True
546,GEN,DG028,model.4.cv2.conv,57,13.454488754272461,31,122,121,2307145,2305831,1314,202259,8.064264041561508,1091130,1214701,1214701,4,True,True
547,GEN,DG028,model.4.cv2.conv,5,13.688152313232422,34,121,120,2305831,2304517,1314,203573,8.116654506018524,1091130,1213387,1213387,4,True,True
548,GEN,DG038,model.8.m.0.cv1.conv,41,13.71635913848877,35,63,62,2304517,2301951,2566,206139,8.21896343432652,1091130,1210821,1210821,4,True,True
549,GEN,DG028,model.4.cv2.conv,17,13.878435134887695,35,120,119,2301951,2300637,1314,207453,8.271353898783536,1091130,1209507,1209507,4,True,True
550,GEN,DG028,model.4.cv2.conv,36,14.148073196411133,37,119,118,2300637,2299323,1314,208767,8.323744363240554,1091130,1208193,1208193,4,True,True
551,GEN,DG028,model.4.cv2.conv,37,14.238094329833984,39,118,117,2299323,2298009,1314,210081,8.376134827697571,1091130,1206879,1206879,4,True,True
552,GEN,DG028,model.4.cv2.conv,116,14.311564445495605,40,117,116,2298009,2296695,1314,211395,8.428525292154587,1091130,1205565,1205565,4,True,True
553,GEN,DG028,model.4.cv2.conv,14,14.392200469970703,40,116,115,2296695,2295381,1314,212709,8.480915756611605,1091130,1204251,1204251,4,True,True
554,GEN,DG028,model.4.cv2.conv,25,14.44370174407959,41,115,114,2295381,2294067,1314,214023,8.533306221068623,1091130,1202937,1202937,4,True,True
555,GEN,DG028,model.4.cv2.conv,59,14.45482063293457,41,114,113,2294067,2292753,1314,215337,8.585696685525638,1091130,1201623,1201623,4,True,True
556,GEN,DG026,model.22.m.0.1.ffn.0.conv,49,14.485782623291016,41,256,255,2292753,2292495,258,215595,8.595983397724963,1091130,1201365,1201365,4,True,True
557,GEN,DG026,model.22.m.0.1.ffn.0.conv,205,14.502557754516602,41,255,254,2292495,2292237,258,215853,8.606270109924285,1091130,1201107,1201107,4,True,True
558,GEN,DG028,model.4.cv2.conv,59,14.522833824157715,41,113,112,2292237,2290923,1314,217167,8.658660574381303,1091130,1199793,1199793,4,True,True
559,GEN,DG038,model.8.m.0.cv1.conv,58,14.536774635314941,41,62,61,2290923,2288357,2566,219733,8.760969502689298,1091130,1197227,1197227,4,True,True
560,GEN,DG028,model.4.cv2.conv,31,14.540538787841797,41,112,111,2288357,2287043,1314,221047,8.813359967146315,1091130,1195913,1195913,4,True,True
561,GEN,DG028,model.4.cv2.conv,8,14.547779083251953,41,111,110,2287043,2285729,1314,222361,8.865750431603331,1091130,1194599,1194599,4,True,True
562,GEN,DG028,model.4.cv2.conv,86,14.567914962768555,42,110,109,2285729,2284415,1314,223675,8.918140896060349,1091130,1193285,1193285,4,True,True
563,GEN,DG028,model.4.cv2.conv,89,14.622618675231934,42,109,108,2284415,2283101,1314,224989,8.970531360517366,1091130,1191971,1191971,4,True,True
564,GEN,DG028,model.4.cv2.conv,87,14.650484085083008,42,108,107,2283101,2281787,1314,226303,9.022921824974382,1091130,1190657,1190657,4,True,True
565,GEN,DG038,model.8.m.0.cv1.conv,30,14.660930633544922,42,61,60,2281787,2279221,2566,228869,9.125230753282379,1091130,1188091,1188091,4,True,True
566,GEN,DG028,model.4.cv2.conv,27,14.666825294494629,42,107,106,2279221,2277907,1314,230183,9.177621217739395,1091130,1186777,1186777,4,True,True
567,GEN,DG028,model.4.cv2.conv,41,14.682477951049805,42,106,105,2277907,2276593,1314,231497,9.230011682196412,1091130,1185463,1185463,4,True,True
568,GEN,DG028,model.4.cv2.conv,66,14.695053100585938,43,105,104,2276593,2275279,1314,232811,9.28240214665343,1091130,1184149,1184149,4,True,True
569,GEN,DG028,model.4.cv2.conv,100,14.697490692138672,43,104,103,2275279,2273965,1314,234125,9.334792611110446,1091130,1182835,1182835,4,True,True
570,GEN,DG028,model.4.cv2.conv,19,14.768022537231445,45,103,102,2273965,2272651,1314,235439,9.387183075567464,1091130,1181521,1181521,4,True,True
571,GEN,DG028,model.4.cv2.conv,91,14.781482696533203,45,102,101,2272651,2271337,1314,236753,9.439573540024481,1091130,1180207,1180207,4,True,True
572,GEN,DG028,model.4.cv2.conv,47,14.809328079223633,45,101,100,2271337,2270023,1314,238067,9.491964004481497,1091130,1178893,1178893,4,True,True
573,GEN,DG028,model.4.cv2.conv,76,14.829007148742676,45,100,99,2270023,2268709,1314,239381,9.544354468938515,1091130,1177579,1177579,4,True,True
574,GEN,DG026,model.22.m.0.1.ffn.0.conv,6,14.857269287109375,45,254,253,2268709,2268451,258,239639,9.554641181137837,1091130,1177321,1177321,4,True,True
575,GEN,DG028,model.4.cv2.conv,82,14.893707275390625,46,99,98,2268451,2267137,1314,240953,9.607031645594855,1091130,1176007,1176007,4,True,True
576,GEN,DG028,model.4.cv2.conv,5,14.928863525390625,47,98,97,2267137,2265823,1314,242267,9.659422110051873,1091130,1174693,1174693,4,True,True
577,GEN,DG028,model.4.cv2.conv,74,14.942070007324219,47,97,96,2265823,2264509,1314,243581,9.711812574508889,1091130,1173379,1173379,4,True,True
578,GEN,DG028,model.4.cv2.conv,65,14.949337005615234,47,96,95,2264509,2263195,1314,244895,9.764203038965906,1091130,1172065,1172065,4,True,True
579,GEN,DG028,model.4.cv2.conv,47,14.969297409057617,48,95,94,2263195,2261881,1314,246209,9.816593503422924,1091130,1170751,1170751,4,True,True
580,GEN,DG028,model.4.cv2.conv,7,15.0264892578125,49,94,93,2261881,2260567,1314,247523,9.86898396787994,1091130,1169437,1169437,4,True,True
581,GEN,DG028,model.4.cv2.conv,46,15.044567108154297,51,93,92,2260567,2259253,1314,248837,9.921374432336957,1091130,1168123,1168123,4,True,True
582,GEN,DG028,model.4.cv2.conv,32,15.04527473449707,51,92,91,2259253,2257939,1314,250151,9.973764896793975,1091130,1166809,1166809,4,True,True
583,GEN,DG028,model.4.cv2.conv,67,15.04983139038086,51,91,90,2257939,2256625,1314,251465,10.026155361250991,1091130,1165495,1165495,4,True,True
584,GEN,DG028,model.4.cv2.conv,38,15.056924819946289,51,90,89,2256625,2255311,1314,252779,10.078545825708009,1091130,1164181,1164181,4,True,True
585,GEN,DG028,model.4.cv2.conv,31,15.058998107910156,51,89,88,2255311,2253997,1314,254093,10.130936290165026,1091130,1162867,1162867,4,True,True
586,GEN,DG028,model.4.cv2.conv,59,15.060733795166016,51,88,87,2253997,2252683,1314,255407,10.183326754622042,1091130,1161553,1161553,4,True,True
587,GEN,DG028,model.4.cv2.conv,85,15.06195068359375,51,87,86,2252683,2251369,1314,256721,10.23571721907906,1091130,1160239,1160239,4,True,True
588,GEN,DG028,model.4.cv2.conv,75,15.075767517089844,51,86,85,2251369,2250055,1314,258035,10.288107683536078,1091130,1158925,1158925,4,True,True
589,GEN,DG028,model.4.cv2.conv,19,15.095728874206543,51,85,84,2250055,2248741,1314,259349,10.340498147993094,1091130,1157611,1157611,4,True,True
590,GEN,DG028,model.4.cv2.conv,44,15.097393035888672,51,84,83,2248741,2247427,1314,260663,10.392888612450111,1091130,1156297,1156297,4,True,True
591,GEN,DG028,model.4.cv2.conv,81,15.130148887634277,52,83,82,2247427,2246113,1314,261977,10.445279076907129,1091130,1154983,1154983,4,True,True
592,GEN,DG028,model.4.cv2.conv,42,15.134222984313965,52,82,81,2246113,2244799,1314,263291,10.497669541364145,1091130,1153669,1153669,4,True,True
593,GEN,DG028,model.4.cv2.conv,61,15.140798568725586,52,81,80,2244799,2243485,1314,264605,10.550060005821162,1091130,1152355,1152355,4,True,True
594,GEN,DG028,model.4.cv2.conv,61,15.159046173095703,52,80,79,2243485,2242171,1314,265919,10.60245047027818,1091130,1151041,1151041,4,True,True
595,GEN,DG028,model.4.cv2.conv,56,15.165933609008789,52,79,78,2242171,2240857,1314,267233,10.654840934735198,1091130,1149727,1149727,4,True,True
596,GEN,DG028,model.4.cv2.conv,58,15.177620887756348,52,78,77,2240857,2239543,1314,268547,10.707231399192214,1091130,1148413,1148413,4,True,True
597,GEN,DG028,model.4.cv2.conv,7,15.18202018737793,52,77,76,2239543,2238229,1314,269861,10.759621863649231,1091130,1147099,1147099,4,True,True
598,GEN,DG026,model.22.m.0.1.ffn.0.conv,83,15.200584411621094,52,253,252,2238229,2237971,258,270119,10.769908575848554,1091130,1146841,1146841,4,True,True
599,GEN,DG028,model.4.cv2.conv,29,15.219311714172363,53,76,75,2237971,2236657,1314,271433,10.822299040305571,1091130,1145527,1145527,4,True,True
600,GEN,DG028,model.4.cv2.conv,46,15.223237991333008,53,75,74,2236657,2235343,1314,272747,10.874689504762589,1091130,1144213,1144213,4,True,True
601,GEN,DG028,model.4.cv2.conv,23,15.228813171386719,53,74,73,2235343,2234029,1314,274061,10.927079969219605,1091130,1142899,1142899,4,True,True
602,GEN,DG028,model.4.cv2.conv,41,15.232189178466797,53,73,72,2234029,2232715,1314,275375,10.979470433676623,1091130,1141585,1141585,4,True,True
603,GEN,DG028,model.4.cv2.conv,40,15.245210647583008,53,72,71,2232715,2231401,1314,276689,11.03186089813364,1091130,1140271,1140271,4,True,True
604,GEN,DG028,model.4.cv2.conv,5,15.266042709350586,53,71,70,2231401,2230087,1314,278003,11.084251362590656,1091130,1138957,1138957,4,True,True
605,GEN,DG028,model.4.cv2.conv,20,15.28330135345459,53,70,69,2230087,2228773,1314,279317,11.136641827047674,1091130,1137643,1137643,4,True,True
606,GEN,DG028,model.4.cv2.conv,22,15.289504051208496,53,69,68,2228773,2227459,1314,280631,11.189032291504692,1091130,1136329,1136329,4,True,True
607,GEN,DG028,model.4.cv2.conv,63,15.293937683105469,53,68,67,2227459,2226145,1314,281945,11.241422755961707,1091130,1135015,1135015,4,True,True
608,GEN,DG028,model.4.cv2.conv,46,15.368324279785156,53,67,66,2226145,2224831,1314,283259,11.293813220418725,1091130,1133701,1133701,4,True,True
609,GEN,DG004,model.10.m.0.ffn.0.conv,1,15.386571884155273,53,256,255,2224831,2224573,258,283517,11.304099932618048,1091130,1133443,1133443,4,True,True
610,GEN,DG028,model.4.cv2.conv,39,15.400650024414062,53,66,65,2224573,2223259,1314,284831,11.356490397075065,1091130,1132129,1132129,4,True,True
611,GEN,DG028,model.4.cv2.conv,8,15.410205841064453,53,65,64,2223259,2221945,1314,286145,11.408880861532083,1091130,1130815,1130815,4,True,True
612,GEN,DG028,model.4.cv2.conv,21,15.413928985595703,53,64,63,2221945,2220631,1314,287459,11.461271325989099,1091130,1129501,1129501,4,True,True
613,GEN,DG028,model.4.cv2.conv,21,15.429290771484375,53,63,62,2220631,2219317,1314,288773,11.513661790446116,1091130,1128187,1128187,4,True,True
614,GEN,DG028,model.4.cv2.conv,16,15.439056396484375,54,62,61,2219317,2218003,1314,290087,11.566052254903134,1091130,1126873,1126873,4,True,True
615,GEN,DG028,model.4.cv2.conv,16,15.442094802856445,54,61,60,2218003,2216689,1314,291401,11.61844271936015,1091130,1125559,1125559,4,True,True
616,GEN,DG028,model.4.cv2.conv,36,15.448390007019043,54,60,59,2216689,2215375,1314,292715,11.670833183817168,1091130,1124245,1124245,4,True,True
617,GEN,DG028,model.4.cv2.conv,25,15.449703216552734,54,59,58,2215375,2214061,1314,294029,11.723223648274185,1091130,1122931,1122931,4,True,True
618,GEN,DG028,model.4.cv2.conv,16,15.455028533935547,54,58,57,2214061,2212747,1314,295343,11.775614112731201,1091130,1121617,1121617,4,True,True
619,GEN,DG038,model.8.m.0.cv1.conv,24,15.472543716430664,54,60,59,2212747,2210181,2566,297909,11.877923041039198,1091130,1119051,1119051,4,True,True
620,GEN,DG028,model.4.cv2.conv,40,15.478227615356445,54,57,56,2210181,2208867,1314,299223,11.930313505496214,1091130,1117737,1117737,4,True,True
621,GEN,DG028,model.4.cv2.conv,37,15.500202178955078,54,56,55,2208867,2207553,1314,300537,11.982703969953231,1091130,1116423,1116423,4,True,True
622,GEN,DG028,model.4.cv2.conv,15,15.501129150390625,54,55,54,2207553,2206239,1314,301851,12.035094434410249,1091130,1115109,1115109,4,True,True
623,GEN,DG026,model.22.m.0.1.ffn.0.conv,242,15.510063171386719,54,252,251,2206239,2205981,258,302109,12.045381146609571,1091130,1114851,1114851,4,True,True
624,GEN,DG028,model.4.cv2.conv,13,15.514748573303223,54,54,53,2205981,2204667,1314,303423,12.09777161106659,1091130,1113537,1113537,4,True,True
625,GEN,DG028,model.4.cv2.conv,18,15.543295860290527,56,53,52,2204667,2203353,1314,304737,12.150162075523605,1091130,1112223,1112223,4,True,True
626,GEN,DG028,model.4.cv2.conv,0,15.545734405517578,56,52,51,2203353,2202039,1314,306051,12.202552539980623,1091130,1110909,1110909,4,True,True
627,GEN,DG028,model.4.cv2.conv,23,15.558050155639648,56,51,50,2202039,2200725,1314,307365,12.25494300443764,1091130,1109595,1109595,4,True,True
628,GEN,DG026,model.22.m.0.1.ffn.0.conv,172,15.576898574829102,56,251,250,2200725,2200467,258,307623,12.265229716636963,1091130,1109337,1109337,4,True,True
629,GEN,DG028,model.4.cv2.conv,25,15.577350616455078,56,50,49,2200467,2199153,1314,308937,12.31762018109398,1091130,1108023,1108023,4,True,True
630,GEN,DG028,model.4.cv2.conv,36,15.579841613769531,56,49,48,2199153,2197839,1314,310251,12.370010645550996,1091130,1106709,1106709,4,True,True
631,GEN,DG028,model.4.cv2.conv,30,15.581554412841797,56,48,47,2197839,2196525,1314,311565,12.422401110008014,1091130,1105395,1105395,4,True,True
632,GEN,DG026,model.22.m.0.1.ffn.0.conv,93,15.598718643188477,56,250,249,2196525,2196267,258,311823,12.432687822207336,1091130,1105137,1105137,4,True,True
633,GEN,DG028,model.4.cv2.conv,41,15.653797149658203,56,47,46,2196267,2194953,1314,313137,12.485078286664354,1091130,1103823,1103823,4,True,True
634,GEN,DG028,model.4.cv2.conv,21,15.68229866027832,57,46,45,2194953,2193639,1314,314451,12.537468751121372,1091130,1102509,1102509,4,True,True
635,GEN,DG028,model.4.cv2.conv,7,15.683536529541016,57,45,44,2193639,2192325,1314,315765,12.589859215578388,1091130,1101195,1101195,4,True,True
636,GEN,DG028,model.4.cv2.conv,17,15.688514709472656,57,44,43,2192325,2191011,1314,317079,12.642249680035405,1091130,1099881,1099881,4,True,True
637,GEN,DG028,model.4.cv2.conv,18,15.692527770996094,58,43,42,2191011,2189697,1314,318393,12.694640144492423,1091130,1098567,1098567,4,True,True
638,GEN,DG026,model.22.m.0.1.ffn.0.conv,197,15.70057487487793,59,249,248,2189697,2189439,258,318651,12.704926856691745,1091130,1098309,1098309,4,True,True
639,GEN,DG028,model.4.cv2.conv,4,15.707042694091797,59,42,41,2189439,2188125,1314,319965,12.757317321148763,1091130,1096995,1096995,4,True,True
640,GEN,DG028,model.4.cv2.conv,5,15.711315155029297,59,41,40,2188125,2186811,1314,321279,12.809707785605779,1091130,1095681,1095681,4,True,True
641,GEN,DG028,model.4.cv2.conv,11,15.715717315673828,59,40,39,2186811,2185497,1314,322593,12.862098250062797,1091130,1094367,1094367,4,True,True
642,GEN,DG028,model.4.cv2.conv,16,15.7225980758667,59,39,38,2185497,2184183,1314,323907,12.914488714519814,1091130,1093053,1093053,4,True,True
643,GEN,DG028,model.4.cv2.conv,17,15.74388313293457,59,38,37,2184183,2182869,1314,325221,12.96687917897683,1091130,1091739,1091739,4,True,True
644,GEN,DG026,model.22.m.0.1.ffn.0.conv,211,15.747467041015625,59,248,247,2182869,2182611,258,325479,12.977165891176154,1091130,1091481,1091481,4,True,True
645,GEN,DG028,model.4.cv2.conv,22,15.757453918457031,59,37,36,2182611,2181297,1314,326793,13.02955635563317,1091130,1090167,1090167,4,True,True
646,GEN,DG028,model.4.cv2.conv,12,15.764335632324219,59,36,35,2181297,2179983,1314,328107,13.081946820090188,1091130,1088853,1088853,4,True,True
647,GEN,DG028,model.4.cv2.conv,21,15.77789306640625,60,35,34,2179983,2178669,1314,329421,13.134337284547206,1091130,1087539,1087539,4,True,True
648,GEN,DG026,model.22.m.0.1.ffn.0.conv,118,15.812724113464355,60,247,246,2178669,2178411,258,329679,13.144623996746528,1091130,1087281,1087281,4,True,True
649,GEN,DG028,model.4.cv2.conv,14,15.818061828613281,60,34,33,2178411,2177097,1314,330993,13.197014461203546,1091130,1085967,1085967,4,True,True
650,GEN,DG028,model.4.cv2.conv,7,15.823234558105469,60,33,32,2177097,2175783,1314,332307,13.249404925660562,1091130,1084653,1084653,4,True,True
651,GEN,DG028,model.4.cv2.conv,10,15.842756271362305,60,32,31,2175783,2174469,1314,333621,13.30179539011758,1091130,1083339,1083339,4,True,True
652,GEN,DG028,model.4.cv2.conv,16,15.869586944580078,60,31,30,2174469,2173155,1314,334935,13.354185854574597,1091130,1082025,1082025,4,True,True
653,GEN,DG028,model.4.cv2.conv,18,15.885444641113281,60,30,29,2173155,2171841,1314,336249,13.406576319031613,1091130,1080711,1080711,4,True,True
654,GEN,DG026,model.22.m.0.1.ffn.0.conv,242,15.910500526428223,62,246,245,2171841,2171583,258,336507,13.416863031230937,1091130,1080453,1080453,4,True,True
655,GEN,DG028,model.4.cv2.conv,25,15.93494987487793,63,29,28,2171583,2170269,1314,337821,13.469253495687953,1091130,1079139,1079139,4,True,True
656,GEN,DG028,model.4.cv2.conv,8,15.937957763671875,63,28,27,2170269,2168955,1314,339135,13.52164396014497,1091130,1077825,1077825,4,True,True
657,GEN,DG028,model.4.cv2.conv,2,15.941308975219727,63,27,26,2168955,2167641,1314,340449,13.574034424601988,1091130,1076511,1076511,4,True,True
658,GEN,DG028,model.4.cv2.conv,1,15.95001220703125,63,26,25,2167641,2166327,1314,341763,13.626424889059004,1091130,1075197,1075197,4,True,True
659,GEN,DG028,model.4.cv2.conv,20,15.978948593139648,63,25,24,2166327,2165013,1314,343077,13.678815353516022,1091130,1073883,1073883,4,True,True
660,GEN,DG028,model.4.cv2.conv,7,16.009857177734375,63,24,23,2165013,2163699,1314,344391,13.73120581797304,1091130,1072569,1072569,4,True,True
661,GEN,DG028,model.4.cv2.conv,9,16.02248191833496,63,23,22,2163699,2162385,1314,345705,13.783596282430056,1091130,1071255,1071255,4,True,True
662,GEN,DG028,model.4.cv2.conv,10,16.033815383911133,63,22,21,2162385,2161071,1314,347019,13.835986746887073,1091130,1069941,1069941,4,True,True
663,GEN,DG028,model.4.cv2.conv,0,16.059730529785156,64,21,20,2161071,2159757,1314,348333,13.88837721134409,1091130,1068627,1068627,4,True,True
664,GEN,DG030,model.5.conv,107,15.476045608520508,54,128,127,2159757,2159447,310,348643,13.900737214374285,1091130,1068317,1068317,4,True,True
665,GEN,DG028,model.4.cv2.conv,11,16.081178665161133,64,20,19,2159447,2158142,1305,349948,13.95276884003365,1091130,1067012,1067012,4,True,True
666,GEN,DG028,model.4.cv2.conv,5,16.094011306762695,64,19,18,2158142,2156837,1305,351253,14.004800465693018,1091130,1065707,1065707,4,True,True
667,GEN,DG028,model.4.cv2.conv,10,16.095458984375,64,18,17,2156837,2155532,1305,352558,14.056832091352383,1091130,1064402,1064402,4,True,True
668,GEN,DG030,model.5.conv,116,15.996807098388672,63,127,126,2155532,2155249,283,352841,14.068115577989625,1091130,1064119,1064119,4,True,True
669,GEN,DG030,model.5.conv,125,16.08561134338379,64,126,125,2155249,2154966,283,353124,14.079399064626868,1091130,1063836,1063836,4,True,True
670,GEN,DG028,model.4.cv2.conv,15,16.095993041992188,64,17,16,2154966,2153679,1287,354411,14.130713012690933,1091130,1062549,1062549,4,True,True
671,GEN,DG030,model.5.conv,22,15.227542877197266,53,125,124,2153679,2153405,274,354685,14.141637660530524,1091130,1062275,1062275,4,True,True
672,GEN,DG030,model.5.conv,69,15.481884002685547,54,124,123,2153405,2153131,274,354959,14.152562308370115,1091130,1062001,1062001,4,True,True
673,GEN,DG028,model.4.cv2.conv,2,16.099523544311523,64,16,15,2153131,2151862,1269,356228,14.203158578838877,1091130,1060732,1060732,4,True,True
674,GEN,DG030,model.5.conv,22,14.26950740814209,40,123,122,2151862,2151597,265,356493,14.213724387880818,1091130,1060467,1060467,4,True,True
675,GEN,DG030,model.5.conv,38,15.786518096923828,60,122,121,2151597,2151332,265,356758,14.224290196922757,1091130,1060202,1060202,4,True,True
676,GEN,DG030,model.5.conv,88,15.809715270996094,60,121,120,2151332,2151067,265,357023,14.234856005964698,1091130,1059937,1059937,4,True,True
677,GEN,DG030,model.5.conv,62,15.888224601745605,61,120,119,2151067,2150802,265,357288,14.245421815006639,1091130,1059672,1059672,4,True,True
678,GEN,DG028,model.4.cv2.conv,7,16.10497283935547,64,15,14,2150802,2149569,1233,358521,14.294582730284798,1091130,1058439,1058439,4,True,True
679,GEN,DG030,model.5.conv,14,14.592844009399414,42,119,118,2149569,2149313,256,358777,14.304789700529088,1091130,1058183,1058183,4,True,True
680,GEN,DG030,model.5.conv,12,14.632999420166016,42,118,117,2149313,2149057,256,359033,14.314996670773377,1091130,1057927,1057927,4,True,True
681,GEN,DG030,model.5.conv,88,14.985309600830078,48,117,116,2149057,2148801,256,359289,14.325203641017668,1091130,1057671,1057671,4,True,True
682,GEN,DG030,model.5.conv,92,15.083734512329102,51,116,115,2148801,2148545,256,359545,14.335410611261956,1091130,1057415,1057415,4,True,True
683,GEN,DG030,model.5.conv,61,15.593884468078613,56,115,114,2148545,2148289,256,359801,14.345617581506247,1091130,1057159,1057159,4,True,True
684,GEN,DG030,model.5.conv,110,15.64959716796875,56,114,113,2148289,2148033,256,360057,14.355824551750535,1091130,1056903,1056903,4,True,True
685,GEN,DG030,model.5.conv,1,15.740087509155273,59,113,112,2148033,2147777,256,360313,14.366031521994826,1091130,1056647,1056647,4,True,True
686,GEN,DG030,model.5.conv,96,15.816726684570312,60,112,111,2147777,2147521,256,360569,14.376238492239114,1091130,1056391,1056391,4,True,True
687,GEN,DG030,model.5.conv,66,15.875288009643555,60,111,110,2147521,2147265,256,360825,14.386445462483403,1091130,1056135,1056135,4,True,True
688,GEN,DG030,model.5.conv,104,15.936891555786133,63,110,109,2147265,2147009,256,361081,14.396652432727693,1091130,1055879,1055879,4,True,True
689,GEN,DG030,model.5.conv,2,15.939573287963867,63,109,108,2147009,2146753,256,361337,14.406859402971982,1091130,1055623,1055623,4,True,True
690,GEN,DG030,model.5.conv,42,16.05472755432129,64,108,107,2146753,2146497,256,361593,14.417066373216272,1091130,1055367,1055367,4,True,True
691,GEN,DG030,model.5.conv,69,16.05862045288086,64,107,106,2146497,2146241,256,361849,14.427273343460561,1091130,1055111,1055111,4,True,True
692,GEN,DG039,model.8.m.0.cv2.conv,37,16.11456871032715,64,64,63,2146241,2145983,258,362107,14.437560055659885,1091130,1054853,1054853,4,True,True
693,GEN,DG028,model.4.cv2.conv,13,16.11665916442871,64,14,13,2145983,2144867,1116,363223,14.482056066568584,1091130,1053737,1053737,4,True,True
694,GEN,DG030,model.5.conv,91,14.924586296081543,47,106,105,2144867,2144620,247,363470,14.491904198015222,1091130,1053490,1053490,4,True,True
695,GEN,DG030,model.5.conv,47,14.926965713500977,47,105,104,2144620,2144373,247,363717,14.501752329461862,1091130,1053243,1053243,4,True,True
696,GEN,DG030,model.5.conv,96,14.96435546875,47,104,103,2144373,2144126,247,363964,14.5116004609085,1091130,1052996,1052996,4,True,True
697,GEN,DG030,model.5.conv,94,15.177445411682129,52,103,102,2144126,2143879,247,364211,14.521448592355139,1091130,1052749,1052749,4,True,True
698,GEN,DG030,model.5.conv,98,15.224106788635254,53,102,101,2143879,2143632,247,364458,14.531296723801777,1091130,1052502,1052502,4,True,True
699,GEN,DG030,model.5.conv,28,15.278961181640625,53,101,100,2143632,2143385,247,364705,14.541144855248415,1091130,1052255,1052255,4,True,True
700,GEN,DG030,model.5.conv,94,15.456037521362305,54,100,99,2143385,2143138,247,364952,14.550992986695055,1091130,1052008,1052008,4,True,True
701,GEN,DG030,model.5.conv,78,15.468681335449219,54,99,98,2143138,2142891,247,365199,14.560841118141694,1091130,1051761,1051761,4,True,True
702,GEN,DG030,model.5.conv,35,15.499189376831055,54,98,97,2142891,2142644,247,365446,14.570689249588332,1091130,1051514,1051514,4,True,True
703,GEN,DG030,model.5.conv,46,15.508801460266113,54,97,96,2142644,2142397,247,365693,14.58053738103497,1091130,1051267,1051267,4,True,True
704,GEN,DG030,model.5.conv,81,15.679916381835938,57,96,95,2142397,2142150,247,365940,14.590385512481609,1091130,1051020,1051020,4,True,True
705,GEN,DG030,model.5.conv,49,15.742717742919922,59,95,94,2142150,2141903,247,366187,14.600233643928249,1091130,1050773,1050773,4,True,True
706,GEN,DG030,model.5.conv,27,15.75328254699707,59,94,93,2141903,2141656,247,366434,14.610081775374887,1091130,1050526,1050526,4,True,True
707,GEN,DG030,model.5.conv,84,15.766938209533691,59,93,92,2141656,2141409,247,366681,14.619929906821525,1091130,1050279,1050279,4,True,True
708,GEN,DG030,model.5.conv,52,15.89527702331543,61,92,91,2141409,2141162,247,366928,14.629778038268164,1091130,1050032,1050032,4,True,True
709,GEN,DG030,model.5.conv,17,15.964468002319336,63,91,90,2141162,2140915,247,367175,14.639626169714802,1091130,1049785,1049785,4,True,True
710,GEN,DG030,model.5.conv,26,15.991466522216797,63,90,89,2140915,2140668,247,367422,14.649474301161442,1091130,1049538,1049538,4,True,True
711,GEN,DG026,model.22.m.0.1.ffn.0.conv,48,16.139850616455078,64,245,244,2140668,2140410,258,367680,14.659761013360765,1091130,1049280,1049280,4,True,True
712,GEN,DG030,model.5.conv,87,16.17584991455078,64,89,88,2140410,2140163,247,367927,14.669609144807403,1091130,1049033,1049033,4,True,True
713,GEN,DG026,model.22.m.0.1.ffn.0.conv,56,16.19803810119629,64,244,243,2140163,2139905,258,368185,14.679895857006727,1091130,1048775,1048775,4,True,True
714,GEN,DG026,model.22.m.0.1.ffn.0.conv,173,16.284027099609375,66,243,242,2139905,2139647,258,368443,14.69018256920605,1091130,1048517,1048517,4,True,True
715,GEN,DG030,model.5.conv,27,16.318632125854492,68,88,87,2139647,2139400,247,368690,14.700030700652688,1091130,1048270,1048270,4,True,True
716,GEN,DG038,model.8.m.0.cv1.conv,44,16.324527740478516,68,59,58,2139400,2136834,2566,371256,14.802339628960683,1091130,1045704,1045704,4,True,True
717,GEN,DG026,model.22.m.0.1.ffn.0.conv,230,16.32927894592285,68,242,241,2136834,2136576,258,371514,14.812626341160007,1091130,1045446,1045446,4,True,True
718,GEN,DG030,model.5.conv,76,16.337202072143555,68,87,86,2136576,2136329,247,371761,14.822474472606645,1091130,1045199,1045199,4,True,True
719,GEN,DG026,model.22.m.0.1.ffn.0.conv,56,16.344863891601562,68,241,240,2136329,2136071,258,372019,14.832761184805968,1091130,1044941,1044941,4,True,True
720,GEN,DG026,model.22.m.0.1.ffn.0.conv,89,16.363746643066406,69,240,239,2136071,2135813,258,372277,14.843047897005292,1091130,1044683,1044683,4,True,True
721,GEN,DG030,model.5.conv,78,16.38933563232422,69,86,85,2135813,2135566,247,372524,14.85289602845193,1091130,1044436,1044436,4,True,True
722,GEN,DG030,model.5.conv,80,16.409513473510742,70,85,84,2135566,2135319,247,372771,14.862744159898568,1091130,1044189,1044189,4,True,True
723,GEN,DG026,model.22.m.0.1.ffn.0.conv,73,16.419452667236328,70,239,238,2135319,2135061,258,373029,14.87303087209789,1091130,1043931,1043931,4,True,True
724,GEN,DG030,model.5.conv,4,16.43215560913086,70,84,83,2135061,2134814,247,373276,14.882879003544529,1091130,1043684,1043684,4,True,True
725,GEN,DG030,model.5.conv,45,16.460752487182617,70,83,82,2134814,2134567,247,373523,14.89272713499117,1091130,1043437,1043437,4,True,True
726,GEN,DG026,model.22.m.0.1.ffn.0.conv,209,16.480045318603516,70,238,237,2134567,2134309,258,373781,14.903013847190492,1091130,1043179,1043179,4,True,True
727,GEN,DG026,model.22.m.0.1.ffn.0.conv,191,16.496479034423828,70,237,236,2134309,2134051,258,374039,14.913300559389814,1091130,1042921,1042921,4,True,True
728,GEN,DG030,model.5.conv,62,16.499988555908203,70,82,81,2134051,2133804,247,374286,14.923148690836454,1091130,1042674,1042674,4,True,True
729,GEN,DG030,model.5.conv,48,16.543012619018555,71,81,80,2133804,2133557,247,374533,14.932996822283092,1091130,1042427,1042427,4,True,True
730,GEN,DG026,model.22.m.0.1.ffn.0.conv,40,16.552160263061523,71,236,235,2133557,2133299,258,374791,14.943283534482415,1091130,1042169,1042169,4,True,True
731,GEN,DG026,model.22.m.0.1.ffn.0.conv,104,16.55218505859375,71,235,234,2133299,2133041,258,375049,14.953570246681737,1091130,1041911,1041911,4,True,True
732,GEN,DG030,model.5.conv,24,16.568185806274414,71,80,79,2133041,2132794,247,375296,14.963418378128377,1091130,1041664,1041664,4,True,True
733,GEN,DG038,model.8.m.0.cv1.conv,10,16.57312774658203,71,58,57,2132794,2130228,2566,377862,15.065727306436372,1091130,1039098,1039098,4,True,True
734,GEN,DG026,model.22.m.0.1.ffn.0.conv,121,16.657333374023438,71,234,233,2130228,2129970,258,378120,15.076014018635695,1091130,1038840,1038840,4,True,True
735,GEN,DG026,model.22.m.0.1.ffn.0.conv,106,16.665184020996094,72,233,232,2129970,2129712,258,378378,15.086300730835019,1091130,1038582,1038582,4,True,True
736,GEN,DG026,model.22.m.0.1.ffn.0.conv,106,16.665672302246094,72,232,231,2129712,2129454,258,378636,15.096587443034341,1091130,1038324,1038324,4,True,True
737,GEN,DG030,model.5.conv,76,16.71402931213379,72,79,78,2129454,2129207,247,378883,15.10643557448098,1091130,1038077,1038077,4,True,True
738,GEN,DG030,model.5.conv,30,16.716196060180664,72,78,77,2129207,2128960,247,379130,15.116283705927618,1091130,1037830,1037830,4,True,True
739,GEN,DG026,model.22.m.0.1.ffn.0.conv,230,16.718692779541016,72,231,230,2128960,2128702,258,379388,15.126570418126942,1091130,1037572,1037572,4,True,True
740,GEN,DG030,model.5.conv,28,16.743696212768555,72,77,76,2128702,2128455,247,379635,15.13641854957358,1091130,1037325,1037325,4,True,True
741,GEN,DG026,model.22.m.0.1.ffn.0.conv,122,16.759456634521484,72,230,229,2128455,2128197,258,379893,15.146705261772903,1091130,1037067,1037067,4,True,True
742,GEN,DG030,model.5.conv,73,16.76502227783203,72,76,75,2128197,2127950,247,380140,15.156553393219541,1091130,1036820,1036820,4,True,True
743,GEN,DG026,model.22.m.0.1.ffn.0.conv,99,16.766878128051758,72,229,228,2127950,2127692,258,380398,15.166840105418865,1091130,1036562,1036562,4,True,True
744,GEN,DG030,model.5.conv,28,16.788410186767578,72,75,74,2127692,2127445,247,380645,15.176688236865504,1091130,1036315,1036315,4,True,True
745,GEN,DG030,model.5.conv,15,16.82756233215332,72,74,73,2127445,2127198,247,380892,15.186536368312142,1091130,1036068,1036068,4,True,True
746,GEN,DG026,model.22.m.0.1.ffn.0.conv,153,16.829177856445312,72,228,227,2127198,2126940,258,381150,15.196823080511464,1091130,1035810,1035810,4,True,True
747,GEN,DG026,model.22.m.0.1.ffn.0.conv,2,16.83509635925293,72,227,226,2126940,2126682,258,381408,15.207109792710789,1091130,1035552,1035552,4,True,True
748,GEN,DG026,model.22.m.0.1.ffn.0.conv,168,16.850690841674805,72,226,225,2126682,2126424,258,381666,15.217396504910111,1091130,1035294,1035294,4,True,True
749,GEN,DG030,model.5.conv,43,16.857707977294922,72,73,72,2126424,2126177,247,381913,15.22724463635675,1091130,1035047,1035047,4,True,True
750,GEN,DG026,model.22.m.0.1.ffn.0.conv,194,16.8665771484375,72,225,224,2126177,2125919,258,382171,15.237531348556072,1091130,1034789,1034789,4,True,True
751,GEN,DG030,model.5.conv,28,16.868955612182617,72,72,71,2125919,2125672,247,382418,15.247379480002712,1091130,1034542,1034542,4,True,True
752,GEN,DG026,model.22.m.0.1.ffn.0.conv,22,16.880081176757812,73,224,223,2125672,2125414,258,382676,15.257666192202034,1091130,1034284,1034284,4,True,True
753,GEN,DG030,model.5.conv,2,16.89667510986328,73,71,70,2125414,2125167,247,382923,15.267514323648673,1091130,1034037,1034037,4,True,True
754,GEN,DG030,model.5.conv,38,16.91238021850586,73,70,69,2125167,2124920,247,383170,15.27736245509531,1091130,1033790,1033790,4,True,True
755,GEN,DG030,model.5.conv,14,16.916868209838867,73,69,68,2124920,2124673,247,383417,15.287210586541951,1091130,1033543,1033543,4,True,True
756,GEN,DG030,model.5.conv,60,16.98332977294922,74,68,67,2124673,2124426,247,383664,15.29705871798859,1091130,1033296,1033296,4,True,True
757,GEN,DG026,model.22.m.0.1.ffn.0.conv,207,17.005596160888672,74,223,222,2124426,2124168,258,383922,15.307345430187912,1091130,1033038,1033038,4,True,True
758,GEN,DG026,model.22.m.0.1.ffn.0.conv,9,17.076786041259766,74,222,221,2124168,2123910,258,384180,15.317632142387234,1091130,1032780,1032780,4,True,True
759,GEN,DG030,model.5.conv,66,17.083271026611328,74,67,66,2123910,2123663,247,384427,15.327480273833874,1091130,1032533,1032533,4,True,True
760,GEN,DG026,model.22.m.0.1.ffn.0.conv,40,17.126251220703125,76,221,220,2123663,2123405,258,384685,15.337766986033197,1091130,1032275,1032275,4,True,True
761,GEN,DG026,model.22.m.0.1.ffn.0.conv,170,17.14348793029785,76,220,219,2123405,2123147,258,384943,15.348053698232519,1091130,1032017,1032017,4,True,True
762,GEN,DG026,model.22.m.0.1.ffn.0.conv,9,17.203214645385742,76,219,218,2123147,2122889,258,385201,15.358340410431843,1091130,1031759,1031759,4,True,True
763,GEN,DG030,model.5.conv,5,17.20992660522461,76,66,65,2122889,2122642,247,385448,15.368188541878482,1091130,1031512,1031512,4,True,True
764,GEN,DG026,model.22.m.0.1.ffn.0.conv,142,17.213584899902344,76,218,217,2122642,2122384,258,385706,15.378475254077804,1091130,1031254,1031254,4,True,True
765,GEN,DG022,model.2.m.0.cv1.conv,7,17.242328643798828,77,8,7,2122384,2122094,290,385996,15.390037837557664,1091130,1030964,1030964,4,True,True
766,GEN,DG038,model.8.m.0.cv1.conv,5,17.273117065429688,77,57,56,2122094,2119528,2566,388562,15.492346765865658,1091130,1028398,1028398,4,True,True
767,GEN,DG030,model.5.conv,19,17.2806453704834,77,65,64,2119528,2119281,247,388809,15.502194897312297,1091130,1028151,1028151,4,True,True
768,GEN,DG030,model.5.conv,36,17.324970245361328,77,64,63,2119281,2119034,247,389056,15.512043028758937,1091130,1027904,1027904,4,True,True
769,GEN,DG026,model.22.m.0.1.ffn.0.conv,134,17.350658416748047,77,217,216,2119034,2118776,258,389314,15.52232974095826,1091130,1027646,1027646,4,True,True
770,GEN,DG026,model.22.m.0.1.ffn.0.conv,144,17.352691650390625,77,216,215,2118776,2118518,258,389572,15.532616453157582,1091130,1027388,1027388,4,True,True
771,GEN,DG022,model.2.m.0.cv1.conv,5,17.357023239135742,77,7,6,2118518,2118228,290,389862,15.544179036637441,1091130,1027098,1027098,4,True,True
772,GEN,DG030,model.5.conv,22,17.36682891845703,77,63,62,2118228,2117981,247,390109,15.55402716808408,1091130,1026851,1026851,4,True,True
773,GEN,DG026,model.22.m.0.1.ffn.0.conv,90,17.375701904296875,77,215,214,2117981,2117723,258,390367,15.564313880283404,1091130,1026593,1026593,4,True,True
774,GEN,DG026,model.22.m.0.1.ffn.0.conv,206,17.379989624023438,77,214,213,2117723,2117465,258,390625,15.574600592482726,1091130,1026335,1026335,4,True,True
775,GEN,DG026,model.22.m.0.1.ffn.0.conv,210,17.38616943359375,77,213,212,2117465,2117207,258,390883,15.584887304682049,1091130,1026077,1026077,4,True,True
776,GEN,DG030,model.5.conv,47,17.397171020507812,77,62,61,2117207,2116960,247,391130,15.594735436128687,1091130,1025830,1025830,4,True,True
777,GEN,DG030,model.5.conv,55,17.404369354248047,77,61,60,2116960,2116713,247,391377,15.604583567575327,1091130,1025583,1025583,4,True,True
778,GEN,DG026,model.22.m.0.1.ffn.0.conv,102,17.408361434936523,77,212,211,2116713,2116455,258,391635,15.61487027977465,1091130,1025325,1025325,4,True,True
779,GEN,DG026,model.22.m.0.1.ffn.0.conv,20,17.427431106567383,77,211,210,2116455,2116197,258,391893,15.625156991973972,1091130,1025067,1025067,4,True,True
780,GEN,DG030,model.5.conv,18,17.432388305664062,77,60,59,2116197,2115950,247,392140,15.63500512342061,1091130,1024820,1024820,4,True,True
781,GEN,DG030,model.5.conv,37,17.447616577148438,77,59,58,2115950,2115703,247,392387,15.64485325486725,1091130,1024573,1024573,4,True,True
782,GEN,DG030,model.5.conv,10,17.47886085510254,77,58,57,2115703,2115456,247,392634,15.654701386313889,1091130,1024326,1024326,4,True,True
783,GEN,DG030,model.5.conv,55,17.513763427734375,78,57,56,2115456,2115209,247,392881,15.664549517760527,1091130,1024079,1024079,4,True,True
784,GEN,DG030,model.5.conv,36,17.53616714477539,78,56,55,2115209,2114962,247,393128,15.674397649207165,1091130,1023832,1023832,4,True,True
785,GEN,DG026,model.22.m.0.1.ffn.0.conv,45,17.55276870727539,78,210,209,2114962,2114704,258,393386,15.68468436140649,1091130,1023574,1023574,4,True,True
786,GEN,DG030,model.5.conv,41,17.576509475708008,78,55,54,2114704,2114457,247,393633,15.694532492853128,1091130,1023327,1023327,4,True,True
787,GEN,DG030,model.5.conv,24,17.592315673828125,78,54,53,2114457,2114210,247,393880,15.704380624299766,1091130,1023080,1023080,4,True,True
788,GEN,DG026,model.22.m.0.1.ffn.0.conv,61,17.59403419494629,78,209,208,2114210,2113952,258,394138,15.714667336499089,1091130,1022822,1022822,4,True,True
789,GEN,DG022,model.2.m.0.cv1.conv,4,17.59486961364746,78,6,5,2113952,2113662,290,394428,15.726229919978948,1091130,1022532,1022532,4,True,True
790,GEN,DG026,model.22.m.0.1.ffn.0.conv,3,17.611719131469727,78,208,207,2113662,2113404,258,394686,15.73651663217827,1091130,1022274,1022274,4,True,True
791,GEN,DG026,model.22.m.0.1.ffn.0.conv,18,17.6143741607666,78,207,206,2113404,2113146,258,394944,15.746803344377595,1091130,1022016,1022016,4,True,True
792,GEN,DG038,model.8.m.0.cv1.conv,3,17.61948585510254,78,56,55,2113146,2110580,2566,397510,15.84911227268559,1091130,1019450,1019450,4,True,True
793,GEN,DG026,model.22.m.0.1.ffn.0.conv,128,17.630327224731445,78,206,205,2110580,2110322,258,397768,15.859398984884912,1091130,1019192,1019192,4,True,True
794,GEN,DG030,model.5.conv,4,17.630632400512695,78,53,52,2110322,2110075,247,398015,15.86924711633155,1091130,1018945,1018945,4,True,True
795,GEN,DG026,model.22.m.0.1.ffn.0.conv,116,17.657684326171875,78,205,204,2110075,2109817,258,398273,15.879533828530874,1091130,1018687,1018687,4,True,True
796,GEN,DG026,model.22.m.0.1.ffn.0.conv,143,17.690345764160156,78,204,203,2109817,2109559,258,398531,15.889820540730197,1091130,1018429,1018429,4,True,True
797,GEN,DG026,model.22.m.0.1.ffn.0.conv,113,17.705730438232422,78,203,202,2109559,2109301,258,398789,15.90010725292952,1091130,1018171,1018171,4,True,True
798,GEN,DG026,model.22.m.0.1.ffn.0.conv,83,17.722000122070312,78,202,201,2109301,2109043,258,399047,15.910393965128844,1091130,1017913,1017913,4,True,True
799,GEN,DG026,model.22.m.0.1.ffn.0.conv,41,17.722410202026367,78,201,200,2109043,2108785,258,399305,15.920680677328166,1091130,1017655,1017655,4,True,True
800,GEN,DG026,model.22.m.0.1.ffn.0.conv,3,17.765689849853516,78,200,199,2108785,2108527,258,399563,15.930967389527488,1091130,1017397,1017397,4,True,True
801,GEN,DG026,model.22.m.0.1.ffn.0.conv,87,17.78117561340332,78,199,198,2108527,2108269,258,399821,15.941254101726813,1091130,1017139,1017139,4,True,True
802,GEN,DG026,model.22.m.0.1.ffn.0.conv,43,17.800830841064453,78,198,197,2108269,2108011,258,400079,15.951540813926135,1091130,1016881,1016881,4,True,True
803,GEN,DG026,model.22.m.0.1.ffn.0.conv,133,17.818893432617188,78,197,196,2108011,2107753,258,400337,15.961827526125457,1091130,1016623,1016623,4,True,True
804,GEN,DG030,model.5.conv,31,17.83247947692871,78,52,51,2107753,2107506,247,400584,15.971675657572098,1091130,1016376,1016376,4,True,True
805,GEN,DG026,model.22.m.0.1.ffn.0.conv,189,17.83386993408203,78,196,195,2107506,2107248,258,400842,15.98196236977142,1091130,1016118,1016118,4,True,True
806,GEN,DG026,model.22.m.0.1.ffn.0.conv,109,17.864229202270508,78,195,194,2107248,2106990,258,401100,15.992249081970742,1091130,1015860,1015860,4,True,True
807,GEN,DG026,model.22.m.0.1.ffn.0.conv,145,17.878564834594727,79,194,193,2106990,2106732,258,401358,16.002535794170065,1091130,1015602,1015602,4,True,True
808,GEN,DG026,model.22.m.0.1.ffn.0.conv,159,17.891204833984375,79,193,192,2106732,2106474,258,401616,16.01282250636939,1091130,1015344,1015344,4,True,True
809,GEN,DG026,model.22.m.0.1.ffn.0.conv,74,17.897769927978516,79,192,191,2106474,2106216,258,401874,16.023109218568713,1091130,1015086,1015086,4,True,True
810,GEN,DG026,model.22.m.0.1.ffn.0.conv,38,17.908889770507812,79,191,190,2106216,2105958,258,402132,16.033395930768034,1091130,1014828,1014828,4,True,True
811,GEN,DG030,model.5.conv,20,17.90961456298828,79,51,50,2105958,2105711,247,402379,16.043244062214672,1091130,1014581,1014581,4,True,True
812,GEN,DG026,model.22.m.0.1.ffn.0.conv,156,17.941890716552734,79,190,189,2105711,2105453,258,402637,16.053530774413996,1091130,1014323,1014323,4,True,True
813,GEN,DG026,model.22.m.0.1.ffn.0.conv,125,17.95580291748047,79,189,188,2105453,2105195,258,402895,16.06381748661332,1091130,1014065,1014065,4,True,True
814,GEN,DG030,model.5.conv,0,17.971158981323242,79,50,49,2105195,2104948,247,403142,16.07366561805996,1091130,1013818,1013818,4,True,True
815,GEN,DG022,model.2.m.0.cv1.conv,1,17.98080825805664,79,5,4,2104948,2104658,290,403432,16.085228201539817,1091130,1013528,1013528,4,True,True
816,GEN,DG026,model.22.m.0.1.ffn.0.conv,167,17.984886169433594,79,188,187,2104658,2104400,258,403690,16.09551491373914,1091130,1013270,1013270,4,True,True
817,GEN,DG026,model.22.m.0.1.ffn.0.conv,82,17.989028930664062,79,187,186,2104400,2104142,258,403948,16.10580162593846,1091130,1013012,1013012,4,True,True
818,GEN,DG030,model.5.conv,1,17.997562408447266,79,49,48,2104142,2103895,247,404195,16.115649757385103,1091130,1012765,1012765,4,True,True
819,GEN,DG026,model.22.m.0.1.ffn.0.conv,117,18.001052856445312,79,186,185,2103895,2103637,258,404453,16.125936469584424,1091130,1012507,1012507,4,True,True
820,GEN,DG030,model.5.conv,7,18.007915496826172,79,48,47,2103637,2103390,247,404700,16.135784601031062,1091130,1012260,1012260,4,True,True
821,GEN,DG030,model.5.conv,12,18.045520782470703,80,47,46,2103390,2103143,247,404947,16.1456327324777,1091130,1012013,1012013,4,True,True
822,GEN,DG026,model.22.m.0.1.ffn.0.conv,184,18.049165725708008,80,185,184,2103143,2102885,258,405205,16.155919444677025,1091130,1011755,1011755,4,True,True
823,GEN,DG030,model.5.conv,18,18.10580825805664,80,46,45,2102885,2102638,247,405452,16.165767576123663,1091130,1011508,1011508,4,True,True
824,GEN,DG026,model.22.m.0.1.ffn.0.conv,145,18.113367080688477,80,184,183,2102638,2102380,258,405710,16.176054288322987,1091130,1011250,1011250,4,True,True
825,GEN,DG026,model.22.m.0.1.ffn.0.conv,1,18.125869750976562,80,183,182,2102380,2102122,258,405968,16.186341000522308,1091130,1010992,1010992,4,True,True
826,GEN,DG004,model.10.m.0.ffn.0.conv,113,18.12795066833496,80,255,254,2102122,2101864,258,406226,16.196627712721632,1091130,1010734,1010734,4,True,True
827,GEN,DG026,model.22.m.0.1.ffn.0.conv,153,18.135028839111328,80,182,181,2101864,2101606,258,406484,16.206914424920956,1091130,1010476,1010476,4,True,True
828,GEN,DG026,model.22.m.0.1.ffn.0.conv,3,18.144651412963867,80,181,180,2101606,2101348,258,406742,16.217201137120277,1091130,1010218,1010218,4,True,True
829,GEN,DG026,model.22.m.0.1.ffn.0.conv,10,18.194255828857422,80,180,179,2101348,2101090,258,407000,16.2274878493196,1091130,1009960,1009960,4,True,True
830,GEN,DG026,model.22.m.0.1.ffn.0.conv,24,18.205991744995117,80,179,178,2101090,2100832,258,407258,16.237774561518926,1091130,1009702,1009702,4,True,True
831,GEN,DG026,model.22.m.0.1.ffn.0.conv,44,18.218812942504883,81,178,177,2100832,2100574,258,407516,16.248061273718246,1091130,1009444,1009444,4,True,True
832,GEN,DG030,model.5.conv,22,18.221342086791992,81,45,44,2100574,2100327,247,407763,16.257909405164888,1091130,1009197,1009197,4,True,True
833,GEN,DG030,model.5.conv,7,18.232105255126953,82,44,43,2100327,2100080,247,408010,16.267757536611526,1091130,1008950,1008950,4,True,True
834,GEN,DG026,model.22.m.0.1.ffn.0.conv,162,18.234224319458008,82,177,176,2100080,2099822,258,408268,16.278044248810847,1091130,1008692,1008692,4,True,True
835,GEN,DG030,model.5.conv,8,18.24201011657715,82,43,42,2099822,2099575,247,408515,16.287892380257485,1091130,1008445,1008445,4,True,True
836,GEN,DG026,model.22.m.0.1.ffn.0.conv,98,18.247501373291016,82,176,175,2099575,2099317,258,408773,16.29817909245681,1091130,1008187,1008187,4,True,True
837,GEN,DG026,model.22.m.0.1.ffn.0.conv,14,18.249509811401367,82,175,174,2099317,2099059,258,409031,16.308465804656134,1091130,1007929,1007929,4,True,True
838,GEN,DG030,model.5.conv,37,18.251924514770508,82,42,41,2099059,2098812,247,409278,16.318313936102772,1091130,1007682,1007682,4,True,True
839,GEN,DG026,model.22.m.0.1.ffn.0.conv,60,18.266725540161133,82,174,173,2098812,2098554,258,409536,16.328600648302093,1091130,1007424,1007424,4,True,True
840,GEN,DG026,model.22.m.0.1.ffn.0.conv,71,18.271713256835938,82,173,172,2098554,2098296,258,409794,16.338887360501417,1091130,1007166,1007166,4,True,True
841,GEN,DG030,model.5.conv,35,18.273231506347656,82,41,40,2098296,2098049,247,410041,16.348735491948055,1091130,1006919,1006919,4,True,True
842,GEN,DG038,model.8.m.0.cv1.conv,39,18.27342987060547,82,55,54,2098049,2095483,2566,412607,16.45104442025605,1091130,1004353,1004353,4,True,True
843,GEN,DG026,model.22.m.0.1.ffn.0.conv,133,18.29096221923828,82,172,171,2095483,2095225,258,412865,16.461331132455374,1091130,1004095,1004095,4,True,True
844,GEN,DG004,model.10.m.0.ffn.0.conv,228,18.295183181762695,82,254,253,2095225,2094967,258,413123,16.4716178446547,1091130,1003837,1003837,4,True,True
845,GEN,DG026,model.22.m.0.1.ffn.0.conv,20,18.333202362060547,83,171,170,2094967,2094709,258,413381,16.48190455685402,1091130,1003579,1003579,4,True,True
846,GEN,DG030,model.5.conv,7,18.341670989990234,83,40,39,2094709,2094462,247,413628,16.491752688300657,1091130,1003332,1003332,4,True,True
847,GEN,DG026,model.22.m.0.1.ffn.0.conv,40,18.343965530395508,83,170,169,2094462,2094204,258,413886,16.50203940049998,1091130,1003074,1003074,4,True,True
848,GEN,DG030,model.5.conv,31,18.36924171447754,83,39,38,2094204,2093957,247,414133,16.51188753194662,1091130,1002827,1002827,4,True,True
849,GEN,DG026,model.22.m.0.1.ffn.0.conv,93,18.38082504272461,83,169,168,2093957,2093699,258,414391,16.522174244145944,1091130,1002569,1002569,4,True,True
850,GEN,DG026,model.22.m.0.1.ffn.0.conv,160,18.38723373413086,83,168,167,2093699,2093441,258,414649,16.53246095634527,1091130,1002311,1002311,4,True,True
851,GEN,DG026,model.22.m.0.1.ffn.0.conv,157,18.389917373657227,83,167,166,2093441,2093183,258,414907,16.54274766854459,1091130,1002053,1002053,4,True,True
852,GEN,DG026,model.22.m.0.1.ffn.0.conv,145,18.395370483398438,83,166,165,2093183,2092925,258,415165,16.553034380743913,1091130,1001795,1001795,4,True,True
853,GEN,DG026,model.22.m.0.1.ffn.0.conv,56,18.444398880004883,83,165,164,2092925,2092667,258,415423,16.563321092943237,1091130,1001537,1001537,4,True,True
854,GEN,DG004,model.10.m.0.ffn.0.conv,234,18.444461822509766,83,253,252,2092667,2092409,258,415681,16.573607805142558,1091130,1001279,1001279,4,True,True
855,GEN,DG026,model.22.m.0.1.ffn.0.conv,97,18.45156478881836,83,164,163,2092409,2092151,258,415939,16.583894517341882,1091130,1001021,1001021,4,True,True
856,GEN,DG026,model.22.m.0.1.ffn.0.conv,63,18.46445083618164,83,163,162,2092151,2091893,258,416197,16.594181229541206,1091130,1000763,1000763,4,True,True
857,GEN,DG026,model.22.m.0.1.ffn.0.conv,31,18.465883255004883,83,162,161,2091893,2091635,258,416455,16.604467941740527,1091130,1000505,1000505,4,True,True
858,GEN,DG030,model.5.conv,8,18.477924346923828,83,38,37,2091635,2091388,247,416702,16.614316073187165,1091130,1000258,1000258,4,True,True
859,GEN,DG039,model.8.m.0.cv2.conv,36,18.499774932861328,83,63,62,2091388,2091130,258,416960,16.62460278538649,1091130,1000000,1000000,4,True,True
860,GEN,DG030,model.5.conv,4,18.528257369995117,83,37,36,2091130,2090883,247,417207,16.634450916833128,1091130,999753,999753,4,True,True
861,GEN,DG004,model.10.m.0.ffn.0.conv,34,18.54666519165039,83,252,251,2090883,2090625,258,417465,16.644737629032452,1091130,999495,999495,4,True,True
862,GEN,DG026,model.22.m.0.1.ffn.0.conv,30,18.56781005859375,83,161,160,2090625,2090367,258,417723,16.655024341231773,1091130,999237,999237,4,True,True
863,GEN,DG026,model.22.m.0.1.ffn.0.conv,89,18.575654983520508,83,160,159,2090367,2090109,258,417981,16.665311053431097,1091130,998979,998979,4,True,True
864,GEN,DG026,model.22.m.0.1.ffn.0.conv,0,18.60873031616211,83,159,158,2090109,2089851,258,418239,16.67559776563042,1091130,998721,998721,4,True,True
865,GEN,DG026,model.22.m.0.1.ffn.0.conv,133,18.619121551513672,83,158,157,2089851,2089593,258,418497,16.68588447782974,1091130,998463,998463,4,True,True
866,GEN,DG026,model.22.m.0.1.ffn.0.conv,82,18.619918823242188,83,157,156,2089593,2089335,258,418755,16.696171190029066,1091130,998205,998205,4,True,True
867,GEN,DG004,model.10.m.0.ffn.0.conv,97,18.6204776763916,83,251,250,2089335,2089077,258,419013,16.70645790222839,1091130,997947,997947,4,True,True
868,GEN,DG030,model.5.conv,34,18.621496200561523,83,36,35,2089077,2088830,247,419260,16.71630603367503,1091130,997700,997700,4,True,True
869,GEN,DG026,model.22.m.0.1.ffn.0.conv,70,18.65624237060547,83,156,155,2088830,2088572,258,419518,16.72659274587435,1091130,997442,997442,4,True,True
870,GEN,DG026,model.22.m.0.1.ffn.0.conv,73,18.659574508666992,83,155,154,2088572,2088314,258,419776,16.736879458073673,1091130,997184,997184,4,True,True
871,GEN,DG026,model.22.m.0.1.ffn.0.conv,70,18.693387985229492,84,154,153,2088314,2088056,258,420034,16.747166170272997,1091130,996926,996926,4,True,True
872,GEN,DG026,model.22.m.0.1.ffn.0.conv,50,18.698448181152344,84,153,152,2088056,2087798,258,420292,16.757452882472318,1091130,996668,996668,4,True,True
873,GEN,DG026,model.22.m.0.1.ffn.0.conv,73,18.715656280517578,85,152,151,2087798,2087540,258,420550,16.767739594671642,1091130,996410,996410,4,True,True
874,GEN,DG026,model.22.m.0.1.ffn.0.conv,47,18.722394943237305,85,151,150,2087540,2087282,258,420808,16.778026306870967,1091130,996152,996152,4,True,True
875,GEN,DG004,model.10.m.0.ffn.0.conv,148,18.725879669189453,85,250,249,2087282,2087024,258,421066,16.788313019070287,1091130,995894,995894,4,True,True
876,GEN,DG004,model.10.m.0.ffn.0.conv,0,18.732683181762695,85,249,248,2087024,2086766,258,421324,16.79859973126961,1091130,995636,995636,4,True,True
877,GEN,DG026,model.22.m.0.1.ffn.0.conv,61,18.73935317993164,85,150,149,2086766,2086508,258,421582,16.808886443468936,1091130,995378,995378,4,True,True
878,GEN,DG026,model.22.m.0.1.ffn.0.conv,102,18.748382568359375,85,149,148,2086508,2086250,258,421840,16.819173155668256,1091130,995120,995120,4,True,True
879,GEN,DG030,model.5.conv,6,18.749141693115234,85,35,34,2086250,2086003,247,422087,16.829021287114895,1091130,994873,994873,4,True,True
880,GEN,DG026,model.22.m.0.1.ffn.0.conv,57,18.756866455078125,85,148,147,2086003,2085745,258,422345,16.83930799931422,1091130,994615,994615,4,True,True
881,GEN,DG038,model.8.m.0.cv1.conv,17,18.76301383972168,85,54,53,2085745,2083179,2566,424911,16.941616927622213,1091130,992049,992049,4,True,True
882,GEN,DG026,model.22.m.0.1.ffn.0.conv,96,18.76656723022461,85,147,146,2083179,2082921,258,425169,16.951903639821538,1091130,991791,991791,4,True,True
883,GEN,DG030,model.5.conv,29,18.767208099365234,85,34,33,2082921,2082674,247,425416,16.961751771268176,1091130,991544,991544,4,True,True
884,GEN,DG004,model.10.m.0.ffn.0.conv,204,18.770618438720703,85,248,247,2082674,2082416,258,425674,16.9720384834675,1091130,991286,991286,4,True,True
885,GEN,DG030,model.5.conv,28,18.773540496826172,85,33,32,2082416,2082169,247,425921,16.98188661491414,1091130,991039,991039,4,True,True
886,GEN,DG026,model.22.m.0.1.ffn.0.conv,110,18.792924880981445,85,146,145,2082169,2081911,258,426179,16.99217332711346,1091130,990781,990781,4,True,True
887,GEN,DG026,model.22.m.0.1.ffn.0.conv,67,18.793075561523438,85,145,144,2081911,2081653,258,426437,17.002460039312783,1091130,990523,990523,4,True,True
888,GEN,DG004,model.10.m.0.ffn.0.conv,196,18.795799255371094,85,247,246,2081653,2081395,258,426695,17.012746751512108,1091130,990265,990265,4,True,True
889,GEN,DG030,model.5.conv,28,18.803241729736328,85,32,31,2081395,2081148,247,426942,17.022594882958746,1091130,990018,990018,4,True,True
890,GEN,DG026,model.22.m.0.1.ffn.0.conv,27,18.805030822753906,85,144,143,2081148,2080890,258,427200,17.03288159515807,1091130,989760,989760,4,True,True
891,GEN,DG004,model.10.m.0.ffn.0.conv,88,18.828107833862305,85,246,245,2080890,2080632,258,427458,17.04316830735739,1091130,989502,989502,4,True,True
892,GEN,DG026,model.22.m.0.1.ffn.0.conv,119,18.845623016357422,85,143,142,2080632,2080374,258,427716,17.053455019556715,1091130,989244,989244,4,True,True
893,GEN,DG030,model.5.conv,18,18.853612899780273,85,31,30,2080374,2080127,247,427963,17.063303151003353,1091130,988997,988997,4,True,True
894,GEN,DG004,model.10.m.0.ffn.0.conv,76,18.86422348022461,85,245,244,2080127,2079869,258,428221,17.073589863202677,1091130,988739,988739,4,True,True
895,GEN,DG026,model.22.m.0.1.ffn.0.conv,139,18.865198135375977,85,142,141,2079869,2079611,258,428479,17.083876575401998,1091130,988481,988481,4,True,True
896,GEN,DG026,model.22.m.0.1.ffn.0.conv,92,18.86771011352539,85,141,140,2079611,2079353,258,428737,17.094163287601322,1091130,988223,988223,4,True,True
897,GEN,DG026,model.22.m.0.1.ffn.0.conv,96,18.876142501831055,85,140,139,2079353,2079095,258,428995,17.104449999800647,1091130,987965,987965,4,True,True
898,GEN,DG026,model.22.m.0.1.ffn.0.conv,58,18.904010772705078,85,139,138,2079095,2078837,258,429253,17.114736711999967,1091130,987707,987707,4,True,True
899,GEN,DG026,model.22.m.0.1.ffn.0.conv,102,18.905319213867188,85,138,137,2078837,2078579,258,429511,17.12502342419929,1091130,987449,987449,4,True,True
900,GEN,DG030,model.5.conv,18,18.913694381713867,85,30,29,2078579,2078332,247,429758,17.13487155564593,1091130,987202,987202,4,True,True
901,GEN,DG026,model.22.m.0.1.ffn.0.conv,119,18.91752052307129,85,137,136,2078332,2078074,258,430016,17.145158267845254,1091130,986944,986944,4,True,True
902,GEN,DG026,model.22.m.0.1.ffn.0.conv,87,18.94281768798828,85,136,135,2078074,2077816,258,430274,17.155444980044575,1091130,986686,986686,4,True,True
903,GEN,DG038,model.8.m.0.cv1.conv,33,18.946557998657227,85,53,52,2077816,2075250,2566,432840,17.257753908352573,1091130,984120,984120,4,True,True
904,GEN,DG026,model.22.m.0.1.ffn.0.conv,87,18.94814109802246,85,135,134,2075250,2074992,258,433098,17.268040620551893,1091130,983862,983862,4,True,True
905,GEN,DG026,model.22.m.0.1.ffn.0.conv,10,18.950044631958008,85,134,133,2074992,2074734,258,433356,17.278327332751218,1091130,983604,983604,4,True,True
906,GEN,DG004,model.10.m.0.ffn.0.conv,220,18.950218200683594,85,244,243,2074734,2074476,258,433614,17.28861404495054,1091130,983346,983346,4,True,True
907,GEN,DG026,model.22.m.0.1.ffn.0.conv,102,18.951324462890625,85,133,132,2074476,2074218,258,433872,17.298900757149863,1091130,983088,983088,4,True,True
908,GEN,DG004,model.10.m.0.ffn.0.conv,131,18.954683303833008,85,243,242,2074218,2073960,258,434130,17.309187469349187,1091130,982830,982830,4,True,True
909,GEN,DG026,model.22.m.0.1.ffn.0.conv,27,18.958118438720703,85,132,131,2073960,2073702,258,434388,17.319474181548507,1091130,982572,982572,4,True,True
910,GEN,DG004,model.10.m.0.ffn.0.conv,20,18.970447540283203,85,242,241,2073702,2073444,258,434646,17.32976089374783,1091130,982314,982314,4,True,True
911,GEN,DG026,model.22.m.0.1.ffn.0.conv,67,18.996362686157227,85,131,130,2073444,2073186,258,434904,17.340047605947156,1091130,982056,982056,4,True,True
912,GEN,DG004,model.10.m.0.ffn.0.conv,53,19.007740020751953,85,241,240,2073186,2072928,258,435162,17.350334318146476,1091130,981798,981798,4,True,True
913,GEN,DG026,model.22.m.0.1.ffn.0.conv,74,19.008285522460938,85,130,129,2072928,2072670,258,435420,17.3606210303458,1091130,981540,981540,4,True,True
914,GEN,DG026,model.22.m.0.1.ffn.0.conv,89,19.008319854736328,85,129,128,2072670,2072412,258,435678,17.370907742545125,1091130,981282,981282,4,True,True
915,GEN,DG038,model.8.m.0.cv1.conv,37,19.009050369262695,85,52,51,2072412,2069846,2566,438244,17.47321667085312,1091130,978716,978716,4,True,True
916,GEN,DG026,model.22.m.0.1.ffn.0.conv,2,19.012939453125,85,128,127,2069846,2069588,258,438502,17.483503383052444,1091130,978458,978458,4,True,True
917,GEN,DG026,model.22.m.0.1.ffn.0.conv,115,19.019817352294922,85,127,126,2069588,2069330,258,438760,17.493790095251764,1091130,978200,978200,4,True,True
918,GEN,DG026,model.22.m.0.1.ffn.0.conv,13,19.03340721130371,85,126,125,2069330,2069072,258,439018,17.50407680745109,1091130,977942,977942,4,True,True
919,GEN,DG026,model.22.m.0.1.ffn.0.conv,26,19.039016723632812,85,125,124,2069072,2068814,258,439276,17.514363519650413,1091130,977684,977684,4,True,True
920,GEN,DG004,model.10.m.0.ffn.0.conv,27,19.043333053588867,85,240,239,2068814,2068556,258,439534,17.524650231849733,1091130,977426,977426,4,True,True
921,GEN,DG039,model.8.m.0.cv2.conv,25,19.05757713317871,85,62,61,2068556,2068298,258,439792,17.534936944049058,1091130,977168,977168,4,True,True
922,GEN,DG026,model.22.m.0.1.ffn.0.conv,72,19.068443298339844,85,124,123,2068298,2068040,258,440050,17.545223656248382,1091130,976910,976910,4,True,True
923,GEN,DG004,model.10.m.0.ffn.0.conv,172,19.078060150146484,86,239,238,2068040,2067782,258,440308,17.555510368447703,1091130,976652,976652,4,True,True
924,GEN,DG026,model.22.m.0.1.ffn.0.conv,66,19.080886840820312,86,123,122,2067782,2067524,258,440566,17.565797080647027,1091130,976394,976394,4,True,True
925,GEN,DG030,model.5.conv,20,19.081825256347656,86,29,28,2067524,2067277,247,440813,17.575645212093665,1091130,976147,976147,4,True,True
926,GEN,DG039,model.8.m.0.cv2.conv,46,19.084442138671875,86,61,60,2067277,2067019,258,441071,17.58593192429299,1091130,975889,975889,4,True,True
927,GEN,DG026,model.22.m.0.1.ffn.0.conv,112,19.100778579711914,86,122,121,2067019,2066761,258,441329,17.59621863649231,1091130,975631,975631,4,True,True
928,GEN,DG026,model.22.m.0.1.ffn.0.conv,99,19.14092254638672,86,121,120,2066761,2066503,258,441587,17.606505348691634,1091130,975373,975373,4,True,True
929,GEN,DG026,model.22.m.0.1.ffn.0.conv,43,19.144058227539062,86,120,119,2066503,2066245,258,441845,17.61679206089096,1091130,975115,975115,4,True,True
930,GEN,DG004,model.10.m.0.ffn.0.conv,66,19.145109176635742,86,238,237,2066245,2065987,258,442103,17.62707877309028,1091130,974857,974857,4,True,True
931,GEN,DG004,model.10.m.0.ffn.0.conv,153,19.161754608154297,86,237,236,2065987,2065729,258,442361,17.637365485289603,1091130,974599,974599,4,True,True
932,GEN,DG026,model.22.m.0.1.ffn.0.conv,25,19.16292953491211,86,119,118,2065729,2065471,258,442619,17.647652197488927,1091130,974341,974341,4,True,True
933,GEN,DG026,model.22.m.0.1.ffn.0.conv,54,19.16949462890625,86,118,117,2065471,2065213,258,442877,17.657938909688248,1091130,974083,974083,4,True,True
934,GEN,DG026,model.22.m.0.1.ffn.0.conv,112,19.175312042236328,86,117,116,2065213,2064955,258,443135,17.668225621887572,1091130,973825,973825,4,True,True
935,GEN,DG039,model.8.m.0.cv2.conv,39,19.17682647705078,86,60,59,2064955,2064697,258,443393,17.678512334086896,1091130,973567,973567,4,True,True
936,GEN,DG004,model.10.m.0.ffn.0.conv,148,19.19379425048828,86,236,235,2064697,2064439,258,443651,17.688799046286217,1091130,973309,973309,4,True,True
937,GEN,DG026,model.22.m.0.1.ffn.0.conv,44,19.199371337890625,86,116,115,2064439,2064181,258,443909,17.69908575848554,1091130,973051,973051,4,True,True
938,GEN,DG030,model.5.conv,27,19.2224063873291,87,28,27,2064181,2063934,247,444156,17.70893388993218,1091130,972804,972804,4,True,True
939,GEN,DG026,model.22.m.0.1.ffn.0.conv,101,19.22629737854004,87,115,114,2063934,2063676,258,444414,17.719220602131504,1091130,972546,972546,4,True,True
940,GEN,DG026,model.22.m.0.1.ffn.0.conv,15,19.227516174316406,87,114,113,2063676,2063418,258,444672,17.729507314330824,1091130,972288,972288,4,True,True
941,GEN,DG026,model.22.m.0.1.ffn.0.conv,28,19.24346351623535,87,113,112,2063418,2063160,258,444930,17.73979402653015,1091130,972030,972030,4,True,True
942,GEN,DG038,model.8.m.0.cv1.conv,47,19.246286392211914,87,51,50,2063160,2060594,2566,447496,17.842102954838143,1091130,969464,969464,4,True,True
943,GEN,DG004,model.10.m.0.ffn.0.conv,177,19.249900817871094,87,235,234,2060594,2060336,258,447754,17.852389667037468,1091130,969206,969206,4,True,True
944,GEN,DG004,model.10.m.0.ffn.0.conv,215,19.250202178955078,87,234,233,2060336,2060078,258,448012,17.862676379236788,1091130,968948,968948,4,True,True
945,GEN,DG004,model.10.m.0.ffn.0.conv,132,19.25116539001465,87,233,232,2060078,2059820,258,448270,17.872963091436112,1091130,968690,968690,4,True,True
946,GEN,DG004,model.10.m.0.ffn.0.conv,224,19.253639221191406,87,232,231,2059820,2059562,258,448528,17.883249803635437,1091130,968432,968432,4,True,True
947,GEN,DG039,model.8.m.0.cv2.conv,41,19.254119873046875,87,59,58,2059562,2059304,258,448786,17.893536515834757,1091130,968174,968174,4,True,True
948,GEN,DG026,model.22.m.0.1.ffn.0.conv,4,19.26403045654297,87,112,111,2059304,2059046,258,449044,17.90382322803408,1091130,967916,967916,4,True,True
949,GEN,DG026,model.22.m.0.1.ffn.0.conv,77,19.26987075805664,87,111,110,2059046,2058788,258,449302,17.914109940233406,1091130,967658,967658,4,True,True
950,GEN,DG004,model.10.m.0.ffn.0.conv,106,19.293441772460938,88,231,230,2058788,2058530,258,449560,17.924396652432726,1091130,967400,967400,4,True,True
951,GEN,DG026,model.22.m.0.1.ffn.0.conv,67,19.294124603271484,88,110,109,2058530,2058272,258,449818,17.93468336463205,1091130,967142,967142,4,True,True
952,GEN,DG026,model.22.m.0.1.ffn.0.conv,9,19.314529418945312,88,109,108,2058272,2058014,258,450076,17.944970076831375,1091130,966884,966884,4,True,True
953,GEN,DG026,model.22.m.0.1.ffn.0.conv,23,19.316905975341797,88,108,107,2058014,2057756,258,450334,17.955256789030695,1091130,966626,966626,4,True,True
954,GEN,DG026,model.22.m.0.1.ffn.0.conv,50,19.32082176208496,88,107,106,2057756,2057498,258,450592,17.96554350123002,1091130,966368,966368,4,True,True
955,GEN,DG026,model.22.m.0.1.ffn.0.conv,52,19.322126388549805,88,106,105,2057498,2057240,258,450850,17.975830213429344,1091130,966110,966110,4,True,True
956,GEN,DG026,model.22.m.0.1.ffn.0.conv,27,19.328447341918945,88,105,104,2057240,2056982,258,451108,17.986116925628664,1091130,965852,965852,4,True,True
957,GEN,DG039,model.8.m.0.cv2.conv,45,19.331541061401367,88,58,57,2056982,2056724,258,451366,17.99640363782799,1091130,965594,965594,4,True,True
958,GEN,DG030,model.5.conv,21,19.333051681518555,88,27,26,2056724,2056477,247,451613,18.006251769274627,1091130,965347,965347,4,True,True
959,GEN,DG026,model.22.m.0.1.ffn.0.conv,78,19.33346176147461,88,104,103,2056477,2056219,258,451871,18.01653848147395,1091130,965089,965089,4,True,True
960,GEN,DG004,model.10.m.0.ffn.0.conv,194,19.33518409729004,88,230,229,2056219,2055961,258,452129,18.02682519367327,1091130,964831,964831,4,True,True
961,GEN,DG004,model.10.m.0.ffn.0.conv,7,19.33617401123047,88,229,228,2055961,2055703,258,452387,18.037111905872596,1091130,964573,964573,4,True,True
962,GEN,DG026,model.22.m.0.1.ffn.0.conv,28,19.340003967285156,89,103,102,2055703,2055445,258,452645,18.04739861807192,1091130,964315,964315,4,True,True
963,GEN,DG026,model.22.m.0.1.ffn.0.conv,14,19.340545654296875,89,102,101,2055445,2055187,258,452903,18.05768533027124,1091130,964057,964057,4,True,True
964,GEN,DG026,model.22.m.0.1.ffn.0.conv,47,19.353397369384766,89,101,100,2055187,2054929,258,453161,18.067972042470565,1091130,963799,963799,4,True,True
965,GEN,DG004,model.10.m.0.ffn.0.conv,147,19.360809326171875,89,228,227,2054929,2054671,258,453419,18.07825875466989,1091130,963541,963541,4,True,True
966,GEN,DG026,model.22.m.0.1.ffn.0.conv,63,19.369884490966797,89,100,99,2054671,2054413,258,453677,18.08854546686921,1091130,963283,963283,4,True,True
967,GEN,DG030,model.5.conv,20,19.373565673828125,89,26,25,2054413,2054166,247,453924,18.098393598315848,1091130,963036,963036,4,True,True
968,GEN,DG026,model.22.m.0.1.ffn.0.conv,95,19.376127243041992,89,99,98,2054166,2053908,258,454182,18.108680310515172,1091130,962778,962778,4,True,True
969,GEN,DG004,model.10.m.0.ffn.0.conv,85,19.378366470336914,89,227,226,2053908,2053650,258,454440,18.118967022714497,1091130,962520,962520,4,True,True
970,GEN,DG026,model.22.m.0.1.ffn.0.conv,71,19.379119873046875,89,98,97,2053650,2053392,258,454698,18.129253734913817,1091130,962262,962262,4,True,True
971,GEN,DG004,model.10.m.0.ffn.0.conv,112,19.393341064453125,89,226,225,2053392,2053134,258,454956,18.13954044711314,1091130,962004,962004,4,True,True
972,GEN,DG026,model.22.m.0.1.ffn.0.conv,94,19.399126052856445,89,97,96,2053134,2052876,258,455214,18.149827159312466,1091130,961746,961746,4,True,True
973,GEN,DG004,model.10.m.0.ffn.0.conv,107,19.40326690673828,89,225,224,2052876,2052618,258,455472,18.160113871511786,1091130,961488,961488,4,True,True
974,GEN,DG039,model.8.m.0.cv2.conv,37,19.40625762939453,89,57,56,2052618,2052360,258,455730,18.17040058371111,1091130,961230,961230,4,True,True
975,GEN,DG004,model.10.m.0.ffn.0.conv,3,19.40841293334961,89,224,223,2052360,2052102,258,455988,18.180687295910435,1091130,960972,960972,4,True,True
976,GEN,DG026,model.22.m.0.1.ffn.0.conv,45,19.409215927124023,89,96,95,2052102,2051844,258,456246,18.190974008109755,1091130,960714,960714,4,True,True
977,GEN,DG004,model.10.m.0.ffn.0.conv,49,19.411251068115234,89,223,222,2051844,2051586,258,456504,18.20126072030908,1091130,960456,960456,4,True,True
978,GEN,DG004,model.10.m.0.ffn.0.conv,14,19.417495727539062,89,222,221,2051586,2051328,258,456762,18.211547432508404,1091130,960198,960198,4,True,True
979,GEN,DG039,model.8.m.0.cv2.conv,17,19.417926788330078,89,56,55,2051328,2051070,258,457020,18.221834144707724,1091130,959940,959940,4,True,True
980,GEN,DG004,model.10.m.0.ffn.0.conv,122,19.418140411376953,89,221,220,2051070,2050812,258,457278,18.23212085690705,1091130,959682,959682,4,True,True
981,GEN,DG038,model.8.m.0.cv1.conv,20,19.426639556884766,89,50,49,2050812,2048246,2566,459844,18.334429785215043,1091130,957116,957116,4,True,True
982,GEN,DG004,model.10.m.0.ffn.0.conv,184,19.428266525268555,89,220,219,2048246,2047988,258,460102,18.344716497414367,1091130,956858,956858,4,True,True
983,GEN,DG004,model.10.m.0.ffn.0.conv,156,19.43077850341797,89,219,218,2047988,2047730,258,460360,18.35500320961369,1091130,956600,956600,4,True,True
984,GEN,DG004,model.10.m.0.ffn.0.conv,100,19.43248748779297,89,218,217,2047730,2047472,258,460618,18.365289921813012,1091130,956342,956342,4,True,True
985,GEN,DG039,model.8.m.0.cv2.conv,46,19.435251235961914,89,55,54,2047472,2047214,258,460876,18.375576634012337,1091130,956084,956084,4,True,True
986,GEN,DG026,model.22.m.0.1.ffn.0.conv,58,19.43553924560547,89,95,94,2047214,2046956,258,461134,18.38586334621166,1091130,955826,955826,4,True,True
987,GEN,DG039,model.8.m.0.cv2.conv,42,19.440637588500977,89,54,53,2046956,2046698,258,461392,18.39615005841098,1091130,955568,955568,4,True,True
988,GEN,DG026,model.22.m.0.1.ffn.0.conv,56,19.44176483154297,89,94,93,2046698,2046440,258,461650,18.406436770610306,1091130,955310,955310,4,True,True
989,GEN,DG026,model.22.m.0.1.ffn.0.conv,17,19.442054748535156,89,93,92,2046440,2046182,258,461908,18.41672348280963,1091130,955052,955052,4,True,True
990,GEN,DG004,model.10.m.0.ffn.0.conv,214,19.4455623626709,89,217,216,2046182,2045924,258,462166,18.42701019500895,1091130,954794,954794,4,True,True
991,GEN,DG039,model.8.m.0.cv2.conv,51,19.446651458740234,89,53,52,2045924,2045666,258,462424,18.437296907208275,1091130,954536,954536,4,True,True
992,GEN,DG026,model.22.m.0.1.ffn.0.conv,30,19.446903228759766,89,92,91,2045666,2045408,258,462682,18.447583619407595,1091130,954278,954278,4,True,True
993,GEN,DG038,model.8.m.0.cv1.conv,38,19.448894500732422,89,49,48,2045408,2042842,2566,465248,18.549892547715594,1091130,951712,951712,4,True,True
994,GEN,DG039,model.8.m.0.cv2.conv,46,19.44901466369629,89,52,51,2042842,2042584,258,465506,18.560179259914914,1091130,951454,951454,4,True,True
995,GEN,DG004,model.10.m.0.ffn.0.conv,185,19.454483032226562,89,216,215,2042584,2042326,258,465764,18.57046597211424,1091130,951196,951196,4,True,True
996,GEN,DG004,model.10.m.0.ffn.0.conv,139,19.454626083374023,89,215,214,2042326,2042068,258,466022,18.580752684313563,1091130,950938,950938,4,True,True
997,GEN,DG038,model.8.m.0.cv1.conv,16,19.458364486694336,89,48,47,2042068,2039502,2566,468588,18.683061612621557,1091130,948372,948372,4,True,True
998,GEN,DG004,model.10.m.0.ffn.0.conv,169,19.459428787231445,89,214,213,2039502,2039244,258,468846,18.693348324820878,1091130,948114,948114,4,True,True
999,GEN,DG004,model.10.m.0.ffn.0.conv,0,19.46091651916504,89,213,212,2039244,2038986,258,469104,18.703635037020202,1091130,947856,947856,4,True,True
1000,GEN,DG026,model.22.m.0.1.ffn.0.conv,16,19.480072021484375,89,91,90,2038986,2038728,258,469362,18.713921749219526,1091130,947598,947598,4,True,True
1001,GEN,DG030,model.5.conv,5,19.480377197265625,89,25,24,2038728,2038481,247,469609,18.723769880666165,1091130,947351,947351,4,True,True
1002,GEN,DG026,model.22.m.0.1.ffn.0.conv,35,19.48459243774414,89,90,89,2038481,2038223,258,469867,18.73405659286549,1091130,947093,947093,4,True,True
1003,GEN,DG004,model.10.m.0.ffn.0.conv,134,19.485309600830078,89,212,211,2038223,2037965,258,470125,18.74434330506481,1091130,946835,946835,4,True,True
1004,GEN,DG004,model.10.m.0.ffn.0.conv,15,19.490909576416016,89,211,210,2037965,2037707,258,470383,18.754630017264134,1091130,946577,946577,4,True,True
1005,GEN,DG004,model.10.m.0.ffn.0.conv,157,19.501020431518555,89,210,209,2037707,2037449,258,470641,18.764916729463458,1091130,946319,946319,4,True,True
1006,GEN,DG039,model.8.m.0.cv2.conv,32,19.50371551513672,89,51,50,2037449,2037191,258,470899,18.77520344166278,1091130,946061,946061,4,True,True
1007,GEN,DG004,model.10.m.0.ffn.0.conv,4,19.50469970703125,89,209,208,2037191,2036933,258,471157,18.785490153862103,1091130,945803,945803,4,True,True
1008,GEN,DG004,model.10.m.0.ffn.0.conv,40,19.510465621948242,89,208,207,2036933,2036675,258,471415,18.795776866061424,1091130,945545,945545,4,True,True
1009,GEN,DG026,model.22.m.0.1.ffn.0.conv,14,19.513469696044922,89,89,88,2036675,2036417,258,471673,18.806063578260748,1091130,945287,945287,4,True,True
1010,GEN,DG030,model.5.conv,22,19.520666122436523,89,24,23,2036417,2036170,247,471920,18.815911709707386,1091130,945040,945040,4,True,True
1011,GEN,DG026,model.22.m.0.1.ffn.0.conv,66,19.52297019958496,89,88,87,2036170,2035912,258,472178,18.82619842190671,1091130,944782,944782,4,True,True
1012,GEN,DG038,model.8.m.0.cv1.conv,24,19.536720275878906,89,47,46,2035912,2033346,2566,474744,18.928507350214705,1091130,942216,942216,4,True,True
1013,GEN,DG038,model.8.m.0.cv1.conv,16,19.53765869140625,89,46,45,2033346,2030780,2566,477310,19.0308162785227,1091130,939650,939650,4,True,True
1014,GEN,DG026,model.22.m.0.1.ffn.0.conv,2,19.53878402709961,89,87,86,2030780,2030522,258,477568,19.041102990722024,1091130,939392,939392,4,True,True
1015,GEN,DG039,model.8.m.0.cv2.conv,0,19.54147720336914,89,50,49,2030522,2030264,258,477826,19.051389702921348,1091130,939134,939134,4,True,True
1016,GEN,DG004,model.10.m.0.ffn.0.conv,104,19.54521942138672,89,207,206,2030264,2030006,258,478084,19.06167641512067,1091130,938876,938876,4,True,True
1017,GEN,DG004,model.10.m.0.ffn.0.conv,203,19.548553466796875,89,206,205,2030006,2029748,258,478342,19.071963127319993,1091130,938618,938618,4,True,True
1018,GEN,DG004,model.10.m.0.ffn.0.conv,127,19.55130386352539,89,205,204,2029748,2029490,258,478600,19.082249839519317,1091130,938360,938360,4,True,True
1019,GEN,DG004,model.10.m.0.ffn.0.conv,173,19.554079055786133,89,204,203,2029490,2029232,258,478858,19.092536551718638,1091130,938102,938102,4,True,True
1020,GEN,DG004,model.10.m.0.ffn.0.conv,53,19.560726165771484,89,203,202,2029232,2028974,258,479116,19.102823263917962,1091130,937844,937844,4,True,True
1021,GEN,DG004,model.10.m.0.ffn.0.conv,183,19.572853088378906,89,202,201,2028974,2028716,258,479374,19.113109976117286,1091130,937586,937586,4,True,True
1022,GEN,DG039,model.8.m.0.cv2.conv,29,19.576778411865234,89,49,48,2028716,2028458,258,479632,19.123396688316607,1091130,937328,937328,4,True,True
1023,GEN,DG026,model.22.m.0.1.ffn.0.conv,3,19.576892852783203,89,86,85,2028458,2028200,258,479890,19.13368340051593,1091130,937070,937070,4,True,True
1024,GEN,DG038,model.8.m.0.cv1.conv,25,19.577720642089844,89,45,44,2028200,2025634,2566,482456,19.235992328823926,1091130,934504,934504,4,True,True
1025,GEN,DG004,model.10.m.0.ffn.0.conv,189,19.58601188659668,90,201,200,2025634,2025376,258,482714,19.24627904102325,1091130,934246,934246,4,True,True
1026,GEN,DG026,model.22.m.0.1.ffn.0.conv,82,19.595836639404297,90,85,84,2025376,2025118,258,482972,19.25656575322257,1091130,933988,933988,4,True,True
1027,GEN,DG039,model.8.m.0.cv2.conv,18,19.60028839111328,90,48,47,2025118,2024860,258,483230,19.266852465421895,1091130,933730,933730,4,True,True
1028,GEN,DG026,model.22.m.0.1.ffn.0.conv,25,19.600841522216797,90,84,83,2024860,2024602,258,483488,19.27713917762122,1091130,933472,933472,4,True,True
1029,GEN,DG004,model.10.m.0.ffn.0.conv,181,19.602313995361328,90,200,199,2024602,2024344,258,483746,19.28742588982054,1091130,933214,933214,4,True,True
1030,GEN,DG004,model.10.m.0.ffn.0.conv,104,19.608905792236328,90,199,198,2024344,2024086,258,484004,19.297712602019864,1091130,932956,932956,4,True,True
1031,GEN,DG004,model.10.m.0.ffn.0.conv,152,19.61273193359375,90,198,197,2024086,2023828,258,484262,19.307999314219188,1091130,932698,932698,4,True,True
1032,GEN,DG039,model.8.m.0.cv2.conv,44,19.61275863647461,90,47,46,2023828,2023570,258,484520,19.31828602641851,1091130,932440,932440,4,True,True
1033,GEN,DG026,model.22.m.0.1.ffn.0.conv,12,19.614429473876953,90,83,82,2023570,2023312,258,484778,19.328572738617833,1091130,932182,932182,4,True,True
1034,GEN,DG026,model.22.m.0.1.ffn.0.conv,46,19.614826202392578,90,82,81,2023312,2023054,258,485036,19.338859450817157,1091130,931924,931924,4,True,True
1035,GEN,DG026,model.22.m.0.1.ffn.0.conv,31,19.6202392578125,90,81,80,2023054,2022796,258,485294,19.349146163016478,1091130,931666,931666,4,True,True
1036,GEN,DG004,model.10.m.0.ffn.0.conv,151,19.62363052368164,90,197,196,2022796,2022538,258,485552,19.359432875215802,1091130,931408,931408,4,True,True
1037,GEN,DG004,model.10.m.0.ffn.0.conv,145,19.62523651123047,90,196,195,2022538,2022280,258,485810,19.369719587415126,1091130,931150,931150,4,True,True
1038,GEN,DG026,model.22.m.0.1.ffn.0.conv,45,19.625816345214844,90,80,79,2022280,2022022,258,486068,19.380006299614447,1091130,930892,930892,4,True,True
1039,GEN,DG004,model.10.m.0.ffn.0.conv,1,19.626121520996094,90,195,194,2022022,2021764,258,486326,19.39029301181377,1091130,930634,930634,4,True,True
1040,GEN,DG039,model.8.m.0.cv2.conv,6,19.628799438476562,90,46,45,2021764,2021506,258,486584,19.400579724013095,1091130,930376,930376,4,True,True
1041,GEN,DG004,model.10.m.0.ffn.0.conv,94,19.63567352294922,90,194,193,2021506,2021248,258,486842,19.410866436212416,1091130,930118,930118,4,True,True
1042,GEN,DG030,model.5.conv,4,19.638845443725586,90,23,22,2021248,2021001,247,487089,19.420714567659054,1091130,929871,929871,4,True,True
1043,GEN,DG030,model.5.conv,9,19.64004135131836,90,22,21,2021001,2020754,247,487336,19.430562699105693,1091130,929624,929624,4,True,True
1044,GEN,DG039,model.8.m.0.cv2.conv,40,19.64134407043457,90,45,44,2020754,2020496,258,487594,19.440849411305017,1091130,929366,929366,4,True,True
1045,GEN,DG039,model.8.m.0.cv2.conv,10,19.64869499206543,90,44,43,2020496,2020238,258,487852,19.45113612350434,1091130,929108,929108,4,True,True
1046,GEN,DG004,model.10.m.0.ffn.0.conv,87,19.65301513671875,90,193,192,2020238,2019980,258,488110,19.46142283570366,1091130,928850,928850,4,True,True
1047,GEN,DG004,model.10.m.0.ffn.0.conv,60,19.653635025024414,90,192,191,2019980,2019722,258,488368,19.471709547902986,1091130,928592,928592,4,True,True
1048,GEN,DG039,model.8.m.0.cv2.conv,35,19.653703689575195,90,43,42,2019722,2019464,258,488626,19.48199626010231,1091130,928334,928334,4,True,True
1049,GEN,DG004,model.10.m.0.ffn.0.conv,120,19.661396026611328,90,191,190,2019464,2019206,258,488884,19.49228297230163,1091130,928076,928076,4,True,True
1050,GEN,DG026,model.22.m.0.1.ffn.0.conv,49,19.666807174682617,90,79,78,2019206,2018948,258,489142,19.502569684500955,1091130,927818,927818,4,True,True
1051,GEN,DG004,model.10.m.0.ffn.0.conv,8,19.669612884521484,90,190,189,2018948,2018690,258,489400,19.51285639670028,1091130,927560,927560,4,True,True
1052,GEN,DG026,model.22.m.0.1.ffn.0.conv,12,19.672155380249023,90,78,77,2018690,2018432,258,489658,19.5231431088996,1091130,927302,927302,4,True,True
1053,GEN,DG026,model.22.m.0.1.ffn.0.conv,71,19.680004119873047,90,77,76,2018432,2018174,258,489916,19.533429821098924,1091130,927044,927044,4,True,True
1054,GEN,DG030,model.5.conv,9,19.687240600585938,90,21,20,2018174,2017927,247,490163,19.543277952545562,1091130,926797,926797,4,True,True
1055,GEN,DG004,model.10.m.0.ffn.0.conv,99,19.69900894165039,90,189,188,2017927,2017669,258,490421,19.553564664744886,1091130,926539,926539,4,True,True
1056,GEN,DG004,model.10.m.0.ffn.0.conv,143,19.70621109008789,90,188,187,2017669,2017411,258,490679,19.563851376944207,1091130,926281,926281,4,True,True
1057,GEN,DG004,model.10.m.0.ffn.0.conv,50,19.707971572875977,90,187,186,2017411,2017153,258,490937,19.57413808914353,1091130,926023,926023,4,True,True
1058,GEN,DG004,model.10.m.0.ffn.0.conv,2,19.712505340576172,90,186,185,2017153,2016895,258,491195,19.584424801342855,1091130,925765,925765,4,True,True
1059,GEN,DG004,model.10.m.0.ffn.0.conv,57,19.71763801574707,90,185,184,2016895,2016637,258,491453,19.594711513542176,1091130,925507,925507,4,True,True
1060,GEN,DG004,model.10.m.0.ffn.0.conv,109,19.72179412841797,90,184,183,2016637,2016379,258,491711,19.6049982257415,1091130,925249,925249,4,True,True
1061,GEN,DG026,model.22.m.0.1.ffn.0.conv,35,19.72335433959961,90,76,75,2016379,2016121,258,491969,19.615284937940825,1091130,924991,924991,4,True,True
1062,GEN,DG004,model.10.m.0.ffn.0.conv,133,19.723928451538086,90,183,182,2016121,2015863,258,492227,19.625571650140145,1091130,924733,924733,4,True,True
1063,GEN,DG004,model.10.m.0.ffn.0.conv,122,19.731239318847656,90,182,181,2015863,2015605,258,492485,19.63585836233947,1091130,924475,924475,4,True,True
1064,GEN,DG004,model.10.m.0.ffn.0.conv,123,19.734725952148438,90,181,180,2015605,2015347,258,492743,19.646145074538794,1091130,924217,924217,4,True,True
1065,GEN,DG026,model.22.m.0.1.ffn.0.conv,17,19.73819351196289,90,75,74,2015347,2015089,258,493001,19.656431786738114,1091130,923959,923959,4,True,True
1066,GEN,DG030,model.5.conv,7,19.748382568359375,90,20,19,2015089,2014842,247,493248,19.666279918184753,1091130,923712,923712,4,True,True
1067,GEN,DG026,model.22.m.0.1.ffn.0.conv,5,19.74901580810547,90,74,73,2014842,2014584,258,493506,19.676566630384077,1091130,923454,923454,4,True,True
1068,GEN,DG026,model.22.m.0.1.ffn.0.conv,65,19.750213623046875,90,73,72,2014584,2014326,258,493764,19.6868533425834,1091130,923196,923196,4,True,True
1069,GEN,DG004,model.10.m.0.ffn.0.conv,93,19.753154754638672,90,180,179,2014326,2014068,258,494022,19.69714005478272,1091130,922938,922938,4,True,True
1070,GEN,DG004,model.10.m.0.ffn.0.conv,68,19.75780487060547,90,179,178,2014068,2013810,258,494280,19.707426766982046,1091130,922680,922680,4,True,True
1071,GEN,DG026,model.22.m.0.1.ffn.0.conv,13,19.75967025756836,90,72,71,2013810,2013552,258,494538,19.71771347918137,1091130,922422,922422,4,True,True
1072,GEN,DG004,model.10.m.0.ffn.0.conv,163,19.76544761657715,90,178,177,2013552,2013294,258,494796,19.72800019138069,1091130,922164,922164,4,True,True
1073,GEN,DG004,model.10.m.0.ffn.0.conv,29,19.76676368713379,90,177,176,2013294,2013036,258,495054,19.738286903580015,1091130,921906,921906,4,True,True
1074,GEN,DG004,model.10.m.0.ffn.0.conv,59,19.771427154541016,90,176,175,2013036,2012778,258,495312,19.74857361577934,1091130,921648,921648,4,True,True
1075,GEN,DG039,model.8.m.0.cv2.conv,2,19.777612686157227,90,42,41,2012778,2012520,258,495570,19.75886032797866,1091130,921390,921390,4,True,True
1076,GEN,DG026,model.22.m.0.1.ffn.0.conv,44,19.778900146484375,90,71,70,2012520,2012262,258,495828,19.769147040177984,1091130,921132,921132,4,True,True
1077,GEN,DG004,model.10.m.0.ffn.0.conv,73,19.785541534423828,90,175,174,2012262,2012004,258,496086,19.779433752377308,1091130,920874,920874,4,True,True
1078,GEN,DG004,model.10.m.0.ffn.0.conv,71,19.789600372314453,90,174,173,2012004,2011746,258,496344,19.78972046457663,1091130,920616,920616,4,True,True
1079,GEN,DG038,model.8.m.0.cv1.conv,7,19.789737701416016,90,44,43,2011746,2009180,2566,498910,19.892029392884627,1091130,918050,918050,4,True,True
1080,GEN,DG004,model.10.m.0.ffn.0.conv,99,19.792762756347656,90,173,172,2009180,2008922,258,499168,19.902316105083948,1091130,917792,917792,4,True,True
1081,GEN,DG004,model.10.m.0.ffn.0.conv,163,19.795150756835938,90,172,171,2008922,2008664,258,499426,19.912602817283272,1091130,917534,917534,4,True,True
1082,GEN,DG004,model.10.m.0.ffn.0.conv,110,19.796390533447266,90,171,170,2008664,2008406,258,499684,19.922889529482596,1091130,917276,917276,4,True,True
1083,GEN,DG004,model.10.m.0.ffn.0.conv,146,19.797266006469727,90,170,169,2008406,2008148,258,499942,19.933176241681917,1091130,917018,917018,4,True,True
1084,GEN,DG004,model.10.m.0.ffn.0.conv,141,19.799949645996094,90,169,168,2008148,2007890,258,500200,19.94346295388124,1091130,916760,916760,4,True,True
1085,GEN,DG030,model.5.conv,8,19.799957275390625,90,19,18,2007890,2007643,247,500447,19.95331108532788,1091130,916513,916513,4,True,True
1086,GEN,DG004,model.10.m.0.ffn.0.conv,142,19.80238914489746,90,168,167,2007643,2007385,258,500705,19.963597797527203,1091130,916255,916255,4,True,True
1087,GEN,DG039,model.8.m.0.cv2.conv,1,19.807903289794922,90,41,40,2007385,2007127,258,500963,19.973884509726524,1091130,915997,915997,4,True,True
1088,GEN,DG039,model.8.m.0.cv2.conv,34,19.809165954589844,90,40,39,2007127,2006869,258,501221,19.98417122192585,1091130,915739,915739,4,True,True
1089,GEN,DG004,model.10.m.0.ffn.0.conv,141,19.812639236450195,90,167,166,2006869,2006611,258,501479,19.994457934125172,1091130,915481,915481,4,True,True
1090,GEN,DG026,model.22.m.0.1.ffn.0.conv,7,19.81406593322754,90,70,69,2006611,2006353,258,501737,20.004744646324493,1091130,915223,915223,4,True,True
1091,GEN,DG004,model.10.m.0.ffn.0.conv,24,19.817867279052734,90,166,165,2006353,2006095,258,501995,20.015031358523817,1091130,914965,914965,4,True,True
1092,GEN,DG004,model.10.m.0.ffn.0.conv,106,19.81793785095215,90,165,164,2006095,2005837,258,502253,20.02531807072314,1091130,914707,914707,4,True,True
1093,GEN,DG026,model.22.m.0.1.ffn.0.conv,42,19.823827743530273,90,69,68,2005837,2005579,258,502511,20.035604782922462,1091130,914449,914449,4,True,True
1094,GEN,DG004,model.10.m.0.ffn.0.conv,53,19.829809188842773,90,164,163,2005579,2005321,258,502769,20.045891495121786,1091130,914191,914191,4,True,True
1095,GEN,DG004,model.10.m.0.ffn.0.conv,133,19.832868576049805,90,163,162,2005321,2005063,258,503027,20.05617820732111,1091130,913933,913933,4,True,True
1096,GEN,DG004,model.10.m.0.ffn.0.conv,101,19.847789764404297,90,162,161,2005063,2004805,258,503285,20.06646491952043,1091130,913675,913675,4,True,True
1097,GEN,DG004,model.10.m.0.ffn.0.conv,123,19.849170684814453,90,161,160,2004805,2004547,258,503543,20.076751631719755,1091130,913417,913417,4,True,True
1098,GEN,DG004,model.10.m.0.ffn.0.conv,120,19.880451202392578,90,160,159,2004547,2004289,258,503801,20.08703834391908,1091130,913159,913159,4,True,True
1099,GEN,DG004,model.10.m.0.ffn.0.conv,95,19.886911392211914,90,159,158,2004289,2004031,258,504059,20.0973250561184,1091130,912901,912901,4,True,True
1100,GEN,DG039,model.8.m.0.cv2.conv,13,19.889942169189453,90,39,38,2004031,2003773,258,504317,20.107611768317724,1091130,912643,912643,4,True,True
1101,GEN,DG030,model.5.conv,6,19.896286010742188,90,18,17,2003773,2003526,247,504564,20.117459899764363,1091130,912396,912396,4,True,True
1102,GEN,DG004,model.10.m.0.ffn.0.conv,48,19.898967742919922,90,158,157,2003526,2003268,258,504822,20.127746611963687,1091130,912138,912138,4,True,True
1103,GEN,DG004,model.10.m.0.ffn.0.conv,31,19.906204223632812,90,157,156,2003268,2003010,258,505080,20.138033324163008,1091130,911880,911880,4,True,True
1104,GEN,DG004,model.10.m.0.ffn.0.conv,30,19.906696319580078,90,156,155,2003010,2002752,258,505338,20.148320036362332,1091130,911622,911622,4,True,True
1105,GEN,DG039,model.8.m.0.cv2.conv,25,19.912986755371094,90,38,37,2002752,2002494,258,505596,20.158606748561656,1091130,911364,911364,4,True,True
1106,GEN,DG004,model.10.m.0.ffn.0.conv,94,19.928478240966797,90,155,154,2002494,2002236,258,505854,20.168893460760977,1091130,911106,911106,4,True,True
1107,GEN,DG004,model.10.m.0.ffn.0.conv,147,19.931673049926758,90,154,153,2002236,2001978,258,506112,20.1791801729603,1091130,910848,910848,4,True,True
1108,GEN,DG026,model.22.m.0.1.ffn.0.conv,15,19.93476104736328,90,68,67,2001978,2001720,258,506370,20.189466885159625,1091130,910590,910590,4,True,True
1109,GEN,DG004,model.10.m.0.ffn.0.conv,87,19.950841903686523,90,153,152,2001720,2001462,258,506628,20.199753597358946,1091130,910332,910332,4,True,True
1110,GEN,DG004,model.10.m.0.ffn.0.conv,114,19.953508377075195,90,152,151,2001462,2001204,258,506886,20.21004030955827,1091130,910074,910074,4,True,True
1111,GEN,DG004,model.10.m.0.ffn.0.conv,62,19.954805374145508,90,151,150,2001204,2000946,258,507144,20.220327021757594,1091130,909816,909816,4,True,True
1112,GEN,DG004,model.10.m.0.ffn.0.conv,33,19.957998275756836,90,150,149,2000946,2000688,258,507402,20.230613733956915,1091130,909558,909558,4,True,True
1113,GEN,DG004,model.10.m.0.ffn.0.conv,34,19.965362548828125,90,149,148,2000688,2000430,258,507660,20.24090044615624,1091130,909300,909300,4,True,True
1114,GEN,DG004,model.10.m.0.ffn.0.conv,33,19.96700668334961,90,148,147,2000430,2000172,258,507918,20.251187158355563,1091130,909042,909042,4,True,True
1115,GEN,DG004,model.10.m.0.ffn.0.conv,109,19.967269897460938,90,147,146,2000172,1999914,258,508176,20.261473870554884,1091130,908784,908784,4,True,True
1116,GEN,DG004,model.10.m.0.ffn.0.conv,132,19.968793869018555,90,146,145,1999914,1999656,258,508434,20.271760582754208,1091130,908526,908526,4,True,True
1117,GEN,DG004,model.10.m.0.ffn.0.conv,75,19.989971160888672,90,145,144,1999656,1999398,258,508692,20.28204729495353,1091130,908268,908268,4,True,True
1118,GEN,DG039,model.8.m.0.cv2.conv,23,20.001258850097656,90,37,36,1999398,1999140,258,508950,20.292334007152853,1091130,908010,908010,4,True,True
1119,GEN,DG026,model.22.m.0.1.ffn.0.conv,43,20.003801345825195,90,67,66,1999140,1998882,258,509208,20.302620719352177,1091130,907752,907752,4,True,True
1120,GEN,DG004,model.10.m.0.ffn.0.conv,14,20.00635528564453,90,144,143,1998882,1998624,258,509466,20.312907431551498,1091130,907494,907494,4,True,True
1121,GEN,DG004,model.10.m.0.ffn.0.conv,77,20.007320404052734,90,143,142,1998624,1998366,258,509724,20.323194143750822,1091130,907236,907236,4,True,True
1122,GEN,DG004,model.10.m.0.ffn.0.conv,17,20.01068878173828,90,142,141,1998366,1998108,258,509982,20.333480855950146,1091130,906978,906978,4,True,True
1123,GEN,DG004,model.10.m.0.ffn.0.conv,22,20.01171875,90,141,140,1998108,1997850,258,510240,20.343767568149467,1091130,906720,906720,4,True,True
1124,GEN,DG026,model.22.m.0.1.ffn.0.conv,39,20.015396118164062,90,66,65,1997850,1997592,258,510498,20.35405428034879,1091130,906462,906462,4,True,True
1125,GEN,DG004,model.10.m.0.ffn.0.conv,78,20.018259048461914,90,140,139,1997592,1997334,258,510756,20.364340992548115,1091130,906204,906204,4,True,True
1126,GEN,DG004,model.10.m.0.ffn.0.conv,119,20.01834487915039,90,139,138,1997334,1997076,258,511014,20.374627704747436,1091130,905946,905946,4,True,True
1127,GEN,DG004,model.10.m.0.ffn.0.conv,129,20.02340316772461,90,138,137,1997076,1996818,258,511272,20.38491441694676,1091130,905688,905688,4,True,True
1128,GEN,DG004,model.10.m.0.ffn.0.conv,101,20.026119232177734,90,137,136,1996818,1996560,258,511530,20.395201129146084,1091130,905430,905430,4,True,True
1129,GEN,DG004,model.10.m.0.ffn.0.conv,68,20.033035278320312,90,136,135,1996560,1996302,258,511788,20.405487841345405,1091130,905172,905172,4,True,True
1130,GEN,DG004,model.10.m.0.ffn.0.conv,14,20.037307739257812,90,135,134,1996302,1996044,258,512046,20.41577455354473,1091130,904914,904914,4,True,True
1131,GEN,DG004,model.10.m.0.ffn.0.conv,101,20.038904190063477,90,134,133,1996044,1995786,258,512304,20.426061265744053,1091130,904656,904656,4,True,True
1132,GEN,DG026,model.22.m.0.1.ffn.0.conv,63,20.047277450561523,90,65,64,1995786,1995528,258,512562,20.436347977943374,1091130,904398,904398,4,True,True
1133,GEN,DG004,model.10.m.0.ffn.0.conv,76,20.04783058166504,90,133,132,1995528,1995270,258,512820,20.446634690142698,1091130,904140,904140,4,True,True
1134,GEN,DG004,model.10.m.0.ffn.0.conv,30,20.0545654296875,90,132,131,1995270,1995012,258,513078,20.456921402342022,1091130,903882,903882,4,True,True
1135,GEN,DG039,model.8.m.0.cv2.conv,14,20.056407928466797,90,36,35,1995012,1994754,258,513336,20.467208114541343,1091130,903624,903624,4,True,True
1136,GEN,DG026,model.22.m.0.1.ffn.0.conv,2,20.058351516723633,90,64,63,1994754,1994496,258,513594,20.477494826740667,1091130,903366,903366,4,True,True
1137,GEN,DG004,model.10.m.0.ffn.0.conv,129,20.059497833251953,90,131,130,1994496,1994238,258,513852,20.48778153893999,1091130,903108,903108,4,True,True
1138,GEN,DG004,model.10.m.0.ffn.0.conv,111,20.060131072998047,90,130,129,1994238,1993980,258,514110,20.498068251139312,1091130,902850,902850,4,True,True
1139,GEN,DG004,model.10.m.0.ffn.0.conv,14,20.062789916992188,90,129,128,1993980,1993722,258,514368,20.508354963338636,1091130,902592,902592,4,True,True
1140,GEN,DG004,model.10.m.0.ffn.0.conv,66,20.06568145751953,90,128,127,1993722,1993464,258,514626,20.51864167553796,1091130,902334,902334,4,True,True
1141,GEN,DG004,model.10.m.0.ffn.0.conv,33,20.06589698791504,90,127,126,1993464,1993206,258,514884,20.52892838773728,1091130,902076,902076,4,True,True
1142,GEN,DG004,model.10.m.0.ffn.0.conv,95,20.067323684692383,90,126,125,1993206,1992948,258,515142,20.539215099936605,1091130,901818,901818,4,True,True
1143,GEN,DG004,model.10.m.0.ffn.0.conv,1,20.070737838745117,90,125,124,1992948,1992690,258,515400,20.54950181213593,1091130,901560,901560,4,True,True
1144,GEN,DG039,model.8.m.0.cv2.conv,12,20.078479766845703,90,35,34,1992690,1992432,258,515658,20.55978852433525,1091130,901302,901302,4,True,True
1145,GEN,DG026,model.22.m.0.1.ffn.0.conv,58,20.07876968383789,90,63,62,1992432,1992174,258,515916,20.570075236534574,1091130,901044,901044,4,True,True
1146,GEN,DG039,model.8.m.0.cv2.conv,30,20.08283042907715,90,34,33,1992174,1991916,258,516174,20.5803619487339,1091130,900786,900786,4,True,True
1147,GEN,DG026,model.22.m.0.1.ffn.0.conv,47,20.090049743652344,90,62,61,1991916,1991658,258,516432,20.59064866093322,1091130,900528,900528,4,True,True
1148,GEN,DG004,model.10.m.0.ffn.0.conv,3,20.096755981445312,90,124,123,1991658,1991400,258,516690,20.600935373132543,1091130,900270,900270,4,True,True
1149,GEN,DG026,model.22.m.0.1.ffn.0.conv,18,20.101879119873047,90,61,60,1991400,1991142,258,516948,20.611222085331868,1091130,900012,900012,4,True,True
1150,GEN,DG004,model.10.m.0.ffn.0.conv,80,20.102947235107422,90,123,122,1991142,1990884,258,517206,20.621508797531188,1091130,899754,899754,4,True,True
1151,GEN,DG004,model.10.m.0.ffn.0.conv,81,20.109954833984375,90,122,121,1990884,1990626,258,517464,20.631795509730512,1091130,899496,899496,4,True,True
1152,GEN,DG004,model.10.m.0.ffn.0.conv,104,20.110095977783203,90,121,120,1990626,1990368,258,517722,20.642082221929837,1091130,899238,899238,4,True,True
1153,GEN,DG039,model.8.m.0.cv2.conv,12,20.1102294921875,90,33,32,1990368,1990110,258,517980,20.652368934129157,1091130,898980,898980,4,True,True
1154,GEN,DG004,model.10.m.0.ffn.0.conv,43,20.11495590209961,90,120,119,1990110,1989852,258,518238,20.66265564632848,1091130,898722,898722,4,True,True
1155,GEN,DG026,model.22.m.0.1.ffn.0.conv,47,20.120723724365234,90,60,59,1989852,1989594,258,518496,20.672942358527806,1091130,898464,898464,4,True,True
1156,GEN,DG004,model.10.m.0.ffn.0.conv,118,20.1216983795166,90,119,118,1989594,1989336,258,518754,20.683229070727126,1091130,898206,898206,4,True,True
1157,GEN,DG004,model.10.m.0.ffn.0.conv,11,20.12445068359375,90,118,117,1989336,1989078,258,519012,20.69351578292645,1091130,897948,897948,4,True,True
1158,GEN,DG026,model.22.m.0.1.ffn.0.conv,11,20.127914428710938,90,59,58,1989078,1988820,258,519270,20.703802495125775,1091130,897690,897690,4,True,True
1159,GEN,DG004,model.10.m.0.ffn.0.conv,89,20.128223419189453,90,117,116,1988820,1988562,258,519528,20.714089207325095,1091130,897432,897432,4,True,True
1160,GEN,DG004,model.10.m.0.ffn.0.conv,47,20.134471893310547,90,116,115,1988562,1988304,258,519786,20.72437591952442,1091130,897174,897174,4,True,True
1161,GEN,DG026,model.22.m.0.1.ffn.0.conv,41,20.135299682617188,90,58,57,1988304,1988046,258,520044,20.734662631723744,1091130,896916,896916,4,True,True
1162,GEN,DG004,model.10.m.0.ffn.0.conv,16,20.151683807373047,90,115,114,1988046,1987788,258,520302,20.744949343923064,1091130,896658,896658,4,True,True
1163,GEN,DG004,model.10.m.0.ffn.0.conv,81,20.15208625793457,90,114,113,1987788,1987530,258,520560,20.75523605612239,1091130,896400,896400,4,True,True
1164,GEN,DG004,model.10.m.0.ffn.0.conv,91,20.15251922607422,90,113,112,1987530,1987272,258,520818,20.76552276832171,1091130,896142,896142,4,True,True
1165,GEN,DG038,model.8.m.0.cv1.conv,22,20.162134170532227,90,43,42,1987272,1984706,2566,523384,20.867831696629707,1091130,893576,893576,4,True,True
1166,GEN,DG004,model.10.m.0.ffn.0.conv,11,20.163925170898438,90,112,111,1984706,1984448,258,523642,20.878118408829028,1091130,893318,893318,4,True,True
1167,GEN,DG004,model.10.m.0.ffn.0.conv,44,20.168283462524414,90,111,110,1984448,1984190,258,523900,20.888405121028352,1091130,893060,893060,4,True,True
1168,GEN,DG004,model.10.m.0.ffn.0.conv,87,20.177303314208984,90,110,109,1984190,1983932,258,524158,20.898691833227677,1091130,892802,892802,4,True,True
1169,GEN,DG004,model.10.m.0.ffn.0.conv,83,20.17759132385254,90,109,108,1983932,1983674,258,524416,20.908978545426997,1091130,892544,892544,4,True,True
1170,GEN,DG038,model.8.m.0.cv1.conv,10,20.17959213256836,90,42,41,1983674,1981108,2566,526982,21.011287473734992,1091130,889978,889978,4,True,True
1171,GEN,DG004,model.10.m.0.ffn.0.conv,53,20.18008041381836,90,108,107,1981108,1980850,258,527240,21.021574185934316,1091130,889720,889720,4,True,True
1172,GEN,DG004,model.10.m.0.ffn.0.conv,63,20.18569564819336,90,107,106,1980850,1980592,258,527498,21.03186089813364,1091130,889462,889462,4,True,True
1173,GEN,DG004,model.10.m.0.ffn.0.conv,85,20.185699462890625,90,106,105,1980592,1980334,258,527756,21.04214761033296,1091130,889204,889204,4,True,True
1174,GEN,DG031,model.6.cv2.conv,122,20.186866760253906,90,128,127,1980334,1977708,2626,530382,21.146848797291963,1091130,886578,886578,4,True,True
1175,GEN,DG038,model.8.m.0.cv1.conv,24,20.188644409179688,90,41,40,1977708,1975142,2566,532948,21.249157725599957,1091130,884012,884012,4,True,True
1176,GEN,DG038,model.8.m.0.cv1.conv,23,20.190988540649414,90,40,39,1975142,1972576,2566,535514,21.351466653907956,1091130,881446,881446,4,True,True
1177,GEN,DG004,model.10.m.0.ffn.0.conv,40,20.193506240844727,90,105,104,1972576,1972318,258,535772,21.361753366107276,1091130,881188,881188,4,True,True
1178,GEN,DG004,model.10.m.0.ffn.0.conv,39,20.19759750366211,90,104,103,1972318,1972060,258,536030,21.3720400783066,1091130,880930,880930,4,True,True
1179,GEN,DG026,model.22.m.0.1.ffn.0.conv,39,20.20258140563965,90,57,56,1972060,1971802,258,536288,21.38232679050592,1091130,880672,880672,4,True,True
1180,GEN,DG004,model.10.m.0.ffn.0.conv,100,20.209491729736328,90,103,102,1971802,1971544,258,536546,21.392613502705245,1091130,880414,880414,4,True,True
1181,GEN,DG039,model.8.m.0.cv2.conv,20,20.21050453186035,90,32,31,1971544,1971286,258,536804,21.40290021490457,1091130,880156,880156,4,True,True
1182,GEN,DG004,model.10.m.0.ffn.0.conv,20,20.214508056640625,90,102,101,1971286,1971028,258,537062,21.41318692710389,1091130,879898,879898,4,True,True
1183,GEN,DG026,model.22.m.0.1.ffn.0.conv,6,20.22261619567871,90,56,55,1971028,1970770,258,537320,21.423473639303214,1091130,879640,879640,4,True,True
1184,GEN,DG004,model.10.m.0.ffn.0.conv,58,20.22538185119629,90,101,100,1970770,1970512,258,537578,21.43376035150254,1091130,879382,879382,4,True,True
1185,GEN,DG004,model.10.m.0.ffn.0.conv,91,20.23065948486328,90,100,99,1970512,1970254,258,537836,21.44404706370186,1091130,879124,879124,4,True,True
1186,GEN,DG004,model.10.m.0.ffn.0.conv,10,20.231849670410156,90,99,98,1970254,1969996,258,538094,21.454333775901183,1091130,878866,878866,4,True,True
1187,GEN,DG004,model.10.m.0.ffn.0.conv,77,20.23430633544922,90,98,97,1969996,1969738,258,538352,21.464620488100508,1091130,878608,878608,4,True,True
1188,GEN,DG038,model.8.m.0.cv1.conv,22,20.240537643432617,90,39,38,1969738,1967172,2566,540918,21.566929416408502,1091130,876042,876042,4,True,True
1189,GEN,DG004,model.10.m.0.ffn.0.conv,18,20.24091339111328,90,97,96,1967172,1966914,258,541176,21.577216128607827,1091130,875784,875784,4,True,True
1190,GEN,DG038,model.8.m.0.cv1.conv,22,20.241411209106445,90,38,37,1966914,1964348,2566,543742,21.67952505691582,1091130,873218,873218,4,True,True
1191,GEN,DG004,model.10.m.0.ffn.0.conv,2,20.247940063476562,90,96,95,1964348,1964090,258,544000,21.689811769115142,1091130,872960,872960,4,True,True
1192,GEN,DG026,model.22.m.0.1.ffn.0.conv,34,20.249170303344727,90,55,54,1964090,1963832,258,544258,21.700098481314466,1091130,872702,872702,4,True,True
1193,GEN,DG039,model.8.m.0.cv2.conv,8,20.26291275024414,90,31,30,1963832,1963574,258,544516,21.71038519351379,1091130,872444,872444,4,True,True
1194,GEN,DG004,model.10.m.0.ffn.0.conv,36,20.264366149902344,90,95,94,1963574,1963316,258,544774,21.72067190571311,1091130,872186,872186,4,True,True
1195,GEN,DG004,model.10.m.0.ffn.0.conv,28,20.264535903930664,90,94,93,1963316,1963058,258,545032,21.730958617912435,1091130,871928,871928,4,True,True
1196,GEN,DG004,model.10.m.0.ffn.0.conv,79,20.265968322753906,90,93,92,1963058,1962800,258,545290,21.74124533011176,1091130,871670,871670,4,True,True
1197,GEN,DG039,model.8.m.0.cv2.conv,5,20.266626358032227,90,30,29,1962800,1962542,258,545548,21.75153204231108,1091130,871412,871412,4,True,True
1198,GEN,DG039,model.8.m.0.cv2.conv,19,20.266725540161133,90,29,28,1962542,1962284,258,545806,21.761818754510404,1091130,871154,871154,4,True,True
1199,GEN,DG039,model.8.m.0.cv2.conv,1,20.270828247070312,90,28,27,1962284,1962026,258,546064,21.77210546670973,1091130,870896,870896,4,True,True
1200,GEN,DG030,model.5.conv,6,20.276113510131836,90,17,16,1962026,1961779,247,546311,21.781953598156367,1091130,870649,870649,4,True,True
1201,GEN,DG004,model.10.m.0.ffn.0.conv,91,20.27707290649414,90,92,91,1961779,1961521,258,546569,21.792240310355687,1091130,870391,870391,4,True,True
1202,GEN,DG026,model.22.m.0.1.ffn.0.conv,33,20.282596588134766,90,54,53,1961521,1961263,258,546827,21.80252702255501,1091130,870133,870133,4,True,True
1203,GEN,DG026,model.22.m.0.1.ffn.0.conv,37,20.28466796875,90,53,52,1961263,1961005,258,547085,21.812813734754336,1091130,869875,869875,4,True,True
1204,GEN,DG004,model.10.m.0.ffn.0.conv,87,20.286453247070312,90,91,90,1961005,1960747,258,547343,21.823100446953656,1091130,869617,869617,4,True,True
1205,GEN,DG004,model.10.m.0.ffn.0.conv,20,20.289005279541016,90,90,89,1960747,1960489,258,547601,21.83338715915298,1091130,869359,869359,4,True,True
1206,GEN,DG004,model.10.m.0.ffn.0.conv,77,20.29098892211914,90,89,88,1960489,1960231,258,547859,21.843673871352305,1091130,869101,869101,4,True,True
1207,GEN,DG030,model.5.conv,0,20.29128646850586,90,16,15,1960231,1959984,247,548106,21.853522002798943,1091130,868854,868854,4,True,True
1208,GEN,DG004,model.10.m.0.ffn.0.conv,42,20.291561126708984,90,88,87,1959984,1959726,258,548364,21.863808714998264,1091130,868596,868596,4,True,True
1209,GEN,DG039,model.8.m.0.cv2.conv,1,20.29987335205078,90,27,26,1959726,1959468,258,548622,21.874095427197588,1091130,868338,868338,4,True,True
1210,GEN,DG026,model.22.m.0.1.ffn.0.conv,40,20.30323028564453,90,52,51,1959468,1959210,258,548880,21.884382139396912,1091130,868080,868080,4,True,True
1211,GEN,DG004,model.10.m.0.ffn.0.conv,63,20.319746017456055,90,87,86,1959210,1958952,258,549138,21.894668851596233,1091130,867822,867822,4,True,True
1212,GEN,DG039,model.8.m.0.cv2.conv,11,20.33085823059082,90,26,25,1958952,1958694,258,549396,21.904955563795557,1091130,867564,867564,4,True,True
1213,GEN,DG004,model.10.m.0.ffn.0.conv,82,20.343372344970703,90,86,85,1958694,1958436,258,549654,21.91524227599488,1091130,867306,867306,4,True,True
1214,GEN,DG026,model.22.m.0.1.ffn.0.conv,49,20.351388931274414,90,51,50,1958436,1958178,258,549912,21.925528988194202,1091130,867048,867048,4,True,True
1215,GEN,DG026,model.22.m.0.1.ffn.0.conv,1,20.3516788482666,90,50,49,1958178,1957920,258,550170,21.935815700393526,1091130,866790,866790,4,True,True
1216,GEN,DG004,model.10.m.0.ffn.0.conv,77,20.352022171020508,90,85,84,1957920,1957662,258,550428,21.94610241259285,1091130,866532,866532,4,True,True
1217,GEN,DG004,model.10.m.0.ffn.0.conv,7,20.36013412475586,90,84,83,1957662,1957404,258,550686,21.95638912479217,1091130,866274,866274,4,True,True
1218,GEN,DG004,model.10.m.0.ffn.0.conv,48,20.363948822021484,90,83,82,1957404,1957146,258,550944,21.966675836991495,1091130,866016,866016,4,True,True
1219,GEN,DG031,model.6.cv2.conv,58,20.365766525268555,90,127,126,1957146,1954520,2626,553570,22.071377023950497,1091130,863390,863390,4,True,True
1220,GEN,DG004,model.10.m.0.ffn.0.conv,14,20.370784759521484,90,82,81,1954520,1954262,258,553828,22.08166373614982,1091130,863132,863132,4,True,True
1221,GEN,DG038,model.8.m.0.cv1.conv,27,20.371278762817383,90,37,36,1954262,1951696,2566,556394,22.183972664457816,1091130,860566,860566,4,True,True
1222,GEN,DG004,model.10.m.0.ffn.0.conv,63,20.375938415527344,90,81,80,1951696,1951438,258,556652,22.194259376657136,1091130,860308,860308,4,True,True
1223,GEN,DG004,model.10.m.0.ffn.0.conv,56,20.386863708496094,90,80,79,1951438,1951180,258,556910,22.20454608885646,1091130,860050,860050,4,True,True
1224,GEN,DG004,model.10.m.0.ffn.0.conv,48,20.387710571289062,90,79,78,1951180,1950922,258,557168,22.214832801055785,1091130,859792,859792,4,True,True
1225,GEN,DG004,model.10.m.0.ffn.0.conv,36,20.389249801635742,90,78,77,1950922,1950664,258,557426,22.225119513255105,1091130,859534,859534,4,True,True
1226,GEN,DG004,model.10.m.0.ffn.0.conv,39,20.39177894592285,90,77,76,1950664,1950406,258,557684,22.23540622545443,1091130,859276,859276,4,True,True
1227,GEN,DG004,model.10.m.0.ffn.0.conv,43,20.396644592285156,90,76,75,1950406,1950148,258,557942,22.245692937653754,1091130,859018,859018,4,True,True
1228,GEN,DG004,model.10.m.0.ffn.0.conv,35,20.398681640625,90,75,74,1950148,1949890,258,558200,22.255979649853074,1091130,858760,858760,4,True,True
1229,GEN,DG026,model.22.m.0.1.ffn.0.conv,37,20.399587631225586,90,49,48,1949890,1949632,258,558458,22.2662663620524,1091130,858502,858502,4,True,True
1230,GEN,DG026,model.22.m.0.1.ffn.0.conv,11,20.40169906616211,90,48,47,1949632,1949374,258,558716,22.276553074251723,1091130,858244,858244,4,True,True
1231,GEN,DG026,model.22.m.0.1.ffn.0.conv,1,20.407262802124023,90,47,46,1949374,1949116,258,558974,22.286839786451043,1091130,857986,857986,4,True,True
1232,GEN,DG004,model.10.m.0.ffn.0.conv,11,20.41832160949707,91,74,73,1949116,1948858,258,559232,22.297126498650368,1091130,857728,857728,4,True,True
1233,GEN,DG026,model.22.m.0.1.ffn.0.conv,37,20.42227554321289,91,46,45,1948858,1948600,258,559490,22.307413210849692,1091130,857470,857470,4,True,True
1234,GEN,DG004,model.10.m.0.ffn.0.conv,62,20.42707633972168,91,73,72,1948600,1948342,258,559748,22.317699923049013,1091130,857212,857212,4,True,True
1235,GEN,DG004,model.10.m.0.ffn.0.conv,60,20.432727813720703,91,72,71,1948342,1948084,258,560006,22.327986635248337,1091130,856954,856954,4,True,True
1236,GEN,DG004,model.10.m.0.ffn.0.conv,7,20.438379287719727,92,71,70,1948084,1947826,258,560264,22.33827334744766,1091130,856696,856696,4,True,True
1237,GEN,DG004,model.10.m.0.ffn.0.conv,65,20.441417694091797,92,70,69,1947826,1947568,258,560522,22.34856005964698,1091130,856438,856438,4,True,True
1238,GEN,DG004,model.10.m.0.ffn.0.conv,26,20.4416446685791,92,69,68,1947568,1947310,258,560780,22.358846771846306,1091130,856180,856180,4,True,True
1239,GEN,DG004,model.10.m.0.ffn.0.conv,31,20.442899703979492,92,68,67,1947310,1947052,258,561038,22.36913348404563,1091130,855922,855922,4,True,True
1240,GEN,DG030,model.5.conv,10,20.445329666137695,92,15,14,1947052,1946805,247,561285,22.37898161549227,1091130,855675,855675,4,True,True
1241,GEN,DG038,model.8.m.0.cv1.conv,5,20.44740867614746,92,36,35,1946805,1944239,2566,563851,22.481290543800263,1091130,853109,853109,4,True,True
1242,GEN,DG030,model.5.conv,1,20.447416305541992,92,14,13,1944239,1943992,247,564098,22.4911386752469,1091130,852862,852862,4,True,True
1243,GEN,DG004,model.10.m.0.ffn.0.conv,57,20.453489303588867,92,67,66,1943992,1943734,258,564356,22.501425387446226,1091130,852604,852604,4,True,True
1244,GEN,DG004,model.10.m.0.ffn.0.conv,30,20.454126358032227,92,66,65,1943734,1943476,258,564614,22.511712099645546,1091130,852346,852346,4,True,True
1245,GEN,DG026,model.22.m.0.1.ffn.0.conv,32,20.456321716308594,92,45,44,1943476,1943218,258,564872,22.52199881184487,1091130,852088,852088,4,True,True
1246,GEN,DG004,model.10.m.0.ffn.0.conv,4,20.458791732788086,92,65,64,1943218,1942960,258,565130,22.532285524044195,1091130,851830,851830,4,True,True
1247,GEN,DG004,model.10.m.0.ffn.0.conv,31,20.46310043334961,92,64,63,1942960,1942702,258,565388,22.542572236243515,1091130,851572,851572,4,True,True
1248,GEN,DG038,model.8.m.0.cv1.conv,16,20.46336555480957,92,35,34,1942702,1940136,2566,567954,22.64488116455151,1091130,849006,849006,4,True,True
1249,GEN,DG039,model.8.m.0.cv2.conv,23,20.463516235351562,92,25,24,1940136,1939878,258,568212,22.655167876750834,1091130,848748,848748,4,True,True
1250,GEN,DG038,model.8.m.0.cv1.conv,10,20.464435577392578,92,34,33,1939878,1937312,2566,570778,22.75747680505883,1091130,846182,846182,4,True,True
1251,GEN,DG004,model.10.m.0.ffn.0.conv,52,20.47355079650879,92,63,62,1937312,1937054,258,571036,22.767763517258153,1091130,845924,845924,4,True,True
1252,GEN,DG038,model.8.m.0.cv1.conv,16,20.475196838378906,92,33,32,1937054,1934488,2566,573602,22.870072445566148,1091130,843358,843358,4,True,True
1253,GEN,DG026,model.22.m.0.1.ffn.0.conv,32,20.479103088378906,92,44,43,1934488,1934230,258,573860,22.880359157765472,1091130,843100,843100,4,True,True
1254,GEN,DG039,model.8.m.0.cv2.conv,1,20.479442596435547,92,24,23,1934230,1933972,258,574118,22.890645869964793,1091130,842842,842842,4,True,True
1255,GEN,DG004,model.10.m.0.ffn.0.conv,14,20.48778533935547,92,62,61,1933972,1933714,258,574376,22.900932582164117,1091130,842584,842584,4,True,True
1256,GEN,DG004,model.10.m.0.ffn.0.conv,33,20.490327835083008,92,61,60,1933714,1933456,258,574634,22.91121929436344,1091130,842326,842326,4,True,True
1257,GEN,DG039,model.8.m.0.cv2.conv,13,20.49065399169922,92,23,22,1933456,1933198,258,574892,22.921506006562762,1091130,842068,842068,4,True,True
1258,GEN,DG026,model.22.m.0.1.ffn.0.conv,19,20.493513107299805,92,43,42,1933198,1932940,258,575150,22.931792718762086,1091130,841810,841810,4,True,True
1259,GEN,DG026,model.22.m.0.1.ffn.0.conv,36,20.49470329284668,92,42,41,1932940,1932682,258,575408,22.94207943096141,1091130,841552,841552,4,True,True
1260,GEN,DG004,model.10.m.0.ffn.0.conv,2,20.501813888549805,92,60,59,1932682,1932424,258,575666,22.95236614316073,1091130,841294,841294,4,True,True
1261,GEN,DG026,model.22.m.0.1.ffn.0.conv,30,20.502704620361328,92,41,40,1932424,1932166,258,575924,22.962652855360055,1091130,841036,841036,4,True,True
1262,GEN,DG038,model.8.m.0.cv1.conv,10,20.50475311279297,92,32,31,1932166,1929600,2566,578490,23.06496178366805,1091130,838470,838470,4,True,True
1263,GEN,DG039,model.8.m.0.cv2.conv,7,20.506792068481445,92,22,21,1929600,1929342,258,578748,23.075248495867374,1091130,838212,838212,4,True,True
1264,GEN,DG004,model.10.m.0.ffn.0.conv,58,20.510541915893555,92,59,58,1929342,1929084,258,579006,23.085535208066695,1091130,837954,837954,4,True,True
1265,GEN,DG004,model.10.m.0.ffn.0.conv,55,20.513324737548828,92,58,57,1929084,1928826,258,579264,23.09582192026602,1091130,837696,837696,4,True,True
1266,GEN,DG004,model.10.m.0.ffn.0.conv,26,20.519697189331055,92,57,56,1928826,1928568,258,579522,23.106108632465343,1091130,837438,837438,4,True,True
1267,GEN,DG039,model.8.m.0.cv2.conv,2,20.521686553955078,92,21,20,1928568,1928310,258,579780,23.116395344664664,1091130,837180,837180,4,True,True
1268,GEN,DG004,model.10.m.0.ffn.0.conv,54,20.531177520751953,92,56,55,1928310,1928052,258,580038,23.126682056863988,1091130,836922,836922,4,True,True
1269,GEN,DG038,model.8.m.0.cv1.conv,12,20.531827926635742,92,31,30,1928052,1925486,2566,582604,23.228990985171983,1091130,834356,834356,4,True,True
1270,GEN,DG026,model.22.m.0.1.ffn.0.conv,10,20.53635597229004,92,40,39,1925486,1925228,258,582862,23.239277697371307,1091130,834098,834098,4,True,True
1271,GEN,DG038,model.8.m.0.cv1.conv,7,20.537357330322266,93,30,29,1925228,1922662,2566,585428,23.3415866256793,1091130,831532,831532,4,True,True
1272,GEN,DG026,model.22.m.0.1.ffn.0.conv,12,20.559268951416016,93,39,38,1922662,1922404,258,585686,23.351873337878626,1091130,831274,831274,4,True,True
1273,GEN,DG039,model.8.m.0.cv2.conv,1,20.560007095336914,93,20,19,1922404,1922146,258,585944,23.362160050077946,1091130,831016,831016,4,True,True
1274,GEN,DG004,model.10.m.0.ffn.0.conv,1,20.562904357910156,93,55,54,1922146,1921888,258,586202,23.37244676227727,1091130,830758,830758,4,True,True
1275,GEN,DG026,model.22.m.0.1.ffn.0.conv,8,20.564268112182617,93,38,37,1921888,1921630,258,586460,23.382733474476595,1091130,830500,830500,4,True,True
1276,GEN,DG004,model.10.m.0.ffn.0.conv,45,20.568195343017578,93,54,53,1921630,1921372,258,586718,23.393020186675916,1091130,830242,830242,4,True,True
1277,GEN,DG004,model.10.m.0.ffn.0.conv,8,20.575397491455078,93,53,52,1921372,1921114,258,586976,23.40330689887524,1091130,829984,829984,4,True,True
1278,GEN,DG004,model.10.m.0.ffn.0.conv,21,20.580726623535156,93,52,51,1921114,1920856,258,587234,23.413593611074564,1091130,829726,829726,4,True,True
1279,GEN,DG026,model.22.m.0.1.ffn.0.conv,15,20.584014892578125,93,37,36,1920856,1920598,258,587492,23.423880323273885,1091130,829468,829468,4,True,True
1280,GEN,DG004,model.10.m.0.ffn.0.conv,41,20.59231185913086,93,51,50,1920598,1920340,258,587750,23.43416703547321,1091130,829210,829210,4,True,True
1281,GEN,DG038,model.8.m.0.cv1.conv,10,20.594322204589844,93,29,28,1920340,1917774,2566,590316,23.536475963781204,1091130,826644,826644,4,True,True
1282,GEN,DG038,model.8.m.0.cv1.conv,14,20.608753204345703,93,28,27,1917774,1915208,2566,592882,23.6387848920892,1091130,824078,824078,4,True,True
1283,GEN,DG040,model.8.m.0.m.0.cv1.conv,42,20.282073974609375,90,64,63,1915208,1914720,488,593370,23.658241929117377,1091130,823590,823590,4,True,True
1284,GEN,DG041,model.8.m.0.m.1.cv1.conv,1,20.31658935546875,90,64,63,1914720,1914232,488,593858,23.677698966145552,1091130,823102,823102,4,True,True
1285,GEN,DG038,model.8.m.0.cv1.conv,16,20.61069107055664,93,27,26,1914232,1911702,2530,596388,23.778572539262946,1091130,820572,820572,4,True,True
1286,GEN,DG026,model.22.m.0.1.ffn.0.conv,29,20.613508224487305,93,36,35,1911702,1911444,258,596646,23.788859251462267,1091130,820314,820314,4,True,True
1287,GEN,DG004,model.10.m.0.ffn.0.conv,14,20.61367416381836,93,50,49,1911444,1911186,258,596904,23.79914596366159,1091130,820056,820056,4,True,True
1288,GEN,DG026,model.22.m.0.1.ffn.0.conv,34,20.616748809814453,93,35,34,1911186,1910928,258,597162,23.809432675860915,1091130,819798,819798,4,True,True
1289,GEN,DG026,model.22.m.0.1.ffn.0.conv,24,20.619613647460938,93,34,33,1910928,1910670,258,597420,23.819719388060236,1091130,819540,819540,4,True,True
1290,GEN,DG004,model.10.m.0.ffn.0.conv,41,20.622447967529297,93,49,48,1910670,1910412,258,597678,23.83000610025956,1091130,819282,819282,4,True,True
1291,GEN,DG004,model.10.m.0.ffn.0.conv,34,20.63364028930664,93,48,47,1910412,1910154,258,597936,23.840292812458884,1091130,819024,819024,4,True,True
1292,GEN,DG039,model.8.m.0.cv2.conv,2,20.637451171875,93,19,18,1910154,1909896,258,598194,23.850579524658205,1091130,818766,818766,4,True,True
1293,GEN,DG026,model.22.m.0.1.ffn.0.conv,29,20.639801025390625,93,33,32,1909896,1909638,258,598452,23.86086623685753,1091130,818508,818508,4,True,True
1294,GEN,DG038,model.8.m.0.cv1.conv,6,20.641427993774414,93,26,25,1909638,1907108,2530,600982,23.961739809974922,1091130,815978,815978,4,True,True
1295,GEN,DG041,model.8.m.0.m.1.cv1.conv,5,20.451465606689453,92,63,62,1907108,1906656,452,601434,23.979761491812496,1091130,815526,815526,4,True,True
1296,GEN,DG004,model.10.m.0.ffn.0.conv,4,20.654361724853516,93,47,46,1906656,1906398,258,601692,23.990048204011817,1091130,815268,815268,4,True,True
1297,GEN,DG004,model.10.m.0.ffn.0.conv,42,20.659957885742188,93,46,45,1906398,1906140,258,601950,24.00033491621114,1091130,815010,815010,4,True,True
1298,GEN,DG038,model.8.m.0.cv1.conv,1,20.67343521118164,93,25,24,1906140,1903628,2512,604462,24.10049081173323,1091130,812498,812498,4,True,True
1299,GEN,DG004,model.10.m.0.ffn.0.conv,20,20.689308166503906,94,45,44,1903628,1903370,258,604720,24.110777523932555,1091130,812240,812240,4,True,True
1300,GEN,DG004,model.10.m.0.ffn.0.conv,26,20.697002410888672,94,44,43,1903370,1903112,258,604978,24.12106423613188,1091130,811982,811982,4,True,True
1301,GEN,DG004,model.10.m.0.ffn.0.conv,4,20.70514678955078,94,43,42,1903112,1902854,258,605236,24.1313509483312,1091130,811724,811724,4,True,True
1302,GEN,DG004,model.10.m.0.ffn.0.conv,3,20.706451416015625,94,42,41,1902854,1902596,258,605494,24.141637660530524,1091130,811466,811466,4,True,True
1303,GEN,DG004,model.10.m.0.ffn.0.conv,18,20.70749855041504,94,41,40,1902596,1902338,258,605752,24.151924372729844,1091130,811208,811208,4,True,True
1304,GEN,DG004,model.10.m.0.ffn.0.conv,29,20.713775634765625,94,40,39,1902338,1902080,258,606010,24.16221108492917,1091130,810950,810950,4,True,True
1305,GEN,DG004,model.10.m.0.ffn.0.conv,36,20.723037719726562,95,39,38,1902080,1901822,258,606268,24.172497797128493,1091130,810692,810692,4,True,True
1306,GEN,DG004,model.10.m.0.ffn.0.conv,20,20.725017547607422,95,38,37,1901822,1901564,258,606526,24.182784509327814,1091130,810434,810434,4,True,True
1307,GEN,DG038,model.8.m.0.cv1.conv,19,20.72650146484375,95,24,23,1901564,1899052,2512,609038,24.282940404849906,1091130,807922,807922,4,True,True
1308,GEN,DG004,model.10.m.0.ffn.0.conv,6,20.730361938476562,95,37,36,1899052,1898794,258,609296,24.293227117049227,1091130,807664,807664,4,True,True
1309,GEN,DG038,model.8.m.0.cv1.conv,12,20.730953216552734,95,23,22,1898794,1896282,2512,611808,24.39338301257132,1091130,805152,805152,4,True,True
1310,GEN,DG041,model.8.m.0.m.1.cv1.conv,58,16.53913116455078,71,62,61,1896282,1895884,398,612206,24.40925166162299,1091130,804754,804754,4,True,True
1311,GEN,DG040,model.8.m.0.m.0.cv1.conv,50,20.577381134033203,93,63,62,1895884,1895486,398,612604,24.425120310674657,1091130,804356,804356,4,True,True
1312,GEN,DG038,model.8.m.0.cv1.conv,15,20.734657287597656,95,22,21,1895486,1893010,2476,615080,24.523840851006145,1091130,801880,801880,4,True,True
1313,GEN,DG026,model.22.m.0.1.ffn.0.conv,2,20.73872184753418,95,32,31,1893010,1892752,258,615338,24.534127563205466,1091130,801622,801622,4,True,True
1314,GEN,DG026,model.22.m.0.1.ffn.0.conv,8,20.74378204345703,95,31,30,1892752,1892494,258,615596,24.54441427540479,1091130,801364,801364,4,True,True
1315,GEN,DG039,model.8.m.0.cv2.conv,5,20.744049072265625,95,18,17,1892494,1892236,258,615854,24.554700987604114,1091130,801106,801106,4,True,True
1316,GEN,DG039,model.8.m.0.cv2.conv,11,20.747814178466797,95,17,16,1892236,1891978,258,616112,24.564987699803435,1091130,800848,800848,4,True,True
1317,GEN,DG004,model.10.m.0.ffn.0.conv,19,20.749658584594727,95,36,35,1891978,1891720,258,616370,24.57527441200276,1091130,800590,800590,4,True,True
1318,GEN,DG038,model.8.m.0.cv1.conv,11,20.764083862304688,95,21,20,1891720,1889244,2476,618846,24.673994952334247,1091130,798114,798114,4,True,True
1319,GEN,DG041,model.8.m.0.m.1.cv1.conv,27,19.26144790649414,87,61,60,1889244,1888882,362,619208,24.68842824619531,1091130,797752,797752,4,True,True
1320,GEN,DG040,model.8.m.0.m.0.cv1.conv,44,19.812637329101562,90,62,61,1888882,1888520,362,619570,24.70286154005638,1091130,797390,797390,4,True,True
1321,GEN,DG040,model.8.m.0.m.0.cv1.conv,23,20.480886459350586,92,61,60,1888520,1888158,362,619932,24.717294833917443,1091130,797028,797028,4,True,True
1322,GEN,DG004,model.10.m.0.ffn.0.conv,19,20.77126693725586,95,35,34,1888158,1887900,258,620190,24.727581546116767,1091130,796770,796770,4,True,True
1323,GEN,DG004,model.10.m.0.ffn.0.conv,3,20.774185180664062,95,34,33,1887900,1887642,258,620448,24.737868258316087,1091130,796512,796512,4,True,True
1324,GEN,DG004,model.10.m.0.ffn.0.conv,16,20.785171508789062,95,33,32,1887642,1887384,258,620706,24.74815497051541,1091130,796254,796254,4,True,True
1325,GEN,DG004,model.10.m.0.ffn.0.conv,6,20.786670684814453,95,32,31,1887384,1887126,258,620964,24.758441682714736,1091130,795996,795996,4,True,True
1326,GEN,DG039,model.8.m.0.cv2.conv,13,20.79199981689453,95,16,15,1887126,1886868,258,621222,24.768728394914056,1091130,795738,795738,4,True,True
1327,GEN,DG039,model.8.m.0.cv2.conv,14,20.795303344726562,95,15,14,1886868,1886610,258,621480,24.77901510711338,1091130,795480,795480,4,True,True
1328,GEN,DG004,model.10.m.0.ffn.0.conv,3,20.803436279296875,95,31,30,1886610,1886352,258,621738,24.789301819312705,1091130,795222,795222,4,True,True
1329,GEN,DG004,model.10.m.0.ffn.0.conv,25,20.820398330688477,95,30,29,1886352,1886094,258,621996,24.799588531512025,1091130,794964,794964,4,True,True
1330,GEN,DG038,model.8.m.0.cv1.conv,11,20.820505142211914,95,20,19,1886094,1883672,2422,624418,24.896156039057608,1091130,792542,792542,4,True,True
1331,GEN,DG040,model.8.m.0.m.0.cv1.conv,22,20.10087013244629,90,60,59,1883672,1883328,344,624762,24.909871655323375,1091130,792198,792198,4,True,True
1332,GEN,DG040,model.8.m.0.m.0.cv1.conv,36,20.647096633911133,93,59,58,1883328,1882984,344,625106,24.92358727158914,1091130,791854,791854,4,True,True
1333,GEN,DG040,model.8.m.0.m.0.cv1.conv,24,20.823707580566406,95,58,57,1882984,1882640,344,625450,24.9373028878549,1091130,791510,791510,4,True,True
1334,GEN,DG004,model.10.m.0.ffn.0.conv,10,20.824386596679688,95,29,28,1882640,1882382,258,625708,24.947589600054226,1091130,791252,791252,4,True,True
1335,GEN,DG026,model.22.m.0.1.ffn.0.conv,13,20.825658798217773,95,30,29,1882382,1882124,258,625966,24.957876312253546,1091130,790994,790994,4,True,True
1336,GEN,DG004,model.10.m.0.ffn.0.conv,16,20.833145141601562,95,28,27,1882124,1881866,258,626224,24.96816302445287,1091130,790736,790736,4,True,True
1337,GEN,DG004,model.10.m.0.ffn.0.conv,23,20.841739654541016,95,27,26,1881866,1881608,258,626482,24.978449736652195,1091130,790478,790478,4,True,True
1338,GEN,DG038,model.8.m.0.cv1.conv,4,20.851335525512695,96,19,18,1881608,1879240,2368,628850,25.072864211411872,1091130,788110,788110,4,True,True
1339,GEN,DG040,model.8.m.0.m.0.cv1.conv,53,20.068872451782227,90,57,56,1879240,1878914,326,629176,25.085862150082335,1091130,787784,787784,4,True,True
1340,GEN,DG041,model.8.m.0.m.1.cv1.conv,35,20.148481369018555,90,60,59,1878914,1878588,326,629502,25.098860088752797,1091130,787458,787458,4,True,True
1341,GEN,DG040,model.8.m.0.m.0.cv1.conv,39,20.405567169189453,90,56,55,1878588,1878262,326,629828,25.11185802742326,1091130,787132,787132,4,True,True
1342,GEN,DG041,model.8.m.0.m.1.cv1.conv,26,20.494274139404297,92,59,58,1878262,1877936,326,630154,25.12485596609372,1091130,786806,786806,4,True,True
1343,GEN,DG040,model.8.m.0.m.0.cv1.conv,16,20.564815521240234,93,55,54,1877936,1877610,326,630480,25.13785390476418,1091130,786480,786480,4,True,True
1344,GEN,DG041,model.8.m.0.m.1.cv1.conv,49,20.635536193847656,93,58,57,1877610,1877284,326,630806,25.150851843434644,1091130,786154,786154,4,True,True
1345,GEN,DG041,model.8.m.0.m.1.cv1.conv,28,20.716957092285156,95,57,56,1877284,1876958,326,631132,25.163849782105107,1091130,785828,785828,4,True,True
1346,GEN,DG038,model.8.m.0.cv1.conv,9,20.856464385986328,97,18,17,1876958,1874716,2242,633374,25.253240513697673,1091130,783586,783586,4,True,True
1347,GEN,DG041,model.8.m.0.m.1.cv1.conv,24,19.93553924560547,90,56,55,1874716,1874408,308,633682,25.265520774772835,1091130,783278,783278,4,True,True
1348,GEN,DG040,model.8.m.0.m.0.cv1.conv,30,20.02176284790039,90,54,53,1874408,1874100,308,633990,25.277801035847997,1091130,782970,782970,4,True,True
1349,GEN,DG041,model.8.m.0.m.1.cv1.conv,29,20.057422637939453,90,55,54,1874100,1873792,308,634298,25.290081296923155,1091130,782662,782662,4,True,True
1350,GEN,DG040,model.8.m.0.m.0.cv1.conv,18,20.0870361328125,90,53,52,1873792,1873484,308,634606,25.302361557998317,1091130,782354,782354,4,True,True
1351,GEN,DG041,model.8.m.0.m.1.cv1.conv,38,20.116392135620117,90,54,53,1873484,1873176,308,634914,25.31464181907348,1091130,782046,782046,4,True,True
1352,GEN,DG041,model.8.m.0.m.1.cv1.conv,4,20.19540023803711,90,53,52,1873176,1872868,308,635222,25.326922080148638,1091130,781738,781738,4,True,True
1353,GEN,DG041,model.8.m.0.m.1.cv1.conv,11,20.341888427734375,90,52,51,1872868,1872560,308,635530,25.3392023412238,1091130,781430,781430,4,True,True
1354,GEN,DG041,model.8.m.0.m.1.cv1.conv,40,20.38528823852539,90,51,50,1872560,1872252,308,635838,25.35148260229896,1091130,781122,781122,4,True,True
1355,GEN,DG040,model.8.m.0.m.0.cv1.conv,50,20.492515563964844,92,52,51,1872252,1871944,308,636146,25.36376286337412,1091130,780814,780814,4,True,True
1356,GEN,DG040,model.8.m.0.m.0.cv1.conv,6,20.53965187072754,93,51,50,1871944,1871636,308,636454,25.376043124449282,1091130,780506,780506,4,True,True
1357,GEN,DG041,model.8.m.0.m.1.cv1.conv,6,20.593181610107422,93,50,49,1871636,1871328,308,636762,25.388323385524444,1091130,780198,780198,4,True,True
1358,GEN,DG041,model.8.m.0.m.1.cv1.conv,41,20.685102462768555,94,49,48,1871328,1871020,308,637070,25.400603646599603,1091130,779890,779890,4,True,True
1359,GEN,DG041,model.8.m.0.m.1.cv1.conv,40,20.78661346435547,95,48,47,1871020,1870712,308,637378,25.412883907674765,1091130,779582,779582,4,True,True
1360,GEN,DG041,model.8.m.0.m.1.cv1.conv,43,20.796226501464844,95,47,46,1870712,1870404,308,637686,25.425164168749927,1091130,779274,779274,4,True,True
1361,GEN,DG038,model.8.m.0.cv1.conv,13,20.859596252441406,97,17,16,1870404,1868414,1990,639676,25.50450741400827,1091130,777284,777284,4,True,True
1362,GEN,DG040,model.8.m.0.m.0.cv1.conv,12,19.432588577270508,89,50,49,1868414,1868124,290,639966,25.516069997488128,1091130,776994,776994,4,True,True
1363,GEN,DG040,model.8.m.0.m.0.cv1.conv,27,19.57440948486328,89,49,48,1868124,1867834,290,640256,25.52763258096799,1091130,776704,776704,4,True,True
1364,GEN,DG041,model.8.m.0.m.1.cv1.conv,39,19.654621124267578,90,46,45,1867834,1867544,290,640546,25.539195164447847,1091130,776414,776414,4,True,True
1365,GEN,DG040,model.8.m.0.m.0.cv1.conv,21,19.71856689453125,90,48,47,1867544,1867254,290,640836,25.550757747927705,1091130,776124,776124,4,True,True
1366,GEN,DG041,model.8.m.0.m.1.cv1.conv,33,19.914749145507812,90,45,44,1867254,1866964,290,641126,25.562320331407566,1091130,775834,775834,4,True,True
1367,GEN,DG040,model.8.m.0.m.0.cv1.conv,10,19.921239852905273,90,47,46,1866964,1866674,290,641416,25.573882914887424,1091130,775544,775544,4,True,True
1368,GEN,DG041,model.8.m.0.m.1.cv1.conv,28,19.929691314697266,90,44,43,1866674,1866384,290,641706,25.585445498367285,1091130,775254,775254,4,True,True
1369,GEN,DG040,model.8.m.0.m.0.cv1.conv,31,19.940393447875977,90,46,45,1866384,1866094,290,641996,25.597008081847143,1091130,774964,774964,4,True,True
1370,GEN,DG040,model.8.m.0.m.0.cv1.conv,23,19.95549201965332,90,45,44,1866094,1865804,290,642286,25.608570665327,1091130,774674,774674,4,True,True
1371,GEN,DG040,model.8.m.0.m.0.cv1.conv,28,20.029579162597656,90,44,43,1865804,1865514,290,642576,25.620133248806862,1091130,774384,774384,4,True,True
1372,GEN,DG040,model.8.m.0.m.0.cv1.conv,18,20.031536102294922,90,43,42,1865514,1865224,290,642866,25.63169583228672,1091130,774094,774094,4,True,True
1373,GEN,DG040,model.8.m.0.m.0.cv1.conv,33,20.236719131469727,90,42,41,1865224,1864934,290,643156,25.643258415766578,1091130,773804,773804,4,True,True
1374,GEN,DG041,model.8.m.0.m.1.cv1.conv,29,20.302474975585938,90,43,42,1864934,1864644,290,643446,25.65482099924644,1091130,773514,773514,4,True,True
1375,GEN,DG041,model.8.m.0.m.1.cv1.conv,39,20.31342315673828,90,42,41,1864644,1864354,290,643736,25.666383582726297,1091130,773224,773224,4,True,True
1376,GEN,DG041,model.8.m.0.m.1.cv1.conv,30,20.392471313476562,90,41,40,1864354,1864064,290,644026,25.67794616620616,1091130,772934,772934,4,True,True
1377,GEN,DG041,model.8.m.0.m.1.cv1.conv,4,20.48685073852539,92,40,39,1864064,1863774,290,644316,25.689508749686016,1091130,772644,772644,4,True,True
1378,GEN,DG040,model.8.m.0.m.0.cv1.conv,13,20.550750732421875,93,41,40,1863774,1863484,290,644606,25.701071333165874,1091130,772354,772354,4,True,True
1379,GEN,DG040,model.8.m.0.m.0.cv1.conv,29,20.584035873413086,93,40,39,1863484,1863194,290,644896,25.712633916645736,1091130,772064,772064,4,True,True
1380,GEN,DG040,model.8.m.0.m.0.cv1.conv,22,20.608707427978516,93,39,38,1863194,1862904,290,645186,25.724196500125593,1091130,771774,771774,4,True,True
1381,GEN,DG041,model.8.m.0.m.1.cv1.conv,11,20.61402130126953,93,39,38,1862904,1862614,290,645476,25.73575908360545,1091130,771484,771484,4,True,True
1382,GEN,DG040,model.8.m.0.m.0.cv1.conv,12,20.638721466064453,93,38,37,1862614,1862324,290,645766,25.747321667085313,1091130,771194,771194,4,True,True
1383,GEN,DG041,model.8.m.0.m.1.cv1.conv,37,20.67810821533203,93,38,37,1862324,1862034,290,646056,25.75888425056517,1091130,770904,770904,4,True,True
1384,GEN,DG041,model.8.m.0.m.1.cv1.conv,7,20.746501922607422,95,37,36,1862034,1861744,290,646346,25.770446834045032,1091130,770614,770614,4,True,True
1385,GEN,DG041,model.8.m.0.m.1.cv1.conv,16,20.75518226623535,95,36,35,1861744,1861454,290,646636,25.78200941752489,1091130,770324,770324,4,True,True
1386,GEN,DG040,model.8.m.0.m.0.cv1.conv,11,20.8060302734375,95,37,36,1861454,1861164,290,646926,25.793572001004748,1091130,770034,770034,4,True,True
1387,GEN,DG040,model.8.m.0.m.0.cv1.conv,30,20.8177547454834,95,36,35,1861164,1860874,290,647216,25.80513458448461,1091130,769744,769744,4,True,True
1388,GEN,DG041,model.8.m.0.m.1.cv1.conv,21,20.825178146362305,95,35,34,1860874,1860584,290,647506,25.816697167964467,1091130,769454,769454,4,True,True
1389,GEN,DG040,model.8.m.0.m.0.cv1.conv,19,20.836198806762695,95,35,34,1860584,1860294,290,647796,25.828259751444325,1091130,769164,769164,4,True,True
1390,GEN,DG040,model.8.m.0.m.0.cv1.conv,12,20.842113494873047,96,34,33,1860294,1860004,290,648086,25.839822334924186,1091130,768874,768874,4,True,True
1391,GEN,DG042,model.9.cv1.conv,69,20.859676361083984,97,128,127,1860004,1858722,1282,649368,25.890936928100665,1091130,767592,767592,4,True,True
1392,GEN,DG039,model.8.m.0.cv2.conv,8,20.866127014160156,97,14,13,1858722,1858464,258,649626,25.90122364029999,1091130,767334,767334,4,True,True
1393,GEN,DG040,model.8.m.0.m.0.cv1.conv,8,20.877851486206055,97,33,32,1858464,1858174,290,649916,25.912786223779847,1091130,767044,767044,4,True,True
1394,GEN,DG039,model.8.m.0.cv2.conv,9,20.884279251098633,97,13,12,1858174,1857916,258,650174,25.92307293597917,1091130,766786,766786,4,True,True
1395,GEN,DG039,model.8.m.0.cv2.conv,10,20.88858413696289,97,12,11,1857916,1857658,258,650432,25.933359648178495,1091130,766528,766528,4,True,True
1396,GEN,DG038,model.8.m.0.cv1.conv,15,20.901931762695312,97,16,15,1857658,1856208,1450,651882,25.99117256557779,1091130,765078,765078,4,True,True
1397,GEN,DG040,model.8.m.0.m.0.cv1.conv,17,18.694942474365234,84,32,31,1856208,1855936,272,652154,26.00201747146235,1091130,764806,764806,4,True,True
1398,GEN,DG040,model.8.m.0.m.0.cv1.conv,16,19.013751983642578,85,31,30,1855936,1855664,272,652426,26.012862377346906,1091130,764534,764534,4,True,True
1399,GEN,DG041,model.8.m.0.m.1.cv1.conv,22,19.15749168395996,86,34,33,1855664,1855392,272,652698,26.023707283231463,1091130,764262,764262,4,True,True
1400,GEN,DG040,model.8.m.0.m.0.cv1.conv,25,19.397613525390625,89,30,29,1855392,1855120,272,652970,26.03455218911602,1091130,763990,763990,4,True,True
1401,GEN,DG040,model.8.m.0.m.0.cv1.conv,9,19.431472778320312,89,29,28,1855120,1854848,272,653242,26.045397095000578,1091130,763718,763718,4,True,True
1402,GEN,DG040,model.8.m.0.m.0.cv1.conv,11,19.740360260009766,90,28,27,1854848,1854576,272,653514,26.056242000885135,1091130,763446,763446,4,True,True
1403,GEN,DG041,model.8.m.0.m.1.cv1.conv,0,19.849964141845703,90,33,32,1854576,1854304,272,653786,26.067086906769692,1091130,763174,763174,4,True,True
1404,GEN,DG040,model.8.m.0.m.0.cv1.conv,23,20.02080535888672,90,27,26,1854304,1854032,272,654058,26.07793181265425,1091130,762902,762902,4,True,True
1405,GEN,DG040,model.8.m.0.m.0.cv1.conv,22,20.030065536499023,90,26,25,1854032,1853760,272,654330,26.08877671853881,1091130,762630,762630,4,True,True
1406,GEN,DG040,model.8.m.0.m.0.cv1.conv,24,20.09608268737793,90,25,24,1853760,1853488,272,654602,26.099621624423367,1091130,762358,762358,4,True,True
1407,GEN,DG040,model.8.m.0.m.0.cv1.conv,8,20.130226135253906,90,24,23,1853488,1853216,272,654874,26.110466530307924,1091130,762086,762086,4,True,True
1408,GEN,DG040,model.8.m.0.m.0.cv1.conv,15,20.132694244384766,90,23,22,1853216,1852944,272,655146,26.12131143619248,1091130,761814,761814,4,True,True
1409,GEN,DG041,model.8.m.0.m.1.cv1.conv,5,20.206798553466797,90,32,31,1852944,1852672,272,655418,26.13215634207704,1091130,761542,761542,4,True,True
1410,GEN,DG041,model.8.m.0.m.1.cv1.conv,16,20.28211784362793,90,31,30,1852672,1852400,272,655690,26.143001247961596,1091130,761270,761270,4,True,True
1411,GEN,DG040,model.8.m.0.m.0.cv1.conv,15,20.284761428833008,90,22,21,1852400,1852128,272,655962,26.153846153846153,1091130,760998,760998,4,True,True
1412,GEN,DG041,model.8.m.0.m.1.cv1.conv,28,20.28716278076172,90,30,29,1852128,1851856,272,656234,26.16469105973071,1091130,760726,760726,4,True,True
1413,GEN,DG041,model.8.m.0.m.1.cv1.conv,26,20.44076919555664,92,29,28,1851856,1851584,272,656506,26.175535965615268,1091130,760454,760454,4,True,True
1414,GEN,DG041,model.8.m.0.m.1.cv1.conv,9,20.465394973754883,92,28,27,1851584,1851312,272,656778,26.186380871499825,1091130,760182,760182,4,True,True
1415,GEN,DG040,model.8.m.0.m.0.cv1.conv,1,20.465587615966797,92,21,20,1851312,1851040,272,657050,26.197225777384386,1091130,759910,759910,4,True,True
1416,GEN,DG041,model.8.m.0.m.1.cv1.conv,21,20.5035457611084,92,27,26,1851040,1850768,272,657322,26.208070683268943,1091130,759638,759638,4,True,True
1417,GEN,DG040,model.8.m.0.m.0.cv1.conv,13,20.553054809570312,93,20,19,1850768,1850496,272,657594,26.2189155891535,1091130,759366,759366,4,True,True
1418,GEN,DG040,model.8.m.0.m.0.cv1.conv,5,20.667776107788086,93,19,18,1850496,1850224,272,657866,26.229760495038057,1091130,759094,759094,4,True,True
1419,GEN,DG041,model.8.m.0.m.1.cv1.conv,24,20.830034255981445,95,26,25,1850224,1849952,272,658138,26.240605400922615,1091130,758822,758822,4,True,True
1420,GEN,DG041,model.8.m.0.m.1.cv1.conv,23,20.854801177978516,97,25,24,1849952,1849680,272,658410,26.251450306807172,1091130,758550,758550,4,True,True
1421,GEN,DG039,model.8.m.0.cv2.conv,6,20.907236099243164,97,11,10,1849680,1849422,258,658668,26.261737019006496,1091130,758292,758292,4,True,True
1422,GEN,DG039,model.8.m.0.cv2.conv,8,20.909393310546875,97,10,9,1849422,1849164,258,658926,26.272023731205817,1091130,758034,758034,4,True,True
1423,GEN,DG041,model.8.m.0.m.1.cv1.conv,6,20.9171085357666,97,24,23,1849164,1848892,272,659198,26.282868637090374,1091130,757762,757762,4,True,True
1424,GEN,DG040,model.8.m.0.m.0.cv1.conv,10,20.932758331298828,97,18,17,1848892,1848620,272,659470,26.293713542974935,1091130,757490,757490,4,True,True
1425,GEN,DG039,model.8.m.0.cv2.conv,6,20.945974349975586,97,9,8,1848620,1848362,258,659728,26.304000255174255,1091130,757232,757232,4,True,True
1426,GEN,DG039,model.8.m.0.cv2.conv,3,20.952491760253906,97,8,7,1848362,1848104,258,659986,26.31428696737358,1091130,756974,756974,4,True,True
1427,GEN,DG038,model.8.m.0.cv1.conv,14,20.969547271728516,97,15,14,1848104,1847122,982,660968,26.353440267295035,1091130,755992,755992,4,True,True
1428,GEN,DG041,model.8.m.0.m.1.cv1.conv,17,17.138856887817383,76,23,22,1847122,1846868,254,661222,26.363567495584288,1091130,755738,755738,4,True,True
1429,GEN,DG040,model.8.m.0.m.0.cv1.conv,9,18.824134826660156,85,17,16,1846868,1846614,254,661476,26.373694723873545,1091130,755484,755484,4,True,True
1430,GEN,DG041,model.8.m.0.m.1.cv1.conv,19,18.83251953125,85,22,21,1846614,1846360,254,661730,26.3838219521628,1091130,755230,755230,4,True,True
1431,GEN,DG041,model.8.m.0.m.1.cv1.conv,19,19.294086456298828,88,21,20,1846360,1846106,254,661984,26.393949180452058,1091130,754976,754976,4,True,True
1432,GEN,DG040,model.8.m.0.m.0.cv1.conv,8,19.47888946533203,89,16,15,1846106,1845852,254,662238,26.404076408741314,1091130,754722,754722,4,True,True
1433,GEN,DG041,model.8.m.0.m.1.cv1.conv,5,19.677776336669922,90,20,19,1845852,1845598,254,662492,26.414203637030568,1091130,754468,754468,4,True,True
1434,GEN,DG040,model.8.m.0.m.0.cv1.conv,1,19.822311401367188,90,15,14,1845598,1845344,254,662746,26.424330865319824,1091130,754214,754214,4,True,True
1435,GEN,DG040,model.8.m.0.m.0.cv1.conv,3,19.85877227783203,90,14,13,1845344,1845090,254,663000,26.43445809360908,1091130,753960,753960,4,True,True
1436,GEN,DG040,model.8.m.0.m.0.cv1.conv,8,19.96332550048828,90,13,12,1845090,1844836,254,663254,26.444585321898337,1091130,753706,753706,4,True,True
1437,GEN,DG040,model.8.m.0.m.0.cv1.conv,5,19.98678207397461,90,12,11,1844836,1844582,254,663508,26.454712550187594,1091130,753452,753452,4,True,True
1438,GEN,DG040,model.8.m.0.m.0.cv1.conv,2,19.993284225463867,90,11,10,1844582,1844328,254,663762,26.46483977847685,1091130,753198,753198,4,True,True
1439,GEN,DG040,model.8.m.0.m.0.cv1.conv,7,20.016294479370117,90,10,9,1844328,1844074,254,664016,26.474967006766104,1091130,752944,752944,4,True,True
1440,GEN,DG041,model.8.m.0.m.1.cv1.conv,8,20.045053482055664,90,19,18,1844074,1843820,254,664270,26.48509423505536,1091130,752690,752690,4,True,True
1441,GEN,DG041,model.8.m.0.m.1.cv1.conv,12,20.38375473022461,90,18,17,1843820,1843566,254,664524,26.495221463344617,1091130,752436,752436,4,True,True
1442,GEN,DG040,model.8.m.0.m.0.cv1.conv,1,20.51750946044922,92,9,8,1843566,1843312,254,664778,26.505348691633873,1091130,752182,752182,4,True,True
1443,GEN,DG041,model.8.m.0.m.1.cv1.conv,10,20.53034210205078,92,17,16,1843312,1843058,254,665032,26.51547591992313,1091130,751928,751928,4,True,True
1444,GEN,DG040,model.8.m.0.m.0.cv1.conv,6,20.823596954345703,95,8,7,1843058,1842804,254,665286,26.525603148212383,1091130,751674,751674,4,True,True
1445,GEN,DG041,model.8.m.0.m.1.cv1.conv,10,20.8478946685791,96,16,15,1842804,1842550,254,665540,26.53573037650164,1091130,751420,751420,4,True,True
1446,GEN,DG041,model.8.m.0.m.1.cv1.conv,3,20.888282775878906,97,15,14,1842550,1842296,254,665794,26.545857604790896,1091130,751166,751166,4,True,True
1447,GEN,DG041,model.8.m.0.m.1.cv1.conv,6,20.891016006469727,97,14,13,1842296,1842042,254,666048,26.555984833080153,1091130,750912,750912,4,True,True
1448,GEN,DG038,model.8.m.0.cv1.conv,0,20.969928741455078,97,14,13,1842042,1841420,622,666670,26.580784581095575,1091130,750290,750290,4,True,True
1449,GEN,DG041,model.8.m.0.m.1.cv1.conv,12,19.650177001953125,90,13,12,1841420,1841184,236,666906,26.59019413178953,1091130,750054,750054,4,True,True
1450,GEN,DG041,model.8.m.0.m.1.cv1.conv,10,19.682907104492188,90,12,11,1841184,1840948,236,667142,26.599603682483483,1091130,749818,749818,4,True,True
1451,GEN,DG041,model.8.m.0.m.1.cv1.conv,10,19.987060546875,90,11,10,1840948,1840712,236,667378,26.60901323317744,1091130,749582,749582,4,True,True
1452,GEN,DG041,model.8.m.0.m.1.cv1.conv,8,20.149085998535156,90,10,9,1840712,1840476,236,667614,26.61842278387139,1091130,749346,749346,4,True,True
1453,GEN,DG041,model.8.m.0.m.1.cv1.conv,7,20.249038696289062,90,9,8,1840476,1840240,236,667850,26.627832334565348,1091130,749110,749110,4,True,True
1454,GEN,DG041,model.8.m.0.m.1.cv1.conv,4,20.251842498779297,90,8,7,1840240,1840004,236,668086,26.6372418852593,1091130,748874,748874,4,True,True
1455,GEN,DG038,model.8.m.0.cv1.conv,12,21.077930450439453,98,13,12,1840004,1839490,514,668600,26.657735567702915,1091130,748360,748360,4,True,True
1456,GEN,DG026,model.22.m.0.1.ffn.0.conv,20,21.08197593688965,98,29,28,1839490,1839232,258,668858,26.668022279902235,1091130,748102,748102,4,True,True
1457,GEN,DG038,model.8.m.0.cv1.conv,9,21.098966598510742,99,12,11,1839232,1838718,514,669372,26.68851596234585,1091130,747588,747588,4,True,True
1458,GEN,DG026,model.22.m.0.1.ffn.0.conv,16,21.10904884338379,99,28,27,1838718,1838460,258,669630,26.69880267454517,1091130,747330,747330,4,True,True
1459,GEN,DG038,model.8.m.0.cv1.conv,5,21.122699737548828,99,11,10,1838460,1837946,514,670144,26.719296356988785,1091130,746816,746816,4,True,True
1460,GEN,DG026,model.22.m.0.1.ffn.0.conv,23,21.12969207763672,99,27,26,1837946,1837688,258,670402,26.729583069188106,1091130,746558,746558,4,True,True
1461,GEN,DG038,model.8.m.0.cv1.conv,6,21.142601013183594,99,10,9,1837688,1837174,514,670916,26.75007675163172,1091130,746044,746044,4,True,True
1462,GEN,DG038,model.8.m.0.cv1.conv,4,21.168289184570312,99,9,8,1837174,1836660,514,671430,26.77057043407533,1091130,745530,745530,4,True,True
1463,GEN,DG038,model.8.m.0.cv1.conv,0,21.232208251953125,99,8,7,1836660,1836146,514,671944,26.791064116518946,1091130,745016,745016,4,True,True
1464,GEN,DG031,model.6.cv2.conv,72,22.27719497680664,104,126,125,1836146,1833520,2626,674570,26.895765303477944,1091130,742390,742390,4,True,True
1465,GEN,DG005,model.13.cv2.conv,104,22.63990020751953,104,128,127,1833520,1833134,386,674956,26.911155500799413,1091130,742004,742004,4,True,True
1466,GEN,DG005,model.13.cv2.conv,115,23.747045516967773,117,127,126,1833134,1832748,386,675342,26.92654569812088,1091130,741618,741618,4,True,True
1467,GEN,DG042,model.9.cv1.conv,84,24.25905418395996,118,127,126,1832748,1831466,1282,676624,26.97766029129736,1091130,740336,740336,4,True,True
1468,GEN,DG005,model.13.cv2.conv,61,24.438411712646484,119,126,125,1831466,1831080,386,677010,26.99305048861883,1091130,739950,739950,4,True,True
1469,GEN,DG042,model.9.cv1.conv,91,24.71453857421875,120,126,125,1831080,1829798,1282,678292,27.04416508179531,1091130,738668,738668,4,True,True
1470,GEN,DG031,model.6.cv2.conv,19,24.719039916992188,120,125,124,1829798,1827172,2626,680918,27.14886626875431,1091130,736042,736042,4,True,True
1471,GEN,DG005,model.13.cv2.conv,3,24.741670608520508,120,125,124,1827172,1826786,386,681304,27.164256466075777,1091130,735656,735656,4,True,True
1472,GEN,DG031,model.6.cv2.conv,25,24.92934226989746,121,124,123,1826786,1824160,2626,683930,27.26895765303478,1091130,733030,733030,4,True,True
1473,GEN,DG031,model.6.cv2.conv,13,25.31376075744629,122,123,122,1824160,1821534,2626,686556,27.37365883999378,1091130,730404,730404,4,True,True
1474,GEN,DG031,model.6.cv2.conv,40,25.400907516479492,123,122,121,1821534,1818908,2626,689182,27.47836002695278,1091130,727778,727778,4,True,True
1475,GEN,DG005,model.13.cv2.conv,118,25.794469833374023,128,124,123,1818908,1818522,386,689568,27.493750224274248,1091130,727392,727392,4,True,True
1476,GEN,DG031,model.6.cv2.conv,73,25.919536590576172,128,121,120,1818522,1815896,2626,692194,27.59845141123325,1091130,724766,724766,4,True,True
1477,GEN,DG031,model.6.cv2.conv,52,25.994829177856445,128,120,119,1815896,1813270,2626,694820,27.70315259819225,1091130,722140,722140,4,True,True
1478,GEN,DG031,model.6.cv2.conv,78,26.126605987548828,129,119,118,1813270,1810644,2626,697446,27.807853785151252,1091130,719514,719514,4,True,True
1479,GEN,DG042,model.9.cv1.conv,70,26.636173248291016,129,125,124,1810644,1809362,1282,698728,27.85896837832773,1091130,718232,718232,4,True,True
1480,GEN,DG042,model.9.cv1.conv,30,26.6665096282959,130,124,123,1809362,1808080,1282,700010,27.910082971504213,1091130,716950,716950,4,True,True
1481,GEN,DG031,model.6.cv2.conv,26,26.679765701293945,130,118,117,1808080,1805454,2626,702636,28.014784158463215,1091130,714324,714324,4,True,True
1482,GEN,DG005,model.13.cv2.conv,119,26.776519775390625,130,123,122,1805454,1805068,386,703022,28.03017435578468,1091130,713938,713938,4,True,True
1483,GEN,DG031,model.6.cv2.conv,95,26.779617309570312,130,117,116,1805068,1802442,2626,705648,28.134875542743682,1091130,711312,711312,4,True,True
1484,GEN,DG031,model.6.cv2.conv,29,26.815114974975586,131,116,115,1802442,1799816,2626,708274,28.239576729702684,1091130,708686,708686,4,True,True
1485,GEN,DG031,model.6.cv2.conv,17,26.890899658203125,131,115,114,1799816,1797190,2626,710900,28.34427791666168,1091130,706060,706060,4,True,True
1486,GEN,DG031,model.6.cv2.conv,4,26.937217712402344,132,114,113,1797190,1794564,2626,713526,28.448979103620683,1091130,703434,703434,4,True,True
1487,GEN,DG005,model.13.cv2.conv,67,27.1091251373291,133,122,121,1794564,1794178,386,713912,28.464369300942153,1091130,703048,703048,4,True,True
1488,GEN,DG031,model.6.cv2.conv,98,27.171329498291016,134,113,112,1794178,1791552,2626,716538,28.56907048790115,1091130,700422,700422,4,True,True
1489,GEN,DG031,model.6.cv2.conv,0,27.20021629333496,134,112,111,1791552,1788926,2626,719164,28.673771674860152,1091130,697796,697796,4,True,True
1490,GEN,DG005,model.13.cv2.conv,105,27.48644256591797,136,121,120,1788926,1788540,386,719550,28.68916187218162,1091130,697410,697410,4,True,True
1491,GEN,DG005,model.13.cv2.conv,2,27.4923038482666,136,120,119,1788540,1788154,386,719936,28.704552069503087,1091130,697024,697024,4,True,True
1492,GEN,DG031,model.6.cv2.conv,46,27.628074645996094,138,111,110,1788154,1785528,2626,722562,28.80925325646209,1091130,694398,694398,4,True,True
1493,GEN,DG005,model.13.cv2.conv,59,27.69099235534668,138,119,118,1785528,1785142,386,722948,28.824643453783555,1091130,694012,694012,4,True,True
1494,GEN,DG031,model.6.cv2.conv,45,27.7580509185791,139,110,109,1785142,1782516,2626,725574,28.929344640742556,1091130,691386,691386,4,True,True
1495,GEN,DG031,model.6.cv2.conv,58,27.81601333618164,140,109,108,1782516,1779890,2626,728200,29.034045827701558,1091130,688760,688760,4,True,True
1496,GEN,DG005,model.13.cv2.conv,16,27.9254093170166,140,118,117,1779890,1779504,386,728586,29.049436025023027,1091130,688374,688374,4,True,True
1497,GEN,DG005,model.13.cv2.conv,58,27.9700984954834,140,117,116,1779504,1779118,386,728972,29.064826222344493,1091130,687988,687988,4,True,True
1498,GEN,DG031,model.6.cv2.conv,44,27.999298095703125,140,108,107,1779118,1776492,2626,731598,29.169527409303495,1091130,685362,685362,4,True,True
1499,GEN,DG031,model.6.cv2.conv,6,28.233335494995117,140,107,106,1776492,1773866,2626,734224,29.274228596262496,1091130,682736,682736,4,True,True
1500,GEN,DG031,model.6.cv2.conv,103,28.38561248779297,141,106,105,1773866,1771240,2626,736850,29.378929783221494,1091130,680110,680110,4,True,True
1501,GEN,DG005,model.13.cv2.conv,75,28.400421142578125,141,116,115,1771240,1770854,386,737236,29.394319980542964,1091130,679724,679724,4,True,True
1502,GEN,DG005,model.13.cv2.conv,7,28.431039810180664,141,115,114,1770854,1770468,386,737622,29.40971017786443,1091130,679338,679338,4,True,True
1503,GEN,DG031,model.6.cv2.conv,43,28.447002410888672,141,105,104,1770468,1767842,2626,740248,29.51441136482343,1091130,676712,676712,4,True,True
1504,GEN,DG005,model.13.cv2.conv,95,28.46084976196289,141,114,113,1767842,1767456,386,740634,29.5298015621449,1091130,676326,676326,4,True,True
1505,GEN,DG031,model.6.cv2.conv,77,28.537986755371094,141,104,103,1767456,1764830,2626,743260,29.6345027491039,1091130,673700,673700,4,True,True
1506,GEN,DG031,model.6.cv2.conv,63,28.63956642150879,142,103,102,1764830,1762204,2626,745886,29.7392039360629,1091130,671074,671074,4,True,True
1507,GEN,DG031,model.6.cv2.conv,35,28.695653915405273,142,102,101,1762204,1759578,2626,748512,29.8439051230219,1091130,668448,668448,4,True,True
1508,GEN,DG031,model.6.cv2.conv,31,28.721271514892578,142,101,100,1759578,1756952,2626,751138,29.948606309980903,1091130,665822,665822,4,True,True
1509,GEN,DG031,model.6.cv2.conv,58,28.745868682861328,142,100,99,1756952,1754326,2626,753764,30.0533074969399,1091130,663196,663196,4,True,True
1510,GEN,DG005,model.13.cv2.conv,44,28.809329986572266,146,113,112,1754326,1753940,386,754150,30.06869769426137,1091130,662810,662810,4,True,True
1511,GEN,DG005,model.13.cv2.conv,14,28.81266975402832,146,112,111,1753940,1753554,386,754536,30.084087891582836,1091130,662424,662424,4,True,True
1512,GEN,DG005,model.13.cv2.conv,37,28.87738037109375,147,111,110,1753554,1753168,386,754922,30.099478088904306,1091130,662038,662038,4,True,True
1513,GEN,DG031,model.6.cv2.conv,6,28.913501739501953,148,99,98,1753168,1750542,2626,757548,30.204179275863307,1091130,659412,659412,4,True,True
1514,GEN,DG031,model.6.cv2.conv,22,28.94495964050293,148,98,97,1750542,1747916,2626,760174,30.30888046282231,1091130,656786,656786,4,True,True
1515,GEN,DG005,model.13.cv2.conv,40,28.95750617980957,148,110,109,1747916,1747530,386,760560,30.324270660143775,1091130,656400,656400,4,True,True
1516,GEN,DG005,model.13.cv2.conv,21,28.962644577026367,148,109,108,1747530,1747144,386,760946,30.339660857465244,1091130,656014,656014,4,True,True
1517,GEN,DG031,model.6.cv2.conv,94,28.989788055419922,148,97,96,1747144,1744518,2626,763572,30.444362044424242,1091130,653388,653388,4,True,True
1518,GEN,DG031,model.6.cv2.conv,59,29.046958923339844,148,96,95,1744518,1741892,2626,766198,30.549063231383244,1091130,650762,650762,4,True,True
1519,GEN,DG031,model.6.cv2.conv,61,29.08930015563965,148,95,94,1741892,1739266,2626,768824,30.653764418342245,1091130,648136,648136,4,True,True
1520,GEN,DG005,model.13.cv2.conv,51,29.130260467529297,148,108,107,1739266,1738880,386,769210,30.66915461566371,1091130,647750,647750,4,True,True
1521,GEN,DG005,model.13.cv2.conv,85,29.13559913635254,148,107,106,1738880,1738494,386,769596,30.68454481298518,1091130,647364,647364,4,True,True
1522,GEN,DG005,model.13.cv2.conv,81,29.15056800842285,148,106,105,1738494,1738108,386,769982,30.699935010306646,1091130,646978,646978,4,True,True
1523,GEN,DG005,model.13.cv2.conv,19,29.158109664916992,148,105,104,1738108,1737722,386,770368,30.715325207628116,1091130,646592,646592,4,True,True
1524,GEN,DG005,model.13.cv2.conv,85,29.26326560974121,149,104,103,1737722,1737336,386,770754,30.73071540494958,1091130,646206,646206,4,True,True
1525,GEN,DG031,model.6.cv2.conv,80,29.34552001953125,149,94,93,1737336,1734710,2626,773380,30.835416591908583,1091130,643580,643580,4,True,True
1526,GEN,DG005,model.13.cv2.conv,85,29.351041793823242,149,103,102,1734710,1734324,386,773766,30.850806789230052,1091130,643194,643194,4,True,True
1527,GEN,DG031,model.6.cv2.conv,75,29.399089813232422,150,93,92,1734324,1731698,2626,776392,30.955507976189054,1091130,640568,640568,4,True,True
1528,GEN,DG031,model.6.cv2.conv,90,29.401737213134766,150,92,91,1731698,1729072,2626,779018,31.060209163148052,1091130,637942,637942,4,True,True
1529,GEN,DG005,model.13.cv2.conv,69,29.408363342285156,150,102,101,1729072,1728686,386,779404,31.07559936046952,1091130,637556,637556,4,True,True
1530,GEN,DG031,model.6.cv2.conv,84,29.420381546020508,151,91,90,1728686,1726060,2626,782030,31.180300547428523,1091130,634930,634930,4,True,True
1531,GEN,DG005,model.13.cv2.conv,94,29.46448516845703,151,101,100,1726060,1725674,386,782416,31.19569074474999,1091130,634544,634544,4,True,True
1532,GEN,DG031,model.6.cv2.conv,45,29.4702091217041,151,90,89,1725674,1723048,2626,785042,31.30039193170899,1091130,631918,631918,4,True,True
1533,GEN,DG031,model.6.cv2.conv,54,29.476533889770508,151,89,88,1723048,1720422,2626,787668,31.405093118667992,1091130,629292,629292,4,True,True
1534,GEN,DG005,model.13.cv2.conv,16,29.532848358154297,151,100,99,1720422,1720036,386,788054,31.420483315989458,1091130,628906,628906,4,True,True
1535,GEN,DG031,model.6.cv2.conv,9,29.548267364501953,151,88,87,1720036,1717410,2626,790680,31.52518450294846,1091130,626280,626280,4,True,True
1536,GEN,DG031,model.6.cv2.conv,31,29.55952262878418,151,87,86,1717410,1714784,2626,793306,31.62988568990746,1091130,623654,623654,4,True,True
1537,GEN,DG031,model.6.cv2.conv,53,29.577316284179688,151,86,85,1714784,1712158,2626,795932,31.73458687686646,1091130,621028,621028,4,True,True
1538,GEN,DG005,model.13.cv2.conv,90,29.58087730407715,151,99,98,1712158,1711772,386,796318,31.749977074187928,1091130,620642,620642,4,True,True
1539,GEN,DG031,model.6.cv2.conv,79,29.596420288085938,151,85,84,1711772,1709146,2626,798944,31.85467826114693,1091130,618016,618016,4,True,True
1540,GEN,DG031,model.6.cv2.conv,15,29.5986385345459,151,84,83,1709146,1706520,2626,801570,31.959379448105928,1091130,615390,615390,4,True,True
1541,GEN,DG031,model.6.cv2.conv,75,29.606077194213867,151,83,82,1706520,1703894,2626,804196,32.06408063506493,1091130,612764,612764,4,True,True
1542,GEN,DG005,model.13.cv2.conv,23,29.613027572631836,151,98,97,1703894,1703508,386,804582,32.0794708323864,1091130,612378,612378,4,True,True
1543,GEN,DG005,model.13.cv2.conv,52,29.629182815551758,151,97,96,1703508,1703122,386,804968,32.094861029707864,1091130,611992,611992,4,True,True
1544,GEN,DG031,model.6.cv2.conv,54,29.630760192871094,151,82,81,1703122,1700496,2626,807594,32.19956221666687,1091130,609366,609366,4,True,True
1545,GEN,DG031,model.6.cv2.conv,51,29.635398864746094,151,81,80,1700496,1697870,2626,810220,32.30426340362587,1091130,606740,606740,4,True,True
1546,GEN,DG031,model.6.cv2.conv,50,29.668291091918945,151,80,79,1697870,1695244,2626,812846,32.408964590584866,1091130,604114,604114,4,True,True
1547,GEN,DG005,model.13.cv2.conv,91,29.683141708374023,151,96,95,1695244,1694858,386,813232,32.42435478790634,1091130,603728,603728,4,True,True
1548,GEN,DG005,model.13.cv2.conv,8,29.68630027770996,151,95,94,1694858,1694472,386,813618,32.439744985227804,1091130,603342,603342,4,True,True
1549,GEN,DG005,model.13.cv2.conv,24,29.71651268005371,151,94,93,1694472,1694086,386,814004,32.45513518254927,1091130,602956,602956,4,True,True
1550,GEN,DG031,model.6.cv2.conv,56,29.73577308654785,151,79,78,1694086,1691460,2626,816630,32.55983636950827,1091130,600330,600330,4,True,True
1551,GEN,DG031,model.6.cv2.conv,37,29.7387638092041,151,78,77,1691460,1688834,2626,819256,32.66453755646727,1091130,597704,597704,4,True,True
1552,GEN,DG031,model.6.cv2.conv,55,29.757944107055664,151,77,76,1688834,1686208,2626,821882,32.76923874342627,1091130,595078,595078,4,True,True
1553,GEN,DG005,model.13.cv2.conv,40,29.76435089111328,151,93,92,1686208,1685822,386,822268,32.78462894074774,1091130,594692,594692,4,True,True
1554,GEN,DG031,model.6.cv2.conv,48,29.772014617919922,152,76,75,1685822,1683196,2626,824894,32.88933012770674,1091130,592066,592066,4,True,True
1555,GEN,DG031,model.6.cv2.conv,7,29.783100128173828,154,75,74,1683196,1680570,2626,827520,32.99403131466574,1091130,589440,589440,4,True,True
1556,GEN,DG031,model.6.cv2.conv,26,29.78502655029297,154,74,73,1680570,1677944,2626,830146,33.098732501624745,1091130,586814,586814,4,True,True
1557,GEN,DG031,model.6.cv2.conv,60,29.800813674926758,154,73,72,1677944,1675318,2626,832772,33.20343368858374,1091130,584188,584188,4,True,True
1558,GEN,DG005,model.13.cv2.conv,61,29.812726974487305,154,92,91,1675318,1674932,386,833158,33.21882388590521,1091130,583802,583802,4,True,True
1559,GEN,DG031,model.6.cv2.conv,22,29.843425750732422,154,72,71,1674932,1672306,2626,835784,33.323525072864214,1091130,581176,581176,4,True,True
1560,GEN,DG005,model.13.cv2.conv,16,29.852853775024414,154,91,90,1672306,1671920,386,836170,33.33891527018568,1091130,580790,580790,4,True,True
1561,GEN,DG031,model.6.cv2.conv,48,29.875547409057617,154,71,70,1671920,1669294,2626,838796,33.44361645714468,1091130,578164,578164,4,True,True
1562,GEN,DG031,model.6.cv2.conv,1,29.92412567138672,155,70,69,1669294,1666668,2626,841422,33.54831764410368,1091130,575538,575538,4,True,True
1563,GEN,DG005,model.13.cv2.conv,69,29.935041427612305,156,90,89,1666668,1666282,386,841808,33.56370784142515,1091130,575152,575152,4,True,True
1564,GEN,DG031,model.6.cv2.conv,47,29.94217872619629,156,69,68,1666282,1663656,2626,844434,33.66840902838415,1091130,572526,572526,4,True,True
1565,GEN,DG005,model.13.cv2.conv,50,29.946008682250977,156,89,88,1663656,1663270,386,844820,33.68379922570562,1091130,572140,572140,4,True,True
1566,GEN,DG031,model.6.cv2.conv,30,29.947044372558594,156,68,67,1663270,1660644,2626,847446,33.78850041266462,1091130,569514,569514,4,True,True
1567,GEN,DG005,model.13.cv2.conv,47,29.96263885498047,157,88,87,1660644,1660258,386,847832,33.803890609986084,1091130,569128,569128,4,True,True
1568,GEN,DG031,model.6.cv2.conv,2,30.01397132873535,158,67,66,1660258,1657632,2626,850458,33.90859179694509,1091130,566502,566502,4,True,True
1569,GEN,DG005,model.13.cv2.conv,12,30.020225524902344,158,87,86,1657632,1657246,386,850844,33.923981994266555,1091130,566116,566116,4,True,True
1570,GEN,DG031,model.6.cv2.conv,28,30.044275283813477,158,66,65,1657246,1654620,2626,853470,34.02868318122555,1091130,563490,563490,4,True,True
1571,GEN,DG005,model.13.cv2.conv,46,30.061473846435547,158,86,85,1654620,1654234,386,853856,34.04407337854702,1091130,563104,563104,4,True,True
1572,GEN,DG005,model.13.cv2.conv,14,30.09145736694336,158,85,84,1654234,1653848,386,854242,34.05946357586849,1091130,562718,562718,4,True,True
1573,GEN,DG031,model.6.cv2.conv,14,30.09555435180664,158,65,64,1653848,1651222,2626,856868,34.16416476282749,1091130,560092,560092,4,True,True
1574,GEN,DG031,model.6.cv2.conv,5,30.153947830200195,158,64,63,1651222,1648596,2626,859494,34.26886594978649,1091130,557466,557466,4,True,True
1575,GEN,DG031,model.6.cv2.conv,56,30.172264099121094,158,63,62,1648596,1645970,2626,862120,34.37356713674549,1091130,554840,554840,4,True,True
1576,GEN,DG031,model.6.cv2.conv,3,30.177711486816406,158,62,61,1645970,1643344,2626,864746,34.47826832370449,1091130,552214,552214,4,True,True
1577,GEN,DG005,model.13.cv2.conv,17,30.194618225097656,158,84,83,1643344,1642958,386,865132,34.49365852102596,1091130,551828,551828,4,True,True
1578,GEN,DG031,model.6.cv2.conv,36,30.203752517700195,158,61,60,1642958,1640332,2626,867758,34.59835970798496,1091130,549202,549202,4,True,True
1579,GEN,DG005,model.13.cv2.conv,8,30.20452308654785,158,83,82,1640332,1639946,386,868144,34.61374990530643,1091130,548816,548816,4,True,True
1580,GEN,DG005,model.13.cv2.conv,41,30.21133804321289,158,82,81,1639946,1639560,386,868530,34.62914010262789,1091130,548430,548430,4,True,True
1581,GEN,DG005,model.13.cv2.conv,2,30.234315872192383,158,81,80,1639560,1639174,386,868916,34.644530299949366,1091130,548044,548044,4,True,True
1582,GEN,DG031,model.6.cv2.conv,12,30.238929748535156,158,60,59,1639174,1636548,2626,871542,34.749231486908364,1091130,545418,545418,4,True,True
1583,GEN,DG031,model.6.cv2.conv,14,30.246679306030273,158,59,58,1636548,1633922,2626,874168,34.85393267386736,1091130,542792,542792,4,True,True
1584,GEN,DG005,model.13.cv2.conv,54,30.251052856445312,158,80,79,1633922,1633536,386,874554,34.869322871188835,1091130,542406,542406,4,True,True
1585,GEN,DG031,model.6.cv2.conv,21,30.292482376098633,158,58,57,1633536,1630910,2626,877180,34.97402405814783,1091130,539780,539780,4,True,True
1586,GEN,DG031,model.6.cv2.conv,37,30.2974910736084,158,57,56,1630910,1628284,2626,879806,35.07872524510683,1091130,537154,537154,4,True,True
1587,GEN,DG031,model.6.cv2.conv,28,30.30738067626953,158,56,55,1628284,1625658,2626,882432,35.183426432065836,1091130,534528,534528,4,True,True
1588,GEN,DG031,model.6.cv2.conv,13,30.31753158569336,158,55,54,1625658,1623032,2626,885058,35.288127619024834,1091130,531902,531902,4,True,True
1589,GEN,DG005,model.13.cv2.conv,48,30.34781265258789,158,79,78,1623032,1622646,386,885444,35.3035178163463,1091130,531516,531516,4,True,True
1590,GEN,DG031,model.6.cv2.conv,38,30.34783363342285,158,54,53,1622646,1620020,2626,888070,35.408219003305305,1091130,528890,528890,4,True,True
1591,GEN,DG031,model.6.cv2.conv,30,30.366254806518555,158,53,52,1620020,1617394,2626,890696,35.5129201902643,1091130,526264,526264,4,True,True
1592,GEN,DG031,model.6.cv2.conv,21,30.37708854675293,158,52,51,1617394,1614768,2626,893322,35.61762137722331,1091130,523638,523638,4,True,True
1593,GEN,DG005,model.13.cv2.conv,69,30.37722396850586,158,78,77,1614768,1614382,386,893708,35.633011574544774,1091130,523252,523252,4,True,True
1594,GEN,DG005,model.13.cv2.conv,64,30.38018035888672,158,77,76,1614382,1613996,386,894094,35.64840177186624,1091130,522866,522866,4,True,True
1595,GEN,DG005,model.13.cv2.conv,67,30.406044006347656,158,76,75,1613996,1613610,386,894480,35.663791969187706,1091130,522480,522480,4,True,True
1596,GEN,DG031,model.6.cv2.conv,5,30.410579681396484,158,51,50,1613610,1610984,2626,897106,35.76849315614671,1091130,519854,519854,4,True,True
1597,GEN,DG031,model.6.cv2.conv,30,30.41488265991211,158,50,49,1610984,1608358,2626,899732,35.87319434310571,1091130,517228,517228,4,True,True
1598,GEN,DG005,model.13.cv2.conv,42,30.419862747192383,158,75,74,1608358,1607972,386,900118,35.888584540427175,1091130,516842,516842,4,True,True
1599,GEN,DG031,model.6.cv2.conv,0,30.442224502563477,158,49,48,1607972,1605346,2626,902744,35.99328572738618,1091130,514216,514216,4,True,True
1600,GEN,DG005,model.13.cv2.conv,5,30.44540786743164,158,74,73,1605346,1604960,386,903130,36.008675924707646,1091130,513830,513830,4,True,True
1601,GEN,DG005,model.13.cv2.conv,55,30.462297439575195,159,73,72,1604960,1604574,386,903516,36.02406612202911,1091130,513444,513444,4,True,True
1602,GEN,DG005,model.13.cv2.conv,41,30.473011016845703,159,72,71,1604574,1604188,386,903902,36.039456319350585,1091130,513058,513058,4,True,True
1603,GEN,DG031,model.6.cv2.conv,33,30.488115310668945,159,48,47,1604188,1601562,2626,906528,36.14415750630958,1091130,510432,510432,4,True,True
1604,GEN,DG031,model.6.cv2.conv,15,30.502702713012695,159,47,46,1601562,1598936,2626,909154,36.24885869326858,1091130,507806,507806,4,True,True
1605,GEN,DG005,model.13.cv2.conv,63,30.525753021240234,159,71,70,1598936,1598550,386,909540,36.26424889059005,1091130,507420,507420,4,True,True
1606,GEN,DG005,model.13.cv2.conv,40,30.53437614440918,159,70,69,1598550,1598164,386,909926,36.27963908791152,1091130,507034,507034,4,True,True
1607,GEN,DG005,model.13.cv2.conv,49,30.543025970458984,159,69,68,1598164,1597778,386,910312,36.295029285232985,1091130,506648,506648,4,True,True
1608,GEN,DG005,model.13.cv2.conv,31,30.557945251464844,159,68,67,1597778,1597392,386,910698,36.31041948255445,1091130,506262,506262,4,True,True
1609,GEN,DG005,model.13.cv2.conv,65,30.574378967285156,160,67,66,1597392,1597006,386,911084,36.325809679875924,1091130,505876,505876,4,True,True
1610,GEN,DG031,model.6.cv2.conv,12,30.57821273803711,160,46,45,1597006,1594380,2626,913710,36.43051086683492,1091130,503250,503250,4,True,True
1611,GEN,DG005,model.13.cv2.conv,38,30.59008026123047,160,66,65,1594380,1593994,386,914096,36.44590106415639,1091130,502864,502864,4,True,True
1612,GEN,DG005,model.13.cv2.conv,19,30.595474243164062,160,65,64,1593994,1593608,386,914482,36.46129126147786,1091130,502478,502478,4,True,True
1613,GEN,DG031,model.6.cv2.conv,22,30.60858154296875,160,45,44,1593608,1590982,2626,917108,36.56599244843686,1091130,499852,499852,4,True,True
1614,GEN,DG031,model.6.cv2.conv,11,30.623966217041016,161,44,43,1590982,1588356,2626,919734,36.67069363539586,1091130,497226,497226,4,True,True
1615,GEN,DG031,model.6.cv2.conv,3,30.626497268676758,161,43,42,1588356,1585730,2626,922360,36.77539482235486,1091130,494600,494600,4,True,True
1616,GEN,DG005,model.13.cv2.conv,59,30.63671112060547,161,64,63,1585730,1585344,386,922746,36.79078501967633,1091130,494214,494214,4,True,True
1617,GEN,DG031,model.6.cv2.conv,40,30.65960693359375,161,42,41,1585344,1582718,2626,925372,36.895486206635326,1091130,491588,491588,4,True,True
1618,GEN,DG031,model.6.cv2.conv,40,30.679386138916016,162,41,40,1582718,1580092,2626,927998,37.00018739359433,1091130,488962,488962,4,True,True
1619,GEN,DG031,model.6.cv2.conv,25,30.684274673461914,162,40,39,1580092,1577466,2626,930624,37.10488858055333,1091130,486336,486336,4,True,True
1620,GEN,DG005,model.13.cv2.conv,58,30.6978816986084,162,63,62,1577466,1577080,386,931010,37.120278777874795,1091130,485950,485950,4,True,True
1621,GEN,DG005,model.13.cv2.conv,42,30.728527069091797,162,62,61,1577080,1576694,386,931396,37.13566897519627,1091130,485564,485564,4,True,True
1622,GEN,DG005,model.13.cv2.conv,27,30.729467391967773,162,61,60,1576694,1576308,386,931782,37.15105917251773,1091130,485178,485178,4,True,True
1623,GEN,DG005,model.13.cv2.conv,49,30.733234405517578,162,60,59,1576308,1575922,386,932168,37.1664493698392,1091130,484792,484792,4,True,True
1624,GEN,DG005,model.13.cv2.conv,42,30.74807357788086,162,59,58,1575922,1575536,386,932554,37.181839567160665,1091130,484406,484406,4,True,True
1625,GEN,DG031,model.6.cv2.conv,7,30.761682510375977,162,39,38,1575536,1572910,2626,935180,37.28654075411967,1091130,481780,481780,4,True,True
1626,GEN,DG031,model.6.cv2.conv,29,30.766387939453125,163,38,37,1572910,1570284,2626,937806,37.39124194107867,1091130,479154,479154,4,True,True
1627,GEN,DG005,model.13.cv2.conv,48,30.785964965820312,163,58,57,1570284,1569898,386,938192,37.406632138400134,1091130,478768,478768,4,True,True
1628,GEN,DG031,model.6.cv2.conv,24,30.789335250854492,163,37,36,1569898,1567272,2626,940818,37.51133332535914,1091130,476142,476142,4,True,True
1629,GEN,DG031,model.6.cv2.conv,14,30.796924591064453,163,36,35,1567272,1564646,2626,943444,37.61603451231814,1091130,473516,473516,4,True,True
1630,GEN,DG031,model.6.cv2.conv,21,30.819194793701172,163,35,34,1564646,1562020,2626,946070,37.72073569927714,1091130,470890,470890,4,True,True
1631,GEN,DG036,model.7.conv,118,30.127208709716797,158,256,255,1562020,1561456,564,946634,37.74322293059659,1091130,470326,470326,4,True,True
1632,GEN,DG031,model.6.cv2.conv,32,30.823698043823242,163,34,33,1561456,1558839,2617,949251,37.84756527875794,1091130,467709,467709,4,True,True
1633,GEN,DG036,model.7.conv,71,30.794160842895508,163,255,254,1558839,1558284,555,949806,37.86969367127974,1091130,467154,467154,4,True,True
1634,GEN,DG031,model.6.cv2.conv,22,30.828777313232422,163,33,32,1558284,1555676,2608,952414,37.973677180643435,1091130,464546,464546,4,True,True
1635,GEN,DG036,model.7.conv,60,29.65245819091797,151,254,253,1555676,1555130,546,952960,37.99544673436758,1091130,464000,464000,4,True,True
1636,GEN,DG036,model.7.conv,81,30.308820724487305,158,253,252,1555130,1554584,546,953506,38.01721628809174,1091130,463454,463454,4,True,True
1637,GEN,DG031,model.6.cv2.conv,31,30.83301544189453,163,32,31,1554584,1551994,2590,956096,38.120482119860135,1091130,460864,460864,4,True,True
1638,GEN,DG036,model.7.conv,158,30.742977142333984,162,252,251,1551994,1551457,537,956633,38.14189283478663,1091130,460327,460327,4,True,True
1639,GEN,DG031,model.6.cv2.conv,25,30.83451271057129,163,31,30,1551457,1548876,2581,959214,38.244799827757376,1091130,457746,457746,4,True,True
1640,GEN,DG036,model.7.conv,2,30.427242279052734,158,251,250,1548876,1548348,528,959742,38.26585170388623,1091130,457218,457218,4,True,True
1641,GEN,DG036,model.7.conv,66,30.809255599975586,163,250,249,1548348,1547820,528,960270,38.28690358001507,1091130,456690,456690,4,True,True
1642,GEN,DG005,model.13.cv2.conv,12,30.842866897583008,163,57,56,1547820,1547434,386,960656,38.30229377733654,1091130,456304,456304,4,True,True
1643,GEN,DG005,model.13.cv2.conv,25,30.865703582763672,163,56,55,1547434,1547048,386,961042,38.31768397465801,1091130,455918,455918,4,True,True
1644,GEN,DG031,model.6.cv2.conv,15,30.869098663330078,163,30,29,1547048,1544485,2563,963605,38.41987329003345,1091130,453355,453355,4,True,True
1645,GEN,DG036,model.7.conv,75,29.954517364501953,156,249,248,1544485,1543966,519,964124,38.44056632736465,1091130,452836,452836,4,True,True
1646,GEN,DG036,model.7.conv,102,29.997825622558594,157,248,247,1543966,1543447,519,964643,38.46125936469584,1091130,452317,452317,4,True,True
1647,GEN,DG036,model.7.conv,34,30.589710235595703,160,247,246,1543447,1542928,519,965162,38.48195240202704,1091130,451798,451798,4,True,True
1648,GEN,DG036,model.7.conv,91,30.70196533203125,162,246,245,1542928,1542409,519,965681,38.50264543935824,1091130,451279,451279,4,True,True
1649,GEN,DG005,model.13.cv2.conv,47,30.8747615814209,163,55,54,1542409,1542023,386,966067,38.518035636679706,1091130,450893,450893,4,True,True
1650,GEN,DG005,model.13.cv2.conv,29,30.876266479492188,163,54,53,1542023,1541637,386,966453,38.53342583400117,1091130,450507,450507,4,True,True
1651,GEN,DG005,model.13.cv2.conv,20,30.88249969482422,163,53,52,1541637,1541251,386,966839,38.54881603132264,1091130,450121,450121,4,True,True
1652,GEN,DG005,model.13.cv2.conv,25,30.922460556030273,163,52,51,1541251,1540865,386,967225,38.56420622864411,1091130,449735,449735,4,True,True
1653,GEN,DG005,model.13.cv2.conv,44,30.927021026611328,163,51,50,1540865,1540479,386,967611,38.579596425965576,1091130,449349,449349,4,True,True
1654,GEN,DG005,model.13.cv2.conv,14,30.929471969604492,163,50,49,1540479,1540093,386,967997,38.59498662328704,1091130,448963,448963,4,True,True
1655,GEN,DG031,model.6.cv2.conv,0,30.934213638305664,163,29,28,1540093,1537566,2527,970524,38.69574058347189,1091130,446436,446436,4,True,True
1656,GEN,DG036,model.7.conv,53,28.415771484375,141,245,244,1537566,1537056,510,971034,38.71607478200543,1091130,445926,445926,4,True,True
1657,GEN,DG036,model.7.conv,99,29.784671783447266,154,244,243,1537056,1536546,510,971544,38.736408980538975,1091130,445416,445416,4,True,True
1658,GEN,DG036,model.7.conv,26,30.36453628540039,158,243,242,1536546,1536036,510,972054,38.75674317907252,1091130,444906,444906,4,True,True
1659,GEN,DG036,model.7.conv,69,30.50444984436035,159,242,241,1536036,1535526,510,972564,38.77707737760607,1091130,444396,444396,4,True,True
1660,GEN,DG036,model.7.conv,84,30.77416229248047,163,241,240,1535526,1535016,510,973074,38.79741157613961,1091130,443886,443886,4,True,True
1661,GEN,DG031,model.6.cv2.conv,22,30.93667984008789,163,28,27,1535016,1532534,2482,975556,38.8963713423362,1091130,441404,441404,4,True,True
1662,GEN,DG036,model.7.conv,57,29.849592208862305,154,240,239,1532534,1532033,501,976057,38.9163467020721,1091130,440903,440903,4,True,True
1663,GEN,DG036,model.7.conv,237,30.067596435546875,158,239,238,1532033,1531532,501,976558,38.93632206180799,1091130,440402,440402,4,True,True
1664,GEN,DG036,model.7.conv,3,30.131696701049805,158,238,237,1531532,1531031,501,977059,38.95629742154389,1091130,439901,439901,4,True,True
1665,GEN,DG036,model.7.conv,158,30.1890869140625,158,237,236,1531031,1530530,501,977560,38.97627278127978,1091130,439400,439400,4,True,True
1666,GEN,DG036,model.7.conv,183,30.189311981201172,158,236,235,1530530,1530029,501,978061,38.99624814101567,1091130,438899,438899,4,True,True
1667,GEN,DG036,model.7.conv,75,30.199913024902344,158,235,234,1530029,1529528,501,978562,39.016223500751565,1091130,438398,438398,4,True,True
1668,GEN,DG036,model.7.conv,174,30.23063087463379,158,234,233,1529528,1529027,501,979063,39.03619886048746,1091130,437897,437897,4,True,True
1669,GEN,DG036,model.7.conv,7,30.322851181030273,158,233,232,1529027,1528526,501,979564,39.056174220223355,1091130,437396,437396,4,True,True
1670,GEN,DG036,model.7.conv,36,30.326732635498047,158,232,231,1528526,1528025,501,980065,39.07614957995925,1091130,436895,436895,4,True,True
1671,GEN,DG036,model.7.conv,82,30.419403076171875,158,231,230,1528025,1527524,501,980566,39.096124939695144,1091130,436394,436394,4,True,True
1672,GEN,DG036,model.7.conv,121,30.447235107421875,159,230,229,1527524,1527023,501,981067,39.11610029943104,1091130,435893,435893,4,True,True
1673,GEN,DG036,model.7.conv,198,30.548748016357422,159,229,228,1527023,1526522,501,981568,39.136075659166934,1091130,435392,435392,4,True,True
1674,GEN,DG036,model.7.conv,113,30.808290481567383,163,228,227,1526522,1526021,501,982069,39.15605101890283,1091130,434891,434891,4,True,True
1675,GEN,DG036,model.7.conv,111,30.816158294677734,163,227,226,1526021,1525520,501,982570,39.176026378638724,1091130,434390,434390,4,True,True
1676,GEN,DG005,model.13.cv2.conv,25,30.946121215820312,163,49,48,1525520,1525134,386,982956,39.19141657596019,1091130,434004,434004,4,True,True
1677,GEN,DG005,model.13.cv2.conv,32,30.953351974487305,163,48,47,1525134,1524748,386,983342,39.20680677328166,1091130,433618,433618,4,True,True
1678,GEN,DG031,model.6.cv2.conv,21,30.970470428466797,163,27,26,1524748,1522392,2356,985698,39.300742796311134,1091130,431262,431262,4,True,True
1679,GEN,DG036,model.7.conv,103,28.833751678466797,147,226,225,1522392,1521900,492,986190,39.320359317249384,1091130,430770,430770,4,True,True
1680,GEN,DG036,model.7.conv,149,29.51239776611328,151,225,224,1521900,1521408,492,986682,39.33997583818763,1091130,430278,430278,4,True,True
1681,GEN,DG036,model.7.conv,151,29.729673385620117,151,224,223,1521408,1520916,492,987174,39.35959235912587,1091130,429786,429786,4,True,True
1682,GEN,DG036,model.7.conv,159,29.81999397277832,154,223,222,1520916,1520424,492,987666,39.37920888006411,1091130,429294,429294,4,True,True
1683,GEN,DG036,model.7.conv,29,29.821392059326172,154,222,221,1520424,1519932,492,988158,39.398825401002355,1091130,428802,428802,4,True,True
1684,GEN,DG036,model.7.conv,114,29.923707962036133,155,221,220,1519932,1519440,492,988650,39.4184419219406,1091130,428310,428310,4,True,True
1685,GEN,DG036,model.7.conv,141,30.1837158203125,158,220,219,1519440,1518948,492,989142,39.43805844287884,1091130,427818,427818,4,True,True
1686,GEN,DG036,model.7.conv,184,30.447816848754883,159,219,218,1518948,1518456,492,989634,39.45767496381709,1091130,427326,427326,4,True,True
1687,GEN,DG036,model.7.conv,86,30.480743408203125,159,218,217,1518456,1517964,492,990126,39.477291484755334,1091130,426834,426834,4,True,True
1688,GEN,DG036,model.7.conv,77,30.48184585571289,159,217,216,1517964,1517472,492,990618,39.49690800569358,1091130,426342,426342,4,True,True
1689,GEN,DG036,model.7.conv,98,30.49411392211914,159,216,215,1517472,1516980,492,991110,39.51652452663182,1091130,425850,425850,4,True,True
1690,GEN,DG036,model.7.conv,37,30.511146545410156,159,215,214,1516980,1516488,492,991602,39.53614104757006,1091130,425358,425358,4,True,True
1691,GEN,DG036,model.7.conv,34,30.541715621948242,159,214,213,1516488,1515996,492,992094,39.555757568508305,1091130,424866,424866,4,True,True
1692,GEN,DG036,model.7.conv,211,30.607725143432617,160,213,212,1515996,1515504,492,992586,39.57537408944655,1091130,424374,424374,4,True,True
1693,GEN,DG036,model.7.conv,34,30.612548828125,160,212,211,1515504,1515012,492,993078,39.5949906103848,1091130,423882,423882,4,True,True
1694,GEN,DG036,model.7.conv,10,30.74933624267578,162,211,210,1515012,1514520,492,993570,39.61460713132304,1091130,423390,423390,4,True,True
1695,GEN,DG036,model.7.conv,14,30.79557991027832,163,210,209,1514520,1514028,492,994062,39.634223652261284,1091130,422898,422898,4,True,True
1696,GEN,DG036,model.7.conv,197,30.83182144165039,163,209,208,1514028,1513536,492,994554,39.65384017319953,1091130,422406,422406,4,True,True
1697,GEN,DG036,model.7.conv,190,30.97064971923828,163,208,207,1513536,1513044,492,995046,39.67345669413777,1091130,421914,421914,4,True,True
1698,GEN,DG036,model.7.conv,35,30.97148895263672,163,207,206,1513044,1512552,492,995538,39.69307321507601,1091130,421422,421422,4,True,True
1699,GEN,DG005,model.13.cv2.conv,33,30.97734260559082,163,47,46,1512552,1512166,386,995924,39.708463412397485,1091130,421036,421036,4,True,True
1700,GEN,DG031,model.6.cv2.conv,2,30.977584838867188,163,26,25,1512166,1509990,2176,998100,39.79522265947394,1091130,418860,418860,4,True,True
1701,GEN,DG036,model.7.conv,156,28.343809127807617,141,206,205,1509990,1509507,483,998583,39.814480341614534,1091130,418377,418377,4,True,True
1702,GEN,DG036,model.7.conv,131,29.72258186340332,151,205,204,1509507,1509024,483,999066,39.83373802375513,1091130,417894,417894,4,True,True
1703,GEN,DG036,model.7.conv,202,29.724483489990234,151,204,203,1509024,1508541,483,999549,39.85299570589572,1091130,417411,417411,4,True,True
1704,GEN,DG036,model.7.conv,1,29.959827423095703,157,203,202,1508541,1508058,483,1000032,39.87225338803631,1091130,416928,416928,4,True,True
1705,GEN,DG036,model.7.conv,63,29.98747444152832,157,202,201,1508058,1507575,483,1000515,39.89151107017691,1091130,416445,416445,4,True,True
1706,GEN,DG036,model.7.conv,109,29.992435455322266,157,201,200,1507575,1507092,483,1000998,39.9107687523175,1091130,415962,415962,4,True,True
1707,GEN,DG036,model.7.conv,26,30.035429000854492,158,200,199,1507092,1506609,483,1001481,39.93002643445809,1091130,415479,415479,4,True,True
1708,GEN,DG036,model.7.conv,1,30.079744338989258,158,199,198,1506609,1506126,483,1001964,39.94928411659868,1091130,414996,414996,4,True,True
1709,GEN,DG036,model.7.conv,54,30.157194137573242,158,198,197,1506126,1505643,483,1002447,39.96854179873928,1091130,414513,414513,4,True,True
1710,GEN,DG036,model.7.conv,63,30.249385833740234,158,197,196,1505643,1505160,483,1002930,39.98779948087987,1091130,414030,414030,4,True,True
1711,GEN,DG036,model.7.conv,52,30.29352378845215,158,196,195,1505160,1504677,483,1003413,40.00705716302046,1091130,413547,413547,4,True,True
1712,GEN,DG036,model.7.conv,93,30.310792922973633,158,195,194,1504677,1504194,483,1003896,40.02631484516106,1091130,413064,413064,4,True,True
1713,GEN,DG036,model.7.conv,69,30.421030044555664,158,194,193,1504194,1503711,483,1004379,40.04557252730165,1091130,412581,412581,4,True,True
1714,GEN,DG036,model.7.conv,156,30.424196243286133,158,193,192,1503711,1503228,483,1004862,40.06483020944224,1091130,412098,412098,4,True,True
1715,GEN,DG036,model.7.conv,171,30.424829483032227,158,192,191,1503228,1502745,483,1005345,40.08408789158284,1091130,411615,411615,4,True,True
1716,GEN,DG036,model.7.conv,149,30.594406127929688,160,191,190,1502745,1502262,483,1005828,40.10334557372343,1091130,411132,411132,4,True,True
1717,GEN,DG036,model.7.conv,106,30.614395141601562,160,190,189,1502262,1501779,483,1006311,40.12260325586402,1091130,410649,410649,4,True,True
1718,GEN,DG036,model.7.conv,76,30.64271354675293,161,189,188,1501779,1501296,483,1006794,40.14186093800462,1091130,410166,410166,4,True,True
1719,GEN,DG036,model.7.conv,70,30.681344985961914,162,188,187,1501296,1500813,483,1007277,40.16111862014521,1091130,409683,409683,4,True,True
1720,GEN,DG036,model.7.conv,165,30.68471908569336,162,187,186,1500813,1500330,483,1007760,40.1803763022858,1091130,409200,409200,4,True,True
1721,GEN,DG036,model.7.conv,87,30.74295425415039,162,186,185,1500330,1499847,483,1008243,40.1996339844264,1091130,408717,408717,4,True,True
1722,GEN,DG036,model.7.conv,120,30.781789779663086,163,185,184,1499847,1499364,483,1008726,40.21889166656699,1091130,408234,408234,4,True,True
1723,GEN,DG036,model.7.conv,132,30.80890464782715,163,184,183,1499364,1498881,483,1009209,40.23814934870758,1091130,407751,407751,4,True,True
1724,GEN,DG036,model.7.conv,97,30.8638916015625,163,183,182,1498881,1498398,483,1009692,40.25740703084818,1091130,407268,407268,4,True,True
1725,GEN,DG036,model.7.conv,153,30.912460327148438,163,182,181,1498398,1497915,483,1010175,40.27666471298877,1091130,406785,406785,4,True,True
1726,GEN,DG036,model.7.conv,33,30.928491592407227,163,181,180,1497915,1497432,483,1010658,40.29592239512936,1091130,406302,406302,4,True,True
1727,GEN,DG036,model.7.conv,4,30.961639404296875,163,180,179,1497432,1496949,483,1011141,40.31518007726996,1091130,405819,405819,4,True,True
1728,GEN,DG005,model.13.cv2.conv,34,30.99357032775879,163,46,45,1496949,1496563,386,1011527,40.33057027459142,1091130,405433,405433,4,True,True
1729,GEN,DG031,model.6.cv2.conv,12,30.997873306274414,163,25,24,1496563,1494630,1933,1013460,40.40764087413131,1091130,403500,403500,4,True,True
1730,GEN,DG036,model.7.conv,31,29.132640838623047,148,179,178,1494630,1494156,474,1013934,40.426539717474256,1091130,403026,403026,4,True,True
1731,GEN,DG036,model.7.conv,116,29.146366119384766,148,178,177,1494156,1493682,474,1014408,40.445438560817195,1091130,402552,402552,4,True,True
1732,GEN,DG036,model.7.conv,112,29.14793586730957,148,177,176,1493682,1493208,474,1014882,40.46433740416014,1091130,402078,402078,4,True,True
1733,GEN,DG036,model.7.conv,161,29.22930908203125,149,176,175,1493208,1492734,474,1015356,40.48323624750308,1091130,401604,401604,4,True,True
1734,GEN,DG036,model.7.conv,55,29.557527542114258,151,175,174,1492734,1492260,474,1015830,40.502135090846025,1091130,401130,401130,4,True,True
1735,GEN,DG036,model.7.conv,28,29.57510757446289,151,174,173,1492260,1491786,474,1016304,40.521033934188964,1091130,400656,400656,4,True,True
1736,GEN,DG036,model.7.conv,87,29.61189079284668,151,173,172,1491786,1491312,474,1016778,40.53993277753191,1091130,400182,400182,4,True,True
1737,GEN,DG036,model.7.conv,56,29.828672409057617,154,172,171,1491312,1490838,474,1017252,40.55883162087485,1091130,399708,399708,4,True,True
1738,GEN,DG036,model.7.conv,103,29.901535034179688,154,171,170,1490838,1490364,474,1017726,40.577730464217794,1091130,399234,399234,4,True,True
1739,GEN,DG036,model.7.conv,123,29.984447479248047,157,170,169,1490364,1489890,474,1018200,40.59662930756073,1091130,398760,398760,4,True,True
1740,GEN,DG036,model.7.conv,15,30.167360305786133,158,169,168,1489890,1489416,474,1018674,40.61552815090368,1091130,398286,398286,4,True,True
1741,GEN,DG036,model.7.conv,117,30.3912296295166,158,168,167,1489416,1488942,474,1019148,40.63442699424662,1091130,397812,397812,4,True,True
1742,GEN,DG036,model.7.conv,74,30.393020629882812,158,167,166,1488942,1488468,474,1019622,40.65332583758956,1091130,397338,397338,4,True,True
1743,GEN,DG036,model.7.conv,96,30.437084197998047,158,166,165,1488468,1487994,474,1020096,40.6722246809325,1091130,396864,396864,4,True,True
1744,GEN,DG036,model.7.conv,21,30.501188278198242,159,165,164,1487994,1487520,474,1020570,40.69112352427545,1091130,396390,396390,4,True,True
1745,GEN,DG036,model.7.conv,38,30.51458740234375,159,164,163,1487520,1487046,474,1021044,40.710022367618386,1091130,395916,395916,4,True,True
1746,GEN,DG036,model.7.conv,20,30.548669815063477,159,163,162,1487046,1486572,474,1021518,40.72892121096133,1091130,395442,395442,4,True,True
1747,GEN,DG036,model.7.conv,29,30.549949645996094,159,162,161,1486572,1486098,474,1021992,40.74782005430427,1091130,394968,394968,4,True,True
1748,GEN,DG036,model.7.conv,7,30.574554443359375,160,161,160,1486098,1485624,474,1022466,40.766718897647216,1091130,394494,394494,4,True,True
1749,GEN,DG036,model.7.conv,16,30.61880874633789,160,160,159,1485624,1485150,474,1022940,40.785617740990155,1091130,394020,394020,4,True,True
1750,GEN,DG036,model.7.conv,46,30.653034210205078,161,159,158,1485150,1484676,474,1023414,40.8045165843331,1091130,393546,393546,4,True,True
1751,GEN,DG036,model.7.conv,150,30.664257049560547,161,158,157,1484676,1484202,474,1023888,40.82341542767604,1091130,393072,393072,4,True,True
1752,GEN,DG036,model.7.conv,64,30.669692993164062,162,157,156,1484202,1483728,474,1024362,40.842314271018985,1091130,392598,392598,4,True,True
1753,GEN,DG036,model.7.conv,103,30.7117977142334,162,156,155,1483728,1483254,474,1024836,40.861213114361924,1091130,392124,392124,4,True,True
1754,GEN,DG036,model.7.conv,10,30.72344207763672,162,155,154,1483254,1482780,474,1025310,40.88011195770487,1091130,391650,391650,4,True,True
1755,GEN,DG036,model.7.conv,132,30.736534118652344,162,154,153,1482780,1482306,474,1025784,40.89901080104781,1091130,391176,391176,4,True,True
1756,GEN,DG036,model.7.conv,111,30.737213134765625,162,153,152,1482306,1481832,474,1026258,40.917909644390754,1091130,390702,390702,4,True,True
1757,GEN,DG036,model.7.conv,127,30.742136001586914,162,152,151,1481832,1481358,474,1026732,40.93680848773369,1091130,390228,390228,4,True,True
1758,GEN,DG036,model.7.conv,63,30.761123657226562,162,151,150,1481358,1480884,474,1027206,40.95570733107664,1091130,389754,389754,4,True,True
1759,GEN,DG036,model.7.conv,129,30.77787208557129,163,150,149,1480884,1480410,474,1027680,40.97460617441958,1091130,389280,389280,4,True,True
1760,GEN,DG036,model.7.conv,46,30.805755615234375,163,149,148,1480410,1479936,474,1028154,40.99350501776252,1091130,388806,388806,4,True,True
1761,GEN,DG036,model.7.conv,106,30.839405059814453,163,148,147,1479936,1479462,474,1028628,41.01240386110546,1091130,388332,388332,4,True,True
1762,GEN,DG036,model.7.conv,52,30.842544555664062,163,147,146,1479462,1478988,474,1029102,41.03130270444841,1091130,387858,387858,4,True,True
1763,GEN,DG036,model.7.conv,134,30.85179901123047,163,146,145,1478988,1478514,474,1029576,41.050201547791346,1091130,387384,387384,4,True,True
1764,GEN,DG036,model.7.conv,6,30.9273738861084,163,145,144,1478514,1478040,474,1030050,41.06910039113429,1091130,386910,386910,4,True,True
1765,GEN,DG036,model.7.conv,78,30.955585479736328,163,144,143,1478040,1477566,474,1030524,41.08799923447723,1091130,386436,386436,4,True,True
1766,GEN,DG036,model.7.conv,55,30.959131240844727,163,143,142,1477566,1477092,474,1030998,41.106898077820176,1091130,385962,385962,4,True,True
1767,GEN,DG036,model.7.conv,9,30.986064910888672,163,142,141,1477092,1476618,474,1031472,41.125796921163115,1091130,385488,385488,4,True,True
1768,GEN,DG036,model.7.conv,3,31.0008487701416,163,141,140,1476618,1476144,474,1031946,41.14469576450606,1091130,385014,385014,4,True,True
1769,GEN,DG005,model.13.cv2.conv,13,31.007356643676758,163,45,44,1476144,1475758,386,1032332,41.16008596182753,1091130,384628,384628,4,True,True
1770,GEN,DG005,model.13.cv2.conv,39,31.01264762878418,163,44,43,1475758,1475372,386,1032718,41.17547615914899,1091130,384242,384242,4,True,True
1771,GEN,DG031,model.6.cv2.conv,19,31.014392852783203,163,24,23,1475372,1473790,1582,1034300,41.238552045580505,1091130,382660,382660,4,True,True
1772,GEN,DG036,model.7.conv,124,28.74652862548828,142,140,139,1473790,1473325,465,1034765,41.25709205012579,1091130,382195,382195,4,True,True
1773,GEN,DG036,model.7.conv,69,28.794458389282227,145,139,138,1473325,1472860,465,1035230,41.275632054671085,1091130,381730,381730,4,True,True
1774,GEN,DG036,model.7.conv,54,28.96347427368164,148,138,137,1472860,1472395,465,1035695,41.29417205921638,1091130,381265,381265,4,True,True
1775,GEN,DG036,model.7.conv,5,29.220794677734375,149,137,136,1472395,1471930,465,1036160,41.312712063761666,1091130,380800,380800,4,True,True
1776,GEN,DG036,model.7.conv,78,29.301631927490234,149,136,135,1471930,1471465,465,1036625,41.33125206830696,1091130,380335,380335,4,True,True
1777,GEN,DG036,model.7.conv,90,29.466365814208984,151,135,134,1471465,1471000,465,1037090,41.34979207285225,1091130,379870,379870,4,True,True
1778,GEN,DG036,model.7.conv,18,29.52537727355957,151,134,133,1471000,1470535,465,1037555,41.36833207739754,1091130,379405,379405,4,True,True
1779,GEN,DG036,model.7.conv,65,29.58397674560547,151,133,132,1470535,1470070,465,1038020,41.38687208194283,1091130,378940,378940,4,True,True
1780,GEN,DG036,model.7.conv,9,29.611263275146484,151,132,131,1470070,1469605,465,1038485,41.40541208648813,1091130,378475,378475,4,True,True
1781,GEN,DG036,model.7.conv,104,29.731746673583984,151,131,130,1469605,1469140,465,1038950,41.423952091033414,1091130,378010,378010,4,True,True
1782,GEN,DG036,model.7.conv,0,29.773136138916016,152,130,129,1469140,1468675,465,1039415,41.44249209557871,1091130,377545,377545,4,True,True
1783,GEN,DG036,model.7.conv,128,29.77972412109375,153,129,128,1468675,1468210,465,1039880,41.461032100124,1091130,377080,377080,4,True,True
1784,GEN,DG036,model.7.conv,40,29.80453872680664,154,128,127,1468210,1467745,465,1040345,41.47957210466929,1091130,376615,376615,4,True,True
1785,GEN,DG036,model.7.conv,50,29.90355682373047,154,127,126,1467745,1467280,465,1040810,41.49811210921458,1091130,376150,376150,4,True,True
1786,GEN,DG036,model.7.conv,70,29.971424102783203,157,126,125,1467280,1466815,465,1041275,41.516652113759875,1091130,375685,375685,4,True,True
1787,GEN,DG036,model.7.conv,44,30.018442153930664,158,125,124,1466815,1466350,465,1041740,41.53519211830516,1091130,375220,375220,4,True,True
1788,GEN,DG036,model.7.conv,82,30.087486267089844,158,124,123,1466350,1465885,465,1042205,41.553732122850455,1091130,374755,374755,4,True,True
1789,GEN,DG036,model.7.conv,14,30.0917911529541,158,123,122,1465885,1465420,465,1042670,41.57227212739575,1091130,374290,374290,4,True,True
1790,GEN,DG036,model.7.conv,34,30.095802307128906,158,122,121,1465420,1464955,465,1043135,41.590812131941036,1091130,373825,373825,4,True,True
1791,GEN,DG036,model.7.conv,30,30.109439849853516,158,121,120,1464955,1464490,465,1043600,41.60935213648633,1091130,373360,373360,4,True,True
1792,GEN,DG036,model.7.conv,24,30.135766983032227,158,120,119,1464490,1464025,465,1044065,41.62789214103162,1091130,372895,372895,4,True,True
1793,GEN,DG036,model.7.conv,50,30.167043685913086,158,119,118,1464025,1463560,465,1044530,41.64643214557692,1091130,372430,372430,4,True,True
1794,GEN,DG036,model.7.conv,26,30.197425842285156,158,118,117,1463560,1463095,465,1044995,41.6649721501222,1091130,371965,371965,4,True,True
1795,GEN,DG036,model.7.conv,41,30.23727035522461,158,117,116,1463095,1462630,465,1045460,41.6835121546675,1091130,371500,371500,4,True,True
1796,GEN,DG036,model.7.conv,80,30.28142547607422,158,116,115,1462630,1462165,465,1045925,41.70205215921279,1091130,371035,371035,4,True,True
1797,GEN,DG036,model.7.conv,37,30.282699584960938,158,115,114,1462165,1461700,465,1046390,41.72059216375808,1091130,370570,370570,4,True,True
1798,GEN,DG036,model.7.conv,90,30.296083450317383,158,114,113,1461700,1461235,465,1046855,41.73913216830337,1091130,370105,370105,4,True,True
1799,GEN,DG036,model.7.conv,76,30.40092658996582,158,113,112,1461235,1460770,465,1047320,41.757672172848665,1091130,369640,369640,4,True,True
1800,GEN,DG036,model.7.conv,72,30.430137634277344,158,112,111,1460770,1460305,465,1047785,41.77621217739395,1091130,369175,369175,4,True,True
1801,GEN,DG036,model.7.conv,33,30.451946258544922,159,111,110,1460305,1459840,465,1048250,41.794752181939245,1091130,368710,368710,4,True,True
1802,GEN,DG036,model.7.conv,83,30.532394409179688,159,110,109,1459840,1459375,465,1048715,41.81329218648454,1091130,368245,368245,4,True,True
1803,GEN,DG036,model.7.conv,64,30.547147750854492,159,109,108,1459375,1458910,465,1049180,41.831832191029825,1091130,367780,367780,4,True,True
1804,GEN,DG036,model.7.conv,8,30.61014175415039,160,108,107,1458910,1458445,465,1049645,41.85037219557512,1091130,367315,367315,4,True,True
1805,GEN,DG036,model.7.conv,81,30.62172508239746,161,107,106,1458445,1457980,465,1050110,41.86891220012041,1091130,366850,366850,4,True,True
1806,GEN,DG036,model.7.conv,83,30.635910034179688,161,106,105,1457980,1457515,465,1050575,41.8874522046657,1091130,366385,366385,4,True,True
1807,GEN,DG036,model.7.conv,85,30.66712760925293,162,105,104,1457515,1457050,465,1051040,41.90599220921099,1091130,365920,365920,4,True,True
1808,GEN,DG036,model.7.conv,29,30.669708251953125,162,104,103,1457050,1456585,465,1051505,41.92453221375629,1091130,365455,365455,4,True,True
1809,GEN,DG036,model.7.conv,15,30.692302703857422,162,103,102,1456585,1456120,465,1051970,41.94307221830157,1091130,364990,364990,4,True,True
1810,GEN,DG036,model.7.conv,80,30.722444534301758,162,102,101,1456120,1455655,465,1052435,41.96161222284687,1091130,364525,364525,4,True,True
1811,GEN,DG036,model.7.conv,5,30.795488357543945,163,101,100,1455655,1455190,465,1052900,41.98015222739216,1091130,364060,364060,4,True,True
1812,GEN,DG036,model.7.conv,79,30.865684509277344,163,100,99,1455190,1454725,465,1053365,41.99869223193745,1091130,363595,363595,4,True,True
1813,GEN,DG036,model.7.conv,91,30.876028060913086,163,99,98,1454725,1454260,465,1053830,42.01723223648274,1091130,363130,363130,4,True,True
1814,GEN,DG036,model.7.conv,45,30.897193908691406,163,98,97,1454260,1453795,465,1054295,42.035772241028035,1091130,362665,362665,4,True,True
1815,GEN,DG036,model.7.conv,70,30.90345001220703,163,97,96,1453795,1453330,465,1054760,42.05431224557333,1091130,362200,362200,4,True,True
1816,GEN,DG036,model.7.conv,65,30.912017822265625,163,96,95,1453330,1452865,465,1055225,42.072852250118615,1091130,361735,361735,4,True,True
1817,GEN,DG036,model.7.conv,41,30.913185119628906,163,95,94,1452865,1452400,465,1055690,42.09139225466391,1091130,361270,361270,4,True,True
1818,GEN,DG036,model.7.conv,81,30.91390609741211,163,94,93,1452400,1451935,465,1056155,42.1099322592092,1091130,360805,360805,4,True,True
1819,GEN,DG036,model.7.conv,28,30.916366577148438,163,93,92,1451935,1451470,465,1056620,42.12847226375449,1091130,360340,360340,4,True,True
1820,GEN,DG036,model.7.conv,43,30.924362182617188,163,92,91,1451470,1451005,465,1057085,42.14701226829978,1091130,359875,359875,4,True,True
1821,GEN,DG036,model.7.conv,59,30.92721939086914,163,91,90,1451005,1450540,465,1057550,42.165552272845076,1091130,359410,359410,4,True,True
1822,GEN,DG036,model.7.conv,48,30.979827880859375,163,90,89,1450540,1450075,465,1058015,42.18409227739036,1091130,358945,358945,4,True,True
1823,GEN,DG005,model.13.cv2.conv,0,31.02055549621582,163,43,42,1450075,1449689,386,1058401,42.199482474711836,1091130,358559,358559,4,True,True
1824,GEN,DG036,model.7.conv,27,31.034095764160156,163,89,88,1449689,1449224,465,1058866,42.21802247925712,1091130,358094,358094,4,True,True
1825,GEN,DG005,model.13.cv2.conv,32,31.048023223876953,163,42,41,1449224,1448838,386,1059252,42.23341267657859,1091130,357708,357708,4,True,True
1826,GEN,DG031,model.6.cv2.conv,18,31.06378173828125,163,23,22,1448838,1447724,1114,1060366,42.27782894553226,1091130,356594,356594,4,True,True
1827,GEN,DG036,model.7.conv,16,26.491186141967773,129,88,87,1447724,1447268,456,1060822,42.2960101112799,1091130,356138,356138,4,True,True
1828,GEN,DG036,model.7.conv,61,29.090681076049805,148,87,86,1447268,1446812,456,1061278,42.31419127702754,1091130,355682,355682,4,True,True
1829,GEN,DG036,model.7.conv,26,29.128652572631836,148,86,85,1446812,1446356,456,1061734,42.33237244277518,1091130,355226,355226,4,True,True
1830,GEN,DG036,model.7.conv,60,29.20635223388672,148,85,84,1446356,1445900,456,1062190,42.35055360852282,1091130,354770,354770,4,True,True
1831,GEN,DG036,model.7.conv,36,29.394100189208984,150,84,83,1445900,1445444,456,1062646,42.36873477427046,1091130,354314,354314,4,True,True
1832,GEN,DG036,model.7.conv,39,29.50220489501953,151,83,82,1445444,1444988,456,1063102,42.3869159400181,1091130,353858,353858,4,True,True
1833,GEN,DG036,model.7.conv,2,29.57044219970703,151,82,81,1444988,1444532,456,1063558,42.40509710576574,1091130,353402,353402,4,True,True
1834,GEN,DG036,model.7.conv,28,29.618473052978516,151,81,80,1444532,1444076,456,1064014,42.42327827151338,1091130,352946,352946,4,True,True
1835,GEN,DG036,model.7.conv,8,29.652822494506836,151,80,79,1444076,1443620,456,1064470,42.441459437261024,1091130,352490,352490,4,True,True
1836,GEN,DG036,model.7.conv,59,29.65626335144043,151,79,78,1443620,1443164,456,1064926,42.459640603008665,1091130,352034,352034,4,True,True
1837,GEN,DG036,model.7.conv,1,29.667564392089844,151,78,77,1443164,1442708,456,1065382,42.47782176875631,1091130,351578,351578,4,True,True
1838,GEN,DG036,model.7.conv,69,29.672138214111328,151,77,76,1442708,1442252,456,1065838,42.49600293450395,1091130,351122,351122,4,True,True
1839,GEN,DG036,model.7.conv,56,29.736852645874023,151,76,75,1442252,1441796,456,1066294,42.51418410025158,1091130,350666,350666,4,True,True
1840,GEN,DG036,model.7.conv,27,29.798004150390625,154,75,74,1441796,1441340,456,1066750,42.532365265999225,1091130,350210,350210,4,True,True
1841,GEN,DG036,model.7.conv,48,29.81377410888672,154,74,73,1441340,1440884,456,1067206,42.55054643174687,1091130,349754,349754,4,True,True
1842,GEN,DG036,model.7.conv,45,29.827457427978516,154,73,72,1440884,1440428,456,1067662,42.56872759749451,1091130,349298,349298,4,True,True
1843,GEN,DG036,model.7.conv,56,29.832298278808594,154,72,71,1440428,1439972,456,1068118,42.58690876324215,1091130,348842,348842,4,True,True
1844,GEN,DG036,model.7.conv,20,29.991079330444336,157,71,70,1439972,1439516,456,1068574,42.60508992898979,1091130,348386,348386,4,True,True
1845,GEN,DG036,model.7.conv,0,30.05181884765625,158,70,69,1439516,1439060,456,1069030,42.62327109473743,1091130,347930,347930,4,True,True
1846,GEN,DG036,model.7.conv,58,30.171775817871094,158,69,68,1439060,1438604,456,1069486,42.64145226048507,1091130,347474,347474,4,True,True
1847,GEN,DG036,model.7.conv,49,30.185867309570312,158,68,67,1438604,1438148,456,1069942,42.65963342623271,1091130,347018,347018,4,True,True
1848,GEN,DG036,model.7.conv,57,30.343231201171875,158,67,66,1438148,1437692,456,1070398,42.67781459198035,1091130,346562,346562,4,True,True
1849,GEN,DG036,model.7.conv,47,30.379615783691406,158,66,65,1437692,1437236,456,1070854,42.69599575772799,1091130,346106,346106,4,True,True
1850,GEN,DG036,model.7.conv,23,30.38026237487793,158,65,64,1437236,1436780,456,1071310,42.714176923475634,1091130,345650,345650,4,True,True
1851,GEN,DG036,model.7.conv,13,30.388460159301758,158,64,63,1436780,1436324,456,1071766,42.732358089223275,1091130,345194,345194,4,True,True
1852,GEN,DG036,model.7.conv,35,30.450613021850586,159,63,62,1436324,1435868,456,1072222,42.75053925497092,1091130,344738,344738,4,True,True
1853,GEN,DG036,model.7.conv,45,30.45124626159668,159,62,61,1435868,1435412,456,1072678,42.76872042071855,1091130,344282,344282,4,True,True
1854,GEN,DG036,model.7.conv,27,30.503292083740234,159,61,60,1435412,1434956,456,1073134,42.78690158646619,1091130,343826,343826,4,True,True
1855,GEN,DG036,model.7.conv,5,30.540542602539062,159,60,59,1434956,1434500,456,1073590,42.805082752213835,1091130,343370,343370,4,True,True
1856,GEN,DG036,model.7.conv,47,30.542625427246094,159,59,58,1434500,1434044,456,1074046,42.82326391796148,1091130,342914,342914,4,True,True
1857,GEN,DG036,model.7.conv,43,30.57634162902832,160,58,57,1434044,1433588,456,1074502,42.84144508370912,1091130,342458,342458,4,True,True
1858,GEN,DG036,model.7.conv,30,30.583532333374023,160,57,56,1433588,1433132,456,1074958,42.85962624945676,1091130,342002,342002,4,True,True
1859,GEN,DG036,model.7.conv,38,30.65401840209961,161,56,55,1433132,1432676,456,1075414,42.8778074152044,1091130,341546,341546,4,True,True
1860,GEN,DG036,model.7.conv,2,30.726852416992188,162,55,54,1432676,1432220,456,1075870,42.895988580952036,1091130,341090,341090,4,True,True
1861,GEN,DG036,model.7.conv,17,30.814369201660156,163,54,53,1432220,1431764,456,1076326,42.91416974669968,1091130,340634,340634,4,True,True
1862,GEN,DG036,model.7.conv,15,30.822952270507812,163,53,52,1431764,1431308,456,1076782,42.93235091244732,1091130,340178,340178,4,True,True
1863,GEN,DG036,model.7.conv,0,30.8372802734375,163,52,51,1431308,1430852,456,1077238,42.95053207819496,1091130,339722,339722,4,True,True
1864,GEN,DG036,model.7.conv,45,30.870729446411133,163,51,50,1430852,1430396,456,1077694,42.9687132439426,1091130,339266,339266,4,True,True
1865,GEN,DG036,model.7.conv,10,30.873619079589844,163,50,49,1430396,1429940,456,1078150,42.986894409690244,1091130,338810,338810,4,True,True
1866,GEN,DG036,model.7.conv,9,30.878204345703125,163,49,48,1429940,1429484,456,1078606,43.005075575437886,1091130,338354,338354,4,True,True
1867,GEN,DG036,model.7.conv,9,30.892789840698242,163,48,47,1429484,1429028,456,1079062,43.02325674118553,1091130,337898,337898,4,True,True
1868,GEN,DG005,model.13.cv2.conv,10,31.06696319580078,163,41,40,1429028,1428642,386,1079448,43.03864693850699,1091130,337512,337512,4,True,True
1869,GEN,DG031,model.6.cv2.conv,8,31.076486587524414,163,22,21,1428642,1427897,745,1080193,43.068350816756976,1091130,336767,336767,4,True,True
1870,GEN,DG036,model.7.conv,23,27.83985137939453,140,47,46,1427897,1427450,447,1080640,43.086173143706965,1091130,336320,336320,4,True,True
1871,GEN,DG036,model.7.conv,8,28.875858306884766,147,46,45,1427450,1427003,447,1081087,43.103995470656955,1091130,335873,335873,4,True,True
1872,GEN,DG036,model.7.conv,21,28.954666137695312,148,45,44,1427003,1426556,447,1081534,43.121817797606944,1091130,335426,335426,4,True,True
1873,GEN,DG036,model.7.conv,9,29.473495483398438,151,44,43,1426556,1426109,447,1081981,43.139640124556934,1091130,334979,334979,4,True,True
1874,GEN,DG036,model.7.conv,1,29.533966064453125,151,43,42,1426109,1425662,447,1082428,43.15746245150692,1091130,334532,334532,4,True,True
1875,GEN,DG036,model.7.conv,4,29.55359649658203,151,42,41,1425662,1425215,447,1082875,43.17528477845691,1091130,334085,334085,4,True,True
1876,GEN,DG036,model.7.conv,13,29.723237991333008,151,41,40,1425215,1424768,447,1083322,43.1931071054069,1091130,333638,333638,4,True,True
1877,GEN,DG036,model.7.conv,12,29.731369018554688,151,40,39,1424768,1424321,447,1083769,43.21092943235689,1091130,333191,333191,4,True,True
1878,GEN,DG036,model.7.conv,35,29.75655746459961,151,39,38,1424321,1423874,447,1084216,43.22875175930688,1091130,332744,332744,4,True,True
1879,GEN,DG036,model.7.conv,36,30.00341796875,158,38,37,1423874,1423427,447,1084663,43.24657408625687,1091130,332297,332297,4,True,True
1880,GEN,DG036,model.7.conv,3,30.019271850585938,158,37,36,1423427,1422980,447,1085110,43.26439641320686,1091130,331850,331850,4,True,True
1881,GEN,DG036,model.7.conv,13,30.125770568847656,158,36,35,1422980,1422533,447,1085557,43.28221874015685,1091130,331403,331403,4,True,True
1882,GEN,DG036,model.7.conv,34,30.168664932250977,158,35,34,1422533,1422086,447,1086004,43.30004106710684,1091130,330956,330956,4,True,True
1883,GEN,DG036,model.7.conv,4,30.314359664916992,158,34,33,1422086,1421639,447,1086451,43.31786339405683,1091130,330509,330509,4,True,True
1884,GEN,DG036,model.7.conv,29,30.423717498779297,158,33,32,1421639,1421192,447,1086898,43.33568572100682,1091130,330062,330062,4,True,True
1885,GEN,DG036,model.7.conv,27,30.644550323486328,161,32,31,1421192,1420745,447,1087345,43.353508047956815,1091130,329615,329615,4,True,True
1886,GEN,DG036,model.7.conv,9,30.647703170776367,161,31,30,1420745,1420298,447,1087792,43.371330374906805,1091130,329168,329168,4,True,True
1887,GEN,DG036,model.7.conv,8,30.70261001586914,162,30,29,1420298,1419851,447,1088239,43.389152701856794,1091130,328721,328721,4,True,True
1888,GEN,DG036,model.7.conv,21,30.831787109375,163,29,28,1419851,1419404,447,1088686,43.406975028806784,1091130,328274,328274,4,True,True
1889,GEN,DG036,model.7.conv,25,30.86903190612793,163,28,27,1419404,1418957,447,1089133,43.42479735575677,1091130,327827,327827,4,True,True
1890,GEN,DG036,model.7.conv,8,31.003557205200195,163,27,26,1418957,1418510,447,1089580,43.44261968270676,1091130,327380,327380,4,True,True
1891,GEN,DG031,model.6.cv2.conv,6,31.119041442871094,163,21,20,1418510,1417954,556,1090136,43.46478794620608,1091130,326824,326824,4,True,True
1892,GEN,DG037,model.8.cv2.conv,75,31.121177673339844,163,256,255,1417954,1416695,1259,1091395,43.51498550689967,1091130,325565,325565,4,True,True
1893,GEN,DG031,model.6.cv2.conv,19,31.128067016601562,163,20,19,1416695,1416139,556,1091951,43.53715377039899,1091130,325009,325009,4,True,True
1894,GEN,DG005,model.13.cv2.conv,10,31.179542541503906,165,40,39,1416139,1415753,386,1092337,43.55254396772045,1091130,324623,324623,4,True,True
1895,GEN,DG031,model.6.cv2.conv,13,31.226539611816406,166,19,18,1415753,1415197,556,1092893,43.57471223121977,1091130,324067,324067,4,True,True
1896,GEN,DG005,model.13.cv2.conv,28,31.230003356933594,166,39,38,1415197,1414811,386,1093279,43.59010242854124,1091130,323681,323681,4,True,True
1897,GEN,DG005,model.13.cv2.conv,14,31.232603073120117,166,38,37,1414811,1414425,386,1093665,43.60549262586271,1091130,323295,323295,4,True,True
1898,GEN,DG031,model.6.cv2.conv,6,31.235843658447266,166,18,17,1414425,1413869,556,1094221,43.627660889362026,1091130,322739,322739,4,True,True
1899,GEN,DG005,model.13.cv2.conv,34,31.260986328125,166,37,36,1413869,1413483,386,1094607,43.64305108668349,1091130,322353,322353,4,True,True
1900,GEN,DG031,model.6.cv2.conv,15,31.29768180847168,166,17,16,1413483,1412927,556,1095163,43.66521935018281,1091130,321797,321797,4,True,True
1901,GEN,DG031,model.6.cv2.conv,3,31.332073211669922,166,16,15,1412927,1412371,556,1095719,43.68738761368213,1091130,321241,321241,4,True,True
1902,GEN,DG031,model.6.cv2.conv,10,31.33948516845703,166,15,14,1412371,1411815,556,1096275,43.709555877181444,1091130,320685,320685,4,True,True
1903,GEN,DG031,model.6.cv2.conv,2,31.34284019470215,166,14,13,1411815,1411259,556,1096831,43.731724140680754,1091130,320129,320129,4,True,True
1904,GEN,DG005,model.13.cv2.conv,21,31.34601593017578,166,36,35,1411259,1410873,386,1097217,43.74711433800223,1091130,319743,319743,4,True,True
1905,GEN,DG005,model.13.cv2.conv,18,31.379289627075195,167,35,34,1410873,1410487,386,1097603,43.76250453532369,1091130,319357,319357,4,True,True
1906,GEN,DG005,model.13.cv2.conv,32,31.388011932373047,167,34,33,1410487,1410101,386,1097989,43.77789473264516,1091130,318971,318971,4,True,True
1907,GEN,DG005,model.13.cv2.conv,11,31.394771575927734,167,33,32,1410101,1409715,386,1098375,43.793284929966624,1091130,318585,318585,4,True,True
1908,GEN,DG003,model.10.cv2.conv,55,31.3978271484375,167,256,255,1409715,1409073,642,1099017,43.81888209753239,1091130,317943,317943,4,True,True
1909,GEN,DG005,model.13.cv2.conv,27,31.411144256591797,167,32,31,1409073,1408687,386,1099403,43.834272294853854,1091130,317557,317557,4,True,True
1910,GEN,DG005,model.13.cv2.conv,24,31.42892074584961,167,31,30,1408687,1408301,386,1099789,43.84966249217532,1091130,317171,317171,4,True,True
1911,GEN,DG005,model.13.cv2.conv,8,31.44639015197754,167,30,29,1408301,1407915,386,1100175,43.865052689496785,1091130,316785,316785,4,True,True
1912,GEN,DG005,model.13.cv2.conv,25,31.450382232666016,167,29,28,1407915,1407529,386,1100561,43.88044288681826,1091130,316399,316399,4,True,True
1913,GEN,DG005,model.13.cv2.conv,17,31.5146541595459,168,28,27,1407529,1407143,386,1100947,43.895833084139724,1091130,316013,316013,4,True,True
1914,GEN,DG005,model.13.cv2.conv,24,31.52140235900879,168,27,26,1407143,1406757,386,1101333,43.91122328146119,1091130,315627,315627,4,True,True
1915,GEN,DG005,model.13.cv2.conv,16,31.580190658569336,171,26,25,1406757,1406371,386,1101719,43.926613478782656,1091130,315241,315241,4,True,True
1916,GEN,DG005,model.13.cv2.conv,14,31.5922794342041,171,25,24,1406371,1405985,386,1102105,43.94200367610413,1091130,314855,314855,4,True,True
1917,GEN,DG005,model.13.cv2.conv,5,31.60114860534668,171,24,23,1405985,1405599,386,1102491,43.957393873425595,1091130,314469,314469,4,True,True
1918,GEN,DG005,model.13.cv2.conv,16,31.62268829345703,171,23,22,1405599,1405213,386,1102877,43.97278407074706,1091130,314083,314083,4,True,True
1919,GEN,DG005,model.13.cv2.conv,0,31.634944915771484,171,22,21,1405213,1404827,386,1103263,43.98817426806853,1091130,313697,313697,4,True,True
1920,GEN,DG005,model.13.cv2.conv,15,31.703067779541016,171,21,20,1404827,1404441,386,1103649,44.00356446539,1091130,313311,313311,4,True,True
1921,GEN,DG005,model.13.cv2.conv,19,31.740924835205078,171,20,19,1404441,1404055,386,1104035,44.018954662711465,1091130,312925,312925,4,True,True
1922,GEN,DG005,model.13.cv2.conv,0,31.838886260986328,172,19,18,1404055,1403669,386,1104421,44.03434486003293,1091130,312539,312539,4,True,True
1923,GEN,DG005,model.13.cv2.conv,1,31.86762809753418,173,18,17,1403669,1403283,386,1104807,44.049735057354404,1091130,312153,312153,4,True,True
1924,GEN,DG005,model.13.cv2.conv,14,31.916187286376953,173,17,16,1403283,1402897,386,1105193,44.06512525467587,1091130,311767,311767,4,True,True
1925,GEN,DG005,model.13.cv2.conv,2,31.96538543701172,173,16,15,1402897,1402511,386,1105579,44.080515451997336,1091130,311381,311381,4,True,True
1926,GEN,DG005,model.13.cv2.conv,7,32.069061279296875,174,15,14,1402511,1402125,386,1105965,44.0959056493188,1091130,310995,310995,4,True,True
1927,GEN,DG005,model.13.cv2.conv,5,32.127235412597656,175,14,13,1402125,1401739,386,1106351,44.111295846640274,1091130,310609,310609,4,True,True
1928,GEN,DG042,model.9.cv1.conv,64,32.837440490722656,183,123,122,1401739,1400462,1277,1107628,44.16221108492917,1091130,309332,309332,4,True,True
1929,GEN,DG003,model.10.cv2.conv,219,35.44266128540039,202,255,254,1400462,1399820,642,1108270,44.187808252494925,1091130,308690,308690,4,True,True
1930,GEN,DG037,model.8.cv2.conv,137,35.53693389892578,202,255,254,1399820,1398566,1254,1109524,44.23780645830094,1091130,307436,307436,4,True,True
1931,GEN,DG037,model.8.cv2.conv,55,36.067264556884766,203,254,253,1398566,1397312,1254,1110778,44.28780466410695,1091130,306182,306182,4,True,True
1932,GEN,DG042,model.9.cv1.conv,121,36.057762145996094,203,122,121,1397312,1396045,1267,1112045,44.33832119262068,1091130,304915,304915,4,True,True
1933,GEN,DG003,model.10.cv2.conv,212,36.26161575317383,203,254,253,1396045,1395403,642,1112687,44.36391836018644,1091130,304273,304273,4,True,True
1934,GEN,DG003,model.10.cv2.conv,49,36.270687103271484,203,253,252,1395403,1394761,642,1113329,44.389515527752195,1091130,303631,303631,4,True,True
1935,GEN,DG042,model.9.cv1.conv,27,36.71852111816406,203,121,120,1394761,1393494,1267,1114596,44.44003205626592,1091130,302364,302364,4,True,True
1936,GEN,DG003,model.10.cv2.conv,3,36.7402229309082,203,252,251,1393494,1392852,642,1115238,44.465629223831684,1091130,301722,301722,4,True,True
1937,GEN,DG042,model.9.cv1.conv,107,37.24505615234375,203,120,119,1392852,1391585,1267,1116505,44.51614575234541,1091130,300455,300455,4,True,True
1938,GEN,DG042,model.9.cv1.conv,103,37.24608612060547,203,119,118,1391585,1390318,1267,1117772,44.56666228085914,1091130,299188,299188,4,True,True
1939,GEN,DG042,model.9.cv1.conv,76,37.34430694580078,203,118,117,1390318,1389051,1267,1119039,44.61717880937287,1091130,297921,297921,4,True,True
1940,GEN,DG042,model.9.cv1.conv,28,37.415443420410156,203,117,116,1389051,1387784,1267,1120306,44.6676953378866,1091130,296654,296654,4,True,True
1941,GEN,DG003,model.10.cv2.conv,63,37.493011474609375,203,251,250,1387784,1387142,642,1120948,44.693292505452355,1091130,296012,296012,4,True,True
1942,GEN,DG029,model.4.m.0.cv1.conv,12,37.530704498291016,203,16,15,1387142,1386564,578,1121526,44.716337930457044,1091130,295434,295434,4,True,True
1943,GEN,DG042,model.9.cv1.conv,76,37.55810546875,203,116,115,1386564,1385297,1267,1122793,44.76685445897077,1091130,294167,294167,4,True,True
1944,GEN,DG042,model.9.cv1.conv,4,37.85110092163086,203,115,114,1385297,1384030,1267,1124060,44.8173709874845,1091130,292900,292900,4,True,True
1945,GEN,DG042,model.9.cv1.conv,6,38.03470230102539,203,114,113,1384030,1382763,1267,1125327,44.86788751599823,1091130,291633,291633,4,True,True
1946,GEN,DG042,model.9.cv1.conv,109,38.062950134277344,203,113,112,1382763,1381496,1267,1126594,44.91840404451196,1091130,290366,290366,4,True,True
1947,GEN,DG003,model.10.cv2.conv,218,38.13838195800781,204,250,249,1381496,1380854,642,1127236,44.944001212077715,1091130,289724,289724,4,True,True
1948,GEN,DG003,model.10.cv2.conv,247,38.20823669433594,204,249,248,1380854,1380212,642,1127878,44.96959837964347,1091130,289082,289082,4,True,True
1949,GEN,DG042,model.9.cv1.conv,88,38.26519775390625,204,112,111,1380212,1378945,1267,1129145,45.020114908157204,1091130,287815,287815,4,True,True
1950,GEN,DG003,model.10.cv2.conv,135,38.26731491088867,204,248,247,1378945,1378303,642,1129787,45.04571207572296,1091130,287173,287173,4,True,True
1951,GEN,DG042,model.9.cv1.conv,21,38.28620147705078,204,111,110,1378303,1377036,1267,1131054,45.09622860423669,1091130,285906,285906,4,True,True
1952,GEN,DG042,model.9.cv1.conv,12,38.28670883178711,204,110,109,1377036,1375769,1267,1132321,45.14674513275042,1091130,284639,284639,4,True,True
1953,GEN,DG003,model.10.cv2.conv,57,38.30973815917969,204,247,246,1375769,1375127,642,1132963,45.172342300316174,1091130,283997,283997,4,True,True
1954,GEN,DG042,model.9.cv1.conv,42,38.33684539794922,204,109,108,1375127,1373860,1267,1134230,45.22285882882991,1091130,282730,282730,4,True,True
1955,GEN,DG037,model.8.cv2.conv,138,38.38238525390625,204,253,252,1373860,1372676,1184,1135414,45.27006606620974,1091130,281546,281546,4,True,True
1956,GEN,DG042,model.9.cv1.conv,26,38.028865814208984,203,108,107,1372676,1371414,1262,1136676,45.32038323983589,1091130,280284,280284,4,True,True
1957,GEN,DG042,model.9.cv1.conv,50,38.15727996826172,204,107,106,1371414,1370152,1262,1137938,45.37070041346204,1091130,279022,279022,4,True,True
1958,GEN,DG042,model.9.cv1.conv,94,38.20751953125,204,106,105,1370152,1368890,1262,1139200,45.42101758708818,1091130,277760,277760,4,True,True
1959,GEN,DG042,model.9.cv1.conv,82,38.31083679199219,204,105,104,1368890,1367628,1262,1140462,45.47133476071433,1091130,276498,276498,4,True,True
1960,GEN,DG042,model.9.cv1.conv,31,38.41297912597656,204,104,103,1367628,1366366,1262,1141724,45.521651934340476,1091130,275236,275236,4,True,True
1961,GEN,DG042,model.9.cv1.conv,100,38.41371154785156,204,103,102,1366366,1365104,1262,1142986,45.57196910796662,1091130,273974,273974,4,True,True
1962,GEN,DG003,model.10.cv2.conv,170,38.45425033569336,204,246,245,1365104,1364462,642,1143628,45.59756627553238,1091130,273332,273332,4,True,True
1963,GEN,DG003,model.10.cv2.conv,66,38.46748352050781,204,245,244,1364462,1363820,642,1144270,45.623163443098136,1091130,272690,272690,4,True,True
1964,GEN,DG042,model.9.cv1.conv,84,38.49922180175781,204,102,101,1363820,1362558,1262,1145532,45.673480616724284,1091130,271428,271428,4,True,True
1965,GEN,DG042,model.9.cv1.conv,38,38.506492614746094,204,101,100,1362558,1361296,1262,1146794,45.723797790350424,1091130,270166,270166,4,True,True
1966,GEN,DG042,model.9.cv1.conv,37,38.51382064819336,204,100,99,1361296,1360034,1262,1148056,45.77411496397657,1091130,268904,268904,4,True,True
1967,GEN,DG003,model.10.cv2.conv,159,38.56291961669922,204,244,243,1360034,1359392,642,1148698,45.79971213154233,1091130,268262,268262,4,True,True
1968,GEN,DG003,model.10.cv2.conv,200,38.63993835449219,204,243,242,1359392,1358750,642,1149340,45.825309299108085,1091130,267620,267620,4,True,True
1969,GEN,DG042,model.9.cv1.conv,5,38.65131378173828,204,99,98,1358750,1357488,1262,1150602,45.87562647273423,1091130,266358,266358,4,True,True
1970,GEN,DG003,model.10.cv2.conv,125,38.669944763183594,204,242,241,1357488,1356846,642,1151244,45.90122364029999,1091130,265716,265716,4,True,True
1971,GEN,DG003,model.10.cv2.conv,175,38.6761360168457,204,241,240,1356846,1356204,642,1151886,45.926820807865745,1091130,265074,265074,4,True,True
1972,GEN,DG029,model.4.m.0.cv1.conv,9,38.689979553222656,204,15,14,1356204,1355626,578,1152464,45.949866232870434,1091130,264496,264496,4,True,True
1973,GEN,DG003,model.10.cv2.conv,4,38.72583770751953,204,240,239,1355626,1354984,642,1153106,45.97546340043619,1091130,263854,263854,4,True,True
1974,GEN,DG042,model.9.cv1.conv,94,38.727657318115234,204,98,97,1354984,1353722,1262,1154368,46.02578057406233,1091130,262592,262592,4,True,True
1975,GEN,DG042,model.9.cv1.conv,62,38.75421905517578,204,97,96,1353722,1352460,1262,1155630,46.07609774768848,1091130,261330,261330,4,True,True
1976,GEN,DG003,model.10.cv2.conv,49,38.76725769042969,204,239,238,1352460,1351818,642,1156272,46.101694915254235,1091130,260688,260688,4,True,True
1977,GEN,DG042,model.9.cv1.conv,65,38.76911544799805,204,96,95,1351818,1350556,1262,1157534,46.15201208888038,1091130,259426,259426,4,True,True
1978,GEN,DG003,model.10.cv2.conv,134,38.79262924194336,204,238,237,1350556,1349914,642,1158176,46.17760925644614,1091130,258784,258784,4,True,True
1979,GEN,DG042,model.9.cv1.conv,45,38.830970764160156,204,95,94,1349914,1348652,1262,1159438,46.22792643007229,1091130,257522,257522,4,True,True
1980,GEN,DG042,model.9.cv1.conv,85,38.85009002685547,204,94,93,1348652,1347390,1262,1160700,46.278243603698435,1091130,256260,256260,4,True,True
1981,GEN,DG042,model.9.cv1.conv,41,38.88330078125,204,93,92,1347390,1346128,1262,1161962,46.328560777324576,1091130,254998,254998,4,True,True
1982,GEN,DG042,model.9.cv1.conv,46,38.90978240966797,204,92,91,1346128,1344866,1262,1163224,46.378877950950724,1091130,253736,253736,4,True,True
1983,GEN,DG042,model.9.cv1.conv,46,38.91156005859375,204,91,90,1344866,1343604,1262,1164486,46.42919512457687,1091130,252474,252474,4,True,True
1984,GEN,DG042,model.9.cv1.conv,11,38.926116943359375,204,90,89,1343604,1342342,1262,1165748,46.47951229820301,1091130,251212,251212,4,True,True
1985,GEN,DG042,model.9.cv1.conv,58,38.945335388183594,204,89,88,1342342,1341080,1262,1167010,46.52982947182916,1091130,249950,249950,4,True,True
1986,GEN,DG003,model.10.cv2.conv,167,38.990665435791016,204,237,236,1341080,1340438,642,1167652,46.555426639394916,1091130,249308,249308,4,True,True
1987,GEN,DG042,model.9.cv1.conv,43,39.00533676147461,204,88,87,1340438,1339176,1262,1168914,46.605743813021064,1091130,248046,248046,4,True,True
1988,GEN,DG042,model.9.cv1.conv,85,39.03278732299805,204,87,86,1339176,1337914,1262,1170176,46.65606098664721,1091130,246784,246784,4,True,True
1989,GEN,DG003,model.10.cv2.conv,6,39.03327178955078,204,236,235,1337914,1337272,642,1170818,46.68165815421297,1091130,246142,246142,4,True,True
1990,GEN,DG042,model.9.cv1.conv,20,39.04322052001953,204,86,85,1337272,1336010,1262,1172080,46.731975327839116,1091130,244880,244880,4,True,True
1991,GEN,DG003,model.10.cv2.conv,49,39.05560302734375,204,235,234,1336010,1335368,642,1172722,46.75757249540487,1091130,244238,244238,4,True,True
1992,GEN,DG042,model.9.cv1.conv,82,39.107357025146484,204,85,84,1335368,1334106,1262,1173984,46.80788966903101,1091130,242976,242976,4,True,True
1993,GEN,DG042,model.9.cv1.conv,17,39.10906219482422,204,84,83,1334106,1332844,1262,1175246,46.85820684265716,1091130,241714,241714,4,True,True
1994,GEN,DG003,model.10.cv2.conv,209,39.128726959228516,204,234,233,1332844,1332202,642,1175888,46.88380401022292,1091130,241072,241072,4,True,True
1995,GEN,DG003,model.10.cv2.conv,132,39.15549850463867,204,233,232,1332202,1331560,642,1176530,46.90940117778867,1091130,240430,240430,4,True,True
1996,GEN,DG003,model.10.cv2.conv,23,39.21123123168945,204,232,231,1331560,1330918,642,1177172,46.93499834535443,1091130,239788,239788,4,True,True
1997,GEN,DG042,model.9.cv1.conv,79,39.21540832519531,204,83,82,1330918,1329656,1262,1178434,46.98531551898058,1091130,238526,238526,4,True,True
1998,GEN,DG003,model.10.cv2.conv,59,39.218746185302734,204,231,230,1329656,1329014,642,1179076,47.010912686546334,1091130,237884,237884,4,True,True
1999,GEN,DG003,model.10.cv2.conv,182,39.231197357177734,204,230,229,1329014,1328372,642,1179718,47.03650985411209,1091130,237242,237242,4,True,True
2000,GEN,DG042,model.9.cv1.conv,46,39.251365661621094,204,82,81,1328372,1327110,1262,1180980,47.08682702773824,1091130,235980,235980,4,True,True
2001,GEN,DG003,model.10.cv2.conv,39,39.27236557006836,205,229,228,1327110,1326468,642,1181622,47.112424195303994,1091130,235338,235338,4,True,True
2002,GEN,DG042,model.9.cv1.conv,65,39.28108215332031,205,81,80,1326468,1325206,1262,1182884,47.16274136893014,1091130,234076,234076,4,True,True
2003,GEN,DG003,model.10.cv2.conv,131,39.29500198364258,205,228,227,1325206,1324564,642,1183526,47.1883385364959,1091130,233434,233434,4,True,True
2004,GEN,DG003,model.10.cv2.conv,216,39.301795959472656,205,227,226,1324564,1323922,642,1184168,47.213935704061655,1091130,232792,232792,4,True,True
2005,GEN,DG003,model.10.cv2.conv,64,39.30340576171875,205,226,225,1323922,1323280,642,1184810,47.23953287162741,1091130,232150,232150,4,True,True
2006,GEN,DG003,model.10.cv2.conv,78,39.303550720214844,205,225,224,1323280,1322638,642,1185452,47.265130039193174,1091130,231508,231508,4,True,True
2007,GEN,DG003,model.10.cv2.conv,6,39.326210021972656,205,224,223,1322638,1321996,642,1186094,47.29072720675893,1091130,230866,230866,4,True,True
2008,GEN,DG003,model.10.cv2.conv,171,39.35039138793945,205,223,222,1321996,1321354,642,1186736,47.31632437432469,1091130,230224,230224,4,True,True
2009,GEN,DG003,model.10.cv2.conv,173,39.35865020751953,205,222,221,1321354,1320712,642,1187378,47.34192154189044,1091130,229582,229582,4,True,True
2010,GEN,DG042,model.9.cv1.conv,29,39.3631477355957,205,80,79,1320712,1319450,1262,1188640,47.39223871551659,1091130,228320,228320,4,True,True
2011,GEN,DG042,model.9.cv1.conv,5,39.37091827392578,205,79,78,1319450,1318188,1262,1189902,47.44255588914273,1091130,227058,227058,4,True,True
2012,GEN,DG003,model.10.cv2.conv,31,39.420013427734375,205,221,220,1318188,1317546,642,1190544,47.468153056708495,1091130,226416,226416,4,True,True
2013,GEN,DG003,model.10.cv2.conv,187,39.43107604980469,205,220,219,1317546,1316904,642,1191186,47.49375022427425,1091130,225774,225774,4,True,True
2014,GEN,DG003,model.10.cv2.conv,81,39.43208312988281,205,219,218,1316904,1316262,642,1191828,47.51934739184001,1091130,225132,225132,4,True,True
2015,GEN,DG042,model.9.cv1.conv,20,39.435699462890625,205,78,77,1316262,1315000,1262,1193090,47.56966456546615,1091130,223870,223870,4,True,True
2016,GEN,DG042,model.9.cv1.conv,49,39.45979309082031,206,77,76,1315000,1313738,1262,1194352,47.619981739092296,1091130,222608,222608,4,True,True
2017,GEN,DG003,model.10.cv2.conv,25,39.483211517333984,206,218,217,1313738,1313096,642,1194994,47.64557890665805,1091130,221966,221966,4,True,True
2018,GEN,DG003,model.10.cv2.conv,151,39.49121856689453,206,217,216,1313096,1312454,642,1195636,47.67117607422381,1091130,221324,221324,4,True,True
2019,GEN,DG042,model.9.cv1.conv,2,39.49633026123047,206,76,75,1312454,1311192,1262,1196898,47.721493247849956,1091130,220062,220062,4,True,True
2020,GEN,DG003,model.10.cv2.conv,192,39.51164245605469,206,216,215,1311192,1310550,642,1197540,47.74709041541571,1091130,219420,219420,4,True,True
2021,GEN,DG042,model.9.cv1.conv,41,39.51693344116211,206,75,74,1310550,1309288,1262,1198802,47.79740758904186,1091130,218158,218158,4,True,True
2022,GEN,DG029,model.4.m.0.cv1.conv,8,39.525543212890625,206,14,13,1309288,1308710,578,1199380,47.82045301404654,1091130,217580,217580,4,True,True
2023,GEN,DG042,model.9.cv1.conv,13,39.52570343017578,206,74,73,1308710,1307448,1262,1200642,47.87077018767269,1091130,216318,216318,4,True,True
2024,GEN,DG003,model.10.cv2.conv,143,39.53572082519531,206,215,214,1307448,1306806,642,1201284,47.896367355238446,1091130,215676,215676,4,True,True
2025,GEN,DG003,model.10.cv2.conv,144,39.5426025390625,206,214,213,1306806,1306164,642,1201926,47.9219645228042,1091130,215034,215034,4,True,True
2026,GEN,DG042,model.9.cv1.conv,53,39.55016326904297,206,73,72,1306164,1304902,1262,1203188,47.97228169643035,1091130,213772,213772,4,True,True
2027,GEN,DG042,model.9.cv1.conv,30,39.56131362915039,206,72,71,1304902,1303640,1262,1204450,48.0225988700565,1091130,212510,212510,4,True,True
2028,GEN,DG042,model.9.cv1.conv,44,39.563724517822266,206,71,70,1303640,1302378,1262,1205712,48.072916043682646,1091130,211248,211248,4,True,True
2029,GEN,DG003,model.10.cv2.conv,187,39.56513214111328,206,213,212,1302378,1301736,642,1206354,48.0985132112484,1091130,210606,210606,4,True,True
2030,GEN,DG042,model.9.cv1.conv,64,39.58866500854492,206,70,69,1301736,1300474,1262,1207616,48.14883038487454,1091130,209344,209344,4,True,True
2031,GEN,DG003,model.10.cv2.conv,123,39.61602783203125,206,212,211,1300474,1299832,642,1208258,48.17442755244031,1091130,208702,208702,4,True,True
2032,GEN,DG037,model.8.cv2.conv,45,39.62098693847656,206,252,251,1299832,1298843,989,1209247,48.21385994920438,1091130,207713,207713,4,True,True
2033,GEN,DG042,model.9.cv1.conv,51,39.54058837890625,206,69,68,1298843,1297586,1257,1210504,48.26397776794294,1091130,206456,206456,4,True,True
2034,GEN,DG042,model.9.cv1.conv,52,39.5777473449707,206,68,67,1297586,1296329,1257,1211761,48.314095586681496,1091130,205199,205199,4,True,True
2035,GEN,DG042,model.9.cv1.conv,36,39.58489990234375,206,67,66,1296329,1295072,1257,1213018,48.36421340542006,1091130,203942,203942,4,True,True
2036,GEN,DG042,model.9.cv1.conv,4,39.6212158203125,206,66,65,1295072,1293815,1257,1214275,48.41433122415862,1091130,202685,202685,4,True,True
2037,GEN,DG042,model.9.cv1.conv,42,39.656890869140625,206,65,64,1293815,1292558,1257,1215532,48.464449042897186,1091130,201428,201428,4,True,True
2038,GEN,DG042,model.9.cv1.conv,27,39.671321868896484,206,64,63,1292558,1291301,1257,1216789,48.51456686163575,1091130,200171,200171,4,True,True
2039,GEN,DG042,model.9.cv1.conv,25,39.68427276611328,206,63,62,1291301,1290044,1257,1218046,48.564684680374306,1091130,198914,198914,4,True,True
2040,GEN,DG042,model.9.cv1.conv,0,39.685325622558594,206,62,61,1290044,1288787,1257,1219303,48.61480249911287,1091130,197657,197657,4,True,True
2041,GEN,DG003,model.10.cv2.conv,34,39.68572998046875,206,211,210,1288787,1288145,642,1219945,48.640399666678626,1091130,197015,197015,4,True,True
2042,GEN,DG003,model.10.cv2.conv,159,39.68915557861328,206,210,209,1288145,1287503,642,1220587,48.66599683424438,1091130,196373,196373,4,True,True
2043,GEN,DG003,model.10.cv2.conv,139,39.73149871826172,206,209,208,1287503,1286861,642,1221229,48.691594001810145,1091130,195731,195731,4,True,True
2044,GEN,DG042,model.9.cv1.conv,42,39.73277282714844,206,61,60,1286861,1285604,1257,1222486,48.7417118205487,1091130,194474,194474,4,True,True
2045,GEN,DG003,model.10.cv2.conv,42,39.74046325683594,206,208,207,1285604,1284962,642,1223128,48.767308988114465,1091130,193832,193832,4,True,True
2046,GEN,DG003,model.10.cv2.conv,195,39.74237060546875,206,207,206,1284962,1284320,642,1223770,48.79290615568022,1091130,193190,193190,4,True,True
2047,GEN,DG003,model.10.cv2.conv,200,39.74402618408203,206,206,205,1284320,1283678,642,1224412,48.81850332324598,1091130,192548,192548,4,True,True
2048,GEN,DG042,model.9.cv1.conv,24,39.779762268066406,207,60,59,1283678,1282421,1257,1225669,48.86862114198454,1091130,191291,191291,4,True,True
2049,GEN,DG042,model.9.cv1.conv,42,39.79886245727539,207,59,58,1282421,1281164,1257,1226926,48.9187389607231,1091130,190034,190034,4,True,True
2050,GEN,DG042,model.9.cv1.conv,56,39.807350158691406,208,58,57,1281164,1279907,1257,1228183,48.96885677946166,1091130,188777,188777,4,True,True
2051,GEN,DG003,model.10.cv2.conv,118,39.80781173706055,208,205,204,1279907,1279265,642,1228825,48.99445394702742,1091130,188135,188135,4,True,True
2052,GEN,DG003,model.10.cv2.conv,67,39.809669494628906,208,204,203,1279265,1278623,642,1229467,49.02005111459318,1091130,187493,187493,4,True,True
2053,GEN,DG003,model.10.cv2.conv,117,39.81336975097656,209,203,202,1278623,1277981,642,1230109,49.045648282158936,1091130,186851,186851,4,True,True
2054,GEN,DG003,model.10.cv2.conv,178,39.829429626464844,209,202,201,1277981,1277339,642,1230751,49.07124544972469,1091130,186209,186209,4,True,True
2055,GEN,DG042,model.9.cv1.conv,25,39.831302642822266,209,57,56,1277339,1276082,1257,1232008,49.121363268463256,1091130,184952,184952,4,True,True
2056,GEN,DG042,model.9.cv1.conv,7,39.855224609375,210,56,55,1276082,1274825,1257,1233265,49.17148108720181,1091130,183695,183695,4,True,True
2057,GEN,DG042,model.9.cv1.conv,21,39.85823059082031,210,55,54,1274825,1273568,1257,1234522,49.221598905940375,1091130,182438,182438,4,True,True
2058,GEN,DG003,model.10.cv2.conv,40,39.88657760620117,211,201,200,1273568,1272926,642,1235164,49.24719607350613,1091130,181796,181796,4,True,True
2059,GEN,DG003,model.10.cv2.conv,39,39.88669967651367,211,200,199,1272926,1272284,642,1235806,49.27279324107189,1091130,181154,181154,4,True,True
2060,GEN,DG042,model.9.cv1.conv,42,39.89514923095703,211,54,53,1272284,1271027,1257,1237063,49.32291105981045,1091130,179897,179897,4,True,True
2061,GEN,DG003,model.10.cv2.conv,162,39.904991149902344,211,199,198,1271027,1270385,642,1237705,49.34850822737621,1091130,179255,179255,4,True,True
2062,GEN,DG003,model.10.cv2.conv,170,39.908573150634766,211,198,197,1270385,1269743,642,1238347,49.37410539494197,1091130,178613,178613,4,True,True
2063,GEN,DG042,model.9.cv1.conv,17,39.910186767578125,211,53,52,1269743,1268486,1257,1239604,49.42422321368053,1091130,177356,177356,4,True,True
2064,GEN,DG003,model.10.cv2.conv,21,39.91825866699219,211,197,196,1268486,1267844,642,1240246,49.44982038124629,1091130,176714,176714,4,True,True
2065,GEN,DG003,model.10.cv2.conv,162,39.92689514160156,211,196,195,1267844,1267202,642,1240888,49.47541754881205,1091130,176072,176072,4,True,True
2066,GEN,DG042,model.9.cv1.conv,38,39.94085693359375,211,52,51,1267202,1265945,1257,1242145,49.5255353675506,1091130,174815,174815,4,True,True
2067,GEN,DG003,model.10.cv2.conv,33,39.942710876464844,211,195,194,1265945,1265303,642,1242787,49.551132535116366,1091130,174173,174173,4,True,True
2068,GEN,DG003,model.10.cv2.conv,65,39.9454345703125,211,194,193,1265303,1264661,642,1243429,49.57672970268212,1091130,173531,173531,4,True,True
2069,GEN,DG042,model.9.cv1.conv,31,39.94818878173828,211,51,50,1264661,1263404,1257,1244686,49.626847521420686,1091130,172274,172274,4,True,True
2070,GEN,DG029,model.4.m.0.cv1.conv,8,39.961849212646484,211,13,12,1263404,1262826,578,1245264,49.64989294642537,1091130,171696,171696,4,True,True
2071,GEN,DG003,model.10.cv2.conv,139,39.96772003173828,211,193,192,1262826,1262184,642,1245906,49.675490113991124,1091130,171054,171054,4,True,True
2072,GEN,DG003,model.10.cv2.conv,20,39.970829010009766,211,192,191,1262184,1261542,642,1246548,49.70108728155688,1091130,170412,170412,4,True,True
2073,GEN,DG003,model.10.cv2.conv,175,39.97695541381836,211,191,190,1261542,1260900,642,1247190,49.72668444912264,1091130,169770,169770,4,True,True
2074,GEN,DG003,model.10.cv2.conv,45,39.98158264160156,211,190,189,1260900,1260258,642,1247832,49.7522816166884,1091130,169128,169128,4,True,True
2075,GEN,DG003,model.10.cv2.conv,9,39.98830795288086,211,189,188,1260258,1259616,642,1248474,49.777878784254156,1091130,168486,168486,4,True,True
2076,GEN,DG003,model.10.cv2.conv,83,39.99176025390625,211,188,187,1259616,1258974,642,1249116,49.80347595181991,1091130,167844,167844,4,True,True
2077,GEN,DG042,model.9.cv1.conv,42,39.992740631103516,211,50,49,1258974,1257717,1257,1250373,49.853593770558476,1091130,166587,166587,4,True,True
2078,GEN,DG042,model.9.cv1.conv,9,39.996002197265625,211,49,48,1257717,1256460,1257,1251630,49.90371158929703,1091130,165330,165330,4,True,True
2079,GEN,DG042,model.9.cv1.conv,20,39.99779510498047,211,48,47,1256460,1255203,1257,1252887,49.953829408035595,1091130,164073,164073,4,True,True
2080,GEN,DG003,model.10.cv2.conv,157,40.00782012939453,211,187,186,1255203,1254561,642,1253529,49.97942657560135,1091130,163431,163431,4,True,True
2081,GEN,DG003,model.10.cv2.conv,18,40.02842712402344,211,186,185,1254561,1253919,642,1254171,50.00502374316711,1091130,162789,162789,4,True,True
2082,GEN,DG003,model.10.cv2.conv,170,40.04199981689453,211,185,184,1253919,1253277,642,1254813,50.03062091073287,1091130,162147,162147,4,True,True
2083,GEN,DG003,model.10.cv2.conv,119,40.05378723144531,211,184,183,1253277,1252635,642,1255455,50.05621807829863,1091130,161505,161505,4,True,True
2084,GEN,DG003,model.10.cv2.conv,150,40.05836486816406,211,183,182,1252635,1251993,642,1256097,50.081815245864384,1091130,160863,160863,4,True,True
2085,GEN,DG003,model.10.cv2.conv,166,40.07893371582031,211,182,181,1251993,1251351,642,1256739,50.10741241343014,1091130,160221,160221,4,True,True
2086,GEN,DG042,model.9.cv1.conv,44,40.08763885498047,211,47,46,1251351,1250094,1257,1257996,50.1575302321687,1091130,158964,158964,4,True,True
2087,GEN,DG042,model.9.cv1.conv,33,40.099708557128906,211,46,45,1250094,1248837,1257,1259253,50.20764805090727,1091130,157707,157707,4,True,True
2088,GEN,DG003,model.10.cv2.conv,74,40.11197280883789,211,181,180,1248837,1248195,642,1259895,50.23324521847302,1091130,157065,157065,4,True,True
2089,GEN,DG003,model.10.cv2.conv,122,40.124732971191406,211,180,179,1248195,1247553,642,1260537,50.25884238603878,1091130,156423,156423,4,True,True
2090,GEN,DG003,model.10.cv2.conv,175,40.14826583862305,211,179,178,1247553,1246911,642,1261179,50.284439553604535,1091130,155781,155781,4,True,True
2091,GEN,DG042,model.9.cv1.conv,29,40.15736389160156,211,45,44,1246911,1245654,1257,1262436,50.3345573723431,1091130,154524,154524,4,True,True
2092,GEN,DG003,model.10.cv2.conv,132,40.165771484375,211,178,177,1245654,1245012,642,1263078,50.360154539908855,1091130,153882,153882,4,True,True
2093,GEN,DG003,model.10.cv2.conv,45,40.16961669921875,211,177,176,1245012,1244370,642,1263720,50.38575170747461,1091130,153240,153240,4,True,True
2094,GEN,DG042,model.9.cv1.conv,25,40.18794250488281,211,44,43,1244370,1243113,1257,1264977,50.435869526213175,1091130,151983,151983,4,True,True
2095,GEN,DG042,model.9.cv1.conv,3,40.19253921508789,211,43,42,1243113,1241856,1257,1266234,50.48598734495174,1091130,150726,150726,4,True,True
2096,GEN,DG003,model.10.cv2.conv,44,40.20323181152344,211,176,175,1241856,1241214,642,1266876,50.511584512517494,1091130,150084,150084,4,True,True
2097,GEN,DG003,model.10.cv2.conv,97,40.20656204223633,211,175,174,1241214,1240572,642,1267518,50.53718168008325,1091130,149442,149442,4,True,True
2098,GEN,DG003,model.10.cv2.conv,45,40.22010040283203,211,174,173,1240572,1239930,642,1268160,50.56277884764901,1091130,148800,148800,4,True,True
2099,GEN,DG003,model.10.cv2.conv,172,40.2201042175293,211,173,172,1239930,1239288,642,1268802,50.58837601521476,1091130,148158,148158,4,True,True
2100,GEN,DG042,model.9.cv1.conv,41,40.232086181640625,211,42,41,1239288,1238031,1257,1270059,50.638493833953326,1091130,146901,146901,4,True,True
2101,GEN,DG003,model.10.cv2.conv,57,40.25384521484375,211,172,171,1238031,1237389,642,1270701,50.66409100151908,1091130,146259,146259,4,True,True
2102,GEN,DG003,model.10.cv2.conv,12,40.2586555480957,211,171,170,1237389,1236747,642,1271343,50.68968816908484,1091130,145617,145617,4,True,True
2103,GEN,DG003,model.10.cv2.conv,128,40.26588821411133,211,170,169,1236747,1236105,642,1271985,50.715285336650595,1091130,144975,144975,4,True,True
2104,GEN,DG042,model.9.cv1.conv,39,40.272003173828125,211,41,40,1236105,1234848,1257,1273242,50.76540315538916,1091130,143718,143718,4,True,True
2105,GEN,DG003,model.10.cv2.conv,27,40.272857666015625,211,169,168,1234848,1234206,642,1273884,50.791000322954915,1091130,143076,143076,4,True,True
2106,GEN,DG003,model.10.cv2.conv,129,40.276405334472656,211,168,167,1234206,1233564,642,1274526,50.81659749052068,1091130,142434,142434,4,True,True
2107,GEN,DG003,model.10.cv2.conv,90,40.27867126464844,211,167,166,1233564,1232922,642,1275168,50.842194658086434,1091130,141792,141792,4,True,True
2108,GEN,DG042,model.9.cv1.conv,15,40.27934646606445,211,40,39,1232922,1231665,1257,1276425,50.892312476825,1091130,140535,140535,4,True,True
2109,GEN,DG003,model.10.cv2.conv,25,40.308406829833984,211,166,165,1231665,1231023,642,1277067,50.917909644390754,1091130,139893,139893,4,True,True
2110,GEN,DG042,model.9.cv1.conv,17,40.31961441040039,211,39,38,1231023,1229766,1257,1278324,50.96802746312931,1091130,138636,138636,4,True,True
2111,GEN,DG003,model.10.cv2.conv,74,40.32279586791992,211,165,164,1229766,1229124,642,1278966,50.993624630695074,1091130,137994,137994,4,True,True
2112,GEN,DG003,model.10.cv2.conv,124,40.33022689819336,211,164,163,1229124,1228482,642,1279608,51.01922179826083,1091130,137352,137352,4,True,True
2113,GEN,DG003,model.10.cv2.conv,101,40.330284118652344,211,163,162,1228482,1227840,642,1280250,51.044818965826586,1091130,136710,136710,4,True,True
2114,GEN,DG003,model.10.cv2.conv,63,40.33196258544922,211,162,161,1227840,1227198,642,1280892,51.07041613339234,1091130,136068,136068,4,True,True
2115,GEN,DG003,model.10.cv2.conv,118,40.33262252807617,211,161,160,1227198,1226556,642,1281534,51.0960133009581,1091130,135426,135426,4,True,True
2116,GEN,DG003,model.10.cv2.conv,46,40.33943557739258,211,160,159,1226556,1225914,642,1282176,51.121610468523855,1091130,134784,134784,4,True,True
2117,GEN,DG029,model.4.m.0.cv1.conv,5,40.348167419433594,211,12,11,1225914,1225336,578,1282754,51.144655893528544,1091130,134206,134206,4,True,True
2118,GEN,DG003,model.10.cv2.conv,74,40.35588073730469,211,159,158,1225336,1224694,642,1283396,51.1702530610943,1091130,133564,133564,4,True,True
2119,GEN,DG042,model.9.cv1.conv,16,40.359130859375,211,38,37,1224694,1223437,1257,1284653,51.22037087983286,1091130,132307,132307,4,True,True
2120,GEN,DG003,model.10.cv2.conv,150,40.3668212890625,211,158,157,1223437,1222795,642,1285295,51.24596804739862,1091130,131665,131665,4,True,True
2121,GEN,DG042,model.9.cv1.conv,26,40.3705940246582,211,37,36,1222795,1221538,1257,1286552,51.29608586613718,1091130,130408,130408,4,True,True
2122,GEN,DG003,model.10.cv2.conv,58,40.37311553955078,211,157,156,1221538,1220896,642,1287194,51.32168303370294,1091130,129766,129766,4,True,True
2123,GEN,DG029,model.4.m.0.cv1.conv,8,40.3823127746582,211,11,10,1220896,1220318,578,1287772,51.34472845870762,1091130,129188,129188,4,True,True
2124,GEN,DG003,model.10.cv2.conv,36,40.38719940185547,211,156,155,1220318,1219676,642,1288414,51.37032562627338,1091130,128546,128546,4,True,True
2125,GEN,DG042,model.9.cv1.conv,1,40.3939094543457,211,36,35,1219676,1218419,1257,1289671,51.42044344501194,1091130,127289,127289,4,True,True
2126,GEN,DG003,model.10.cv2.conv,120,40.39726257324219,211,155,154,1218419,1217777,642,1290313,51.4460406125777,1091130,126647,126647,4,True,True
2127,GEN,DG042,model.9.cv1.conv,6,40.412506103515625,211,35,34,1217777,1216520,1257,1291570,51.49615843131626,1091130,125390,125390,4,True,True
2128,GEN,DG042,model.9.cv1.conv,13,40.4143180847168,211,34,33,1216520,1215263,1257,1292827,51.546276250054824,1091130,124133,124133,4,True,True
2129,GEN,DG003,model.10.cv2.conv,95,40.42375183105469,211,154,153,1215263,1214621,642,1293469,51.57187341762058,1091130,123491,123491,4,True,True
2130,GEN,DG042,model.9.cv1.conv,16,40.427391052246094,211,33,32,1214621,1213364,1257,1294726,51.62199123635914,1091130,122234,122234,4,True,True
2131,GEN,DG003,model.10.cv2.conv,62,40.430049896240234,211,153,152,1213364,1212722,642,1295368,51.6475884039249,1091130,121592,121592,4,True,True
2132,GEN,DG003,model.10.cv2.conv,62,40.43303298950195,211,152,151,1212722,1212080,642,1296010,51.673185571490656,1091130,120950,120950,4,True,True
2133,GEN,DG042,model.9.cv1.conv,11,40.44148635864258,211,32,31,1212080,1210823,1257,1297267,51.72330339022922,1091130,119693,119693,4,True,True
2134,GEN,DG042,model.9.cv1.conv,21,40.451873779296875,211,31,30,1210823,1209566,1257,1298524,51.77342120896778,1091130,118436,118436,4,True,True
2135,GEN,DG003,model.10.cv2.conv,104,40.462684631347656,211,151,150,1209566,1208924,642,1299166,51.79901837653354,1091130,117794,117794,4,True,True
2136,GEN,DG042,model.9.cv1.conv,23,40.4644775390625,211,30,29,1208924,1207667,1257,1300423,51.8491361952721,1091130,116537,116537,4,True,True
2137,GEN,DG042,model.9.cv1.conv,16,40.46821594238281,211,29,28,1207667,1206410,1257,1301680,51.89925401401066,1091130,115280,115280,4,True,True
2138,GEN,DG003,model.10.cv2.conv,105,40.472900390625,211,150,149,1206410,1205768,642,1302322,51.92485118157642,1091130,114638,114638,4,True,True
2139,GEN,DG003,model.10.cv2.conv,55,40.474525451660156,211,149,148,1205768,1205126,642,1302964,51.95044834914218,1091130,113996,113996,4,True,True
2140,GEN,DG003,model.10.cv2.conv,101,40.47849655151367,211,148,147,1205126,1204484,642,1303606,51.976045516707934,1091130,113354,113354,4,True,True
2141,GEN,DG003,model.10.cv2.conv,109,40.49028778076172,211,147,146,1204484,1203842,642,1304248,52.00164268427369,1091130,112712,112712,4,True,True
2142,GEN,DG042,model.9.cv1.conv,4,40.49189758300781,211,28,27,1203842,1202585,1257,1305505,52.051760503012254,1091130,111455,111455,4,True,True
2143,GEN,DG003,model.10.cv2.conv,141,40.49250793457031,211,146,145,1202585,1201943,642,1306147,52.07735767057801,1091130,110813,110813,4,True,True
2144,GEN,DG003,model.10.cv2.conv,103,40.50872802734375,211,145,144,1201943,1201301,642,1306789,52.102954838143766,1091130,110171,110171,4,True,True
2145,GEN,DG003,model.10.cv2.conv,19,40.51201629638672,211,144,143,1201301,1200659,642,1307431,52.12855200570952,1091130,109529,109529,4,True,True
2146,GEN,DG003,model.10.cv2.conv,56,40.536537170410156,211,143,142,1200659,1200017,642,1308073,52.15414917327528,1091130,108887,108887,4,True,True
2147,GEN,DG003,model.10.cv2.conv,14,40.54150390625,211,142,141,1200017,1199375,642,1308715,52.179746340841035,1091130,108245,108245,4,True,True
2148,GEN,DG042,model.9.cv1.conv,19,40.547386169433594,211,27,26,1199375,1198118,1257,1309972,52.2298641595796,1091130,106988,106988,4,True,True
2149,GEN,DG003,model.10.cv2.conv,6,40.555870056152344,211,141,140,1198118,1197476,642,1310614,52.255461327145355,1091130,106346,106346,4,True,True
2150,GEN,DG003,model.10.cv2.conv,38,40.56598663330078,212,140,139,1197476,1196834,642,1311256,52.28105849471112,1091130,105704,105704,4,True,True
2151,GEN,DG042,model.9.cv1.conv,12,40.580604553222656,212,26,25,1196834,1195577,1257,1312513,52.331176313449674,1091130,104447,104447,4,True,True
2152,GEN,DG003,model.10.cv2.conv,35,40.58375549316406,212,139,138,1195577,1194935,642,1313155,52.35677348101543,1091130,103805,103805,4,True,True
2153,GEN,DG042,model.9.cv1.conv,11,40.59016799926758,212,25,24,1194935,1193678,1257,1314412,52.406891299753994,1091130,102548,102548,4,True,True
2154,GEN,DG003,model.10.cv2.conv,36,40.59870910644531,212,138,137,1193678,1193036,642,1315054,52.43248846731975,1091130,101906,101906,4,True,True
2155,GEN,DG003,model.10.cv2.conv,84,40.605987548828125,212,137,136,1193036,1192394,642,1315696,52.458085634885514,1091130,101264,101264,4,True,True
2156,GEN,DG003,model.10.cv2.conv,105,40.60784149169922,212,136,135,1192394,1191752,642,1316338,52.48368280245127,1091130,100622,100622,4,True,True
2157,GEN,DG042,model.9.cv1.conv,7,40.60936737060547,212,24,23,1191752,1190495,1257,1317595,52.53380062118983,1091130,99365,99365,4,True,True
2158,GEN,DG042,model.9.cv1.conv,4,40.629783630371094,212,23,22,1190495,1189238,1257,1318852,52.58391843992839,1091130,98108,98108,4,True,True
2159,GEN,DG029,model.4.m.0.cv1.conv,9,40.65316390991211,212,10,9,1189238,1188660,578,1319430,52.60696386493308,1091130,97530,97530,4,True,True
2160,GEN,DG003,model.10.cv2.conv,99,40.65727996826172,212,135,134,1188660,1188018,642,1320072,52.632561032498835,1091130,96888,96888,4,True,True
2161,GEN,DG003,model.10.cv2.conv,22,40.65930938720703,212,134,133,1188018,1187376,642,1320714,52.65815820006459,1091130,96246,96246,4,True,True
2162,GEN,DG003,model.10.cv2.conv,9,40.67169952392578,212,133,132,1187376,1186734,642,1321356,52.68375536763035,1091130,95604,95604,4,True,True
2163,GEN,DG003,model.10.cv2.conv,54,40.687679290771484,212,132,131,1186734,1186092,642,1321998,52.7093525351961,1091130,94962,94962,4,True,True
2164,GEN,DG003,model.10.cv2.conv,12,40.695560455322266,212,131,130,1186092,1185450,642,1322640,52.73494970276186,1091130,94320,94320,4,True,True
2165,GEN,DG003,model.10.cv2.conv,87,40.714595794677734,212,130,129,1185450,1184808,642,1323282,52.76054687032762,1091130,93678,93678,4,True,True
2166,GEN,DG003,model.10.cv2.conv,95,40.72087097167969,212,129,128,1184808,1184166,642,1323924,52.78614403789338,1091130,93036,93036,4,True,True
2167,GEN,DG003,model.10.cv2.conv,37,40.72547912597656,212,128,127,1184166,1183524,642,1324566,52.811741205459136,1091130,92394,92394,4,True,True
2168,GEN,DG003,model.10.cv2.conv,71,40.72901916503906,212,127,126,1183524,1182882,642,1325208,52.83733837302489,1091130,91752,91752,4,True,True
2169,GEN,DG042,model.9.cv1.conv,15,40.73550796508789,212,22,21,1182882,1181625,1257,1326465,52.887456191763455,1091130,90495,90495,4,True,True
2170,GEN,DG003,model.10.cv2.conv,70,40.73554992675781,212,126,125,1181625,1180983,642,1327107,52.91305335932921,1091130,89853,89853,4,True,True
2171,GEN,DG003,model.10.cv2.conv,8,40.742103576660156,212,125,124,1180983,1180341,642,1327749,52.93865052689497,1091130,89211,89211,4,True,True
2172,GEN,DG003,model.10.cv2.conv,69,40.74573516845703,212,124,123,1180341,1179699,642,1328391,52.964247694460724,1091130,88569,88569,4,True,True
2173,GEN,DG003,model.10.cv2.conv,32,40.751808166503906,212,123,122,1179699,1179057,642,1329033,52.98984486202648,1091130,87927,87927,4,True,True
2174,GEN,DG003,model.10.cv2.conv,18,40.76927185058594,212,122,121,1179057,1178415,642,1329675,53.015442029592236,1091130,87285,87285,4,True,True
2175,GEN,DG003,model.10.cv2.conv,62,40.77180862426758,212,121,120,1178415,1177773,642,1330317,53.041039197158,1091130,86643,86643,4,True,True
2176,GEN,DG003,model.10.cv2.conv,42,40.77851867675781,212,120,119,1177773,1177131,642,1330959,53.066636364723756,1091130,86001,86001,4,True,True
2177,GEN,DG003,model.10.cv2.conv,60,40.793678283691406,212,119,118,1177131,1176489,642,1331601,53.09223353228951,1091130,85359,85359,4,True,True
2178,GEN,DG003,model.10.cv2.conv,43,40.79892349243164,212,118,117,1176489,1175847,642,1332243,53.11783069985527,1091130,84717,84717,4,True,True
2179,GEN,DG003,model.10.cv2.conv,103,40.80852127075195,212,117,116,1175847,1175205,642,1332885,53.143427867421025,1091130,84075,84075,4,True,True
2180,GEN,DG003,model.10.cv2.conv,115,40.81572723388672,212,116,115,1175205,1174563,642,1333527,53.16902503498678,1091130,83433,83433,4,True,True
2181,GEN,DG003,model.10.cv2.conv,13,40.81840896606445,212,115,114,1174563,1173921,642,1334169,53.19462220255254,1091130,82791,82791,4,True,True
2182,GEN,DG003,model.10.cv2.conv,98,40.824005126953125,212,114,113,1173921,1173279,642,1334811,53.2202193701183,1091130,82149,82149,4,True,True
2183,GEN,DG003,model.10.cv2.conv,36,40.837432861328125,212,113,112,1173279,1172637,642,1335453,53.24581653768406,1091130,81507,81507,4,True,True
2184,GEN,DG042,model.9.cv1.conv,7,40.852943420410156,213,21,20,1172637,1171380,1257,1336710,53.29593435642261,1091130,80250,80250,4,True,True
2185,GEN,DG042,model.9.cv1.conv,7,40.870296478271484,213,20,19,1171380,1170123,1257,1337967,53.34605217516118,1091130,78993,78993,4,True,True
2186,GEN,DG003,model.10.cv2.conv,51,40.885719299316406,213,112,111,1170123,1169481,642,1338609,53.37164934272693,1091130,78351,78351,4,True,True
2187,GEN,DG003,model.10.cv2.conv,68,40.89324951171875,214,111,110,1169481,1168839,642,1339251,53.397246510292696,1091130,77709,77709,4,True,True
2188,GEN,DG003,model.10.cv2.conv,16,40.914825439453125,214,110,109,1168839,1168197,642,1339893,53.42284367785845,1091130,77067,77067,4,True,True
2189,GEN,DG042,model.9.cv1.conv,7,40.92608642578125,214,19,18,1168197,1166940,1257,1341150,53.47296149659701,1091130,75810,75810,4,True,True
2190,GEN,DG003,model.10.cv2.conv,104,40.929847717285156,214,109,108,1166940,1166298,642,1341792,53.49855866416277,1091130,75168,75168,4,True,True
2191,GEN,DG003,model.10.cv2.conv,87,40.94126892089844,214,108,107,1166298,1165656,642,1342434,53.52415583172853,1091130,74526,74526,4,True,True
2192,GEN,DG003,model.10.cv2.conv,18,40.94155502319336,214,107,106,1165656,1165014,642,1343076,53.549752999294284,1091130,73884,73884,4,True,True
2193,GEN,DG003,model.10.cv2.conv,94,40.94379425048828,214,106,105,1165014,1164372,642,1343718,53.57535016686004,1091130,73242,73242,4,True,True
2194,GEN,DG042,model.9.cv1.conv,7,40.9483757019043,214,18,17,1164372,1163115,1257,1344975,53.625467985598604,1091130,71985,71985,4,True,True
2195,GEN,DG003,model.10.cv2.conv,101,40.959510803222656,214,105,104,1163115,1162473,642,1345617,53.65106515316436,1091130,71343,71343,4,True,True
2196,GEN,DG003,model.10.cv2.conv,5,40.964996337890625,214,104,103,1162473,1161831,642,1346259,53.67666232073012,1091130,70701,70701,4,True,True
2197,GEN,DG003,model.10.cv2.conv,33,40.97718048095703,214,103,102,1161831,1161189,642,1346901,53.70225948829587,1091130,70059,70059,4,True,True
2198,GEN,DG042,model.9.cv1.conv,4,40.99189758300781,214,17,16,1161189,1159932,1257,1348158,53.752377307034436,1091130,68802,68802,4,True,True
2199,GEN,DG003,model.10.cv2.conv,20,41.000152587890625,214,102,101,1159932,1159290,642,1348800,53.77797447460019,1091130,68160,68160,4,True,True
2200,GEN,DG003,model.10.cv2.conv,79,41.01002502441406,214,101,100,1159290,1158648,642,1349442,53.80357164216595,1091130,67518,67518,4,True,True
2201,GEN,DG003,model.10.cv2.conv,66,41.04310607910156,214,100,99,1158648,1158006,642,1350084,53.829168809731705,1091130,66876,66876,4,True,True
2202,GEN,DG003,model.10.cv2.conv,18,41.04472351074219,214,99,98,1158006,1157364,642,1350726,53.85476597729747,1091130,66234,66234,4,True,True
2203,GEN,DG003,model.10.cv2.conv,57,41.05354309082031,214,98,97,1157364,1156722,642,1351368,53.880363144863225,1091130,65592,65592,4,True,True
2204,GEN,DG003,model.10.cv2.conv,32,41.079158782958984,214,97,96,1156722,1156080,642,1352010,53.90596031242898,1091130,64950,64950,4,True,True
2205,GEN,DG003,model.10.cv2.conv,15,41.101436614990234,214,96,95,1156080,1155438,642,1352652,53.93155747999474,1091130,64308,64308,4,True,True
2206,GEN,DG042,model.9.cv1.conv,9,41.10429000854492,214,16,15,1155438,1154181,1257,1353909,53.9816752987333,1091130,63051,63051,4,True,True
2207,GEN,DG003,model.10.cv2.conv,82,41.111507415771484,214,95,94,1154181,1153539,642,1354551,54.00727246629906,1091130,62409,62409,4,True,True
2208,GEN,DG042,model.9.cv1.conv,12,41.13783264160156,214,15,14,1153539,1152282,1257,1355808,54.05739028503762,1091130,61152,61152,4,True,True
2209,GEN,DG029,model.4.m.0.cv1.conv,8,41.14574432373047,214,9,8,1152282,1151704,578,1356386,54.0804357100423,1091130,60574,60574,4,True,True
2210,GEN,DG003,model.10.cv2.conv,70,41.150306701660156,214,94,93,1151704,1151062,642,1357028,54.10603287760806,1091130,59932,59932,4,True,True
2211,GEN,DG003,model.10.cv2.conv,71,41.15156555175781,214,93,92,1151062,1150420,642,1357670,54.131630045173814,1091130,59290,59290,4,True,True
2212,GEN,DG003,model.10.cv2.conv,58,41.152549743652344,214,92,91,1150420,1149778,642,1358312,54.15722721273958,1091130,58648,58648,4,True,True
2213,GEN,DG003,model.10.cv2.conv,56,41.1622314453125,214,91,90,1149778,1149136,642,1358954,54.182824380305334,1091130,58006,58006,4,True,True
2214,GEN,DG029,model.4.m.0.cv1.conv,2,41.18822479248047,215,8,7,1149136,1148558,578,1359532,54.205869805310016,1091130,57428,57428,4,True,True
2215,GEN,DG003,model.10.cv2.conv,49,41.1956787109375,215,90,89,1148558,1147916,642,1360174,54.23146697287577,1091130,56786,56786,4,True,True
2216,GEN,DG003,model.10.cv2.conv,80,41.197086334228516,215,89,88,1147916,1147274,642,1360816,54.25706414044153,1091130,56144,56144,4,True,True
2217,GEN,DG003,model.10.cv2.conv,22,41.19802474975586,215,88,87,1147274,1146632,642,1361458,54.28266130800729,1091130,55502,55502,4,True,True
2218,GEN,DG003,model.10.cv2.conv,11,41.214332580566406,215,87,86,1146632,1145990,642,1362100,54.30825847557305,1091130,54860,54860,4,True,True
2219,GEN,DG003,model.10.cv2.conv,49,41.222312927246094,215,86,85,1145990,1145348,642,1362742,54.333855643138804,1091130,54218,54218,4,True,True
2220,GEN,DG042,model.9.cv1.conv,1,41.25734329223633,216,14,13,1145348,1144091,1257,1363999,54.38397346187737,1091130,52961,52961,4,True,True
2221,GEN,DG003,model.10.cv2.conv,11,41.26192092895508,216,85,84,1144091,1143449,642,1364641,54.409570629443124,1091130,52319,52319,4,True,True
2222,GEN,DG003,model.10.cv2.conv,15,41.266571044921875,216,84,83,1143449,1142807,642,1365283,54.43516779700888,1091130,51677,51677,4,True,True
2223,GEN,DG029,model.4.m.0.cv1.conv,5,41.27545928955078,216,7,6,1142807,1142229,578,1365861,54.45821322201356,1091130,51099,51099,4,True,True
2224,GEN,DG003,model.10.cv2.conv,47,41.27727508544922,216,83,82,1142229,1141587,642,1366503,54.48381038957932,1091130,50457,50457,4,True,True
2225,GEN,DG003,model.10.cv2.conv,72,41.285213470458984,216,82,81,1141587,1140945,642,1367145,54.50940755714508,1091130,49815,49815,4,True,True
2226,GEN,DG003,model.10.cv2.conv,57,41.304901123046875,216,81,80,1140945,1140303,642,1367787,54.53500472471084,1091130,49173,49173,4,True,True
2227,GEN,DG003,model.10.cv2.conv,21,41.3062744140625,216,80,79,1140303,1139661,642,1368429,54.560601892276594,1091130,48531,48531,4,True,True
2228,GEN,DG003,model.10.cv2.conv,7,41.3201904296875,216,79,78,1139661,1139019,642,1369071,54.58619905984235,1091130,47889,47889,4,True,True
2229,GEN,DG003,model.10.cv2.conv,26,41.32568359375,216,78,77,1139019,1138377,642,1369713,54.61179622740811,1091130,47247,47247,4,True,True
2230,GEN,DG003,model.10.cv2.conv,75,41.33015441894531,216,77,76,1138377,1137735,642,1370355,54.63739339497386,1091130,46605,46605,4,True,True
2231,GEN,DG003,model.10.cv2.conv,64,41.330810546875,216,76,75,1137735,1137093,642,1370997,54.66299056253962,1091130,45963,45963,4,True,True
2232,GEN,DG003,model.10.cv2.conv,33,41.369361877441406,216,75,74,1137093,1136451,642,1371639,54.68858773010538,1091130,45321,45321,4,True,True
2233,GEN,DG003,model.10.cv2.conv,21,41.37750244140625,216,74,73,1136451,1135809,642,1372281,54.71418489767114,1091130,44679,44679,4,True,True
2234,GEN,DG003,model.10.cv2.conv,41,41.38630676269531,216,73,72,1135809,1135167,642,1372923,54.739782065236895,1091130,44037,44037,4,True,True
2235,GEN,DG003,model.10.cv2.conv,9,41.3916015625,216,72,71,1135167,1134525,642,1373565,54.76537923280265,1091130,43395,43395,4,True,True
2236,GEN,DG003,model.10.cv2.conv,1,41.40746307373047,216,71,70,1134525,1133883,642,1374207,54.79097640036841,1091130,42753,42753,4,True,True
2237,GEN,DG003,model.10.cv2.conv,21,41.427127838134766,216,70,69,1133883,1133241,642,1374849,54.816573567934164,1091130,42111,42111,4,True,True
2238,GEN,DG003,model.10.cv2.conv,29,41.43843460083008,216,69,68,1133241,1132599,642,1375491,54.84217073549992,1091130,41469,41469,4,True,True
2239,GEN,DG003,model.10.cv2.conv,1,41.442665100097656,216,68,67,1132599,1131957,642,1376133,54.867767903065676,1091130,40827,40827,4,True,True
2240,GEN,DG003,model.10.cv2.conv,3,41.442874908447266,216,67,66,1131957,1131315,642,1376775,54.89336507063144,1091130,40185,40185,4,True,True
2241,GEN,DG003,model.10.cv2.conv,59,41.454017639160156,216,66,65,1131315,1130673,642,1377417,54.918962238197196,1091130,39543,39543,4,True,True
2242,GEN,DG003,model.10.cv2.conv,25,41.46752166748047,216,65,64,1130673,1130031,642,1378059,54.94455940576295,1091130,38901,38901,4,True,True
2243,GEN,DG003,model.10.cv2.conv,60,41.46949768066406,216,64,63,1130031,1129389,642,1378701,54.97015657332871,1091130,38259,38259,4,True,True
2244,GEN,DG003,model.10.cv2.conv,55,41.47035217285156,216,63,62,1129389,1128747,642,1379343,54.995753740894465,1091130,37617,37617,4,True,True
2245,GEN,DG003,model.10.cv2.conv,40,41.48810577392578,216,62,61,1128747,1128105,642,1379985,55.02135090846022,1091130,36975,36975,4,True,True
2246,GEN,DG003,model.10.cv2.conv,9,41.493106842041016,216,61,60,1128105,1127463,642,1380627,55.04694807602598,1091130,36333,36333,4,True,True
2247,GEN,DG003,model.10.cv2.conv,58,41.503204345703125,216,60,59,1127463,1126821,642,1381269,55.07254524359174,1091130,35691,35691,4,True,True
2248,GEN,DG003,model.10.cv2.conv,45,41.51214599609375,216,59,58,1126821,1126179,642,1381911,55.0981424111575,1091130,35049,35049,4,True,True
2249,GEN,DG003,model.10.cv2.conv,2,41.521217346191406,217,58,57,1126179,1125537,642,1382553,55.12373957872325,1091130,34407,34407,4,True,True
2250,GEN,DG003,model.10.cv2.conv,30,41.561561584472656,217,57,56,1125537,1124895,642,1383195,55.14933674628901,1091130,33765,33765,4,True,True
2251,GEN,DG003,model.10.cv2.conv,5,41.58344268798828,218,56,55,1124895,1124253,642,1383837,55.174933913854765,1091130,33123,33123,4,True,True
2252,GEN,DG003,model.10.cv2.conv,46,41.60206604003906,218,55,54,1124253,1123611,642,1384479,55.20053108142052,1091130,32481,32481,4,True,True
2253,GEN,DG003,model.10.cv2.conv,45,41.6094856262207,218,54,53,1123611,1122969,642,1385121,55.22612824898628,1091130,31839,31839,4,True,True
2254,GEN,DG003,model.10.cv2.conv,13,41.6124382019043,218,53,52,1122969,1122327,642,1385763,55.251725416552034,1091130,31197,31197,4,True,True
2255,GEN,DG003,model.10.cv2.conv,22,41.63900375366211,218,52,51,1122327,1121685,642,1386405,55.2773225841178,1091130,30555,30555,4,True,True
2256,GEN,DG003,model.10.cv2.conv,23,41.67902374267578,218,51,50,1121685,1121043,642,1387047,55.302919751683554,1091130,29913,29913,4,True,True
2257,GEN,DG003,model.10.cv2.conv,5,41.68391418457031,218,50,49,1121043,1120401,642,1387689,55.32851691924931,1091130,29271,29271,4,True,True
2258,GEN,DG003,model.10.cv2.conv,26,41.68876647949219,218,49,48,1120401,1119759,642,1388331,55.354114086815066,1091130,28629,28629,4,True,True
2259,GEN,DG003,model.10.cv2.conv,32,41.718345642089844,219,48,47,1119759,1119117,642,1388973,55.37971125438082,1091130,27987,27987,4,True,True
2260,GEN,DG003,model.10.cv2.conv,0,41.749061584472656,219,47,46,1119117,1118475,642,1389615,55.40530842194658,1091130,27345,27345,4,True,True
2261,GEN,DG003,model.10.cv2.conv,37,41.75615310668945,219,46,45,1118475,1117833,642,1390257,55.430905589512335,1091130,26703,26703,4,True,True
2262,GEN,DG003,model.10.cv2.conv,3,41.76307678222656,219,45,44,1117833,1117191,642,1390899,55.4565027570781,1091130,26061,26061,4,True,True
2263,GEN,DG003,model.10.cv2.conv,36,41.77422332763672,219,44,43,1117191,1116549,642,1391541,55.482099924643855,1091130,25419,25419,4,True,True
2264,GEN,DG003,model.10.cv2.conv,33,41.782447814941406,219,43,42,1116549,1115907,642,1392183,55.50769709220961,1091130,24777,24777,4,True,True
2265,GEN,DG003,model.10.cv2.conv,14,41.796913146972656,219,42,41,1115907,1115265,642,1392825,55.53329425977537,1091130,24135,24135,4,True,True
2266,GEN,DG003,model.10.cv2.conv,4,41.819862365722656,219,41,40,1115265,1114623,642,1393467,55.55889142734112,1091130,23493,23493,4,True,True
2267,GEN,DG003,model.10.cv2.conv,29,41.862571716308594,219,40,39,1114623,1113981,642,1394109,55.58448859490688,1091130,22851,22851,4,True,True
2268,GEN,DG003,model.10.cv2.conv,11,41.88551330566406,219,39,38,1113981,1113339,642,1394751,55.610085762472636,1091130,22209,22209,4,True,True
2269,GEN,DG003,model.10.cv2.conv,12,41.910804748535156,219,38,37,1113339,1112697,642,1395393,55.6356829300384,1091130,21567,21567,4,True,True
2270,GEN,DG003,model.10.cv2.conv,27,41.92375183105469,219,37,36,1112697,1112055,642,1396035,55.661280097604156,1091130,20925,20925,4,True,True
2271,GEN,DG003,model.10.cv2.conv,15,41.930763244628906,219,36,35,1112055,1111413,642,1396677,55.68687726516991,1091130,20283,20283,4,True,True
2272,GEN,DG003,model.10.cv2.conv,29,41.9451904296875,219,35,34,1111413,1110771,642,1397319,55.71247443273567,1091130,19641,19641,4,True,True
2273,GEN,DG003,model.10.cv2.conv,18,41.97850036621094,219,34,33,1110771,1110129,642,1397961,55.738071600301424,1091130,18999,18999,4,True,True
2274,GEN,DG003,model.10.cv2.conv,13,41.98350143432617,219,33,32,1110129,1109487,642,1398603,55.76366876786718,1091130,18357,18357,4,True,True
2275,GEN,DG003,model.10.cv2.conv,20,41.9998779296875,220,32,31,1109487,1108845,642,1399245,55.78926593543294,1091130,17715,17715,4,True,True
2276,GEN,DG003,model.10.cv2.conv,3,42.016883850097656,220,31,30,1108845,1108203,642,1399887,55.81486310299869,1091130,17073,17073,4,True,True
2277,GEN,DG003,model.10.cv2.conv,5,42.041446685791016,220,30,29,1108203,1107561,642,1400529,55.840460270564456,1091130,16431,16431,4,True,True
2278,GEN,DG003,model.10.cv2.conv,21,42.048927307128906,221,29,28,1107561,1106919,642,1401171,55.86605743813021,1091130,15789,15789,4,True,True
2279,GEN,DG003,model.10.cv2.conv,23,42.06978988647461,221,28,27,1106919,1106277,642,1401813,55.89165460569597,1091130,15147,15147,4,True,True
2280,GEN,DG003,model.10.cv2.conv,4,42.07837677001953,221,27,26,1106277,1105635,642,1402455,55.917251773261725,1091130,14505,14505,4,True,True
2281,GEN,DG029,model.4.m.0.cv1.conv,0,42.21730041503906,221,6,5,1105635,1105057,578,1403033,55.94029719826641,1091130,13927,13927,4,True,True
2282,GEN,DG029,model.4.m.0.cv1.conv,4,42.273704528808594,221,5,4,1105057,1104479,578,1403611,55.963342623271096,1091130,13349,13349,4,True,True
2283,GEN,DG037,model.8.cv2.conv,222,43.75410079956055,227,251,250,1104479,1103770,709,1404320,55.99161114633048,1091130,12640,12640,4,True,True
2284,GEN,DG037,model.8.cv2.conv,102,44.89288330078125,231,250,249,1103770,1103061,709,1405029,56.01987966938985,1091130,11931,11931,4,True,True
2285,GEN,DG037,model.8.cv2.conv,44,46.22539520263672,237,249,248,1103061,1102352,709,1405738,56.04814819244923,1091130,11222,11222,4,True,True
2286,GEN,DG037,model.8.cv2.conv,60,48.16236877441406,248,248,247,1102352,1101643,709,1406447,56.076416715508614,1091130,10513,10513,4,True,True
2287,GEN,DG037,model.8.cv2.conv,102,48.3831787109375,249,247,246,1101643,1100934,709,1407156,56.104685238567995,1091130,9804,9804,4,True,True
2288,GEN,DG037,model.8.cv2.conv,1,48.724609375,250,246,245,1100934,1100225,709,1407865,56.13295376162738,1091130,9095,9095,4,True,True
2289,GEN,DG037,model.8.cv2.conv,208,49.41965866088867,251,245,244,1100225,1099516,709,1408574,56.16122228468675,1091130,8386,8386,4,True,True
2290,GEN,DG037,model.8.cv2.conv,3,50.53126525878906,256,244,243,1099516,1098807,709,1409283,56.18949080774613,1091130,7677,7677,4,True,True
2291,GEN,DG037,model.8.cv2.conv,2,52.1265754699707,262,243,242,1098807,1098098,709,1409992,56.217759330805514,1091130,6968,6968,4,True,True
2292,GEN,DG037,model.8.cv2.conv,168,52.50078582763672,265,242,241,1098098,1097389,709,1410701,56.246027853864895,1091130,6259,6259,4,True,True
2293,GEN,DG037,model.8.cv2.conv,110,52.641510009765625,266,241,240,1097389,1096680,709,1411410,56.274296376924276,1091130,5550,5550,4,True,True
2294,GEN,DG037,model.8.cv2.conv,159,53.73371887207031,273,240,239,1096680,1095971,709,1412119,56.30256489998365,1091130,4841,4841,4,True,True
2295,GEN,DG037,model.8.cv2.conv,36,54.298919677734375,273,239,238,1095971,1095262,709,1412828,56.33083342304303,1091130,4132,4132,4,True,True
2296,GEN,DG037,model.8.cv2.conv,162,54.648155212402344,277,238,237,1095262,1094553,709,1413537,56.35910194610241,1091130,3423,3423,4,True,True
2297,GEN,DG037,model.8.cv2.conv,126,55.317962646484375,282,237,236,1094553,1093844,709,1414246,56.387370469161795,1091130,2714,2714,4,True,True
2298,GEN,DG037,model.8.cv2.conv,208,55.58531951904297,284,236,235,1093844,1093135,709,1414955,56.41563899222117,1091130,2005,2005,4,True,True
2299,GEN,DG037,model.8.cv2.conv,202,55.75933837890625,287,235,234,1093135,1092426,709,1415664,56.44390751528055,1091130,1296,1296,4,True,True
2300,GEN,DG037,model.8.cv2.conv,154,55.83948516845703,287,234,233,1092426,1091717,709,1416373,56.47217603833993,1091130,587,587,4,True,True
2301,GEN,DG037,model.8.cv2.conv,227,55.900550842285156,287,233,232,1091717,1091008,709,1417082,56.50044456139931,1091130,-122,122,4,True,True
